file,s640,s640_n,anchors,cands,s512,s512_n,s448,s448_n,s640_r0,s640_r0_n,cluster,w,h,mp,votes,cat,disagree
000116.jpg,2026-03-27,1,[],['2026-03-27'],2026-03-27,1,2026-03-27,1,2026-03-27,1,hires,3024,4032,12.192768,"['2026-03-27', '2026-03-27', '2026-03-27', '2026-03-27']",D_전원일치,0.0
000807.jpeg,,1,[],['2039-11-29'],,1,,0,,0,hires,3024,4032,12.192768,"[None, None, None, None]",C_전원실패,0.0
000433.jpg,,0,[],[],,0,,0,,0,hires,3060,4080,12.4848,"[None, None, None, None]",C_전원실패,0.0
000468.jpg,,0,[],[],,0,,0,,0,hires,3060,4080,12.4848,"[None, None, None, None]",C_전원실패,0.0
000241.jpg,2027-08-10,1,"['까지', '별도표기', '소비기한', '제조일자']",['2027-08-10'],2027-08-10,1,2027-08-10,1,,0,hires,3024,4032,12.192768,"['2027-08-10', '2027-08-10', '2027-08-10', None]",B_검출경계,0.25
000363.jpg,2026-04-21,1,[],['2026-04-21'],2026-04-21,1,2026-04-21,1,2026-04-21,1,hires,3024,4032,12.192768,"['2026-04-21', '2026-04-21', '2026-04-21', '2026-04-21']",D_전원일치,0.0
000737.jpg,2026-03-04,1,"['까지', '소비기한', '제조일자']",['2026-03-04'],2026-03-04,1,,0,2026-03-04,1,hires,3024,4032,12.192768,"['2026-03-04', '2026-03-04', None, '2026-03-04']",B_검출경계,0.25
000045.jpg,2027-04-21,1,[],['2027-04-21'],2027-04-21,1,2027-04-21,1,2027-04-21,1,hires,3024,4032,12.192768,"['2027-04-21', '2027-04-21', '2027-04-21', '2027-04-21']",D_전원일치,0.0
000054.jpg,2025-10-08,1,['까지'],['2025-10-08'],2025-10-08,1,2025-10-08,1,2025-10-08,1,hires,3024,4032,12.192768,"['2025-10-08', '2025-10-08', '2025-10-08', '2025-10-08']",D_전원일치,0.0
000283.jpg,2021-09-17,1,"['까지', '별도표기']",['2021-09-17'],,1,2027-09-17,1,2021-09-17,1,hires,3024,4032,12.192768,"['2021-09-17', None, '2027-09-17', '2021-09-17']",A_날짜불일치,0.5
000833.jpeg,,0,[],[],,0,2026-04-27,1,,0,hires,3024,4032,12.192768,"[None, None, '2026-04-27', None]",B_검출경계,0.25
000748.jpg,2027-01-22,1,['까지'],['2027-01-22'],2027-01-22,1,,0,2027-01-22,1,hires,3024,4032,12.192768,"['2027-01-22', '2027-01-22', None, '2027-01-22']",B_검출경계,0.25
000312.jpg,2026-08-26,1,['까지'],['2026-08-26'],2026-08-26,1,2026-08-26,1,,0,hires,3024,4032,12.192768,"['2026-08-26', '2026-08-26', '2026-08-26', None]",B_검출경계,0.25
000082.jpg,2026-08-24,2,"['까지', '부터']","['2025-08-25', '2026-08-24']",2026-08-24,2,2026-08-24,2,2026-08-24,2,hires,3024,4032,12.192768,"['2026-08-24', '2026-08-24', '2026-08-24', '2026-08-24']",D_전원일치,0.0
000838.jpeg,,0,[],[],,0,,0,,0,hires,3024,4032,12.192768,"[None, None, None, None]",C_전원실패,0.0
000850.jpeg,,0,[],[],,0,,0,,0,hires,3024,4032,12.192768,"[None, None, None, None]",C_전원실패,0.0
3349.jpeg,,0,['까지'],[],,0,,0,,0,hires,3024,4032,12.192768,"[None, None, None, None]",C_전원실패,0.0
000026.jpg,2025-11-13,1,"['까지', '소비기한']",['2025-11-13'],2025-11-13,1,2025-11-13,1,2025-11-13,1,hires,3024,4032,12.192768,"['2025-11-13', '2025-11-13', '2025-11-13', '2025-11-13']",D_전원일치,0.0
000780.jpeg,2026-04-27,1,[],['2026-04-27'],2026-09-20,1,,0,2026-04-27,1,hires,3024,4032,12.192768,"['2026-04-27', '2026-09-20', None, '2026-04-27']",A_날짜불일치,0.5
000016.jpg,2026-01-22,1,"['까지', '제조일자']",['2026-01-22'],2026-01-22,1,2026-01-22,1,2026-01-22,1,hires,3024,4032,12.192768,"['2026-01-22', '2026-01-22', '2026-01-22', '2026-01-22']",D_전원일치,0.0
000436.jpg,2026-12-12,1,[],['2026-12-12'],2026-02-12,1,,0,2026-12-12,1,hires,3060,4080,12.4848,"['2026-12-12', '2026-02-12', None, '2026-12-12']",A_날짜불일치,0.5
000078.jpg,2025-06-19,1,['제조일자'],['2025-06-19'],2025-06-19,1,2025-06-19,1,2025-06-19,1,hires,3024,4032,12.192768,"['2025-06-19', '2025-06-19', '2025-06-19', '2025-06-19']",D_전원일치,0.0
000148.jpg,2026-02-26,2,[],"['2024-08-27', '2026-02-26']",2026-02-26,2,2026-02-26,2,2026-02-26,2,hires,3024,4032,12.192768,"['2026-02-26', '2026-02-26', '2026-02-26', '2026-02-26']",D_전원일치,0.0
000352.jpg,,0,['까지'],[],,0,2026-08-27,1,,0,hires,3024,4032,12.192768,"[None, None, '2026-08-27', None]",B_검출경계,0.25
000324.jpg,2027-05-15,1,['까지'],['2027-05-15'],2027-05-15,1,2027-05-15,1,2027-05-15,1,hires,3024,4032,12.192768,"['2027-05-15', '2027-05-15', '2027-05-15', '2027-05-15']",D_전원일치,0.0
000851.jpeg,,0,[],[],,0,,1,,0,hires,3024,4032,12.192768,"[None, None, None, None]",C_전원실패,0.0
000394.jpg,2026-04-14,1,['까지'],['2026-04-14'],2030-04-01,1,2026-04-14,1,2026-04-14,1,hires,3060,4080,12.4848,"['2026-04-14', '2030-04-01', '2026-04-14', '2026-04-14']",A_날짜불일치,0.25
000735.jpg,,0,"['까지', '별도표기', '소비기한', '제조일자']",[],,0,2027-01-12,1,,0,hires,3024,4032,12.192768,"[None, None, '2027-01-12', None]",B_검출경계,0.25
000832.jpeg,,0,['제조일자'],[],,0,,0,,0,hires,3024,4032,12.192768,"[None, None, None, None]",C_전원실패,0.0
000758.jpg,2026-03-11,1,['까지'],['2026-03-11'],2026-03-11,1,2026-03-11,1,2026-03-11,1,hires,1980,3520,6.9696,"['2026-03-11', '2026-03-11', '2026-03-11', '2026-03-11']",D_전원일치,0.0
3347.jpeg,,0,[],[],,0,,0,,0,hires,3024,4032,12.192768,"[None, None, None, None]",C_전원실패,0.0
000225.jpg,2026-04-06,1,[],['2026-04-06'],2026-04-06,1,2028-04-03,1,2026-04-06,1,hires,3024,4032,12.192768,"['2026-04-06', '2026-04-06', '2028-04-03', '2026-04-06']",A_날짜불일치,0.25
000134.jpg,,0,"['까지', '별도표기', '제조일자']",[],,0,2025-09-23,1,,0,hires,3024,4032,12.192768,"[None, None, '2025-09-23', None]",B_검출경계,0.25
000775.jpeg,,0,[],[],2015-12-17,1,2025-12-17,1,,0,hires,3024,4032,12.192768,"[None, '2015-12-17', '2025-12-17', None]",A_날짜불일치,0.5
000068.jpg,2026-06-17,1,['까지'],['2026-06-17'],2026-06-17,1,2026-06-17,1,2026-06-17,1,hires,4284,5712,24.470208,"['2026-06-17', '2026-06-17', '2026-06-17', '2026-06-17']",D_전원일치,0.0
000262.jpg,,0,[],[],,0,,0,,0,hires,3024,4032,12.192768,"[None, None, None, None]",C_전원실패,0.0
000126.jpg,2026-06-12,1,[],['2026-06-12'],2026-06-12,1,2026-06-12,1,2026-06-12,1,hires,3024,4032,12.192768,"['2026-06-12', '2026-06-12', '2026-06-12', '2026-06-12']",D_전원일치,0.0
000459.jpg,,0,['까지'],[],,0,,0,,0,hires,3060,4080,12.4848,"[None, None, None, None]",C_전원실패,0.0
000793.jpeg,,0,[],[],2026-05-06,1,,0,,0,hires,3024,4032,12.192768,"[None, '2026-05-06', None, None]",B_검출경계,0.25
000375.jpg,2026-05-31,1,['까지'],['2026-05-31'],2026-05-31,1,,0,2026-05-31,1,hires,3024,4032,12.192768,"['2026-05-31', '2026-05-31', None, '2026-05-31']",B_검출경계,0.25
000295.jpg,2025-11-08,1,[],['2025-11-08'],2025-11-08,1,2025-11-08,1,2025-11-08,1,hires,3024,4032,12.192768,"['2025-11-08', '2025-11-08', '2025-11-08', '2025-11-08']",D_전원일치,0.0
000640.jpg,2026-02-08,1,['까지'],['2026-02-08'],2026-02-08,1,2026-02-08,1,2026-02-08,1,hires,1980,3520,6.9696,"['2026-02-08', '2026-02-08', '2026-02-08', '2026-02-08']",D_전원일치,0.0
000421.jpg,,0,[],[],2026-07-17,1,,0,,0,hires,3060,4080,12.4848,"[None, '2026-07-17', None, None]",B_검출경계,0.25
000182.jpg,,0,[],[],,0,,0,,0,hires,3024,4032,12.192768,"[None, None, None, None]",C_전원실패,0.0
000456.jpg,2025-12-26,1,['제조일자'],['2025-12-26'],,0,,0,2025-12-26,1,hires,3060,4080,12.4848,"['2025-12-26', None, None, '2025-12-26']",B_검출경계,0.5
000037.jpg,2026-07-17,1,[],['2026-07-17'],2026-07-17,1,2026-07-17,1,2026-07-17,1,hires,3024,4032,12.192768,"['2026-07-17', '2026-07-17', '2026-07-17', '2026-07-17']",D_전원일치,0.0
000218.jpg,2026-05-03,1,[],['2026-05-03'],2026-05-03,1,2026-05-03,1,2026-05-03,1,hires,3024,4032,12.192768,"['2026-05-03', '2026-05-03', '2026-05-03', '2026-05-03']",D_전원일치,0.0
000198.jpg,,0,['소비기한'],[],,0,,0,,0,hires,3024,4032,12.192768,"[None, None, None, None]",C_전원실패,0.0
000347.jpg,2027-05-26,1,"['까지', '소비기한']",['2027-05-26'],2027-05-26,1,2027-05-26,1,2027-05-26,1,hires,3024,4032,12.192768,"['2027-05-26', '2027-05-26', '2027-05-26', '2027-05-26']",D_전원일치,0.0
000844.jpeg,,0,"['까지', '소비기한']",[],,0,,0,,0,hires,3024,4032,12.192768,"[None, None, None, None]",C_전원실패,0.0
000820.jpeg,,0,[],[],,0,,0,,0,hires,3024,4032,12.192768,"[None, None, None, None]",C_전원실패,0.0
000175.jpg,2026-06-28,2,"['까지', '부터']","['2025-09-29', '2026-06-28']",2025-09-29,2,2025-09-29,2,2026-06-28,2,hires,3024,4032,12.192768,"['2026-06-28', '2025-09-29', '2025-09-29', '2026-06-28']",A_날짜불일치,0.5
000328.jpg,2025-12-25,1,"['까지', '소비기한']",['2025-12-25'],2025-12-25,1,2025-12-25,1,2025-12-25,1,hires,3024,4032,12.192768,"['2025-12-25', '2025-12-25', '2025-12-25', '2025-12-25']",D_전원일치,0.0
000102.jpg,2025-11-13,1,['까지'],['2025-11-13'],2025-11-13,1,2025-11-13,1,2025-11-13,1,hires,3024,4032,12.192768,"['2025-11-13', '2025-11-13', '2025-11-13', '2025-11-13']",D_전원일치,0.0
000122.jpg,,0,[],[],,0,,0,,0,hires,4032,3024,12.192768,"[None, None, None, None]",C_전원실패,0.0
000219.jpg,2026-09-07,1,['까지'],['2026-09-07'],2026-09-07,1,2026-09-07,1,2026-09-07,1,hires,3024,4032,12.192768,"['2026-09-07', '2026-09-07', '2026-09-07', '2026-09-07']",D_전원일치,0.0
000805.jpeg,,0,['제조일자'],[],,0,,0,,0,hires,3024,4032,12.192768,"[None, None, None, None]",C_전원실패,0.0
000385.jpg,2026-09-14,2,['부터'],"['2025-09-15', '2026-09-14']",2026-09-14,2,2025-09-15,2,2026-09-14,2,hires,3060,4080,12.4848,"['2026-09-14', '2026-09-14', '2025-09-15', '2026-09-14']",A_날짜불일치,0.25
000646.jpg,,0,[],[],,0,,0,,0,hires,1980,3520,6.9696,"[None, None, None, None]",C_전원실패,0.0
000002.jpg,2025-12-11,1,['까지'],['2025-12-11'],,0,,0,2025-12-11,1,hires,3024,4032,12.192768,"['2025-12-11', None, None, '2025-12-11']",B_검출경계,0.5
000451.jpg,2026-02-27,2,['까지'],"['2025-08-28', '2026-02-27']",2025-08-25,1,,0,2026-02-27,2,hires,3060,4080,12.4848,"['2026-02-27', '2025-08-25', None, '2026-02-27']",A_날짜불일치,0.5
000412.jpg,,0,"['까지', '소비기한', '제조일자']",[],,0,,0,,0,hires,3060,4080,12.4848,"[None, None, None, None]",C_전원실패,0.0
000738.jpg,2026-02-12,1,"['BEST_BEFORE', '까지', '소비기한']",['2026-02-12'],2026-02-12,1,2026-02-12,1,2026-02-12,1,hires,3024,4032,12.192768,"['2026-02-12', '2026-02-12', '2026-02-12', '2026-02-12']",D_전원일치,0.0
000275.jpg,2026-04-23,1,"['까지', '별도표기', '소비기한', '제조일자']",['2026-04-23'],2026-04-23,1,2026-04-23,2,2026-04-23,1,hires,3024,4032,12.192768,"['2026-04-23', '2026-04-23', '2026-04-23', '2026-04-23']",D_전원일치,0.0
000445.jpg,,0,[],[],,0,,0,,0,hires,3060,4080,12.4848,"[None, None, None, None]",C_전원실패,0.0
000242.jpg,2028-05-21,2,"['까지', '부터', '소비기한']","['2025-09-22', '2028-05-21']",2028-05-21,2,2025-09-22,1,2028-05-21,2,hires,3024,4032,12.192768,"['2028-05-21', '2028-05-21', '2025-09-22', '2028-05-21']",A_날짜불일치,0.25
000783.jpeg,2025-12-21,1,[],['2025-12-21'],2025-12-21,1,2025-12-21,1,2025-12-21,1,hires,3024,4032,12.192768,"['2025-12-21', '2025-12-21', '2025-12-21', '2025-12-21']",D_전원일치,0.0
000107.jpg,2025-12-25,1,['소비기한'],['2025-12-25'],,0,,0,2025-12-25,1,hires,3024,4032,12.192768,"['2025-12-25', None, None, '2025-12-25']",B_검출경계,0.5
000288.jpg,,0,[],[],,0,,0,,0,hires,3024,4032,12.192768,"[None, None, None, None]",C_전원실패,0.0
000270.jpg,2006-09-03,1,"['까지', '소비기한']",['2006-09-03'],2026-09-03,1,2026-09-03,1,2006-09-03,1,hires,3024,4032,12.192768,"['2006-09-03', '2026-09-03', '2026-09-03', '2006-09-03']",A_날짜불일치,0.5
000467.jpg,,0,[],[],2025-12-26,1,,0,,0,hires,3060,4080,12.4848,"[None, '2025-12-26', None, None]",B_검출경계,0.25
000099.jpg,2026-03-07,1,[],['2026-03-07'],2026-03-07,1,2026-03-07,2,2026-03-07,1,hires,3024,4032,12.192768,"['2026-03-07', '2026-03-07', '2026-03-07', '2026-03-07']",D_전원일치,0.0
000096.jpg,2025-10-26,1,[],['2025-10-26'],2026-05-26,1,,0,,0,hires,3024,4032,12.192768,"['2025-10-26', '2026-05-26', None, None]",A_날짜불일치,0.5
000076.jpg,2026-08-17,1,"['까지', '별도표기', '소비기한', '제조일자']",['2026-08-17'],2026-08-17,1,2026-08-17,1,2026-08-17,1,hires,3024,4032,12.192768,"['2026-08-17', '2026-08-17', '2026-08-17', '2026-08-17']",D_전원일치,0.0
000014.jpg,2025-01-31,1,[],['2025-01-31'],2026-01-31,1,,0,,0,hires,3024,4032,12.192768,"['2025-01-31', '2026-01-31', None, None]",A_날짜불일치,0.5
000338.jpg,2026-05-28,1,['까지'],['2026-05-28'],2026-05-28,1,2026-05-28,1,2026-05-28,1,hires,3024,4032,12.192768,"['2026-05-28', '2026-05-28', '2026-05-28', '2026-05-28']",D_전원일치,0.0
000267.jpg,2026-06-02,1,[],['2026-06-02'],,0,,0,2026-06-02,1,hires,3024,4032,12.192768,"['2026-06-02', None, None, '2026-06-02']",B_검출경계,0.5
000386.jpg,2028-08-10,2,[],"['2025-06-11', '2028-08-10']",,0,,0,2028-08-10,2,hires,3060,4080,12.4848,"['2028-08-10', None, None, '2028-08-10']",B_검출경계,0.5
000371.jpg,2026-02-15,1,['까지'],['2026-02-15'],2026-02-15,1,2026-02-15,1,2026-02-15,1,hires,3024,4032,12.192768,"['2026-02-15', '2026-02-15', '2026-02-15', '2026-02-15']",D_전원일치,0.0
000762.jpg,2026-08-02,1,[],['2026-08-02'],2026-08-02,1,2026-08-02,1,2026-08-02,1,hires,3024,4032,12.192768,"['2026-08-02', '2026-08-02', '2026-08-02', '2026-08-02']",D_전원일치,0.0
000638.jpg,2026-06-16,1,[],['2026-06-16'],2026-06-16,1,2025-05-16,1,2026-06-16,1,hires,1980,3520,6.9696,"['2026-06-16', '2026-06-16', '2025-05-16', '2026-06-16']",A_날짜불일치,0.25
000305.jpg,,0,"['까지', '소비기한']",[],,0,,0,,0,hires,3024,4032,12.192768,"[None, None, None, None]",C_전원실패,0.0
000751.jpg,2025-05-08,1,[],['2025-05-08'],2025-05-08,1,2025-05-08,1,2025-05-08,1,hires,2255,3007,6.780785,"['2025-05-08', '2025-05-08', '2025-05-08', '2025-05-08']",D_전원일치,0.0
000196.jpg,2027-12-27,1,['까지'],['2027-12-27'],2027-02-27,1,2027-02-27,1,2027-12-27,1,hires,3024,4032,12.192768,"['2027-12-27', '2027-02-27', '2027-02-27', '2027-12-27']",A_날짜불일치,0.5
000499.jpg,2026-05-13,1,['까지'],['2026-05-13'],2026-05-13,1,2026-05-13,1,2026-05-13,1,hires,3060,4080,12.4848,"['2026-05-13', '2026-05-13', '2026-05-13', '2026-05-13']",D_전원일치,0.0
000294.jpg,2025-09-09,1,"['까지', '소비기한', '제조일자']",['2025-09-09'],2025-09-09,1,2025-09-09,1,2025-09-09,1,hires,3024,4032,12.192768,"['2025-09-09', '2025-09-09', '2025-09-09', '2025-09-09']",D_전원일치,0.0
000056.jpg,2026-07-11,2,"['까지', '제조일자']","['2025-07-12', '2026-07-11']",2026-07-11,2,2026-07-11,2,2026-07-11,2,hires,3024,4032,12.192768,"['2026-07-11', '2026-07-11', '2026-07-11', '2026-07-11']",D_전원일치,0.0
000289.jpg,,0,[],[],,0,,0,,0,hires,3024,4032,12.192768,"[None, None, None, None]",C_전원실패,0.0
000203.jpg,,0,[],[],,0,,0,,0,hires,3024,4032,12.192768,"[None, None, None, None]",C_전원실패,0.0
000189.jpg,2026-08-25,1,[],['2026-08-25'],2026-08-25,1,2026-08-25,1,2026-08-25,1,hires,3024,4032,12.192768,"['2026-08-25', '2026-08-25', '2026-08-25', '2026-08-25']",D_전원일치,0.0
000629.jpg,,0,[],[],,0,,0,,0,hires,3024,4032,12.192768,"[None, None, None, None]",C_전원실패,0.0
000777.jpeg,,0,[],[],,0,,0,,0,hires,3024,4032,12.192768,"[None, None, None, None]",C_전원실패,0.0
000790.jpeg,,0,"['까지', '소비기한', '제조일자']",[],,0,,0,,0,hires,3024,4032,12.192768,"[None, None, None, None]",C_전원실패,0.0
000277.jpg,2026-07-15,2,"['까지', '부터']","['2025-09-16', '2026-07-15']",2026-07-15,2,2026-07-15,2,2026-07-15,2,hires,3024,4032,12.192768,"['2026-07-15', '2026-07-15', '2026-07-15', '2026-07-15']",D_전원일치,0.0
000151.jpg,,0,[],[],,0,2026-09-07,1,,0,hires,3024,4032,12.192768,"[None, None, '2026-09-07', None]",B_검출경계,0.25
000462.jpg,2027-05-27,1,[],['2027-05-27'],2021-05-27,1,2027-05-27,1,2027-05-27,1,hires,3060,4080,12.4848,"['2027-05-27', '2021-05-27', '2027-05-27', '2027-05-27']",A_날짜불일치,0.25
000164.jpg,,0,['까지'],[],,0,,0,,0,hires,3024,4032,12.192768,"[None, None, None, None]",C_전원실패,0.0
000808.jpeg,,0,[],[],,0,,0,,0,hires,3024,4032,12.192768,"[None, None, None, None]",C_전원실패,0.0
000357.jpg,2027-08-11,1,[],['2027-08-11'],2027-08-11,1,2027-08-11,1,2027-08-11,1,hires,3024,4032,12.192768,"['2027-08-11', '2027-08-11', '2027-08-11', '2027-08-11']",D_전원일치,0.0
000473.jpg,,0,[],[],,0,,0,,0,hires,3060,4080,12.4848,"[None, None, None, None]",C_전원실패,0.0
000501.jpg,2026-02-24,1,['까지'],['2026-02-24'],2026-02-24,1,2026-02-24,1,2026-02-24,1,hires,3060,4080,12.4848,"['2026-02-24', '2026-02-24', '2026-02-24', '2026-02-24']",D_전원일치,0.0
000071.jpg,2027-07-20,2,['까지'],"['2025-07-21', '2027-07-20']",2027-07-20,2,2027-07-20,2,2027-07-20,2,hires,3024,4032,12.192768,"['2027-07-20', '2027-07-20', '2027-07-20', '2027-07-20']",D_전원일치,0.0
000353.jpg,,0,"['까지', '별도표기', '소비기한']",[],,0,,0,,0,hires,3024,4032,12.192768,"[None, None, None, None]",C_전원실패,0.0
000756.jpg,2027-02-24,1,['까지'],['2027-02-24'],2027-02-24,1,2027-02-24,1,2027-02-24,1,hires,1980,3520,6.9696,"['2027-02-24', '2027-02-24', '2027-02-24', '2027-02-24']",D_전원일치,0.0
000389.jpg,2026-02-27,1,[],['2026-02-27'],2026-02-27,1,2026-02-27,1,2026-02-27,1,hires,3060,4080,12.4848,"['2026-02-27', '2026-02-27', '2026-02-27', '2026-02-27']",D_전원일치,0.0
000817.jpeg,,0,[],[],,0,,0,,0,hires,3024,4032,12.192768,"[None, None, None, None]",C_전원실패,0.0
000830.jpeg,,0,[],[],2025-12-20,1,,0,,0,hires,3024,4032,12.192768,"[None, '2025-12-20', None, None]",B_검출경계,0.25
000399.jpg,2027-01-31,1,[],['2027-01-31'],2027-01-31,1,,0,2027-01-31,1,hires,3060,4080,12.4848,"['2027-01-31', '2027-01-31', None, '2027-01-31']",B_검출경계,0.25
000853.jpeg,2026-09-24,1,[],['2026-09-24'],2026-08-24,1,,0,2026-09-24,1,hires,3024,4032,12.192768,"['2026-09-24', '2026-08-24', None, '2026-09-24']",A_날짜불일치,0.5
000377.jpg,2026-07-01,1,['까지'],['2026-07-01'],,0,,0,2026-07-01,1,hires,3024,4032,12.192768,"['2026-07-01', None, None, '2026-07-01']",B_검출경계,0.5
000020.jpg,2025-10-09,1,['까지'],['2025-10-09'],2025-10-09,1,,0,2025-10-09,1,hires,3024,4032,12.192768,"['2025-10-09', '2025-10-09', None, '2025-10-09']",B_검출경계,0.25
000205.jpg,,0,[],[],,0,,0,,0,hires,3024,4032,12.192768,"[None, None, None, None]",C_전원실패,0.0
000442.jpg,,0,"['까지', '별도표기', '소비기한', '제조일자']",[],,0,2025-11-30,1,,0,hires,3060,4080,12.4848,"[None, None, '2025-11-30', None]",B_검출경계,0.25
000069.jpg,2026-06-24,1,['까지'],['2026-06-24'],2026-06-24,1,2026-06-24,1,2026-06-24,1,hires,4284,5712,24.470208,"['2026-06-24', '2026-06-24', '2026-06-24', '2026-06-24']",D_전원일치,0.0
000281.jpg,2035-08-27,2,[],"['2026-07-15', '2035-08-27']",2035-08-27,2,2035-08-27,2,2035-08-27,2,hires,3024,4032,12.192768,"['2035-08-27', '2035-08-27', '2035-08-27', '2035-08-27']",D_전원일치,0.0
000104.jpg,2026-04-01,1,[],['2026-04-01'],2026-04-01,1,2026-04-01,1,,0,hires,3024,4032,12.192768,"['2026-04-01', '2026-04-01', '2026-04-01', None]",B_검출경계,0.25
000448.jpg,2026-08-20,1,[],['2026-08-20'],2026-08-20,1,2026-08-20,1,2026-08-20,1,hires,3060,4080,12.4848,"['2026-08-20', '2026-08-20', '2026-08-20', '2026-08-20']",D_전원일치,0.0
000478.jpg,,0,[],[],,0,,0,,0,hires,3060,4080,12.4848,"[None, None, None, None]",C_전원실패,0.0
000786.jpeg,,0,"['유통기한', '제조일자']",[],,0,,0,,0,hires,3024,4032,12.192768,"[None, None, None, None]",C_전원실패,0.0
000626.jpg,,0,[],[],,0,2025-07-01,1,,0,hires,3024,4032,12.192768,"[None, None, '2025-07-01', None]",B_검출경계,0.25
000382.jpg,,0,"['까지', '소비기한']",[],,0,,0,,0,hires,3060,4080,12.4848,"[None, None, None, None]",C_전원실패,0.0
000176.jpg,2026-09-22,2,['까지'],"['2025-09-23', '2026-09-22']",2026-09-22,2,2026-09-22,2,2026-09-22,2,hires,3024,4032,12.192768,"['2026-09-22', '2026-09-22', '2026-09-22', '2026-09-22']",D_전원일치,0.0
000135.jpg,2026-04-18,1,[],['2026-04-18'],2026-04-18,1,2026-04-18,1,2026-04-18,1,hires,3024,4032,12.192768,"['2026-04-18', '2026-04-18', '2026-04-18', '2026-04-18']",D_전원일치,0.0
000032.jpg,,0,[],[],,0,,0,,0,hires,3024,4032,12.192768,"[None, None, None, None]",C_전원실패,0.0
000336.jpg,2025-11-20,1,['까지'],['2025-11-20'],2025-11-20,1,2025-11-20,1,2025-11-20,1,hires,3024,4032,12.192768,"['2025-11-20', '2025-11-20', '2025-11-20', '2025-11-20']",D_전원일치,0.0
000298.jpg,2026-09-11,1,['소비기한'],['2026-09-11'],2026-09-11,1,2026-09-11,1,2026-09-11,1,hires,3024,4032,12.192768,"['2026-09-11', '2026-09-11', '2026-09-11', '2026-09-11']",D_전원일치,0.0
000307.jpg,2025-11-14,1,['까지'],['2025-11-14'],2025-11-14,1,2025-11-14,1,2025-11-14,1,hires,3024,4032,12.192768,"['2025-11-14', '2025-11-14', '2025-11-14', '2025-11-14']",D_전원일치,0.0
000387.jpg,2027-01-21,1,"['까지', '소비기한']",['2027-01-21'],,0,,0,,0,hires,3060,4080,12.4848,"['2027-01-21', None, None, None]",B_검출경계,0.25
000492.jpg,2026-05-12,1,['까지'],['2026-05-12'],,0,,0,,0,hires,3060,4080,12.4848,"['2026-05-12', None, None, None]",B_검출경계,0.25
000255.jpg,,0,[],[],,0,,0,,0,hires,3024,4032,12.192768,"[None, None, None, None]",C_전원실패,0.0
000260.jpg,2027-04-01,1,[],['2027-04-01'],2027-04-01,1,2027-04-01,1,2027-04-01,1,hires,4284,5712,24.470208,"['2027-04-01', '2027-04-01', '2027-04-01', '2027-04-01']",D_전원일치,0.0
000118.jpg,,0,[],[],,0,2025-06-20,1,,0,hires,3024,4032,12.192768,"[None, None, '2025-06-20', None]",B_검출경계,0.25
000190.jpg,,0,[],[],2022-11-26,1,2022-11-26,1,,0,hires,3024,4032,12.192768,"[None, '2022-11-26', '2022-11-26', None]",B_검출경계,0.5
000232.jpg,,0,['제조일자'],[],,0,,0,,0,hires,3024,4032,12.192768,"[None, None, None, None]",C_전원실패,0.0
000094.jpg,,0,[],[],,0,2022-05-30,1,,0,hires,3024,4032,12.192768,"[None, None, '2022-05-30', None]",B_검출경계,0.25
000633.jpg,2025-12-24,1,['소비기한'],['2025-12-24'],,0,2025-12-24,1,2025-12-24,1,hires,1980,3520,6.9696,"['2025-12-24', None, '2025-12-24', '2025-12-24']",B_검출경계,0.25
000378.jpg,,0,[],[],,0,,0,,0,hires,3024,4032,12.192768,"[None, None, None, None]",C_전원실패,0.0
000006.jpg,,0,['까지'],[],2026-02-17,1,2026-02-17,1,,0,hires,3024,4032,12.192768,"[None, '2026-02-17', '2026-02-17', None]",B_검출경계,0.5
000432.jpg,,0,[],[],,0,,0,,0,hires,3060,4080,12.4848,"[None, None, None, None]",C_전원실패,0.0
000012.jpg,2026-03-23,1,"['까지', '소비기한']",['2026-03-23'],2026-03-23,1,2026-03-23,1,2026-03-23,1,hires,3024,4032,12.192768,"['2026-03-23', '2026-03-23', '2026-03-23', '2026-03-23']",D_전원일치,0.0
000490.jpg,2025-11-27,1,['까지'],['2025-11-27'],2025-11-27,1,2025-11-27,1,2025-11-27,1,hires,3060,4080,12.4848,"['2025-11-27', '2025-11-27', '2025-11-27', '2025-11-27']",D_전원일치,0.0
000827.jpeg,,0,"['BEST_BEFORE', '까지', '제조일자']",[],,0,,0,,0,hires,3024,4032,12.192768,"[None, None, None, None]",C_전원실패,0.0
000424.jpg,2026-03-28,1,[],['2026-03-28'],,0,,0,2026-03-28,1,hires,3060,4080,12.4848,"['2026-03-28', None, None, '2026-03-28']",B_검출경계,0.5
000178.jpg,2026-06-25,2,['부터'],"['2025-09-26', '2026-06-25']",2026-06-25,2,2026-06-25,2,2026-06-25,2,hires,3024,4032,12.192768,"['2026-06-25', '2026-06-25', '2026-06-25', '2026-06-25']",D_전원일치,0.0
000798.jpeg,,0,[],[],,0,,0,,0,hires,3024,4032,12.192768,"[None, None, None, None]",C_전원실패,0.0
000631.jpg,2025-11-15,1,[],['2025-11-15'],2025-11-15,1,2025-11-15,1,2025-11-15,1,hires,1980,3520,6.9696,"['2025-11-15', '2025-11-15', '2025-11-15', '2025-11-15']",D_전원일치,0.0
000392.jpg,2025-08-29,1,['소비기한'],['2025-08-29'],,0,,0,2025-08-29,1,hires,3060,4080,12.4848,"['2025-08-29', None, None, '2025-08-29']",B_검출경계,0.5
000506.jpg,,0,"['까지', '부터']",[],,0,,0,,0,hires,3060,4080,12.4848,"[None, None, None, None]",C_전원실패,0.0
000648.jpg,,0,[],[],,0,,0,,0,hires,1980,3520,6.9696,"[None, None, None, None]",C_전원실패,0.0
000044.jpg,,0,[],[],,0,,0,,0,hires,3024,4032,12.192768,"[None, None, None, None]",C_전원실패,0.0
000458.jpg,2026-07-01,2,[],"['2025-07-02', '2026-07-01']",,0,,0,2026-07-01,2,hires,3060,4080,12.4848,"['2026-07-01', None, None, '2026-07-01']",B_검출경계,0.5
000008.jpg,2021-06-29,1,[],['2021-06-29'],2027-06-29,1,2027-06-29,1,2021-06-29,1,hires,2285,4723,10.792055,"['2021-06-29', '2027-06-29', '2027-06-29', '2021-06-29']",A_날짜불일치,0.5
000813.jpeg,,0,['BEST_BEFORE'],[],,0,2026-08-24,1,,0,hires,3024,4032,12.192768,"[None, None, '2026-08-24', None]",B_검출경계,0.25
000452.jpg,,0,[],[],,0,,0,,0,hires,3060,4080,12.4848,"[None, None, None, None]",C_전원실패,0.0
000042.jpg,2025-10-12,1,[],['2025-10-12'],2025-10-12,1,2025-10-12,1,2025-10-12,1,hires,3024,4032,12.192768,"['2025-10-12', '2025-10-12', '2025-10-12', '2025-10-12']",D_전원일치,0.0
000402.jpg,2028-04-19,1,"['까지', '소비기한', '제조일자']",['2028-04-19'],2028-04-19,1,2028-04-19,1,2028-04-19,1,hires,3060,4080,12.4848,"['2028-04-19', '2028-04-19', '2028-04-19', '2028-04-19']",D_전원일치,0.0
000782.jpeg,,1,['까지'],['2000-12-19'],,1,,1,,0,hires,3024,4032,12.192768,"[None, None, None, None]",C_전원실패,0.0
000379.jpg,,1,"['까지', '별도표기']",['2005-09-26'],,1,,0,,1,hires,3024,4032,12.192768,"[None, None, None, None]",C_전원실패,0.0
000079.jpg,2026-01-31,1,['소비기한'],['2026-01-31'],2026-01-31,1,2026-01-31,1,2026-01-31,1,hires,3024,4032,12.192768,"['2026-01-31', '2026-01-31', '2026-01-31', '2026-01-31']",D_전원일치,0.0
000139.jpg,,0,[],[],,0,,0,,0,hires,3024,4032,12.192768,"[None, None, None, None]",C_전원실패,0.0
000043.jpg,,0,"['별도표기', '유통기한']",[],,0,,0,,0,hires,3024,4032,12.192768,"[None, None, None, None]",C_전원실패,0.0
000765.jpeg,,0,[],[],,0,,0,,0,hires,3024,4032,12.192768,"[None, None, None, None]",C_전원실패,0.0
000487.jpg,,0,[],[],,0,,0,,0,hires,3060,4080,12.4848,"[None, None, None, None]",C_전원실패,0.0
000213.jpg,2026-03-20,1,['소비기한'],['2026-03-20'],2026-03-20,1,2026-03-20,1,2026-03-20,1,hires,3024,4032,12.192768,"['2026-03-20', '2026-03-20', '2026-03-20', '2026-03-20']",D_전원일치,0.0
000163.jpg,,0,[],[],,0,,0,,0,hires,3024,4032,12.192768,"[None, None, None, None]",C_전원실패,0.0
000383.jpg,2026-04-03,1,"['까지', '소비기한']",['2026-04-03'],2026-04-03,1,2026-04-05,1,2026-04-03,1,hires,3060,4080,12.4848,"['2026-04-03', '2026-04-03', '2026-04-05', '2026-04-03']",A_날짜불일치,0.25
000428.jpg,,0,[],[],,0,,0,,0,hires,3060,4080,12.4848,"[None, None, None, None]",C_전원실패,0.0
000460.jpg,2025-12-03,1,['까지'],['2025-12-03'],2025-12-03,1,,0,2025-12-03,1,hires,3060,4080,12.4848,"['2025-12-03', '2025-12-03', None, '2025-12-03']",B_검출경계,0.25
000369.jpg,2027-06-25,1,['까지'],['2027-06-25'],,0,,0,,0,hires,3024,4032,12.192768,"['2027-06-25', None, None, None]",B_검출경계,0.25
000470.jpg,2026-08-06,1,[],['2026-08-06'],,0,,0,2026-08-06,1,hires,3060,4080,12.4848,"['2026-08-06', None, None, '2026-08-06']",B_검출경계,0.5
000034.jpg,,0,['까지'],[],,0,,0,,0,hires,3024,4032,12.192768,"[None, None, None, None]",C_전원실패,0.0
000397.jpg,2026-02-19,1,[],['2026-02-19'],2026-02-19,1,2026-02-19,1,,0,hires,3060,4080,12.4848,"['2026-02-19', '2026-02-19', '2026-02-19', None]",B_검출경계,0.25
001490.jpg,2021-08-06,2,['제조일자'],"['2020-12-07', '2021-08-06']",2021-08-06,2,2021-08-06,2,2021-08-06,2,mid,756,1008,0.762048,"['2021-08-06', '2021-08-06', '2021-08-06', '2021-08-06']",D_전원일치,0.0
001127.jpg,2021-06-10,2,"['까지', '부터']","['2012-11-23', '2021-06-10']",2021-06-10,2,2021-06-10,2,2021-06-10,2,mid,897,1196,1.072812,"['2021-06-10', '2021-06-10', '2021-06-10', '2021-06-10']",D_전원일치,0.0
002990.jpg,2021-03-20,1,['유통기한'],['2021-03-20'],2021-03-20,1,,0,,0,mid,845,1152,0.97344,"['2021-03-20', '2021-03-20', None, None]",B_검출경계,0.5
000710.jpg,,0,['까지'],[],,0,,0,,0,mid,1199,2132,2.556268,"[None, None, None, None]",C_전원실패,0.0
000971.jpg,,0,[],[],2021-11-11,1,2021-11-11,1,,0,mid,941,1255,1.180955,"[None, '2021-11-11', '2021-11-11', None]",B_검출경계,0.5
003029.jpg,,0,[],[],,0,,0,,0,mid,1130,847,0.95711,"[None, None, None, None]",C_전원실패,0.0
001630.jpg,2022-10-21,1,['유통기한'],['2022-10-21'],2022-10-21,1,2022-10-21,1,2022-10-21,1,mid,887,1182,1.048434,"['2022-10-21', '2022-10-21', '2022-10-21', '2022-10-21']",D_전원일치,0.0
001989.jpg,2022-11-23,1,[],['2022-11-23'],2022-11-23,1,2022-11-23,1,2022-11-23,1,mid,927,1236,1.145772,"['2022-11-23', '2022-11-23', '2022-11-23', '2022-11-23']",D_전원일치,0.0
001903.jpg,2027-08-21,1,[],['2027-08-21'],2027-08-21,2,2027-08-20,1,2027-08-21,1,mid,991,1322,1.310102,"['2027-08-21', '2027-08-21', '2027-08-20', '2027-08-21']",A_날짜불일치,0.25
000567.jpg,2025-10-29,1,[],['2025-10-29'],2025-10-29,1,2025-10-29,1,2025-10-29,1,mid,1050,1400,1.47,"['2025-10-29', '2025-10-29', '2025-10-29', '2025-10-29']",D_전원일치,0.0
001736.jpg,,0,[],[],,0,,0,,0,mid,1051,1402,1.473502,"[None, None, None, None]",C_전원실패,0.0
001278.jpg,,0,[],[],,0,,0,,0,mid,977,1302,1.272054,"[None, None, None, None]",C_전원실패,0.0
003270.jpg,,0,[],[],,0,,0,,0,mid,1695,1272,2.15604,"[None, None, None, None]",C_전원실패,0.0
002495.jpg,2021-01-27,1,['까지'],['2021-01-27'],2021-01-27,1,2021-01-27,1,2021-01-27,1,mid,1055,1406,1.48333,"['2021-01-27', '2021-01-27', '2021-01-27', '2021-01-27']",D_전원일치,0.0
002621.jpg,,0,[],[],,0,,0,,0,mid,1051,1401,1.472451,"[None, None, None, None]",C_전원실패,0.0
002544.jpg,,0,[],[],,0,,0,,0,mid,947,1263,1.196061,"[None, None, None, None]",C_전원실패,0.0
001227.jpg,,0,"['까지', '부터']",[],,0,,0,,0,mid,1127,845,0.952315,"[None, None, None, None]",C_전원실패,0.0
001462.jpg,,0,['유통기한'],[],,0,,0,,0,mid,756,1008,0.762048,"[None, None, None, None]",C_전원실패,0.0
001529.jpg,2021-02-11,1,['유통기한'],['2021-02-11'],2021-02-11,1,2021-02-11,1,,0,mid,773,1009,0.779957,"['2021-02-11', '2021-02-11', '2021-02-11', None]",B_검출경계,0.25
001225.jpg,2022-06-27,2,"['까지', '부터', '유통기한', '제조일자']","['2020-12-28', '2022-06-27']",2022-06-27,2,2022-06-27,1,2022-06-27,2,mid,1200,900,1.08,"['2022-06-27', '2022-06-27', '2022-06-27', '2022-06-27']",D_전원일치,0.0
003004.jpg,,0,[],[],,0,,0,,0,mid,963,1284,1.236492,"[None, None, None, None]",C_전원실패,0.0
000918.jpg,,0,[],[],,0,2021-09-17,1,,0,mid,678,902,0.611556,"[None, None, '2021-09-17', None]",B_검출경계,0.25
002629.jpg,,0,[],[],,0,,0,,0,mid,1095,1460,1.5987,"[None, None, None, None]",C_전원실패,0.0
002584.jpg,,0,[],[],,1,,1,,0,mid,676,903,0.610428,"[None, None, None, None]",C_전원실패,0.0
000514.jpg,,0,"['까지', '소비기한']",[],,0,,0,,0,mid,1050,1400,1.47,"[None, None, None, None]",C_전원실패,0.0
001447.jpg,,0,"['까지', '별도표기', '유통기한', '제조일자']",[],,1,2022-07-22,1,,0,mid,728,981,0.714168,"[None, None, '2022-07-22', None]",B_검출경계,0.25
002799.jpg,,0,"['까지', '부터']",[],,0,,0,,0,mid,1084,772,0.836848,"[None, None, None, None]",C_전원실패,0.0
002919.jpg,,0,[],[],,0,,0,,0,mid,848,1132,0.959936,"[None, None, None, None]",C_전원실패,0.0
000865.jpg,,0,[],[],,0,,0,,0,mid,1342,1006,1.350052,"[None, None, None, None]",C_전원실패,0.0
002467.jpg,,0,[],[],,0,,0,,0,mid,1042,1389,1.447338,"[None, None, None, None]",C_전원실패,0.0
000582.jpg,,0,['까지'],[],,0,,0,,0,mid,1050,1400,1.47,"[None, None, None, None]",C_전원실패,0.0
000572.jpg,,0,['까지'],[],,0,,0,,0,mid,1050,1400,1.47,"[None, None, None, None]",C_전원실패,0.0
002739.jpg,,0,['MFG'],[],,0,,0,,0,mid,1017,1355,1.378035,"[None, None, None, None]",C_전원실패,0.0
001006.jpg,2022-06-29,2,[],"['2020-12-30', '2022-06-29']",2022-06-29,2,2020-12-30,1,2022-06-29,2,mid,1008,756,0.762048,"['2022-06-29', '2022-06-29', '2020-12-30', '2022-06-29']",A_날짜불일치,0.25
001168.jpg,2021-08-31,2,[],"['2001-01-08', '2021-08-31']",2021-08-31,1,2021-08-31,1,2021-08-31,2,mid,970,705,0.68385,"['2021-08-31', '2021-08-31', '2021-08-31', '2021-08-31']",D_전원일치,0.0
000975.jpg,2023-08-03,1,['제조일자'],['2023-08-03'],2023-08-03,1,2023-08-03,1,2023-08-03,1,mid,979,1306,1.278574,"['2023-08-03', '2023-08-03', '2023-08-03', '2023-08-03']",D_전원일치,0.0
001267.jpg,2022-09-05,1,"['까지', '유통기한']",['2022-09-05'],2022-09-05,1,2022-09-05,1,2022-09-05,1,mid,1118,1490,1.66582,"['2022-09-05', '2022-09-05', '2022-09-05', '2022-09-05']",D_전원일치,0.0
000614.jpg,2026-03-07,1,[],['2026-03-07'],2026-03-07,1,2026-03-07,1,2026-03-07,1,mid,1613,763,1.230719,"['2026-03-07', '2026-03-07', '2026-03-07', '2026-03-07']",D_전원일치,0.0
000966.jpg,,0,[],[],,0,,0,,0,mid,1039,1385,1.439015,"[None, None, None, None]",C_전원실패,0.0
002456.jpg,,0,[],[],,0,,0,,0,mid,1004,1338,1.343352,"[None, None, None, None]",C_전원실패,0.0
002355.jpg,2021-02-12,1,['유통기한'],['2021-02-12'],2021-02-12,1,2021-02-12,1,2021-02-12,1,mid,1013,1351,1.368563,"['2021-02-12', '2021-02-12', '2021-02-12', '2021-02-12']",D_전원일치,0.0
001478.jpg,2022-08-27,1,['유통기한'],['2022-08-27'],2022-08-27,1,2022-08-27,1,2022-08-27,1,mid,756,1008,0.762048,"['2022-08-27', '2022-08-27', '2022-08-27', '2022-08-27']",D_전원일치,0.0
000985.jpg,2021-12-28,1,[],['2021-12-28'],,0,,0,2021-12-28,1,mid,1029,1372,1.411788,"['2021-12-28', None, None, '2021-12-28']",B_검출경계,0.5
001087.jpg,2022-06-14,1,[],['2022-06-14'],2022-06-10,1,2022-08-14,1,2022-06-14,1,mid,724,964,0.697936,"['2022-06-14', '2022-06-10', '2022-08-14', '2022-06-14']",A_날짜불일치,0.5
002118.jpg,2021-01-03,1,['제조일자'],['2021-01-03'],2021-01-03,1,2021-01-03,1,2021-01-03,1,mid,712,831,0.591672,"['2021-01-03', '2021-01-03', '2021-01-03', '2021-01-03']",D_전원일치,0.0
002498.jpg,2021-05-07,1,[],['2021-05-07'],2021-05-07,1,2021-05-07,1,2021-05-07,1,mid,1303,977,1.273031,"['2021-05-07', '2021-05-07', '2021-05-07', '2021-05-07']",D_전원일치,0.0
002936.jpg,2021-11-11,1,[],['2021-11-11'],2021-11-11,1,2021-11-11,1,2021-11-11,1,mid,825,1100,0.9075,"['2021-11-11', '2021-11-11', '2021-11-11', '2021-11-11']",D_전원일치,0.0
003264.jpg,2021-09-13,1,[],['2021-09-13'],2021-09-13,1,2021-09-13,1,,0,mid,1436,1915,2.74994,"['2021-09-13', '2021-09-13', '2021-09-13', None]",B_검출경계,0.25
002980.jpg,2021-12-17,1,[],['2021-12-17'],2021-12-17,1,,0,2021-12-17,1,mid,1536,2048,3.145728,"['2021-12-17', '2021-12-17', None, '2021-12-17']",B_검출경계,0.25
001085.jpg,2023-10-09,1,"['까지', '별도표기', '유통기한']",['2023-10-09'],,0,2023-10-09,1,,0,mid,765,1093,0.836145,"['2023-10-09', None, '2023-10-09', None]",B_검출경계,0.5
001076.jpg,2021-07-31,1,['BEST_BEFORE'],['2021-07-31'],2021-07-31,1,2021-07-31,1,2021-07-31,1,mid,952,1269,1.208088,"['2021-07-31', '2021-07-31', '2021-07-31', '2021-07-31']",D_전원일치,0.0
000728.jpg,2026-06-24,1,[],['2026-06-24'],2026-06-24,1,2026-06-24,1,2026-06-24,1,mid,1138,2024,2.303312,"['2026-06-24', '2026-06-24', '2026-06-24', '2026-06-24']",D_전원일치,0.0
001928.jpg,2022-01-14,1,['유통기한'],['2022-01-14'],2022-01-14,1,2022-01-14,1,2022-01-14,1,mid,1004,1338,1.343352,"['2022-01-14', '2022-01-14', '2022-01-14', '2022-01-14']",D_전원일치,0.0
003275.jpg,,1,['BEST_BEFORE'],['2010-10-21'],,1,,1,,1,mid,1455,1940,2.8227,"[None, None, None, None]",C_전원실패,0.0
001010.jpg,,0,"['BEST_BEFORE', '까지', '별도표기', '유통기한']",[],,0,,0,,0,mid,935,703,0.657305,"[None, None, None, None]",C_전원실패,0.0
003249.jpg,2023-02-01,1,['까지'],['2023-02-01'],2023-02-01,1,2023-02-01,1,2023-02-01,1,mid,1274,1698,2.163252,"['2023-02-01', '2023-02-01', '2023-02-01', '2023-02-01']",D_전원일치,0.0
001563.jpg,,0,[],[],,0,,0,,0,mid,607,844,0.512308,"[None, None, None, None]",C_전원실패,0.0
003027.jpg,,0,[],[],,0,,0,,0,mid,908,600,0.5448,"[None, None, None, None]",C_전원실패,0.0
001504.jpg,,0,[],[],2021-01-27,1,2021-01-27,1,,0,mid,831,1032,0.857592,"[None, '2021-01-27', '2021-01-27', None]",B_검출경계,0.5
002333.jpg,,0,[],[],,0,,0,,0,mid,756,1008,0.762048,"[None, None, None, None]",C_전원실패,0.0
002679.jpg,,0,[],[],,0,,0,,0,mid,884,1179,1.042236,"[None, None, None, None]",C_전원실패,0.0
003165.jpg,,0,['까지'],[],,0,,0,,0,mid,1536,2048,3.145728,"[None, None, None, None]",C_전원실패,0.0
000892.jpg,,0,[],[],2022-02-07,1,,0,,0,mid,1348,1011,1.362828,"[None, '2022-02-07', None, None]",B_검출경계,0.25
002884.jpg,,0,[],[],,0,2022-07-20,1,,0,mid,802,1069,0.857338,"[None, None, '2022-07-20', None]",B_검출경계,0.25
003081.jpg,2021-12-02,2,"['까지', '유통기한', '제조일자']","['2020-12-03', '2021-12-02']",2021-12-02,1,2021-12-02,2,2021-12-02,2,mid,756,1008,0.762048,"['2021-12-02', '2021-12-02', '2021-12-02', '2021-12-02']",D_전원일치,0.0
002880.jpg,2020-10-14,1,"['까지', '부터']",['2020-10-14'],,0,,0,2020-10-14,1,mid,834,1112,0.927408,"['2020-10-14', None, None, '2020-10-14']",B_검출경계,0.5
003300.jpg,2023-06-11,1,[],['2023-06-11'],,0,,0,2023-06-11,1,mid,1499,1999,2.996501,"['2023-06-11', None, None, '2023-06-11']",B_검출경계,0.5
003292.jpg,2019-07-15,1,[],['2019-07-15'],,0,2022-12-02,1,2019-07-15,1,mid,1505,2007,3.020535,"['2019-07-15', None, '2022-12-02', '2019-07-15']",A_날짜불일치,0.5
000618.jpg,2026-06-25,1,['소비기한'],['2026-06-25'],2026-08-26,1,2026-08-25,1,,0,mid,1613,763,1.230719,"['2026-06-25', '2026-08-26', '2026-08-25', None]",A_날짜불일치,0.75
002395.jpg,,0,"['까지', '유통기한', '제조일자']",[],,0,,0,,0,mid,838,1117,0.936046,"[None, None, None, None]",C_전원실패,0.0
001068.jpg,,0,[],[],,0,,0,,0,mid,756,1008,0.762048,"[None, None, None, None]",C_전원실패,0.0
001955.jpg,,0,['제조일자'],[],,0,,0,,0,mid,1210,907,1.09747,"[None, None, None, None]",C_전원실패,0.0
002643.jpg,,0,[],[],,0,,0,,0,mid,1312,984,1.291008,"[None, None, None, None]",C_전원실패,0.0
000560.jpg,2027-07-13,1,"['까지', '소비기한', '제조일자']",['2027-07-13'],2027-07-13,1,2027-07-13,1,2027-07-13,1,mid,1050,1400,1.47,"['2027-07-13', '2027-07-13', '2027-07-13', '2027-07-13']",D_전원일치,0.0
001686.jpg,2020-11-27,1,"['까지', '제조일자']",['2020-11-27'],2020-11-27,1,,1,2020-11-27,1,mid,989,1318,1.303502,"['2020-11-27', '2020-11-27', None, '2020-11-27']",B_검출경계,0.25
001590.jpg,2021-02-18,1,"['까지', '유통기한']",['2021-02-18'],2021-02-18,1,2021-02-18,1,2021-02-18,1,mid,783,1044,0.817452,"['2021-02-18', '2021-02-18', '2021-02-18', '2021-02-18']",D_전원일치,0.0
002952.jpg,2021-11-03,1,['까지'],['2021-11-03'],2021-11-03,1,2021-11-03,1,2021-11-03,1,mid,1027,1370,1.40699,"['2021-11-03', '2021-11-03', '2021-11-03', '2021-11-03']",D_전원일치,0.0
003207.jpg,2021-07-20,1,[],['2021-07-20'],2021-07-20,1,,0,2021-07-20,1,mid,809,1079,0.872911,"['2021-07-20', '2021-07-20', None, '2021-07-20']",B_검출경계,0.25
002138.jpg,2021-06-29,1,[],['2021-06-29'],2021-06-29,1,2021-06-29,1,2021-06-29,1,mid,947,1262,1.195114,"['2021-06-29', '2021-06-29', '2021-06-29', '2021-06-29']",D_전원일치,0.0
003173.jpg,,0,['BEST_BEFORE'],[],,0,,0,,0,mid,1536,2048,3.145728,"[None, None, None, None]",C_전원실패,0.0
002902.jpg,,0,[],[],,0,,0,,0,mid,773,1031,0.796963,"[None, None, None, None]",C_전원실패,0.0
001047.jpg,2021-05-12,1,[],['2021-05-12'],2021-05-12,1,,0,2021-05-12,1,mid,702,936,0.657072,"['2021-05-12', '2021-05-12', None, '2021-05-12']",B_검출경계,0.25
002576.jpg,2020-02-18,1,['까지'],['2020-02-18'],2020-02-18,1,2020-02-18,1,2020-02-18,1,mid,1093,1458,1.593594,"['2020-02-18', '2020-02-18', '2020-02-18', '2020-02-18']",D_전원일치,0.0
002326.jpg,2020-10-24,1,['까지'],['2020-10-24'],2020-10-24,1,2020-10-24,1,2020-10-24,1,mid,702,815,0.57213,"['2020-10-24', '2020-10-24', '2020-10-24', '2020-10-24']",D_전원일치,0.0
000555.jpg,2027-04-16,1,"['까지', '소비기한']",['2027-04-16'],2027-04-16,1,2027-04-16,1,2027-04-16,1,mid,1050,1400,1.47,"['2027-04-16', '2027-04-16', '2027-04-16', '2027-04-16']",D_전원일치,0.0
002249.jpg,2021-10-20,1,[],['2021-10-20'],2021-10-20,1,2021-10-20,1,,0,mid,1035,1379,1.427265,"['2021-10-20', '2021-10-20', '2021-10-20', None]",B_검출경계,0.25
001879.jpg,,0,[],[],,0,,0,,0,mid,1083,1444,1.563852,"[None, None, None, None]",C_전원실패,0.0
001495.jpg,2021-11-22,1,[],['2021-11-22'],2021-11-22,1,2021-11-22,1,2021-11-22,1,mid,756,1008,0.762048,"['2021-11-22', '2021-11-22', '2021-11-22', '2021-11-22']",D_전원일치,0.0
002171.jpg,,0,['까지'],[],,0,,0,,0,mid,1004,1257,1.262028,"[None, None, None, None]",C_전원실패,0.0
000950.jpg,,0,[],[],,0,,0,,0,mid,756,1008,0.762048,"[None, None, None, None]",C_전원실패,0.0
001018.jpg,,0,[],[],,0,,0,,0,mid,680,912,0.62016,"[None, None, None, None]",C_전원실패,0.0
000598.jpg,,0,"['까지', '별도표기', '부터', '소비기한']",[],,0,,0,,0,mid,1299,763,0.991137,"[None, None, None, None]",C_전원실패,0.0
002746.jpg,2022-01-08,1,['제조일자'],['2022-01-08'],2022-01-08,1,2022-01-08,1,2022-01-08,1,mid,808,1125,0.909,"['2022-01-08', '2022-01-08', '2022-01-08', '2022-01-08']",D_전원일치,0.0
001984.jpg,,0,"['까지', '유통기한']",[],2030-12-04,1,,0,,0,mid,900,1200,1.08,"[None, '2030-12-04', None, None]",B_검출경계,0.25
002868.jpg,2021-08-04,1,[],['2021-08-04'],,0,,0,2021-08-04,1,mid,1536,2048,3.145728,"['2021-08-04', None, None, '2021-08-04']",B_검출경계,0.5
001004.jpg,,0,['까지'],[],,0,,0,,0,mid,612,832,0.509184,"[None, None, None, None]",C_전원실패,0.0
001432.jpg,2021-09-29,1,['까지'],['2021-09-29'],2021-09-29,1,2021-09-29,1,2021-09-29,1,mid,756,1008,0.762048,"['2021-09-29', '2021-09-29', '2021-09-29', '2021-09-29']",D_전원일치,0.0
001293.jpg,,0,[],[],,0,,0,,0,mid,1437,1077,1.547649,"[None, None, None, None]",C_전원실패,0.0
001356.jpg,,0,[],[],,0,,0,,0,mid,909,1282,1.165338,"[None, None, None, None]",C_전원실패,0.0
000615.jpg,2026-03-24,1,['소비기한'],['2026-03-24'],2026-03-24,1,2026-03-24,1,2026-03-24,1,mid,1613,763,1.230719,"['2026-03-24', '2026-03-24', '2026-03-24', '2026-03-24']",D_전원일치,0.0
000536.jpg,2026-01-01,1,['까지'],['2026-01-01'],2026-01-01,1,2026-01-01,1,2026-01-01,1,mid,1050,1400,1.47,"['2026-01-01', '2026-01-01', '2026-01-01', '2026-01-01']",D_전원일치,0.0
002655.jpg,,0,[],[],2021-03-25,1,,0,,0,mid,1408,1876,2.641408,"[None, '2021-03-25', None, None]",B_검출경계,0.25
001667.jpg,2021-09-14,1,"['유통기한', '제조일자']",['2021-09-14'],2021-09-14,1,2021-09-14,1,2021-09-14,1,mid,949,1266,1.201434,"['2021-09-14', '2021-09-14', '2021-09-14', '2021-09-14']",D_전원일치,0.0
001181.jpg,,0,[],[],,0,,0,,0,mid,1105,829,0.916045,"[None, None, None, None]",C_전원실패,0.0
002113.jpg,2022-03-12,1,[],['2022-03-12'],2022-03-12,1,2022-03-12,1,2022-03-12,1,mid,715,932,0.66638,"['2022-03-12', '2022-03-12', '2022-03-12', '2022-03-12']",D_전원일치,0.0
003174.jpg,2022-08-13,2,[],"['2020-08-13', '2022-08-13']",2022-08-13,2,2022-06-13,1,2022-08-13,2,mid,1535,2048,3.14368,"['2022-08-13', '2022-08-13', '2022-06-13', '2022-08-13']",A_날짜불일치,0.25
001245.jpg,2021-11-01,1,[],['2021-11-01'],2021-11-01,1,2021-11-01,1,2021-11-01,1,mid,1324,993,1.314732,"['2021-11-01', '2021-11-01', '2021-11-01', '2021-11-01']",D_전원일치,0.0
001568.jpg,2021-03-09,1,"['까지', '유통기한']",['2021-03-09'],,0,,0,2021-03-09,1,mid,675,983,0.663525,"['2021-03-09', None, None, '2021-03-09']",B_검출경계,0.5
002188.jpg,,0,"['까지', '별도표기', '유통기한', '제조일자']",[],,0,2022-08-07,1,,0,mid,1001,1302,1.303302,"[None, None, '2022-08-07', None]",B_검출경계,0.25
001571.jpg,2021-06-11,1,[],['2021-06-11'],2021-06-11,1,2021-06-11,1,2021-06-11,1,mid,711,949,0.674739,"['2021-06-11', '2021-06-11', '2021-06-11', '2021-06-11']",D_전원일치,0.0
000543.jpg,,0,['소비기한'],[],,0,,0,,0,mid,1050,1400,1.47,"[None, None, None, None]",C_전원실패,0.0
002322.jpg,,0,['까지'],[],,0,,0,,0,mid,687,738,0.507006,"[None, None, None, None]",C_전원실패,0.0
002437.jpg,,0,['BEST_BEFORE'],[],,0,,0,,0,mid,1009,613,0.618517,"[None, None, None, None]",C_전원실패,0.0
000714.jpg,,0,['소비기한'],[],,0,,0,,0,mid,1108,1969,2.181652,"[None, None, None, None]",C_전원실패,0.0
003209.jpg,,1,[],['2000-07-03'],2022-12-02,1,,0,,1,mid,970,1293,1.25421,"[None, '2022-12-02', None, None]",B_검출경계,0.25
003339.jpg,,0,[],[],,0,,0,,0,mid,1349,1799,2.426851,"[None, None, None, None]",C_전원실패,0.0
002562.jpg,,0,[],[],,0,2012-01-22,1,,0,mid,1033,1377,1.422441,"[None, None, '2012-01-22', None]",B_검출경계,0.25
001705.jpg,2021-06-04,1,['유통기한'],['2021-06-04'],2021-06-04,1,2021-06-04,1,2021-06-04,1,mid,985,1314,1.29429,"['2021-06-04', '2021-06-04', '2021-06-04', '2021-06-04']",D_전원일치,0.0
002039.jpg,2021-12-03,1,['까지'],['2021-12-03'],2021-12-03,1,2021-12-03,1,2021-12-03,1,mid,657,847,0.556479,"['2021-12-03', '2021-12-03', '2021-12-03', '2021-12-03']",D_전원일치,0.0
003224.jpg,2021-08-21,2,"['까지', '부터']","['2020-08-22', '2021-08-21']",2021-08-21,1,2021-08-21,1,2021-08-21,2,mid,1478,1970,2.91166,"['2021-08-21', '2021-08-21', '2021-08-21', '2021-08-21']",D_전원일치,0.0
002502.jpg,2022-01-24,1,[],['2022-01-24'],2022-01-24,1,2022-01-24,1,2022-01-24,1,mid,1077,1436,1.546572,"['2022-01-24', '2022-01-24', '2022-01-24', '2022-01-24']",D_전원일치,0.0
002432.jpg,,0,['제조일자'],[],,0,,0,,0,mid,777,991,0.770007,"[None, None, None, None]",C_전원실패,0.0
001685.jpg,,0,"['까지', '부터', '유통기한']",[],2020-11-30,1,2021-11-27,2,,0,mid,1054,1405,1.48087,"[None, '2020-11-30', '2021-11-27', None]",A_날짜불일치,0.5
001221.jpg,,1,['까지'],['2012-11-11'],,0,2021-11-10,1,,0,mid,1008,756,0.762048,"[None, None, '2021-11-10', None]",B_검출경계,0.25
001235.jpg,2020-09-26,1,['까지'],['2020-09-26'],2020-09-26,1,2020-09-26,1,2020-09-26,1,mid,930,722,0.67146,"['2020-09-26', '2020-09-26', '2020-09-26', '2020-09-26']",D_전원일치,0.0
001034.jpg,2021-06-28,1,['까지'],['2021-06-28'],2021-06-28,1,2021-06-28,1,2021-06-28,1,mid,717,957,0.686169,"['2021-06-28', '2021-06-28', '2021-06-28', '2021-06-28']",D_전원일치,0.0
002389.jpg,2021-08-04,1,"['까지', '유통기한']",['2021-08-04'],2021-08-04,1,2021-08-04,1,2021-08-04,1,mid,940,566,0.53204,"['2021-08-04', '2021-08-04', '2021-08-04', '2021-08-04']",D_전원일치,0.0
002298.jpg,2021-10-15,1,[],['2021-10-15'],2021-10-15,1,2021-10-15,1,2021-10-15,1,mid,952,1270,1.20904,"['2021-10-15', '2021-10-15', '2021-10-15', '2021-10-15']",D_전원일치,0.0
001683.jpg,,0,[],[],,0,,0,,0,mid,993,1324,1.314732,"[None, None, None, None]",C_전원실패,0.0
001982.jpg,2021-10-20,1,[],['2021-10-20'],2021-10-20,1,2021-10-20,1,,0,mid,1343,1007,1.352401,"['2021-10-20', '2021-10-20', '2021-10-20', None]",B_검출경계,0.25
001386.jpg,,0,"['EXP', '제조일자']",[],,0,2020-04-25,1,,0,mid,604,928,0.560512,"[None, None, '2020-04-25', None]",B_검출경계,0.25
000587.jpg,,0,['제조일자'],[],,0,,0,,0,mid,1050,1400,1.47,"[None, None, None, None]",C_전원실패,0.0
001445.jpg,,0,[],[],,0,,0,,0,mid,731,993,0.725883,"[None, None, None, None]",C_전원실패,0.0
003055.jpg,2021-05-06,1,"['까지', '별도표기', '유통기한', '제조일자']",['2021-05-06'],,0,2021-05-06,1,,0,mid,878,1158,1.016724,"['2021-05-06', None, '2021-05-06', None]",B_검출경계,0.5
000608.jpg,,0,[],[],,0,,0,,0,mid,1613,763,1.230719,"[None, None, None, None]",C_전원실패,0.0
003095.jpg,2022-10-12,1,['까지'],['2022-10-12'],2022-10-12,1,2022-10-12,1,2022-10-12,1,mid,664,885,0.58764,"['2022-10-12', '2022-10-12', '2022-10-12', '2022-10-12']",D_전원일치,0.0
001263.jpg,2022-12-03,1,"['까지', '별도표기', '제조일자']",['2022-12-03'],2022-12-08,1,2022-12-03,1,2022-12-03,1,mid,1077,1436,1.546572,"['2022-12-03', '2022-12-08', '2022-12-03', '2022-12-03']",A_날짜불일치,0.25
003162.jpg,2020-10-20,1,[],['2020-10-20'],,0,,0,2020-10-20,1,mid,1536,2048,3.145728,"['2020-10-20', None, None, '2020-10-20']",B_검출경계,0.5
001561.jpg,,0,[],[],,0,,0,,0,mid,717,957,0.686169,"[None, None, None, None]",C_전원실패,0.0
002518.jpg,2023-01-25,1,['제조일자'],['2023-01-25'],2023-01-25,1,2023-01-25,1,2023-01-25,1,mid,1036,1381,1.430716,"['2023-01-25', '2023-01-25', '2023-01-25', '2023-01-25']",D_전원일치,0.0
002465.jpg,2022-01-20,1,[],['2022-01-20'],2022-01-20,1,2022-01-20,1,2022-01-20,1,mid,1132,1510,1.70932,"['2022-01-20', '2022-01-20', '2022-01-20', '2022-01-20']",D_전원일치,0.0
000609.jpg,2027-06-11,2,['까지'],"['2010-02-02', '2027-06-11']",2027-06-11,2,2027-06-11,2,2027-06-11,2,mid,1613,763,1.230719,"['2027-06-11', '2027-06-11', '2027-06-11', '2027-06-11']",D_전원일치,0.0
002946.jpg,2019-06-06,1,['BEST_BEFORE'],['2019-06-06'],2019-06-05,1,2019-06-06,1,2019-06-06,1,mid,2048,1536,3.145728,"['2019-06-06', '2019-06-05', '2019-06-06', '2019-06-06']",A_날짜불일치,0.25
001271.jpg,2023-07-08,1,"['까지', '별도표기', '유통기한', '제조일자']",['2023-07-08'],,0,,0,2023-07-08,1,mid,1064,1419,1.509816,"['2023-07-08', None, None, '2023-07-08']",B_검출경계,0.5
001259.jpg,2032-03-08,1,['BEST_BEFORE'],['2032-03-08'],2032-03-08,1,2032-03-08,1,2032-03-08,1,mid,760,1058,0.80408,"['2032-03-08', '2032-03-08', '2032-03-08', '2032-03-08']",D_전원일치,0.0
002886.jpg,2022-01-04,1,[],['2022-01-04'],,0,,0,,0,mid,898,1199,1.076702,"['2022-01-04', None, None, None]",B_검출경계,0.25
000957.jpg,2021-12-22,1,"['까지', '제조일자']",['2021-12-22'],,0,,0,2021-12-22,1,mid,846,1127,0.953442,"['2021-12-22', None, None, '2021-12-22']",B_검출경계,0.5
000972.jpg,,0,[],[],,0,2021-06-25,1,,0,mid,909,1211,1.100799,"[None, None, '2021-06-25', None]",B_검출경계,0.25
002412.jpg,2023-01-18,1,['품질유지기한'],['2023-01-18'],2023-01-18,1,2023-01-18,1,2023-01-18,1,mid,825,1114,0.91905,"['2023-01-18', '2023-01-18', '2023-01-18', '2023-01-18']",D_전원일치,0.0
000926.jpg,2021-06-10,1,[],['2021-06-10'],2021-06-10,1,2021-06-10,1,2021-06-10,1,mid,654,873,0.570942,"['2021-06-10', '2021-06-10', '2021-06-10', '2021-06-10']",D_전원일치,0.0
002189.jpg,,0,[],[],,0,,0,,0,mid,1036,1381,1.430716,"[None, None, None, None]",C_전원실패,0.0
001325.jpg,,0,[],[],,0,,0,,0,mid,951,1268,1.205868,"[None, None, None, None]",C_전원실패,0.0
002602.jpg,2020-04-27,1,['제조일자'],['2020-04-27'],2022-07-07,1,,0,2020-04-27,1,mid,861,1255,1.080555,"['2020-04-27', '2022-07-07', None, '2020-04-27']",A_날짜불일치,0.5
002689.jpg,,0,[],[],,0,2021-03-15,1,,0,mid,1030,1374,1.41522,"[None, None, '2021-03-15', None]",B_검출경계,0.25
001219.jpg,2021-01-14,1,['유통기한'],['2021-01-14'],2021-11-14,1,2021-01-14,1,2021-01-14,1,mid,850,642,0.5457,"['2021-01-14', '2021-11-14', '2021-01-14', '2021-01-14']",A_날짜불일치,0.25
002265.jpg,,1,[],['2003-05-10'],,1,,0,,1,mid,969,1292,1.251948,"[None, None, None, None]",C_전원실패,0.0
002778.jpg,,1,['유통기한'],['2002-10-21'],2018-09-07,2,,1,,1,mid,674,898,0.605252,"[None, '2018-09-07', None, None]",B_검출경계,0.25
000691.jpg,2026-09-22,2,"['까지', '부터']","['2025-09-23', '2026-09-22']",2026-09-22,2,2026-09-22,2,2026-09-22,2,mid,1430,2543,3.63649,"['2026-09-22', '2026-09-22', '2026-09-22', '2026-09-22']",D_전원일치,0.0
001154.jpg,,0,[],[],,0,,0,,0,mid,1008,756,0.762048,"[None, None, None, None]",C_전원실패,0.0
002639.jpg,2021-12-04,1,[],['2021-12-04'],2021-12-04,1,2021-12-04,1,2021-12-04,1,mid,1044,1392,1.453248,"['2021-12-04', '2021-12-04', '2021-12-04', '2021-12-04']",D_전원일치,0.0
001622.jpg,2022-01-14,1,[],['2022-01-14'],2022-01-14,1,,0,2022-01-14,1,mid,763,1018,0.776734,"['2022-01-14', '2022-01-14', None, '2022-01-14']",B_검출경계,0.25
001301.jpg,2030-11-20,2,['BEST_BEFORE'],"['2029-11-21', '2030-11-20']",2030-11-20,2,2029-11-21,1,2030-11-20,2,mid,1108,1477,1.636516,"['2030-11-20', '2030-11-20', '2029-11-21', '2030-11-20']",A_날짜불일치,0.25
000909.jpg,,0,[],[],,0,,0,,0,mid,669,895,0.598755,"[None, None, None, None]",C_전원실패,0.0
002675.jpg,2021-03-23,1,[],['2021-03-23'],2021-03-23,1,2021-03-23,1,2021-03-23,1,mid,1294,970,1.25518,"['2021-03-23', '2021-03-23', '2021-03-23', '2021-03-23']",D_전원일치,0.0
000752.jpg,,0,['제조일자'],[],2026-07-09,1,2026-07-09,1,,0,mid,1907,2543,4.849501,"[None, '2026-07-09', '2026-07-09', None]",B_검출경계,0.5
002978.jpg,2020-07-20,1,[],['2020-07-20'],2020-07-20,1,2020-07-20,1,2020-07-20,1,mid,753,925,0.696525,"['2020-07-20', '2020-07-20', '2020-07-20', '2020-07-20']",D_전원일치,0.0
002017.jpg,,0,[],[],,0,,0,,0,mid,913,1282,1.170466,"[None, None, None, None]",C_전원실패,0.0
000937.jpg,2022-11-09,1,[],['2022-11-09'],2022-06-11,1,,0,2022-11-09,1,mid,769,1025,0.788225,"['2022-11-09', '2022-06-11', None, '2022-11-09']",A_날짜불일치,0.5
002731.jpg,,0,['BEST_BEFORE'],[],,0,,0,,0,mid,1334,910,1.21394,"[None, None, None, None]",C_전원실패,0.0
001635.jpg,,0,"['까지', '부터', '유통기한']",[],2021-12-22,2,,0,,0,mid,762,1016,0.774192,"[None, '2021-12-22', None, None]",B_검출경계,0.25
001850.jpg,,0,[],[],,0,,0,,0,mid,1122,1496,1.678512,"[None, None, None, None]",C_전원실패,0.0
001649.jpg,,0,"['까지', '부터']",[],2019-08-18,1,2019-08-18,1,,0,mid,716,1136,0.813376,"[None, '2019-08-18', '2019-08-18', None]",B_검출경계,0.5
002726.jpg,2017-03-22,1,[],['2017-03-22'],2017-03-22,1,2017-03-22,1,2017-03-22,1,mid,1120,1493,1.67216,"['2017-03-22', '2017-03-22', '2017-03-22', '2017-03-22']",D_전원일치,0.0
001618.jpg,2023-10-06,1,[],['2023-10-06'],2023-10-06,1,,0,2023-10-06,1,mid,759,1012,0.768108,"['2023-10-06', '2023-10-06', None, '2023-10-06']",B_검출경계,0.25
002030.jpg,2019-11-18,1,[],['2019-11-18'],2019-11-18,2,2019-11-18,1,2019-11-18,1,mid,521,846,0.440766,"['2019-11-18', '2019-11-18', '2019-11-18', '2019-11-18']",D_전원일치,0.0
000649.jpg,,0,['까지'],[],,0,,0,,0,mid,1326,2358,3.126708,"[None, None, None, None]",C_전원실패,0.0
002713.jpg,,0,[],[],2021-12-15,1,2021-12-15,1,,0,mid,1054,1235,1.30169,"[None, '2021-12-15', '2021-12-15', None]",B_검출경계,0.5
002834.jpg,2021-06-30,1,['BEST_BEFORE'],['2021-06-30'],2021-06-30,1,2021-06-30,1,2021-06-30,1,mid,725,967,0.701075,"['2021-06-30', '2021-06-30', '2021-06-30', '2021-06-30']",D_전원일치,0.0
002328.jpg,2020-10-21,1,"['까지', '별도표기', '유통기한', '제조일자']",['2020-10-21'],2020-10-21,1,,0,2020-10-21,1,mid,712,948,0.674976,"['2020-10-21', '2020-10-21', None, '2020-10-21']",B_검출경계,0.25
002343.jpg,2022-04-09,1,['유통기한'],['2022-04-09'],2022-04-09,1,2022-04-09,1,2022-04-09,1,mid,717,957,0.686169,"['2022-04-09', '2022-04-09', '2022-04-09', '2022-04-09']",D_전원일치,0.0
003265.jpg,2021-10-06,1,[],['2021-10-06'],2021-10-06,1,2021-10-06,1,2021-10-06,1,mid,2043,1532,3.129876,"['2021-10-06', '2021-10-06', '2021-10-06', '2021-10-06']",D_전원일치,0.0
003044.jpg,,0,"['BEST_BEFORE', '까지']",[],2022-05-02,1,2022-05-02,1,,0,mid,936,1247,1.167192,"[None, '2022-05-02', '2022-05-02', None]",B_검출경계,0.5
003332.jpg,,0,[],[],,0,,0,,0,mid,1311,1748,2.291628,"[None, None, None, None]",C_전원실패,0.0
000702.jpg,2025-10-09,1,['까지'],['2025-10-09'],2025-10-09,1,2025-10-09,1,2025-10-09,1,mid,1185,2106,2.49561,"['2025-10-09', '2025-10-09', '2025-10-09', '2025-10-09']",D_전원일치,0.0
003106.jpg,2021-01-11,1,[],['2021-01-11'],2021-01-11,1,2021-01-11,1,2021-01-11,1,mid,604,838,0.506152,"['2021-01-11', '2021-01-11', '2021-01-11', '2021-01-11']",D_전원일치,0.0
003189.jpg,2022-08-16,1,[],['2022-08-16'],,0,,0,2022-08-16,1,mid,1512,2016,3.048192,"['2022-08-16', None, None, '2022-08-16']",B_검출경계,0.5
002426.jpg,2021-01-18,1,"['까지', '유통기한', '제조일자']",['2021-01-18'],2021-01-18,1,2020-02-16,1,2021-01-18,1,mid,585,760,0.4446,"['2021-01-18', '2021-01-18', '2020-02-16', '2021-01-18']",A_날짜불일치,0.25
002803.jpg,,0,['까지'],[],2021-04-19,1,2021-04-19,1,,0,mid,766,1021,0.782086,"[None, '2021-04-19', '2021-04-19', None]",B_검출경계,0.5
002820.jpg,2021-11-19,1,"['별도표기', '유통기한']",['2021-11-19'],2021-11-14,1,,0,2021-11-19,1,mid,852,1137,0.968724,"['2021-11-19', '2021-11-14', None, '2021-11-19']",A_날짜불일치,0.5
003108.jpg,,0,['BEST_BEFORE'],[],,0,,0,,0,mid,657,876,0.575532,"[None, None, None, None]",C_전원실패,0.0
002277.jpg,,0,[],[],,0,,0,,0,mid,934,1237,1.155358,"[None, None, None, None]",C_전원실패,0.0
001162.jpg,2021-12-06,1,['까지'],['2021-12-06'],2021-12-06,1,2021-12-06,1,,0,mid,1241,931,1.155371,"['2021-12-06', '2021-12-06', '2021-12-06', None]",B_검출경계,0.25
002083.jpg,,1,"['BEST_BEFORE', 'MFG']",['2006-11-20'],,0,,0,,0,mid,715,1147,0.820105,"[None, None, None, None]",C_전원실패,0.0
001674.jpg,,0,['까지'],[],,0,,0,,0,mid,933,1243,1.159719,"[None, None, None, None]",C_전원실패,0.0
002201.jpg,2031-10-06,1,[],['2031-10-06'],,0,2020-10-06,1,2031-10-06,1,mid,832,600,0.4992,"['2031-10-06', None, '2020-10-06', '2031-10-06']",A_날짜불일치,0.5
001217.jpg,2022-05-14,1,"['까지', '유통기한']",['2022-05-14'],2022-05-30,1,2022-05-30,1,2022-05-14,1,mid,1008,756,0.762048,"['2022-05-14', '2022-05-30', '2022-05-30', '2022-05-14']",A_날짜불일치,0.5
000763.jpg,,0,[],[],,0,,0,,0,mid,748,634,0.474232,"[None, None, None, None]",C_전원실패,0.0
002363.jpg,2021-08-04,1,"['까지', '별도표기', '유통기한']",['2021-08-04'],2021-08-04,1,2021-08-04,1,2021-08-04,1,mid,520,925,0.481,"['2021-08-04', '2021-08-04', '2021-08-04', '2021-08-04']",D_전원일치,0.0
002770.jpg,2021-10-11,1,"['까지', '별도표기', '제조일자']",['2021-10-11'],2021-10-11,1,,0,2021-10-11,1,mid,743,1034,0.768262,"['2021-10-11', '2021-10-11', None, '2021-10-11']",B_검출경계,0.25
001524.jpg,2021-06-25,1,['까지'],['2021-06-25'],2021-06-25,1,2021-06-25,1,2021-06-25,1,mid,835,1113,0.929355,"['2021-06-25', '2021-06-25', '2021-06-25', '2021-06-25']",D_전원일치,0.0
002279.jpg,2021-01-03,1,"['까지', '유통기한']",['2021-01-03'],2021-01-03,1,2021-01-03,1,2021-01-03,1,mid,1077,1435,1.545495,"['2021-01-03', '2021-01-03', '2021-01-03', '2021-01-03']",D_전원일치,0.0
001754.jpg,2021-12-15,1,['까지'],['2021-12-15'],,0,,0,,0,mid,963,1284,1.236492,"['2021-12-15', None, None, None]",B_검출경계,0.25
001542.jpg,2022-01-22,1,[],['2022-01-22'],2022-01-22,1,2022-01-22,1,2022-01-22,1,mid,911,1215,1.106865,"['2022-01-22', '2022-01-22', '2022-01-22', '2022-01-22']",D_전원일치,0.0
002164.jpg,2020-10-30,1,['부터'],['2020-10-30'],2020-10-30,1,2021-01-29,2,2020-10-30,1,mid,908,1210,1.09868,"['2020-10-30', '2020-10-30', '2021-01-29', '2020-10-30']",A_날짜불일치,0.25
000528.jpg,2026-03-11,1,['까지'],['2026-03-11'],,0,,0,2026-03-11,1,mid,1050,1400,1.47,"['2026-03-11', None, None, '2026-03-11']",B_검출경계,0.5
000858.jpg,,0,[],[],,0,,0,,0,mid,779,1107,0.862353,"[None, None, None, None]",C_전원실패,0.0
001645.jpg,2021-10-12,1,[],['2021-10-12'],2021-10-12,1,2021-10-12,1,2021-10-12,1,mid,771,1028,0.792588,"['2021-10-12', '2021-10-12', '2021-10-12', '2021-10-12']",D_전원일치,0.0
001730.jpg,,0,[],[],,0,,0,,0,mid,917,1223,1.121491,"[None, None, None, None]",C_전원실패,0.0
003179.jpg,2021-07-08,1,[],['2021-07-08'],2021-07-08,1,2021-07-08,1,2021-07-08,1,mid,1064,781,0.830984,"['2021-07-08', '2021-07-08', '2021-07-08', '2021-07-08']",D_전원일치,0.0
002387.jpg,2021-01-14,1,"['까지', '유통기한']",['2021-01-14'],2021-01-14,1,2021-01-14,1,2021-01-14,1,mid,891,544,0.484704,"['2021-01-14', '2021-01-14', '2021-01-14', '2021-01-14']",D_전원일치,0.0
001123.jpg,,0,"['까지', '별도표기']",[],,0,,0,,0,mid,908,1210,1.09868,"[None, None, None, None]",C_전원실패,0.0
001362.jpg,,0,[],[],2021-12-01,1,,0,,0,mid,863,1116,0.963108,"[None, '2021-12-01', None, None]",B_검출경계,0.25
001599.jpg,2021-02-15,1,['유통기한'],['2021-02-15'],2021-02-15,1,2021-02-15,1,2021-02-15,1,mid,815,1086,0.88509,"['2021-02-15', '2021-02-15', '2021-02-15', '2021-02-15']",D_전원일치,0.0
001299.jpg,2016-11-15,1,['유통기한'],['2016-11-15'],2021-07-28,1,2021-07-28,1,2016-11-15,1,mid,1034,1379,1.425886,"['2016-11-15', '2021-07-28', '2021-07-28', '2016-11-15']",A_날짜불일치,0.5
001370.jpg,2021-12-03,1,[],['2021-12-03'],2021-12-03,1,2021-12-03,1,2021-12-03,1,mid,914,1219,1.114166,"['2021-12-03', '2021-12-03', '2021-12-03', '2021-12-03']",D_전원일치,0.0
002751.jpg,,0,"['BEST_BEFORE', 'MFG']",[],,0,,0,,0,mid,1300,879,1.1427,"[None, None, None, None]",C_전원실패,0.0
003160.jpg,2021-06-13,1,"['까지', '유통기한']",['2021-06-13'],2021-06-13,1,2021-06-13,1,2021-06-13,1,mid,1058,1411,1.492838,"['2021-06-13', '2021-06-13', '2021-06-13', '2021-06-13']",D_전원일치,0.0
000525.jpg,2027-09-08,1,[],['2027-09-08'],2027-09-08,1,2027-09-08,1,2027-09-08,1,mid,1050,1400,1.47,"['2027-09-08', '2027-09-08', '2027-09-08', '2027-09-08']",D_전원일치,0.0
001038.jpg,2021-12-28,1,[],['2021-12-28'],2021-12-28,1,2021-12-28,1,2021-12-28,1,mid,756,1008,0.762048,"['2021-12-28', '2021-12-28', '2021-12-28', '2021-12-28']",D_전원일치,0.0
002590.jpg,,0,[],[],,0,,0,,0,mid,1038,1385,1.43763,"[None, None, None, None]",C_전원실패,0.0
003187.jpg,2022-01-17,1,[],['2022-01-17'],2022-01-17,1,2022-01-17,1,2022-01-17,1,mid,841,1121,0.942761,"['2022-01-17', '2022-01-17', '2022-01-17', '2022-01-17']",D_전원일치,0.0
002790.jpg,,0,['BEST_BEFORE'],[],,0,,0,,0,mid,550,733,0.40315,"[None, None, None, None]",C_전원실패,0.0
002230.jpg,2022-07-21,1,[],['2022-07-21'],2022-07-21,1,2022-07-21,1,2022-07-21,1,mid,1110,1480,1.6428,"['2022-07-21', '2022-07-21', '2022-07-21', '2022-07-21']",D_전원일치,0.0
001236.jpg,,0,[],[],,0,,0,,0,mid,792,594,0.470448,"[None, None, None, None]",C_전원실패,0.0
002337.jpg,2023-01-05,1,[],['2023-01-05'],2023-01-05,1,2023-01-05,1,2023-01-05,1,mid,756,1008,0.762048,"['2023-01-05', '2023-01-05', '2023-01-05', '2023-01-05']",D_전원일치,0.0
001360.jpg,,0,[],[],,0,,0,,0,mid,928,1238,1.148864,"[None, None, None, None]",C_전원실패,0.0
000558.jpg,2025-05-16,1,[],['2025-05-16'],2025-05-16,1,2025-05-16,1,2025-05-16,1,mid,1050,1400,1.47,"['2025-05-16', '2025-05-16', '2025-05-16', '2025-05-16']",D_전원일치,0.0
000509.jpg,2026-09-01,2,"['까지', '부터', '소비기한']","['2025-09-02', '2026-09-01']",2025-09-02,1,2026-09-01,2,2026-09-01,2,mid,1050,1400,1.47,"['2026-09-01', '2025-09-02', '2026-09-01', '2026-09-01']",A_날짜불일치,0.25
000955.jpg,,0,['까지'],[],,0,,0,,0,mid,829,1106,0.916874,"[None, None, None, None]",C_전원실패,0.0
000622.jpg,,0,['소비기한'],[],2027-01-22,1,,0,,0,mid,1613,763,1.230719,"[None, '2027-01-22', None, None]",B_검출경계,0.25
000671.jpg,2026-03-31,2,"['까지', '부터']","['2025-10-01', '2026-03-31']",2026-03-31,2,2026-03-31,2,2026-03-31,2,mid,1461,2596,3.792756,"['2026-03-31', '2026-03-31', '2026-03-31', '2026-03-31']",D_전원일치,0.0
002199.jpg,,0,"['까지', '유통기한']",[],,0,,0,,0,mid,792,638,0.505296,"[None, None, None, None]",C_전원실패,0.0
001945.jpg,,0,['BEST_BEFORE'],[],,0,,0,,0,mid,957,1276,1.221132,"[None, None, None, None]",C_전원실패,0.0
001628.jpg,,0,[],[],,0,,0,,0,mid,782,1043,0.815626,"[None, None, None, None]",C_전원실패,0.0
000700.jpg,2025-10-24,1,['까지'],['2025-10-24'],2025-10-24,1,,0,2025-10-24,1,mid,890,1581,1.40709,"['2025-10-24', '2025-10-24', None, '2025-10-24']",B_검출경계,0.25
003333.jpg,,0,['BEST_BEFORE'],[],,0,,0,,0,mid,1451,1934,2.806234,"[None, None, None, None]",C_전원실패,0.0
002870.jpg,,0,[],[],2021-02-25,1,,0,,0,mid,873,1164,1.016172,"[None, '2021-02-25', None, None]",B_검출경계,0.25
002125.jpg,,0,[],[],,0,,0,,0,mid,686,959,0.657874,"[None, None, None, None]",C_전원실패,0.0
003315.jpg,2021-08-03,1,[],['2021-08-03'],2021-08-03,1,2021-08-03,1,,0,mid,1917,1437,2.754729,"['2021-08-03', '2021-08-03', '2021-08-03', None]",B_검출경계,0.25
000556.jpg,,0,[],[],,0,,0,,0,mid,1050,1400,1.47,"[None, None, None, None]",C_전원실패,0.0
000601.jpg,2026-01-27,2,"['까지', '부터']","['2025-04-28', '2026-01-27']",2026-01-27,2,2026-01-27,2,2026-01-27,2,mid,1613,763,1.230719,"['2026-01-27', '2026-01-27', '2026-01-27', '2026-01-27']",D_전원일치,0.0
001688.jpg,,0,[],[],,0,,0,,0,mid,1025,1367,1.401175,"[None, None, None, None]",C_전원실패,0.0
001030.jpg,,0,[],[],,0,,0,,0,mid,756,1008,0.762048,"[None, None, None, None]",C_전원실패,0.0
001633.jpg,2021-05-12,1,"['까지', '제조일자']",['2021-05-12'],2021-05-12,1,2021-05-12,1,2021-05-12,1,mid,754,1006,0.758524,"['2021-05-12', '2021-05-12', '2021-05-12', '2021-05-12']",D_전원일치,0.0
002548.jpg,2021-04-02,1,"['까지', '유통기한']",['2021-04-02'],2021-04-02,1,2021-04-02,1,2021-04-02,1,mid,2048,1536,3.145728,"['2021-04-02', '2021-04-02', '2021-04-02', '2021-04-02']",D_전원일치,0.0
000611.jpg,2026-07-20,1,[],['2026-07-20'],2026-07-20,1,2026-07-20,1,2026-07-20,1,mid,1613,763,1.230719,"['2026-07-20', '2026-07-20', '2026-07-20', '2026-07-20']",D_전원일치,0.0
002041.jpg,2020-08-27,1,['까지'],['2020-08-27'],2020-08-27,1,2020-08-27,1,2020-08-27,1,mid,641,873,0.559593,"['2020-08-27', '2020-08-27', '2020-08-27', '2020-08-27']",D_전원일치,0.0
002723.jpg,2019-11-25,1,[],['2019-11-25'],2019-11-25,1,2019-11-25,1,2019-11-25,1,mid,1515,2073,3.140595,"['2019-11-25', '2019-11-25', '2019-11-25', '2019-11-25']",D_전원일치,0.0
003285.jpg,2021-08-06,2,"['까지', '부터']","['2021-03-07', '2021-08-06']",2021-08-06,2,2021-08-06,2,2021-08-06,2,mid,1354,1806,2.445324,"['2021-08-06', '2021-08-06', '2021-08-06', '2021-08-06']",D_전원일치,0.0
002313.jpg,,0,[],[],2017-10-20,1,,1,,0,mid,1050,1400,1.47,"[None, '2017-10-20', None, None]",B_검출경계,0.25
002964.jpg,,0,['유통기한'],[],,0,,0,,0,mid,815,1087,0.885905,"[None, None, None, None]",C_전원실패,0.0
000724.jpg,2026-05-20,1,['까지'],['2026-05-20'],2026-05-20,1,2026-05-20,1,2026-05-20,1,mid,1148,2040,2.34192,"['2026-05-20', '2026-05-20', '2026-05-20', '2026-05-20']",D_전원일치,0.0
001189.jpg,2019-06-28,2,"['까지', '부터']","['2019-06-16', '2019-06-28']",2019-06-28,2,2019-06-28,2,2019-06-28,2,mid,1297,828,1.073916,"['2019-06-28', '2019-06-28', '2019-06-28', '2019-06-28']",D_전원일치,0.0
002805.jpg,,0,[],[],,0,,0,,0,mid,1536,2048,3.145728,"[None, None, None, None]",C_전원실패,0.0
003323.jpg,,0,['EXP'],[],,0,,0,,0,mid,1342,1868,2.506856,"[None, None, None, None]",C_전원실패,0.0
003047.jpg,,0,[],[],,0,,0,,0,mid,874,1165,1.01821,"[None, None, None, None]",C_전원실패,0.0
001920.jpg,2022-10-15,1,"['까지', '유통기한', '제조일자']",['2022-10-15'],,0,,0,2022-10-15,1,mid,994,1325,1.31705,"['2022-10-15', None, None, '2022-10-15']",B_검출경계,0.5
001000.jpg,,0,[],[],,0,,0,,0,mid,822,1098,0.902556,"[None, None, None, None]",C_전원실패,0.0
002123.jpg,2020-11-02,1,"['까지', '제조일자']",['2020-11-02'],2020-11-02,1,2020-11-02,1,2020-11-02,1,mid,756,1008,0.762048,"['2020-11-02', '2020-11-02', '2020-11-02', '2020-11-02']",D_전원일치,0.0
002932.jpg,,2,[],"['2001-02-22', '2006-02-23']",,1,,2,,2,mid,1057,1409,1.489313,"[None, None, None, None]",C_전원실패,0.0
002288.jpg,,0,[],[],,0,,0,,0,mid,1089,1453,1.582317,"[None, None, None, None]",C_전원실패,0.0
001258.jpg,,0,[],[],,0,,0,,0,mid,1264,948,1.198272,"[None, None, None, None]",C_전원실패,0.0
000903.jpg,,0,[],[],,0,,0,,0,mid,924,1231,1.137444,"[None, None, None, None]",C_전원실패,0.0
002246.jpg,2021-07-22,1,['까지'],['2021-07-22'],,0,2021-07-22,1,,0,mid,1046,1395,1.45917,"['2021-07-22', None, '2021-07-22', None]",B_검출경계,0.5
001538.jpg,,0,['까지'],[],2015-01-08,1,,0,,0,mid,823,1097,0.902831,"[None, '2015-01-08', None, None]",B_검출경계,0.25
001702.jpg,2021-05-17,1,['까지'],['2021-05-17'],2021-05-17,1,2021-05-17,1,,0,mid,1000,1334,1.334,"['2021-05-17', '2021-05-17', '2021-05-17', None]",B_검출경계,0.25
001672.jpg,,0,[],[],,0,,0,,0,mid,930,1257,1.16901,"[None, None, None, None]",C_전원실패,0.0
001035.jpg,,0,"['BEST_BEFORE', '까지', '유통기한', '제조일자']",[],,0,,0,,0,mid,1008,756,0.762048,"[None, None, None, None]",C_전원실패,0.0
002604.jpg,,0,['BEST_BEFORE'],[],,0,,0,,0,mid,917,1109,1.016953,"[None, None, None, None]",C_전원실패,0.0
003124.jpg,,0,[],[],2021-03-07,1,2021-03-07,1,,0,mid,756,1008,0.762048,"[None, '2021-03-07', '2021-03-07', None]",B_검출경계,0.5
002809.jpg,2023-01-20,2,[],"['2010-09-19', '2023-01-20']",2023-01-20,2,2023-01-20,1,2023-01-20,2,mid,949,1266,1.201434,"['2023-01-20', '2023-01-20', '2023-01-20', '2023-01-20']",D_전원일치,0.0
001252.jpg,,0,[],[],,0,,0,,0,mid,1225,855,1.047375,"[None, None, None, None]",C_전원실패,0.0
001443.jpg,2021-09-06,1,[],['2021-09-06'],2021-09-06,1,,0,2021-09-06,1,mid,723,965,0.697695,"['2021-09-06', '2021-09-06', None, '2021-09-06']",B_검출경계,0.25
001974.jpg,,0,[],[],,0,,0,,0,mid,935,1126,1.05281,"[None, None, None, None]",C_전원실패,0.0
002962.jpg,,0,['별도표기'],[],,0,,0,,0,mid,766,1021,0.782086,"[None, None, None, None]",C_전원실패,0.0
000870.jpg,,1,[],['2010-10-19'],,0,,0,,1,mid,1008,756,0.762048,"[None, None, None, None]",C_전원실패,0.0
002745.jpg,2019-09-26,1,[],['2019-09-26'],2019-09-26,1,2019-09-26,1,2019-09-26,1,mid,743,871,0.647153,"['2019-09-26', '2019-09-26', '2019-09-26', '2019-09-26']",D_전원일치,0.0
002851.jpg,,0,[],[],,0,,1,,0,mid,1536,2048,3.145728,"[None, None, None, None]",C_전원실패,0.0
000595.jpg,,1,[],['2005-01-15'],2026-05-01,2,,1,,1,mid,1613,763,1.230719,"[None, '2026-05-01', None, None]",B_검출경계,0.25
001332.jpg,,0,[],[],,0,,0,,0,mid,1020,1360,1.3872,"[None, None, None, None]",C_전원실패,0.0
001460.jpg,2022-11-18,1,[],['2022-11-18'],2022-11-18,1,2022-11-18,1,2022-11-18,1,mid,645,871,0.561795,"['2022-11-18', '2022-11-18', '2022-11-18', '2022-11-18']",D_전원일치,0.0
002826.jpg,,0,[],[],,0,,0,,0,mid,883,1178,1.040174,"[None, None, None, None]",C_전원실패,0.0
003007.jpg,2021-11-30,1,[],['2021-11-30'],2021-11-30,1,2021-11-30,1,2021-11-30,1,mid,904,1205,1.08932,"['2021-11-30', '2021-11-30', '2021-11-30', '2021-11-30']",D_전원일치,0.0
001661.jpg,2022-04-26,1,[],['2022-04-26'],2022-04-26,1,2022-04-26,1,2022-04-26,1,mid,907,1209,1.096563,"['2022-04-26', '2022-04-26', '2022-04-26', '2022-04-26']",D_전원일치,0.0
002892.jpg,,0,[],[],2021-03-31,1,2020-10-04,1,,0,mid,916,1221,1.118436,"[None, '2021-03-31', '2020-10-04', None]",A_날짜불일치,0.5
002774.jpg,,0,"['까지', '별도표기']",[],,0,,0,,0,mid,768,1024,0.786432,"[None, None, None, None]",C_전원실패,0.0
002888.jpg,2021-07-15,1,[],['2021-07-15'],2021-07-15,1,2021-07-15,1,2021-07-15,1,mid,1004,1339,1.344356,"['2021-07-15', '2021-07-15', '2021-07-15', '2021-07-15']",D_전원일치,0.0
001374.jpg,,0,['MFG'],[],,0,,0,,0,mid,1259,944,1.188496,"[None, None, None, None]",C_전원실패,0.0
002913.jpg,2020-11-18,1,[],['2020-11-18'],2020-11-18,1,2020-11-18,1,2020-11-18,1,mid,1045,1394,1.45673,"['2020-11-18', '2020-11-18', '2020-11-18', '2020-11-18']",D_전원일치,0.0
001311.jpg,2022-10-20,1,['제조일자'],['2022-10-20'],2022-10-20,1,2022-10-20,1,2022-10-20,1,mid,941,1251,1.177191,"['2022-10-20', '2022-10-20', '2022-10-20', '2022-10-20']",D_전원일치,0.0
002719.jpg,2026-01-09,1,"['까지', '별도표기', '제조일자']",['2026-01-09'],2026-01-09,1,2026-01-09,1,2026-01-09,1,mid,996,1328,1.322688,"['2026-01-09', '2026-01-09', '2026-01-09', '2026-01-09']",D_전원일치,0.0
002174.jpg,2021-09-05,1,[],['2021-09-05'],2021-09-05,1,2021-09-05,1,2021-09-05,1,mid,884,1179,1.042236,"['2021-09-05', '2021-09-05', '2021-09-05', '2021-09-05']",D_전원일치,0.0
003236.jpg,2021-03-30,1,['까지'],['2021-03-30'],,0,,0,2021-03-30,1,mid,1477,1969,2.908213,"['2021-03-30', None, None, '2021-03-30']",B_검출경계,0.5
000726.jpg,,0,[],[],,0,,0,,0,mid,1008,1792,1.806336,"[None, None, None, None]",C_전원실패,0.0
002068.jpg,,1,[],['2009-11-22'],,1,,1,,1,mid,482,592,0.285344,"[None, None, None, None]",C_전원실패,0.0
003243.jpg,,0,['BEST_BEFORE'],[],,0,,0,,0,mid,1896,1422,2.696112,"[None, None, None, None]",C_전원실패,0.0
001573.jpg,2022-01-06,1,[],['2022-01-06'],2022-01-06,1,2022-01-06,1,2022-01-06,1,mid,717,957,0.686169,"['2022-01-06', '2022-01-06', '2022-01-06', '2022-01-06']",D_전원일치,0.0
001531.jpg,2022-06-06,1,[],['2022-06-06'],,0,,0,,0,mid,874,1166,1.019084,"['2022-06-06', None, None, None]",B_검출경계,0.25
002134.jpg,2022-11-02,1,[],['2022-11-02'],2022-11-02,1,2022-11-02,1,2022-11-02,1,mid,756,1008,0.762048,"['2022-11-02', '2022-11-02', '2022-11-02', '2022-11-02']",D_전원일치,0.0
002029.jpg,2020-11-22,1,[],['2020-11-22'],2020-11-22,1,2020-11-22,1,2020-11-22,1,mid,598,856,0.511888,"['2020-11-22', '2020-11-22', '2020-11-22', '2020-11-22']",D_전원일치,0.0
002516.jpg,2022-07-20,1,[],['2022-07-20'],2022-07-20,1,2022-07-20,1,2022-07-20,1,mid,1105,1474,1.62877,"['2022-07-20', '2022-07-20', '2022-07-20', '2022-07-20']",D_전원일치,0.0
001384.jpg,,0,[],[],,0,,0,,0,mid,878,1127,0.989506,"[None, None, None, None]",C_전원실패,0.0
002273.jpg,2021-08-09,1,[],['2021-08-09'],2021-08-09,1,,0,,0,mid,1132,1509,1.708188,"['2021-08-09', '2021-08-09', None, None]",B_검출경계,0.5
002408.jpg,,0,[],[],,0,,1,,0,mid,937,1249,1.170313,"[None, None, None, None]",C_전원실패,0.0
002286.jpg,2021-12-31,1,[],['2021-12-31'],2021-12-31,1,2021-12-31,1,2021-12-31,1,mid,989,1319,1.304491,"['2021-12-31', '2021-12-31', '2021-12-31', '2021-12-31']",D_전원일치,0.0
001231.jpg,2021-05-05,2,[],"['2005-05-10', '2021-05-05']",,0,2021-05-05,1,2021-05-05,2,mid,1067,801,0.854667,"['2021-05-05', None, '2021-05-05', '2021-05-05']",B_검출경계,0.25
000677.jpg,2027-08-17,1,['까지'],['2027-08-17'],2027-08-17,1,2027-08-17,1,2027-08-17,1,mid,1218,2166,2.638188,"['2027-08-17', '2027-08-17', '2027-08-17', '2027-08-17']",D_전원일치,0.0
003122.jpg,,0,['BEST_BEFORE'],[],,0,,0,,0,mid,1536,2048,3.145728,"[None, None, None, None]",C_전원실패,0.0
002974.jpg,,0,[],[],,0,,0,,0,mid,784,1046,0.820064,"[None, None, None, None]",C_전원실패,0.0
002414.jpg,2021-11-01,1,"['까지', '제조일자']",['2021-11-01'],2021-11-01,1,2021-11-01,1,2021-11-01,1,mid,1080,1439,1.55412,"['2021-11-01', '2021-11-01', '2021-11-01', '2021-11-01']",D_전원일치,0.0
002552.jpg,2021-01-22,1,['BEST_BEFORE'],['2021-01-22'],2021-01-22,1,2021-01-22,1,2021-01-22,1,mid,903,1202,1.085406,"['2021-01-22', '2021-01-22', '2021-01-22', '2021-01-22']",D_전원일치,0.0
000563.jpg,2026-01-10,1,['까지'],['2026-01-10'],2026-01-10,1,2026-01-10,1,2026-01-10,1,mid,1050,1400,1.47,"['2026-01-10', '2026-01-10', '2026-01-10', '2026-01-10']",D_전원일치,0.0
000673.jpg,,0,"['유통기한', '제조일자']",[],,0,,0,,0,mid,1501,2669,4.006169,"[None, None, None, None]",C_전원실패,0.0
002311.jpg,,0,['제조일자'],[],2020-06-17,1,2020-08-17,1,,0,mid,1096,1462,1.602352,"[None, '2020-06-17', '2020-08-17', None]",A_날짜불일치,0.5
003316.jpg,,0,['BEST_BEFORE'],[],,0,,0,,0,mid,1270,1695,2.15265,"[None, None, None, None]",C_전원실패,0.0
001597.jpg,2021-03-07,3,"['까지', '부터']","['2002-01-12', '2020-12-01', '2021-03-07']",2021-03-07,1,2021-02-12,1,2021-03-07,3,mid,797,1062,0.846414,"['2021-03-07', '2021-03-07', '2021-02-12', '2021-03-07']",A_날짜불일치,0.25
002711.jpg,2022-01-11,1,[],['2022-01-11'],,0,,0,2022-01-11,1,mid,908,1211,1.099588,"['2022-01-11', None, None, '2022-01-11']",B_검출경계,0.5
001498.jpg,2021-06-30,1,"['별도표기', '유통기한', '제조일자']",['2021-06-30'],,0,,0,,0,mid,756,1008,0.762048,"['2021-06-30', None, None, None]",B_검출경계,0.25
001569.jpg,2021-11-30,1,[],['2021-11-30'],2021-11-30,1,2021-11-30,1,2021-11-30,1,mid,756,1008,0.762048,"['2021-11-30', '2021-11-30', '2021-11-30', '2021-11-30']",D_전원일치,0.0
000732.jpg,,0,[],[],,0,,0,,0,mid,1328,2361,3.135408,"[None, None, None, None]",C_전원실패,0.0
000692.jpg,,0,[],[],2026-08-21,1,2026-08-21,1,,0,mid,1223,2175,2.660025,"[None, '2026-08-21', '2026-08-21', None]",B_검출경계,0.5
000901.jpg,,0,[],[],,0,,0,,0,mid,1316,987,1.298892,"[None, None, None, None]",C_전원실패,0.0
001328.jpg,2021-06-26,1,['까지'],['2021-06-26'],2021-06-26,1,2021-06-26,1,2021-06-26,1,mid,1313,984,1.291992,"['2021-06-26', '2021-06-26', '2021-06-26', '2021-06-26']",D_전원일치,0.0
001665.jpg,2021-01-28,1,[],['2021-01-28'],2021-01-28,1,2021-01-28,1,2021-01-28,1,mid,909,1212,1.101708,"['2021-01-28', '2021-01-28', '2021-01-28', '2021-01-28']",D_전원일치,0.0
002454.jpg,,0,[],[],,0,,0,,0,mid,948,1264,1.198272,"[None, None, None, None]",C_전원실패,0.0
001508.jpg,2021-10-19,1,[],['2021-10-19'],2021-10-19,1,2021-10-19,1,2021-10-19,1,mid,824,1051,0.866024,"['2021-10-19', '2021-10-19', '2021-10-19', '2021-10-19']",D_전원일치,0.0
002347.jpg,2021-10-04,1,[],['2021-10-04'],2021-10-04,1,2021-10-04,1,2021-10-04,1,mid,775,1033,0.800575,"['2021-10-04', '2021-10-04', '2021-10-04', '2021-10-04']",D_전원일치,0.0
002077.jpg,2020-10-21,1,[],['2020-10-21'],2020-10-21,1,2020-10-21,1,2020-10-21,1,mid,614,939,0.576546,"['2020-10-21', '2020-10-21', '2020-10-21', '2020-10-21']",D_전원일치,0.0
002617.jpg,2022-05-04,1,"['까지', '유통기한']",['2022-05-04'],2022-05-04,1,2022-05-04,1,2022-05-04,1,mid,1019,1358,1.383802,"['2022-05-04', '2022-05-04', '2022-05-04', '2022-05-04']",D_전원일치,0.0
002074.jpg,,0,[],[],,0,,0,,0,mid,686,917,0.629062,"[None, None, None, None]",C_전원실패,0.0
002357.jpg,2021-10-10,1,"['까지', '별도표기', '유통기한', '제조일자']",['2021-10-10'],2021-10-10,1,2021-10-10,1,2021-10-10,1,mid,595,1274,0.75803,"['2021-10-10', '2021-10-10', '2021-10-10', '2021-10-10']",D_전원일치,0.0
002447.jpg,2021-02-04,1,['제조일자'],['2021-02-04'],2021-02-04,1,2021-11-02,2,2021-02-04,1,mid,1071,1429,1.530459,"['2021-02-04', '2021-02-04', '2021-11-02', '2021-02-04']",A_날짜불일치,0.25
000594.jpg,2026-08-25,2,"['까지', '부터']","['2025-08-26', '2026-08-25']",2025-08-26,1,2026-08-25,2,2026-08-25,2,mid,1613,763,1.230719,"['2026-08-25', '2025-08-26', '2026-08-25', '2026-08-25']",A_날짜불일치,0.25
003318.jpg,,0,[],[],,0,,0,,0,mid,1284,1711,2.196924,"[None, None, None, None]",C_전원실패,0.0
001456.jpg,2023-09-23,1,"['까지', '별도표기', '유통기한']",['2023-09-23'],2022-05-28,1,2022-05-28,1,2023-09-23,1,mid,644,863,0.555772,"['2023-09-23', '2022-05-28', '2022-05-28', '2023-09-23']",A_날짜불일치,0.5
000686.jpg,2025-10-12,3,"['까지', '소비기한', '제조일자']","['2018-09-14', '2025-10-03', '2025-10-12']",2025-10-12,1,2025-10-12,2,2025-10-12,3,mid,972,1728,1.679616,"['2025-10-12', '2025-10-12', '2025-10-12', '2025-10-12']",D_전원일치,0.0
001282.jpg,,0,[],[],,0,,0,,0,mid,940,1253,1.17782,"[None, None, None, None]",C_전원실패,0.0
002582.jpg,2022-10-10,1,['제조일자'],['2022-10-10'],,0,2021-01-07,1,2022-10-10,1,mid,1126,1501,1.690126,"['2022-10-10', None, '2021-01-07', '2022-10-10']",A_날짜불일치,0.5
002259.jpg,2022-12-15,1,"['까지', '유통기한']",['2022-12-15'],2022-12-15,1,2022-12-15,1,2022-12-15,1,mid,1116,1488,1.660608,"['2022-12-15', '2022-12-15', '2022-12-15', '2022-12-15']",D_전원일치,0.0
001774.jpg,,0,[],[],,0,,0,,0,mid,943,859,0.810037,"[None, None, None, None]",C_전원실패,0.0
002836.jpg,,0,['BEST_BEFORE'],[],,0,,0,,0,mid,704,848,0.596992,"[None, None, None, None]",C_전원실패,0.0
002093.jpg,2021-11-17,1,[],['2021-11-17'],2021-11-17,1,2021-11-17,1,2021-11-17,1,mid,700,934,0.6538,"['2021-11-17', '2021-11-17', '2021-11-17', '2021-11-17']",D_전원일치,0.0
003150.jpg,,0,[],[],,0,2021-12-10,1,,0,mid,935,1246,1.16501,"[None, None, '2021-12-10', None]",B_검출경계,0.25
003269.jpg,,0,"['BEST_BEFORE', 'MFG']",[],,0,,0,,0,mid,1331,1775,2.362525,"[None, None, None, None]",C_전원실패,0.0
002296.jpg,2022-06-06,1,[],['2022-06-06'],2022-06-06,1,2022-06-06,1,2022-06-06,1,mid,1086,1448,1.572528,"['2022-06-06', '2022-06-06', '2022-06-06', '2022-06-06']",D_전원일치,0.0
002909.jpg,,0,[],[],,0,,0,,0,mid,760,1013,0.76988,"[None, None, None, None]",C_전원실패,0.0
002784.jpg,,0,['BEST_BEFORE'],[],,0,,0,,0,mid,805,960,0.7728,"[None, None, None, None]",C_전원실패,0.0
000650.jpg,,0,[],[],,0,,0,,0,mid,1086,1930,2.09598,"[None, None, None, None]",C_전원실패,0.0
001827.jpg,,0,['BEST_BEFORE'],[],,0,,0,,0,mid,1095,1460,1.5987,"[None, None, None, None]",C_전원실패,0.0
001415.jpg,,0,[],[],2022-04-20,1,,0,,0,mid,756,1008,0.762048,"[None, '2022-04-20', None, None]",B_검출경계,0.25
000590.jpg,2025-12-05,1,['까지'],['2025-12-05'],2025-12-05,1,2025-12-05,1,2025-12-05,1,mid,1050,1400,1.47,"['2025-12-05', '2025-12-05', '2025-12-05', '2025-12-05']",D_전원일치,0.0
002471.jpg,2021-03-12,1,[],['2021-03-12'],2021-03-18,2,2021-08-12,1,2021-03-12,1,mid,944,1259,1.188496,"['2021-03-12', '2021-03-18', '2021-08-12', '2021-03-12']",A_날짜불일치,0.5
002051.jpg,,1,"['EXP', '까지']",['2045-04-14'],,0,,0,,0,mid,551,851,0.468901,"[None, None, None, None]",C_전원실패,0.0
000719.jpg,,0,[],[],,0,2026-04-04,1,,0,mid,1105,1965,2.171325,"[None, None, '2026-04-04', None]",B_검출경계,0.25
002759.jpg,2021-05-12,1,[],['2021-05-12'],2021-05-12,1,2021-05-12,1,2021-05-12,1,mid,1402,1052,1.474904,"['2021-05-12', '2021-05-12', '2021-05-12', '2021-05-12']",D_전원일치,0.0
002400.jpg,2023-01-05,1,['까지'],['2023-01-05'],2023-01-05,1,2023-01-05,1,2023-01-05,1,mid,958,1277,1.223366,"['2023-01-05', '2023-01-05', '2023-01-05', '2023-01-05']",D_전원일치,0.0
001056.jpg,2022-05-27,1,"['까지', '별도표기', '유통기한']",['2022-05-27'],2022-05-27,1,2022-05-27,1,2022-05-27,1,mid,668,890,0.59452,"['2022-05-27', '2022-05-27', '2022-05-27', '2022-05-27']",D_전원일치,0.0
002705.jpg,,1,[],['2007-12-21'],,1,,1,,1,mid,1504,1128,1.696512,"[None, None, None, None]",C_전원실패,0.0
002786.jpg,,0,['MFG'],[],,0,,0,,0,mid,794,846,0.671724,"[None, None, None, None]",C_전원실패,0.0
000663.jpg,2026-02-10,2,"['까지', '부터']","['2025-09-11', '2026-02-10']",2026-02-10,2,2026-02-10,2,2026-02-10,2,mid,1177,2092,2.462284,"['2026-02-10', '2026-02-10', '2026-02-10', '2026-02-10']",D_전원일치,0.0
002592.jpg,,0,[],[],,1,,1,,0,mid,1016,1355,1.37668,"[None, None, None, None]",C_전원실패,0.0
003290.jpg,2022-12-22,1,[],['2022-12-22'],2022-12-22,1,2022-12-22,1,2022-12-22,1,mid,1254,1672,2.096688,"['2022-12-22', '2022-12-22', '2022-12-22', '2022-12-22']",D_전원일치,0.0
000588.jpg,2025-11-28,1,['까지'],['2025-11-28'],2025-11-28,1,2025-11-28,1,2025-11-28,1,mid,1050,1400,1.47,"['2025-11-28', '2025-11-28', '2025-11-28', '2025-11-28']",D_전원일치,0.0
002373.jpg,,0,['제조일자'],[],,0,,0,,0,mid,724,966,0.699384,"[None, None, None, None]",C_전원실패,0.0
001995.jpg,,0,[],[],,0,,0,,0,mid,1094,1458,1.595052,"[None, None, None, None]",C_전원실패,0.0
001382.jpg,,0,['제조일자'],[],2023-01-05,1,,0,,0,mid,948,1264,1.198272,"[None, '2023-01-05', None, None]",B_검출경계,0.25
001548.jpg,,0,[],[],,0,,0,,0,mid,775,1034,0.80135,"[None, None, None, None]",C_전원실패,0.0
003198.jpg,,0,['별도표기'],[],,0,,0,,0,mid,980,1306,1.27988,"[None, None, None, None]",C_전원실패,0.0
002554.jpg,,0,[],[],,0,,0,,0,mid,980,1307,1.28086,"[None, None, None, None]",C_전원실패,0.0
001772.jpg,2020-08-07,1,['까지'],['2020-08-07'],2020-08-07,1,2020-08-07,1,2020-08-07,1,mid,964,789,0.760596,"['2020-08-07', '2020-08-07', '2020-08-07', '2020-08-07']",D_전원일치,0.0
001093.jpg,,0,[],[],,0,,0,,0,mid,974,1299,1.265226,"[None, None, None, None]",C_전원실패,0.0
002769.jpg,,0,['EXP'],[],,0,,0,,0,mid,651,840,0.54684,"[None, None, None, None]",C_전원실패,0.0
002045.jpg,2021-12-10,1,"['까지', '유통기한', '제조일자']",['2021-12-10'],2021-12-10,1,,0,2021-12-10,1,mid,642,856,0.549552,"['2021-12-10', '2021-12-10', None, '2021-12-10']",B_검출경계,0.25
001710.jpg,2021-10-15,2,"['까지', '부터']","['2021-01-16', '2021-10-15']",2021-10-15,2,2021-01-16,1,2021-10-15,2,mid,965,1285,1.240025,"['2021-10-15', '2021-10-15', '2021-01-16', '2021-10-15']",A_날짜불일치,0.25
001141.jpg,,0,['EXP'],[],,0,,0,,0,mid,983,1311,1.288713,"[None, None, None, None]",C_전원실패,0.0
003304.jpg,,0,[],[],,0,,0,,0,mid,1924,1443,2.776332,"[None, None, None, None]",C_전원실패,0.0
002070.jpg,2022-03-24,1,['품질유지기한'],['2022-03-24'],2022-03-24,1,2022-03-24,1,,0,mid,511,710,0.36281,"['2022-03-24', '2022-03-24', '2022-03-24', None]",B_검출경계,0.25
002458.jpg,,0,['유통기한'],[],,0,,0,,0,mid,851,1135,0.965885,"[None, None, None, None]",C_전원실패,0.0
002054.jpg,,0,"['BEST_BEFORE', 'MFG']",[],,0,,0,,0,mid,736,887,0.652832,"[None, None, None, None]",C_전원실패,0.0
001822.jpg,,0,['제조일자'],[],,0,,0,,0,mid,915,1220,1.1163,"[None, None, None, None]",C_전원실패,0.0
002459.jpg,2021-11-30,1,"['까지', '제조일자']",['2021-11-30'],2021-11-30,1,2021-11-30,1,2021-11-30,1,mid,1028,1274,1.309672,"['2021-11-30', '2021-11-30', '2021-11-30', '2021-11-30']",D_전원일치,0.0
001647.jpg,2021-12-14,1,"['EXP', '유통기한']",['2021-12-14'],2021-12-14,1,2021-12-14,1,2021-12-14,1,mid,772,899,0.694028,"['2021-12-14', '2021-12-14', '2021-12-14', '2021-12-14']",D_전원일치,0.0
001655.jpg,2019-09-12,1,[],['2019-09-12'],2019-09-12,1,2019-09-12,1,2019-09-12,1,mid,1004,1320,1.32528,"['2019-09-12', '2019-09-12', '2019-09-12', '2019-09-12']",D_전원일치,0.0
001780.jpg,,1,"['까지', '부터']",['2003-02-12'],,0,,0,,1,mid,1110,602,0.66822,"[None, None, None, None]",C_전원실패,0.0
002721.jpg,2022-12-30,1,['유통기한'],['2022-12-30'],2022-12-30,1,,0,2022-12-30,1,mid,989,1319,1.304491,"['2022-12-30', '2022-12-30', None, '2022-12-30']",B_검출경계,0.25
000518.jpg,2026-09-14,1,['까지'],['2026-09-14'],2026-09-14,1,2026-09-14,1,2026-09-14,1,mid,1050,1400,1.47,"['2026-09-14', '2026-09-14', '2026-09-14', '2026-09-14']",D_전원일치,0.0
001526.jpg,,0,['유통기한'],[],2021-01-21,1,2021-01-21,1,,0,mid,907,1210,1.09747,"[None, '2021-01-21', '2021-01-21', None]",B_검출경계,0.5
001376.jpg,2021-12-02,1,[],['2021-12-02'],,0,2021-12-12,1,2021-12-02,1,mid,1025,1367,1.401175,"['2021-12-02', None, '2021-12-12', '2021-12-02']",A_날짜불일치,0.5
000580.jpg,,0,[],[],,0,,0,,0,mid,1050,1400,1.47,"[None, None, None, None]",C_전원실패,0.0
003266.jpg,,0,['BEST_BEFORE'],[],,0,,0,,0,mid,2031,1524,3.095244,"[None, None, None, None]",C_전원실패,0.0
003148.jpg,2022-01-14,1,[],['2022-01-14'],2022-01-14,1,2022-01-14,1,2022-01-14,1,mid,816,1088,0.887808,"['2022-01-14', '2022-01-14', '2022-01-14', '2022-01-14']",D_전원일치,0.0
002649.jpg,,0,[],[],,0,,0,,0,mid,1250,837,1.04625,"[None, None, None, None]",C_전원실패,0.0
001040.jpg,2022-04-15,1,[],['2022-04-15'],2022-04-15,1,2022-04-15,1,2022-04-15,1,mid,1008,756,0.762048,"['2022-04-15', '2022-04-15', '2022-04-15', '2022-04-15']",D_전원일치,0.0
001639.jpg,,0,[],[],,0,,0,,0,mid,577,738,0.425826,"[None, None, None, None]",C_전원실패,0.0
001712.jpg,2021-07-18,1,"['까지', '부터']",['2021-07-18'],2021-07-18,1,2021-07-18,1,2021-07-18,1,mid,939,1253,1.176567,"['2021-07-18', '2021-07-18', '2021-07-18', '2021-07-18']",D_전원일치,0.0
002849.jpg,2021-08-15,1,"['유통기한', '제조일자']",['2021-08-15'],2021-08-15,1,2021-09-15,1,2021-08-15,1,mid,962,1283,1.234246,"['2021-08-15', '2021-08-15', '2021-09-15', '2021-08-15']",A_날짜불일치,0.25
001987.jpg,,0,[],[],,0,,0,,0,mid,983,1310,1.28773,"[None, None, None, None]",C_전원실패,0.0
002111.jpg,2022-08-25,1,[],['2022-08-25'],2022-08-25,1,2022-08-25,1,2022-08-25,1,mid,739,985,0.727915,"['2022-08-25', '2022-08-25', '2022-08-25', '2022-08-25']",D_전원일치,0.0
002366.jpg,,0,[],[],,0,,0,,0,mid,574,845,0.48503,"[None, None, None, None]",C_전원실패,0.0
000696.jpg,2025-10-28,1,"['까지', '제조일자']",['2025-10-28'],2025-10-28,1,2025-10-28,1,2025-10-28,1,mid,1317,2341,3.083097,"['2025-10-28', '2025-10-28', '2025-10-28', '2025-10-28']",D_전원일치,0.0
000554.jpg,,0,[],[],2027-09-17,1,2027-09-17,1,,0,mid,1050,1400,1.47,"[None, '2027-09-17', '2027-09-17', None]",B_검출경계,0.5
002956.jpg,2021-01-02,1,['제조일자'],['2021-01-02'],2021-01-02,1,2021-01-02,1,2021-01-02,1,mid,813,1084,0.881292,"['2021-01-02', '2021-01-02', '2021-01-02', '2021-01-02']",D_전원일치,0.0
000605.jpg,,0,['까지'],[],,0,,0,,0,mid,1613,763,1.230719,"[None, None, None, None]",C_전원실패,0.0
001458.jpg,2022-10-29,1,[],['2022-10-29'],2022-10-29,1,,0,2022-10-29,1,mid,685,914,0.62609,"['2022-10-29', '2022-10-29', None, '2022-10-29']",B_검출경계,0.25
002822.jpg,2021-10-07,1,"['까지', '유통기한']",['2021-10-07'],,0,2021-10-07,1,2021-10-07,1,mid,931,1242,1.156302,"['2021-10-07', None, '2021-10-07', '2021-10-07']",B_검출경계,0.25
001763.jpg,2021-12-23,1,[],['2021-12-23'],2021-12-23,1,2021-12-23,1,2021-12-23,1,mid,1008,756,0.762048,"['2021-12-23', '2021-12-23', '2021-12-23', '2021-12-23']",D_전원일치,0.0
000569.jpg,,0,['까지'],[],2025-11-02,1,2025-11-02,1,,0,mid,1050,1400,1.47,"[None, '2025-11-02', '2025-11-02', None]",B_검출경계,0.5
000994.jpg,,0,[],[],,0,,0,,0,mid,1023,1364,1.395372,"[None, None, None, None]",C_전원실패,0.0
003234.jpg,,0,['BEST_BEFORE'],[],,0,,0,,0,mid,1439,1919,2.761441,"[None, None, None, None]",C_전원실패,0.0
002611.jpg,,0,[],[],2021-12-01,1,2021-12-01,1,,0,mid,911,1215,1.106865,"[None, '2021-12-01', '2021-12-01', None]",B_검출경계,0.5
001051.jpg,2022-12-20,1,"['유통기한', '제조일자']",['2022-12-20'],2022-12-20,1,2022-12-20,1,2022-12-20,1,mid,683,912,0.622896,"['2022-12-20', '2022-12-20', '2022-12-20', '2022-12-20']",D_전원일치,0.0
000661.jpg,2026-04-17,2,"['까지', '소비기한']","['2014-06-15', '2026-04-17']",,0,2026-04-17,1,2026-04-17,2,mid,1052,1870,1.96724,"['2026-04-17', None, '2026-04-17', '2026-04-17']",B_검출경계,0.25
002181.jpg,,0,['까지'],[],,0,,0,,0,mid,920,1344,1.23648,"[None, None, None, None]",C_전원실패,0.0
002945.jpg,,0,[],[],,0,,0,,0,mid,935,1247,1.165945,"[None, None, None, None]",C_전원실패,0.0
002872.jpg,2021-04-07,1,['까지'],['2021-04-07'],2021-04-07,1,2021-04-07,1,2021-04-07,1,mid,795,1060,0.8427,"['2021-04-07', '2021-04-07', '2021-04-07', '2021-04-07']",D_전원일치,0.0
001997.jpg,2021-12-27,1,[],['2021-12-27'],2021-12-27,1,2021-12-27,1,2021-12-27,1,mid,955,1273,1.215715,"['2021-12-27', '2021-12-27', '2021-12-27', '2021-12-27']",D_전원일치,0.0
002504.jpg,2022-01-06,1,[],['2022-01-06'],2022-01-06,1,2022-01-06,1,2022-01-06,1,mid,1017,1356,1.379052,"['2022-01-06', '2022-01-06', '2022-01-06', '2022-01-06']",D_전원일치,0.0
000877.jpg,,0,[],[],,0,,0,,0,mid,913,684,0.624492,"[None, None, None, None]",C_전원실패,0.0
000666.jpg,,0,['까지'],[],,0,,0,,0,mid,1538,2735,4.20643,"[None, None, None, None]",C_전원실패,0.0
000589.jpg,2026-04-02,1,['소비기한'],['2026-04-02'],2026-04-02,1,2026-04-02,1,2026-04-02,1,mid,1050,1400,1.47,"['2026-04-02', '2026-04-02', '2026-04-02', '2026-04-02']",D_전원일치,0.0
001211.jpg,2021-07-03,1,"['유통기한', '제조일자']",['2021-07-03'],2021-07-03,1,2021-07-03,1,2021-07-03,1,mid,965,723,0.697695,"['2021-07-03', '2021-07-03', '2021-07-03', '2021-07-03']",D_전원일치,0.0
002109.jpg,,0,"['까지', '별도표기', '유통기한', '제조일자']",[],,0,,0,,0,mid,656,1015,0.66584,"[None, None, None, None]",C_전원실패,0.0
002839.jpg,,0,['BEST_BEFORE'],[],,0,,0,,0,mid,891,1188,1.058508,"[None, None, None, None]",C_전원실패,0.0
001028.jpg,2021-07-07,2,['제조일자'],"['2021-01-08', '2021-07-07']",2021-07-07,2,2021-07-07,2,2021-07-07,2,mid,1008,756,0.762048,"['2021-07-07', '2021-07-07', '2021-07-07', '2021-07-07']",D_전원일치,0.0
003120.jpg,2021-09-30,1,"['까지', '별도표기']",['2021-09-30'],2021-09-30,1,2021-09-30,1,2021-09-30,1,mid,742,893,0.662606,"['2021-09-30', '2021-09-30', '2021-09-30', '2021-09-30']",D_전원일치,0.0
002695.jpg,2022-01-14,1,"['까지', '부터', '제조일자']",['2022-01-14'],2022-01-14,1,2022-01-14,1,,0,mid,954,1272,1.213488,"['2022-01-14', '2022-01-14', '2022-01-14', None]",B_검출경계,0.25
001797.jpg,,0,"['까지', '부터']",[],,0,,0,,0,mid,1134,576,0.653184,"[None, None, None, None]",C_전원실패,0.0
001138.jpg,,0,[],[],,0,,0,,0,mid,776,1034,0.802384,"[None, None, None, None]",C_전원실패,0.0
002553.jpg,2021-01-22,2,['BEST_BEFORE'],"['2010-10-03', '2021-01-22']",,0,2021-01-22,1,2021-01-22,2,sq640,640,640,0.4096,"['2021-01-22', None, '2021-01-22', '2021-01-22']",B_검출경계,0.25
003182.jpg,,0,[],[],,0,,0,,0,sq640,640,640,0.4096,"[None, None, None, None]",C_전원실패,0.0
001143.jpg,,0,[],[],,0,,0,,0,sq640,640,640,0.4096,"[None, None, None, None]",C_전원실패,0.0
002555.jpg,,0,[],[],,0,,0,,0,sq640,640,640,0.4096,"[None, None, None, None]",C_전원실패,0.0
002806.jpg,,0,[],[],,0,,0,,0,sq640,640,640,0.4096,"[None, None, None, None]",C_전원실패,0.0
001782.jpg,2022-10-01,1,[],['2022-10-01'],2022-10-01,1,,0,2022-10-01,1,sq640,640,640,0.4096,"['2022-10-01', '2022-10-01', None, '2022-10-01']",B_검출경계,0.25
002702.jpg,,0,"['까지', '유통기한', '제조일자']",[],,0,,0,,0,sq640,640,640,0.4096,"[None, None, None, None]",C_전원실패,0.0
001157.jpg,2024-09-30,1,['까지'],['2024-09-30'],,0,2024-09-30,2,,0,sq640,640,640,0.4096,"['2024-09-30', None, '2024-09-30', None]",B_검출경계,0.5
001525.jpg,2021-06-25,1,['까지'],['2021-06-25'],2021-06-25,2,2021-06-25,1,2021-06-25,1,sq640,640,640,0.4096,"['2021-06-25', '2021-06-25', '2021-06-25', '2021-06-25']",D_전원일치,0.0
001921.jpg,,0,"['까지', '유통기한', '제조일자']",[],,0,,0,,0,sq640,640,640,0.4096,"[None, None, None, None]",C_전원실패,0.0
002015.jpg,,0,[],[],,0,,0,,0,sq640,640,640,0.4096,"[None, None, None, None]",C_전원실패,0.0
002618.jpg,2022-05-04,1,"['까지', '유통기한']",['2022-05-04'],2022-05-04,1,,0,2022-05-04,1,sq640,640,640,0.4096,"['2022-05-04', '2022-05-04', None, '2022-05-04']",B_검출경계,0.25
001086.jpg,2019-10-15,1,['까지'],['2019-10-15'],2023-10-09,1,,0,2019-10-15,1,sq640,640,640,0.4096,"['2019-10-15', '2023-10-09', None, '2019-10-15']",A_날짜불일치,0.5
002415.jpg,2021-11-01,2,"['까지', '제조일자']","['2011-01-11', '2021-11-01']",2021-11-01,1,2021-11-01,1,2021-11-01,2,sq640,640,640,0.4096,"['2021-11-01', '2021-11-01', '2021-11-01', '2021-11-01']",D_전원일치,0.0
002622.jpg,,0,[],[],2023-12-21,1,2023-12-21,1,,0,sq640,640,640,0.4096,"[None, '2023-12-21', '2023-12-21', None]",B_검출경계,0.5
002676.jpg,2021-03-23,1,[],['2021-03-23'],2021-03-23,1,2021-03-23,1,2021-03-23,1,sq640,640,640,0.4096,"['2021-03-23', '2021-03-23', '2021-03-23', '2021-03-23']",D_전원일치,0.0
002525.jpg,2023-01-25,1,[],['2023-01-25'],2023-01-25,1,2023-01-25,1,2023-01-25,1,sq640,640,640,0.4096,"['2023-01-25', '2023-01-25', '2023-01-25', '2023-01-25']",D_전원일치,0.0
001473.jpg,,0,[],[],,0,,0,,0,sq640,640,640,0.4096,"[None, None, None, None]",C_전원실패,0.0
003127.jpg,,0,[],[],,0,,0,,0,sq640,640,640,0.4096,"[None, None, None, None]",C_전원실패,0.0
002871.jpg,,0,[],[],,0,,0,,0,sq640,640,640,0.4096,"[None, None, None, None]",C_전원실패,0.0
002823.jpg,2021-10-07,1,"['까지', '유통기한']",['2021-10-07'],2021-10-07,1,2021-10-07,1,2021-10-07,1,sq640,640,640,0.4096,"['2021-10-07', '2021-10-07', '2021-10-07', '2021-10-07']",D_전원일치,0.0
003308.jpg,2019-09-03,1,[],['2019-09-03'],2019-09-03,1,2019-09-03,1,,0,sq640,640,640,0.4096,"['2019-09-03', '2019-09-03', '2019-09-03', None]",B_검출경계,0.25
003117.jpg,2021-12-29,1,['유통기한'],['2021-12-29'],2021-12-29,1,2021-12-29,1,2021-12-29,1,sq640,640,640,0.4096,"['2021-12-29', '2021-12-29', '2021-12-29', '2021-12-29']",D_전원일치,0.0
001103.jpg,,0,[],[],,0,,0,,0,sq640,640,640,0.4096,"[None, None, None, None]",C_전원실패,0.0
002545.jpg,,0,[],[],,0,,0,,0,sq640,640,640,0.4096,"[None, None, None, None]",C_전원실패,0.0
002190.jpg,,0,[],[],,0,,0,,0,sq640,640,640,0.4096,"[None, None, None, None]",C_전원실패,0.0
002446.jpg,2021-01-16,1,['유통기한'],['2021-01-16'],2021-01-16,1,2021-01-16,1,2021-01-16,1,sq640,640,640,0.4096,"['2021-01-16', '2021-01-16', '2021-01-16', '2021-01-16']",D_전원일치,0.0
002168.jpg,,0,[],[],,0,,0,,0,sq640,640,640,0.4096,"[None, None, None, None]",C_전원실패,0.0
001255.jpg,,0,['까지'],[],,0,,0,,0,sq640,640,640,0.4096,"[None, None, None, None]",C_전원실패,0.0
002727.jpg,2017-03-22,1,[],['2017-03-22'],2017-03-22,1,2017-03-22,1,2017-03-22,1,sq640,640,640,0.4096,"['2017-03-22', '2017-03-22', '2017-03-22', '2017-03-22']",D_전원일치,0.0
002577.jpg,2020-02-18,1,[],['2020-02-18'],2020-02-18,1,2020-02-18,1,2020-02-18,1,sq640,640,640,0.4096,"['2020-02-18', '2020-02-18', '2020-02-18', '2020-02-18']",D_전원일치,0.0
001062.jpg,2022-07-04,2,[],"['2021-01-05', '2022-07-04']",2022-07-04,2,2022-07-04,2,2022-07-04,2,sq640,640,640,0.4096,"['2022-07-04', '2022-07-04', '2022-07-04', '2022-07-04']",D_전원일치,0.0
003121.jpg,2021-09-30,1,[],['2021-09-30'],,0,,0,,0,sq640,640,640,0.4096,"['2021-09-30', None, None, None]",B_검출경계,0.25
000970.jpg,2022-06-30,1,[],['2022-06-30'],2022-06-30,1,2022-06-30,1,2022-06-30,1,sq640,640,640,0.4096,"['2022-06-30', '2022-06-30', '2022-06-30', '2022-06-30']",D_전원일치,0.0
001956.jpg,,0,[],[],,0,,0,,0,sq640,640,640,0.4096,"[None, None, None, None]",C_전원실패,0.0
003258.jpg,,0,['BEST_BEFORE'],[],,0,,0,,0,sq640,640,640,0.4096,"[None, None, None, None]",C_전원실패,0.0
001636.jpg,,0,"['까지', '부터', '유통기한']",[],,0,,0,,0,sq640,640,640,0.4096,"[None, None, None, None]",C_전원실패,0.0
001161.jpg,,0,[],[],,0,,0,,0,sq640,640,640,0.4096,"[None, None, None, None]",C_전원실패,0.0
001071.jpg,,0,[],[],,0,,0,,0,sq640,640,640,0.4096,"[None, None, None, None]",C_전원실패,0.0
001682.jpg,2022-10-22,1,[],['2022-10-22'],2022-10-22,1,2022-10-22,1,2022-10-22,1,sq640,640,640,0.4096,"['2022-10-22', '2022-10-22', '2022-10-22', '2022-10-22']",D_전원일치,0.0
001039.jpg,2021-12-28,1,[],['2021-12-28'],2021-12-28,1,2021-12-28,1,,0,sq640,640,640,0.4096,"['2021-12-28', '2021-12-28', '2021-12-28', None]",B_검출경계,0.25
001990.jpg,2022-11-23,1,[],['2022-11-23'],2022-11-23,1,2022-11-23,1,2022-11-23,1,sq640,640,640,0.4096,"['2022-11-23', '2022-11-23', '2022-11-23', '2022-11-23']",D_전원일치,0.0
002804.jpg,,0,['까지'],[],2021-04-19,1,,0,,0,sq640,640,640,0.4096,"[None, '2021-04-19', None, None]",B_검출경계,0.25
001110.jpg,2021-03-22,1,['까지'],['2021-03-22'],2021-03-22,1,2021-03-22,1,2021-03-22,1,sq640,640,640,0.4096,"['2021-03-22', '2021-03-22', '2021-03-22', '2021-03-22']",D_전원일치,0.0
002764.jpg,,1,[],['2006-11-21'],,1,,1,,1,sq640,640,640,0.4096,"[None, None, None, None]",C_전원실패,0.0
001933.jpg,2022-01-22,1,[],['2022-01-22'],2022-01-22,1,2022-01-22,1,2022-01-22,1,sq640,640,640,0.4096,"['2022-01-22', '2022-01-22', '2022-01-22', '2022-01-22']",D_전원일치,0.0
001403.jpg,,0,"['까지', '유통기한']",[],2018-01-10,1,,0,,0,sq640,640,640,0.4096,"[None, '2018-01-10', None, None]",B_검출경계,0.25
000952.jpg,2021-04-05,1,['까지'],['2021-04-05'],2021-04-05,1,2021-04-05,1,2021-04-05,1,sq640,640,640,0.4096,"['2021-04-05', '2021-04-05', '2021-04-05', '2021-04-05']",D_전원일치,0.0
001005.jpg,,0,['까지'],[],,0,,0,,0,sq640,640,640,0.4096,"[None, None, None, None]",C_전원실패,0.0
001082.jpg,2021-06-17,1,['까지'],['2021-06-17'],2021-06-17,1,,0,2021-06-17,1,sq640,640,640,0.4096,"['2021-06-17', '2021-06-17', None, '2021-06-17']",B_검출경계,0.25
002800.jpg,2021-12-27,1,"['까지', '부터']",['2021-12-27'],,0,,0,2021-12-27,1,sq640,640,640,0.4096,"['2021-12-27', None, None, '2021-12-27']",B_검출경계,0.5
002716.jpg,2021-12-15,1,['까지'],['2021-12-15'],2021-12-15,2,2021-12-15,1,2021-12-15,1,sq640,640,640,0.4096,"['2021-12-15', '2021-12-15', '2021-12-15', '2021-12-15']",D_전원일치,0.0
001041.jpg,2022-04-15,1,[],['2022-04-15'],2022-04-15,1,2022-04-15,1,2022-04-15,1,sq640,640,640,0.4096,"['2022-04-15', '2022-04-15', '2022-04-15', '2022-04-15']",D_전원일치,0.0
002142.jpg,2021-04-11,2,['까지'],"['2003-10-22', '2021-04-11']",2021-04-11,2,2021-04-11,2,2021-04-11,2,sq640,640,640,0.4096,"['2021-04-11', '2021-04-11', '2021-04-11', '2021-04-11']",D_전원일치,0.0
002835.jpg,2021-06-30,1,['BEST_BEFORE'],['2021-06-30'],2021-06-30,1,2021-06-30,1,2021-06-30,1,sq640,640,640,0.4096,"['2021-06-30', '2021-06-30', '2021-06-30', '2021-06-30']",D_전원일치,0.0
001880.jpg,,0,[],[],,0,,0,,0,sq640,640,640,0.4096,"[None, None, None, None]",C_전원실패,0.0
000873.jpg,,0,[],[],,0,,0,,0,sq640,640,640,0.4096,"[None, None, None, None]",C_전원실패,0.0
001176.jpg,,1,['BEST_BEFORE'],['2007-09-21'],,1,2017-09-21,1,,1,sq640,640,640,0.4096,"[None, None, '2017-09-21', None]",B_검출경계,0.25
002397.jpg,,0,['까지'],[],,0,,0,,0,sq640,640,640,0.4096,"[None, None, None, None]",C_전원실패,0.0
000964.jpg,2023-11-14,1,[],['2023-11-14'],2023-11-14,1,2023-11-14,1,2023-11-14,1,sq640,640,640,0.4096,"['2023-11-14', '2023-11-14', '2023-11-14', '2023-11-14']",D_전원일치,0.0
002338.jpg,2023-01-05,1,[],['2023-01-05'],2023-01-05,1,2023-01-05,1,,0,sq640,640,640,0.4096,"['2023-01-05', '2023-01-05', '2023-01-05', None]",B_검출경계,0.25
002777.jpg,2021-03-15,1,[],['2021-03-15'],,0,,0,2021-03-15,1,sq640,640,640,0.4096,"['2021-03-15', None, None, '2021-03-15']",B_검출경계,0.5
001033.jpg,2019-07-16,1,['까지'],['2019-07-16'],2019-07-16,1,2019-07-16,1,2019-07-16,1,sq640,640,640,0.4096,"['2019-07-16', '2019-07-16', '2019-07-16', '2019-07-16']",D_전원일치,0.0
002664.jpg,2021-08-18,2,[],"['2020-08-18', '2021-08-18']",2021-08-18,2,2020-08-18,1,2021-08-18,2,sq640,640,640,0.4096,"['2021-08-18', '2021-08-18', '2020-08-18', '2021-08-18']",A_날짜불일치,0.25
002145.jpg,2021-07-13,1,['유통기한'],['2021-07-13'],2021-07-13,1,2021-07-13,1,,0,sq640,640,640,0.4096,"['2021-07-13', '2021-07-13', '2021-07-13', None]",B_검출경계,0.25
001204.jpg,,0,[],[],,0,,0,,0,sq640,640,640,0.4096,"[None, None, None, None]",C_전원실패,0.0
002301.jpg,2022-01-31,1,['까지'],['2022-01-31'],2022-01-31,1,2022-01-31,1,2022-01-31,1,sq640,640,640,0.4096,"['2022-01-31', '2022-01-31', '2022-01-31', '2022-01-31']",D_전원일치,0.0
002071.jpg,,0,[],[],,0,,0,,0,sq640,640,640,0.4096,"[None, None, None, None]",C_전원실패,0.0
001937.jpg,,0,[],[],,0,,0,,0,sq640,640,640,0.4096,"[None, None, None, None]",C_전원실패,0.0
002563.jpg,,0,[],[],2030-09-15,1,,0,,0,sq640,640,640,0.4096,"[None, '2030-09-15', None, None]",B_검출경계,0.25
001771.jpg,2019-10-18,2,"['까지', '제조일자']","['2019-04-19', '2019-10-18']",2019-10-18,2,2019-10-18,2,2019-10-18,2,sq640,640,640,0.4096,"['2019-10-18', '2019-10-18', '2019-10-18', '2019-10-18']",D_전원일치,0.0
002423.jpg,2023-02-07,1,['제조일자'],['2023-02-07'],2023-02-07,1,2023-02-07,1,,0,sq640,640,640,0.4096,"['2023-02-07', '2023-02-07', '2023-02-07', None]",B_검출경계,0.25
002433.jpg,,0,['제조일자'],[],,0,,0,,0,sq640,640,640,0.4096,"[None, None, None, None]",C_전원실패,0.0
003284.jpg,2021-09-10,1,['까지'],['2021-09-10'],2021-09-10,1,,0,2021-09-10,1,sq640,640,640,0.4096,"['2021-09-10', '2021-09-10', None, '2021-09-10']",B_검출경계,0.25
002183.jpg,,0,['까지'],[],,0,,0,,0,sq640,640,640,0.4096,"[None, None, None, None]",C_전원실패,0.0
002440.jpg,,0,[],[],,0,,0,,0,sq640,640,640,0.4096,"[None, None, None, None]",C_전원실패,0.0
002850.jpg,2021-08-15,1,['까지'],['2021-08-15'],2021-08-15,1,2021-09-15,1,,0,sq640,640,640,0.4096,"['2021-08-15', '2021-08-15', '2021-09-15', None]",A_날짜불일치,0.5
001875.jpg,2022-10-21,2,[],"['2021-12-01', '2022-10-21']",2022-10-21,1,2022-10-21,1,2022-10-21,2,sq640,640,640,0.4096,"['2022-10-21', '2022-10-21', '2022-10-21', '2022-10-21']",D_전원일치,0.0
001790.jpg,2021-01-16,1,"['까지', '유통기한']",['2021-01-16'],2021-01-16,1,2021-01-16,1,2021-01-16,1,sq640,640,640,0.4096,"['2021-01-16', '2021-01-16', '2021-01-16', '2021-01-16']",D_전원일치,0.0
002967.jpg,,0,[],[],,0,,0,,0,sq640,640,640,0.4096,"[None, None, None, None]",C_전원실패,0.0
000917.jpg,,0,[],[],2022-06-06,1,,0,,0,sq640,640,640,0.4096,"[None, '2022-06-06', None, None]",B_검출경계,0.25
002101.jpg,2021-09-17,1,[],['2021-09-17'],2021-09-17,1,,0,,0,sq640,640,640,0.4096,"['2021-09-17', '2021-09-17', None, None]",B_검출경계,0.5
000995.jpg,,0,[],[],,0,,0,,0,sq640,640,640,0.4096,"[None, None, None, None]",C_전원실패,0.0
002658.jpg,,1,[],['2001-07-21'],,1,,1,,1,sq640,640,640,0.4096,"[None, None, None, None]",C_전원실패,0.0
003223.jpg,,0,[],[],,0,,0,,0,sq640,640,640,0.4096,"[None, None, None, None]",C_전원실패,0.0
001126.jpg,2021-12-28,2,"['까지', '부터']","['2020-12-29', '2021-12-28']",,0,,0,2021-12-28,2,sq640,640,640,0.4096,"['2021-12-28', None, None, '2021-12-28']",B_검출경계,0.5
002951.jpg,2021-04-30,1,[],['2021-04-30'],2021-04-30,1,2021-04-30,1,2021-04-30,1,sq640,640,640,0.4096,"['2021-04-30', '2021-04-30', '2021-04-30', '2021-04-30']",D_전원일치,0.0
001837.jpg,,0,['까지'],[],2021-10-02,1,,0,,0,sq640,640,640,0.4096,"[None, '2021-10-02', None, None]",B_검출경계,0.25
001339.jpg,,0,[],[],,0,,0,,0,sq640,640,640,0.4096,"[None, None, None, None]",C_전원실패,0.0
002344.jpg,2022-04-09,1,"['유통기한', '제조일자']",['2022-04-09'],2022-04-09,1,2022-04-09,1,2022-04-09,1,sq640,640,640,0.4096,"['2022-04-09', '2022-04-09', '2022-04-09', '2022-04-09']",D_전원일치,0.0
001821.jpg,2020-09-01,1,['까지'],['2020-09-01'],2020-09-01,1,2020-09-01,1,2020-09-01,1,sq640,640,640,0.4096,"['2020-09-01', '2020-09-01', '2020-09-01', '2020-09-01']",D_전원일치,0.0
003082.jpg,2021-12-02,1,"['까지', '유통기한', '제조일자']",['2021-12-02'],2021-12-03,1,2021-12-03,1,2021-12-02,1,sq640,640,640,0.4096,"['2021-12-02', '2021-12-03', '2021-12-03', '2021-12-02']",A_날짜불일치,0.5
001888.jpg,,0,[],[],2023-08-22,1,,0,,0,sq640,640,640,0.4096,"[None, '2023-08-22', None, None]",B_검출경계,0.25
001305.jpg,,0,[],[],,0,,0,,0,sq640,640,640,0.4096,"[None, None, None, None]",C_전원실패,0.0
002557.jpg,2021-11-17,1,[],['2021-11-17'],,0,2021-11-17,1,2021-11-17,1,sq640,640,640,0.4096,"['2021-11-17', None, '2021-11-17', '2021-11-17']",B_검출경계,0.25
001280.jpg,2022-10-09,1,[],['2022-10-09'],2022-10-09,1,2022-10-09,1,2022-10-09,1,sq640,640,640,0.4096,"['2022-10-09', '2022-10-09', '2022-10-09', '2022-10-09']",D_전원일치,0.0
001613.jpg,2022-02-25,1,[],['2022-02-25'],2022-02-25,1,2022-02-25,1,2022-02-25,1,sq640,640,640,0.4096,"['2022-02-25', '2022-02-25', '2022-02-25', '2022-02-25']",D_전원일치,0.0
002378.jpg,2022-12-21,2,"['까지', '제조일자']","['2008-04-28', '2022-12-21']",2022-12-21,1,2022-12-21,1,2022-12-21,2,sq640,640,640,0.4096,"['2022-12-21', '2022-12-21', '2022-12-21', '2022-12-21']",D_전원일치,0.0
002463.jpg,,0,[],[],,0,,0,,0,sq640,640,640,0.4096,"[None, None, None, None]",C_전원실패,0.0
002305.jpg,,0,[],[],,0,,0,,0,sq640,640,640,0.4096,"[None, None, None, None]",C_전원실패,0.0
003261.jpg,2022-07-29,1,['BEST_BEFORE'],['2022-07-29'],2022-07-29,1,2022-07-29,1,2022-07-29,1,sq640,640,640,0.4096,"['2022-07-29', '2022-07-29', '2022-07-29', '2022-07-29']",D_전원일치,0.0
001188.jpg,2020-04-23,2,[],"['2015-10-20', '2020-04-23']",2020-04-23,2,2020-04-23,1,2020-04-23,2,sq640,640,640,0.4096,"['2020-04-23', '2020-04-23', '2020-04-23', '2020-04-23']",D_전원일치,0.0
001533.jpg,,1,[],['2010-01-02'],2022-06-21,1,2022-06-21,1,,1,sq640,640,640,0.4096,"[None, '2022-06-21', '2022-06-21', None]",B_검출경계,0.5
001973.jpg,,0,['제조일자'],[],2023-03-15,1,,0,,0,sq640,640,640,0.4096,"[None, '2023-03-15', None, None]",B_검출경계,0.25
001733.jpg,2022-11-18,1,['까지'],['2022-11-18'],2022-11-18,1,2022-11-18,1,2022-11-18,1,sq640,640,640,0.4096,"['2022-11-18', '2022-11-18', '2022-11-18', '2022-11-18']",D_전원일치,0.0
001562.jpg,,0,[],[],,0,,0,,0,sq640,640,640,0.4096,"[None, None, None, None]",C_전원실패,0.0
001689.jpg,,0,[],[],,0,,0,,0,sq640,640,640,0.4096,"[None, None, None, None]",C_전원실패,0.0
000935.jpg,,0,"['까지', '제조일자']",[],,0,,0,,0,sq640,640,640,0.4096,"[None, None, None, None]",C_전원실패,0.0
002103.jpg,2021-12-25,1,['까지'],['2021-12-25'],2021-12-25,1,2021-12-25,1,2021-12-25,1,sq640,640,640,0.4096,"['2021-12-25', '2021-12-25', '2021-12-25', '2021-12-25']",D_전원일치,0.0
002496.jpg,2021-01-27,1,['까지'],['2021-01-27'],2021-01-27,1,,0,,0,sq640,640,640,0.4096,"['2021-01-27', '2021-01-27', None, None]",B_검출경계,0.5
003296.jpg,,0,[],[],,0,,0,,0,sq640,640,640,0.4096,"[None, None, None, None]",C_전원실패,0.0
002052.jpg,,0,[],[],,0,,0,,0,sq640,640,640,0.4096,"[None, None, None, None]",C_전원실패,0.0
000938.jpg,,0,[],[],,0,,0,,0,sq640,640,640,0.4096,"[None, None, None, None]",C_전원실패,0.0
001128.jpg,2021-06-10,2,"['까지', '부터']","['2012-11-23', '2021-06-10']",2021-06-10,2,2021-06-10,2,2021-06-10,2,sq640,640,640,0.4096,"['2021-06-10', '2021-06-10', '2021-06-10', '2021-06-10']",D_전원일치,0.0
001222.jpg,2021-11-10,1,['까지'],['2021-11-10'],2021-11-10,1,2021-11-10,1,2021-11-10,1,sq640,640,640,0.4096,"['2021-11-10', '2021-11-10', '2021-11-10', '2021-11-10']",D_전원일치,0.0
001446.jpg,,0,[],[],,0,,0,,0,sq640,640,640,0.4096,"[None, None, None, None]",C_전원실패,0.0
002642.jpg,,0,['MFG'],[],,0,,0,,0,sq640,640,640,0.4096,"[None, None, None, None]",C_전원실패,0.0
002692.jpg,2021-03-10,1,"['까지', '유통기한']",['2021-03-10'],2021-03-10,1,2021-03-10,1,2021-03-10,1,sq640,640,640,0.4096,"['2021-03-10', '2021-03-10', '2021-03-10', '2021-03-10']",D_전원일치,0.0
002380.jpg,2022-10-20,1,"['까지', '별도표기', '유통기한']",['2022-10-20'],2022-10-20,1,2022-10-20,1,2022-10-20,1,sq640,640,640,0.4096,"['2022-10-20', '2022-10-20', '2022-10-20', '2022-10-20']",D_전원일치,0.0
001308.jpg,,0,[],[],,0,,0,,0,sq640,640,640,0.4096,"[None, None, None, None]",C_전원실패,0.0
001693.jpg,,0,[],[],,0,,0,,0,sq640,640,640,0.4096,"[None, None, None, None]",C_전원실패,0.0
003305.jpg,,0,[],[],,0,,0,,0,sq640,640,640,0.4096,"[None, None, None, None]",C_전원실패,0.0
001050.jpg,2022-01-06,1,[],['2022-01-06'],2022-01-06,1,2022-01-06,1,2022-01-06,1,sq640,640,640,0.4096,"['2022-01-06', '2022-01-06', '2022-01-06', '2022-01-06']",D_전원일치,0.0
001817.jpg,2021-01-15,1,['부터'],['2021-01-15'],2021-04-14,2,2021-04-14,1,2021-01-15,1,sq640,640,640,0.4096,"['2021-01-15', '2021-04-14', '2021-04-14', '2021-01-15']",A_날짜불일치,0.5
003101.jpg,2022-11-21,1,"['까지', '제조일자']",['2022-11-21'],2022-11-21,1,,0,2022-11-21,1,sq640,640,640,0.4096,"['2022-11-21', '2022-11-21', None, '2022-11-21']",B_검출경계,0.25
002278.jpg,,0,[],[],,0,,0,,0,sq640,640,640,0.4096,"[None, None, None, None]",C_전원실패,0.0
002838.jpg,,0,[],[],,0,,0,,0,sq640,640,640,0.4096,"[None, None, None, None]",C_전원실패,0.0
002501.jpg,,0,"['까지', '별도표기']",[],,0,,0,,0,sq640,640,640,0.4096,"[None, None, None, None]",C_전원실패,0.0
003178.jpg,2021-03-25,1,['까지'],['2021-03-25'],2021-03-25,1,2021-03-25,1,2021-03-25,1,sq640,640,640,0.4096,"['2021-03-25', '2021-03-25', '2021-03-25', '2021-03-25']",D_전원일치,0.0
001813.jpg,2021-03-26,2,"['까지', '유통기한', '제조일자']","['2020-03-27', '2021-03-26']",2021-03-26,2,2020-03-27,1,2021-03-26,2,sq640,640,640,0.4096,"['2021-03-26', '2021-03-26', '2020-03-27', '2021-03-26']",A_날짜불일치,0.25
002090.jpg,2021-11-09,1,[],['2021-11-09'],2021-11-09,1,2021-11-09,1,2021-11-09,1,sq640,640,640,0.4096,"['2021-11-09', '2021-11-09', '2021-11-09', '2021-11-09']",D_전원일치,0.0
000878.jpg,,0,[],[],,0,,0,,0,sq640,640,640,0.4096,"[None, None, None, None]",C_전원실패,0.0
002848.jpg,2024-08-12,1,[],['2024-08-12'],,0,,0,2024-08-12,1,sq640,640,640,0.4096,"['2024-08-12', None, None, '2024-08-12']",B_검출경계,0.5
001363.jpg,2021-10-13,1,[],['2021-10-13'],2021-10-13,1,2021-10-13,1,2021-10-13,1,sq640,640,640,0.4096,"['2021-10-13', '2021-10-13', '2021-10-13', '2021-10-13']",D_전원일치,0.0
002206.jpg,,0,[],[],2021-03-05,1,2021-03-05,1,,0,sq640,640,640,0.4096,"[None, '2021-03-05', '2021-03-05', None]",B_검출경계,0.5
001320.jpg,,0,[],[],,1,,0,,0,sq640,640,640,0.4096,"[None, None, None, None]",C_전원실패,0.0
002268.jpg,,0,['BEST_BEFORE'],[],,0,,0,,0,sq640,640,640,0.4096,"[None, None, None, None]",C_전원실패,0.0
002075.jpg,2000-05-28,1,[],['2000-05-28'],2000-05-20,1,2000-05-28,1,2000-05-28,1,sq640,640,640,0.4096,"['2000-05-28', '2000-05-20', '2000-05-28', '2000-05-28']",A_날짜불일치,0.25
001743.jpg,2021-10-26,1,[],['2021-10-26'],2021-10-26,1,2021-10-26,1,2021-10-26,1,sq640,640,640,0.4096,"['2021-10-26', '2021-10-26', '2021-10-26', '2021-10-26']",D_전원일치,0.0
002211.jpg,2020-09-22,1,"['까지', '별도표기', '부터']",['2020-09-22'],2020-09-22,1,2020-09-22,1,2020-09-22,1,sq640,640,640,0.4096,"['2020-09-22', '2020-09-22', '2020-09-22', '2020-09-22']",D_전원일치,0.0
001925.jpg,,0,[],[],,0,,0,,0,sq640,640,640,0.4096,"[None, None, None, None]",C_전원실패,0.0
003245.jpg,,0,[],[],,0,2025-01-15,1,,0,sq640,640,640,0.4096,"[None, None, '2025-01-15', None]",B_검출경계,0.25
003068.jpg,2021-06-15,1,[],['2021-06-15'],2021-06-15,1,2021-06-15,1,2021-06-15,1,sq640,640,640,0.4096,"['2021-06-15', '2021-06-15', '2021-06-15', '2021-06-15']",D_전원일치,0.0
001417.jpg,2021-11-05,1,['까지'],['2021-11-05'],2021-11-05,1,,0,2021-11-05,1,sq640,640,640,0.4096,"['2021-11-05', '2021-11-05', None, '2021-11-05']",B_검출경계,0.25
003185.jpg,,0,[],[],,0,,0,,0,sq640,640,640,0.4096,"[None, None, None, None]",C_전원실패,0.0
001210.jpg,,1,[],['2010-09-09'],,0,,0,,0,sq640,640,640,0.4096,"[None, None, None, None]",C_전원실패,0.0
001792.jpg,2020-08-13,1,"['까지', '유통기한']",['2020-08-13'],2020-08-13,1,2020-08-13,1,2020-08-13,1,sq640,640,640,0.4096,"['2020-08-13', '2020-08-13', '2020-08-13', '2020-08-13']",D_전원일치,0.0
001200.jpg,2021-10-20,2,[],"['2020-10-21', '2021-10-20']",2021-10-20,2,2020-10-21,1,2021-10-20,2,sq640,640,640,0.4096,"['2021-10-20', '2021-10-20', '2020-10-21', '2021-10-20']",A_날짜불일치,0.25
001543.jpg,2022-01-22,1,[],['2022-01-22'],2022-01-22,1,2022-01-22,1,2022-01-22,1,sq640,640,640,0.4096,"['2022-01-22', '2022-01-22', '2022-01-22', '2022-01-22']",D_전원일치,0.0
002382.jpg,,0,"['까지', '별도표기', '유통기한', '제조일자']",[],2021-08-17,1,2021-08-17,1,,0,sq640,640,640,0.4096,"[None, '2021-08-17', '2021-08-17', None]",B_검출경계,0.5
002421.jpg,,0,[],[],,0,,0,,0,sq640,640,640,0.4096,"[None, None, None, None]",C_전원실패,0.0
001057.jpg,2022-05-27,1,['까지'],['2022-05-27'],2022-05-27,1,2022-05-27,1,2022-05-27,1,sq640,640,640,0.4096,"['2022-05-27', '2022-05-27', '2022-05-27', '2022-05-27']",D_전원일치,0.0
001095.jpg,,0,"['까지', '부터']",[],2022-01-12,1,,0,,0,sq640,640,640,0.4096,"[None, '2022-01-12', None, None]",B_검출경계,0.25
002327.jpg,2020-10-24,1,['까지'],['2020-10-24'],2020-10-24,1,2020-10-24,1,2020-10-24,1,sq640,640,640,0.4096,"['2020-10-24', '2020-10-24', '2020-10-24', '2020-10-24']",D_전원일치,0.0
001923.jpg,2022-06-14,1,"['까지', '유통기한', '제조일자']",['2022-06-14'],2022-06-14,1,2022-06-14,1,2022-06-14,1,sq640,640,640,0.4096,"['2022-06-14', '2022-06-14', '2022-06-14', '2022-06-14']",D_전원일치,0.0
002766.jpg,,0,[],[],,0,,0,,0,sq640,640,640,0.4096,"[None, None, None, None]",C_전원실패,0.0
001277.jpg,2021-11-04,1,[],['2021-11-04'],2021-11-04,1,2021-11-04,1,2021-11-04,1,sq640,640,640,0.4096,"['2021-11-04', '2021-11-04', '2021-11-04', '2021-11-04']",D_전원일치,0.0
002646.jpg,,0,"['EXP', '까지', '별도표기', '제조일자']",[],2021-12-14,1,2021-12-14,1,,0,sq640,640,640,0.4096,"[None, '2021-12-14', '2021-12-14', None]",B_검출경계,0.5
002867.jpg,,0,[],[],,0,,0,,0,sq640,640,640,0.4096,"[None, None, None, None]",C_전원실패,0.0
003109.jpg,,0,['BEST_BEFORE'],[],,0,,0,,0,sq640,640,640,0.4096,"[None, None, None, None]",C_전원실패,0.0
002314.jpg,2017-10-21,1,[],['2017-10-21'],,0,,0,2017-10-21,1,sq640,640,640,0.4096,"['2017-10-21', None, None, '2017-10-21']",B_검출경계,0.5
001290.jpg,2024-11-21,1,[],['2024-11-21'],2024-11-21,1,2024-11-21,1,2024-11-21,1,sq640,640,640,0.4096,"['2024-11-21', '2024-11-21', '2024-11-21', '2024-11-21']",D_전원일치,0.0
001169.jpg,2021-08-31,1,[],['2021-08-31'],2021-08-31,1,2021-08-31,1,2021-08-31,1,sq640,640,640,0.4096,"['2021-08-31', '2021-08-31', '2021-08-31', '2021-08-31']",D_전원일치,0.0
001929.jpg,2022-01-14,1,['유통기한'],['2022-01-14'],2022-01-14,1,2022-01-14,1,2022-01-14,1,sq640,640,640,0.4096,"['2022-01-14', '2022-01-14', '2022-01-14', '2022-01-14']",D_전원일치,0.0
002831.jpg,,0,[],[],,0,,0,,0,sq640,640,640,0.4096,"[None, None, None, None]",C_전원실패,0.0
001407.jpg,2021-03-31,1,[],['2021-03-31'],,0,,0,2021-03-31,1,sq640,640,640,0.4096,"['2021-03-31', None, None, '2021-03-31']",B_검출경계,0.5
002004.jpg,2022-05-15,1,[],['2022-05-15'],2022-05-15,1,2022-05-15,1,,0,sq640,640,640,0.4096,"['2022-05-15', '2022-05-15', '2022-05-15', None]",B_검출경계,0.25
002515.jpg,,0,['제조일자'],[],2022-02-16,1,2022-02-16,1,,0,sq640,640,640,0.4096,"[None, '2022-02-16', '2022-02-16', None]",B_검출경계,0.5
001906.jpg,,0,['BEST_BEFORE'],[],,0,,0,,0,sq640,640,640,0.4096,"[None, None, None, None]",C_전원실패,0.0
001549.jpg,,0,[],[],,0,,0,,0,sq640,640,640,0.4096,"[None, None, None, None]",C_전원실패,0.0
001268.jpg,2022-09-05,1,"['까지', '유통기한']",['2022-09-05'],2022-09-05,1,2022-09-05,1,2022-09-05,1,sq640,640,640,0.4096,"['2022-09-05', '2022-09-05', '2022-09-05', '2022-09-05']",D_전원일치,0.0
002360.jpg,2021-06-10,1,"['까지', '제조일자']",['2021-06-10'],2021-06-10,1,2021-06-10,1,2021-06-10,1,sq640,640,640,0.4096,"['2021-06-10', '2021-06-10', '2021-06-10', '2021-06-10']",D_전원일치,0.0
001390.jpg,2021-06-20,1,[],['2021-06-20'],2021-06-20,1,2021-06-20,1,2021-06-20,1,sq640,640,640,0.4096,"['2021-06-20', '2021-06-20', '2021-06-20', '2021-06-20']",D_전원일치,0.0
001954.jpg,,0,"['별도표기', '유통기한']",[],,0,,0,,0,sq640,640,640,0.4096,"[None, None, None, None]",C_전원실패,0.0
001274.jpg,,0,[],[],,0,,0,,0,sq640,640,640,0.4096,"[None, None, None, None]",C_전원실패,0.0
002170.jpg,,0,['까지'],[],2020-01-15,1,,0,,0,sq640,640,640,0.4096,"[None, '2020-01-15', None, None]",B_검출경계,0.25
001257.jpg,,0,[],[],,0,,0,,0,sq640,640,640,0.4096,"[None, None, None, None]",C_전원실패,0.0
002031.jpg,,0,[],[],,0,,0,,0,sq640,640,640,0.4096,"[None, None, None, None]",C_전원실패,0.0
002833.jpg,,0,[],[],,0,,0,,0,sq640,640,640,0.4096,"[None, None, None, None]",C_전원실패,0.0
002846.jpg,,0,[],[],,0,,0,,0,sq640,640,640,0.4096,"[None, None, None, None]",C_전원실패,0.0
001314.jpg,2022-01-15,1,"['까지', '별도표기', '유통기한', '제조일자']",['2022-01-15'],2022-01-15,1,2022-01-15,1,,0,sq640,640,640,0.4096,"['2022-01-15', '2022-01-15', '2022-01-15', None]",B_검출경계,0.25
001640.jpg,,0,[],[],,0,,0,,0,sq640,640,640,0.4096,"[None, None, None, None]",C_전원실패,0.0
003320.jpg,,0,['유통기한'],[],,0,,0,,0,sq640,640,640,0.4096,"[None, None, None, None]",C_전원실패,0.0
002159.jpg,,0,"['까지', '별도표기']",[],,0,,0,,0,sq640,640,640,0.4096,"[None, None, None, None]",C_전원실패,0.0
002180.jpg,2022-01-19,1,"['별도표기', '유통기한']",['2022-01-19'],2022-01-19,1,2022-01-19,1,,0,sq640,640,640,0.4096,"['2022-01-19', '2022-01-19', '2022-01-19', None]",B_검출경계,0.25
002694.jpg,2021-04-19,1,[],['2021-04-19'],,0,,0,2021-04-19,1,sq640,640,640,0.4096,"['2021-04-19', None, None, '2021-04-19']",B_검출경계,0.5
002773.jpg,,0,[],[],,0,,0,,0,sq640,640,640,0.4096,"[None, None, None, None]",C_전원실패,0.0
000896.jpg,2020-02-15,1,['EXP'],['2020-02-15'],2023-02-13,2,2023-02-15,1,2020-02-15,1,sq640,640,640,0.4096,"['2020-02-15', '2023-02-13', '2023-02-15', '2020-02-15']",A_날짜불일치,0.5
000900.jpg,2022-09-02,1,['EXP'],['2022-09-02'],,0,,0,,0,sq640,640,640,0.4096,"['2022-09-02', None, None, None]",B_검출경계,0.25
001927.jpg,2021-04-27,1,['까지'],['2021-04-27'],2021-04-27,1,2021-04-27,1,2021-04-27,1,sq640,640,640,0.4096,"['2021-04-27', '2021-04-27', '2021-04-27', '2021-04-27']",D_전원일치,0.0
002684.jpg,,0,[],[],,0,,0,,0,sq640,640,640,0.4096,"[None, None, None, None]",C_전원실패,0.0
001440.jpg,2021-09-03,1,['까지'],['2021-09-03'],2021-09-03,1,2021-09-03,1,2021-09-03,1,sq640,640,640,0.4096,"['2021-09-03', '2021-09-03', '2021-09-03', '2021-09-03']",D_전원일치,0.0
003096.jpg,2022-10-12,1,['까지'],['2022-10-12'],2022-10-12,1,2022-10-12,1,2022-10-12,1,sq640,640,640,0.4096,"['2022-10-12', '2022-10-12', '2022-10-12', '2022-10-12']",D_전원일치,0.0
001316.jpg,2021-12-09,1,['까지'],['2021-12-09'],2021-12-09,1,2021-12-09,1,,0,sq640,640,640,0.4096,"['2021-12-09', '2021-12-09', '2021-12-09', None]",B_검출경계,0.25
001244.jpg,,0,['BEST_BEFORE'],[],,0,,0,,0,sq640,640,640,0.4096,"[None, None, None, None]",C_전원실패,0.0
002636.jpg,,0,[],[],,0,,0,,0,sq640,640,640,0.4096,"[None, None, None, None]",C_전원실패,0.0
002610.jpg,,0,[],[],,0,,0,,0,sq640,640,640,0.4096,"[None, None, None, None]",C_전원실패,0.0
003094.jpg,2023-01-03,1,['까지'],['2023-01-03'],2023-01-03,1,2023-01-03,1,2023-01-03,1,sq640,640,640,0.4096,"['2023-01-03', '2023-01-03', '2023-01-03', '2023-01-03']",D_전원일치,0.0
002616.jpg,2022-12-21,1,['까지'],['2022-12-21'],2022-12-21,1,,0,,0,sq640,640,640,0.4096,"['2022-12-21', '2022-12-21', None, None]",B_검출경계,0.5
002282.jpg,,0,[],[],,0,,0,,0,sq640,640,640,0.4096,"[None, None, None, None]",C_전원실패,0.0
001825.jpg,,1,['BEST_BEFORE'],['2007-09-21'],,1,,1,,1,sq640,640,640,0.4096,"[None, None, None, None]",C_전원실패,0.0
001373.jpg,,0,[],[],,0,,0,,0,sq640,640,640,0.4096,"[None, None, None, None]",C_전원실패,0.0
001555.jpg,,0,[],[],,0,,0,,0,sq640,640,640,0.4096,"[None, None, None, None]",C_전원실패,0.0
002899.jpg,,0,[],[],,0,,1,,0,sq640,640,640,0.4096,"[None, None, None, None]",C_전원실패,0.0
002308.jpg,,0,['까지'],[],,0,,0,,0,sq640,640,640,0.4096,"[None, None, None, None]",C_전원실패,0.0
001652.jpg,2021-03-09,1,[],['2021-03-09'],2021-03-09,1,2021-03-09,1,2021-03-09,1,sq640,640,640,0.4096,"['2021-03-09', '2021-03-09', '2021-03-09', '2021-03-09']",D_전원일치,0.0
002468.jpg,,0,[],[],,0,,0,,0,sq640,640,640,0.4096,"[None, None, None, None]",C_전원실패,0.0
002234.jpg,,0,[],[],,0,,0,,0,sq640,640,640,0.4096,"[None, None, None, None]",C_전원실패,0.0
002450.jpg,,0,[],[],,0,,0,,0,sq640,640,640,0.4096,"[None, None, None, None]",C_전원실패,0.0
001621.jpg,2022-07-19,1,[],['2022-07-19'],2022-07-19,1,2022-07-19,1,2022-07-19,1,sq640,640,640,0.4096,"['2022-07-19', '2022-07-19', '2022-07-19', '2022-07-19']",D_전원일치,0.0
002384.jpg,2020-10-08,1,"['까지', '유통기한']",['2020-10-08'],2020-10-08,1,2020-10-08,1,2020-10-08,1,sq640,640,640,0.4096,"['2020-10-08', '2020-10-08', '2020-10-08', '2020-10-08']",D_전원일치,0.0
001912.jpg,,0,[],[],,0,,0,,0,sq640,640,640,0.4096,"[None, None, None, None]",C_전원실패,0.0
002466.jpg,2022-01-20,1,[],['2022-01-20'],2022-01-20,1,2022-01-20,1,2022-01-20,1,sq640,640,640,0.4096,"['2022-01-20', '2022-01-20', '2022-01-20', '2022-01-20']",D_전원일치,0.0
003279.jpg,,1,[],['2002-10-23'],,2,,1,,1,sq640,640,640,0.4096,"[None, None, None, None]",C_전원실패,0.0
001716.jpg,2021-02-07,1,['유통기한'],['2021-02-07'],2021-02-07,1,2021-02-07,1,2021-02-07,1,sq640,640,640,0.4096,"['2021-02-07', '2021-02-07', '2021-02-07', '2021-02-07']",D_전원일치,0.0
001985.jpg,,0,"['까지', '유통기한']",[],,0,,0,,0,sq640,640,640,0.4096,"[None, None, None, None]",C_전원실패,0.0
000992.jpg,,0,[],[],,0,,0,,0,sq640,640,640,0.4096,"[None, None, None, None]",C_전원실패,0.0
000888.jpg,,0,[],[],,0,,0,,0,sq640,640,640,0.4096,"[None, None, None, None]",C_전원실패,0.0
001494.jpg,,0,[],[],2027-08-17,1,,0,,0,sq640,640,640,0.4096,"[None, '2027-08-17', None, None]",B_검출경계,0.25
001438.jpg,2021-08-29,1,[],['2021-08-29'],2021-08-29,1,2021-08-29,1,2021-08-29,1,sq640,640,640,0.4096,"['2021-08-29', '2021-08-29', '2021-08-29', '2021-08-29']",D_전원일치,0.0
002666.jpg,2021-03-26,1,['BEST_BEFORE'],['2021-03-26'],2021-03-26,2,2021-03-26,1,2021-03-26,1,sq640,640,640,0.4096,"['2021-03-26', '2021-03-26', '2021-03-26', '2021-03-26']",D_전원일치,0.0
002364.jpg,2021-08-04,1,"['까지', '별도표기', '유통기한']",['2021-08-04'],2021-08-04,1,2021-08-04,1,2021-08-04,1,sq640,640,640,0.4096,"['2021-08-04', '2021-08-04', '2021-08-04', '2021-08-04']",D_전원일치,0.0
001722.jpg,2021-01-07,1,"['까지', '부터']",['2021-01-07'],2021-07-06,1,2021-07-06,1,2021-01-07,1,sq640,640,640,0.4096,"['2021-01-07', '2021-07-06', '2021-07-06', '2021-01-07']",A_날짜불일치,0.5
001292.jpg,,0,['까지'],[],,0,,0,,0,sq640,640,640,0.4096,"[None, None, None, None]",C_전원실패,0.0
003183.jpg,2021-03-26,1,[],['2021-03-26'],2021-03-26,1,2021-03-26,1,2021-03-26,1,sq640,640,640,0.4096,"['2021-03-26', '2021-03-26', '2021-03-26', '2021-03-26']",D_전원일치,0.0
001457.jpg,2022-05-28,1,"['까지', '별도표기', '유통기한']",['2022-05-28'],2022-05-28,1,,0,,0,sq640,640,640,0.4096,"['2022-05-28', '2022-05-28', None, None]",B_검출경계,0.5
001064.jpg,2022-01-04,2,[],"['2021-01-05', '2022-01-04']",2022-01-04,2,2022-01-04,2,2022-01-04,2,sq640,640,640,0.4096,"['2022-01-04', '2022-01-04', '2022-01-04', '2022-01-04']",D_전원일치,0.0
003111.jpg,,0,['유통기한'],[],,0,,0,,0,sq640,640,640,0.4096,"[None, None, None, None]",C_전원실패,0.0
002155.jpg,2021-05-21,1,[],['2021-05-21'],2021-05-21,1,2021-05-21,1,2021-05-21,1,sq640,640,640,0.4096,"['2021-05-21', '2021-05-21', '2021-05-21', '2021-05-21']",D_전원일치,0.0
002285.jpg,,0,['까지'],[],,0,2021-01-07,1,,0,sq640,640,640,0.4096,"[None, None, '2021-01-07', None]",B_검출경계,0.25
001026.jpg,,0,['까지'],[],,0,2020-12-05,1,,0,sq640,640,640,0.4096,"[None, None, '2020-12-05', None]",B_검출경계,0.25
002712.jpg,2022-01-11,1,[],['2022-01-11'],2022-01-11,1,,0,2022-01-11,1,sq640,640,640,0.4096,"['2022-01-11', '2022-01-11', None, '2022-01-11']",B_검출경계,0.25
002444.jpg,,0,[],[],,0,,0,,0,sq640,640,640,0.4096,"[None, None, None, None]",C_전원실패,0.0
001310.jpg,,0,[],[],,0,,0,,0,sq640,640,640,0.4096,"[None, None, None, None]",C_전원실패,0.0
002601.jpg,,0,['제조일자'],[],2020-10-21,1,2020-10-21,1,,0,sq640,640,640,0.4096,"[None, '2020-10-21', '2020-10-21', None]",B_검출경계,0.5
001697.jpg,2022-06-23,1,[],['2022-06-23'],2022-06-23,1,2022-06-23,1,,0,sq640,640,640,0.4096,"['2022-06-23', '2022-06-23', '2022-06-23', None]",B_검출경계,0.25
002595.jpg,,0,[],[],,0,,0,,0,sq640,640,640,0.4096,"[None, None, None, None]",C_전원실패,0.0
001905.jpg,,0,['제조일자'],[],,0,2022-01-15,1,,0,sq640,640,640,0.4096,"[None, None, '2022-01-15', None]",B_검출경계,0.25
000866.jpg,,0,[],[],,0,,0,,0,sq640,640,640,0.4096,"[None, None, None, None]",C_전원실패,0.0
002981.jpg,2021-12-17,1,[],['2021-12-17'],2021-12-17,1,2021-12-17,1,2021-12-17,1,sq640,640,640,0.4096,"['2021-12-17', '2021-12-17', '2021-12-17', '2021-12-17']",D_전원일치,0.0
002119.jpg,2021-01-03,1,[],['2021-01-03'],2021-01-03,1,2021-01-03,1,2021-01-03,1,sq640,640,640,0.4096,"['2021-01-03', '2021-01-03', '2021-01-03', '2021-01-03']",D_전원일치,0.0
002367.jpg,,0,[],[],,0,,0,,0,sq640,640,640,0.4096,"[None, None, None, None]",C_전원실패,0.0
002729.jpg,,0,['BEST_BEFORE'],[],2021-11-04,1,2021-11-04,1,,0,sq640,640,640,0.4096,"[None, '2021-11-04', '2021-11-04', None]",B_검출경계,0.5
000999.jpg,2016-11-08,1,[],['2016-11-08'],2020-11-01,1,,0,2016-11-08,1,sq640,640,640,0.4096,"['2016-11-08', '2020-11-01', None, '2016-11-08']",A_날짜불일치,0.5
001866.jpg,2021-09-17,1,[],['2021-09-17'],2021-09-17,1,2021-09-17,1,2021-09-17,1,sq640,640,640,0.4096,"['2021-09-17', '2021-09-17', '2021-09-17', '2021-09-17']",D_전원일치,0.0
001337.jpg,,0,['EXP'],[],,0,,0,,0,sq640,640,640,0.4096,"[None, None, None, None]",C_전원실패,0.0
001553.jpg,,0,['까지'],[],,0,,0,,0,sq640,640,640,0.4096,"[None, None, None, None]",C_전원실패,0.0
002241.jpg,,0,[],[],,0,,0,,0,sq640,640,640,0.4096,"[None, None, None, None]",C_전원실패,0.0
003286.jpg,2021-08-06,2,"['까지', '부터']","['2021-03-07', '2021-08-06']",2021-08-06,2,2021-08-06,2,2021-08-06,2,sq640,640,640,0.4096,"['2021-08-06', '2021-08-06', '2021-08-06', '2021-08-06']",D_전원일치,0.0
001431.jpg,2019-08-21,1,[],['2019-08-21'],,0,2019-08-21,1,2019-08-21,1,sq640,640,640,0.4096,"['2019-08-21', None, '2019-08-21', '2019-08-21']",B_검출경계,0.25
001539.jpg,2022-01-18,1,[],['2022-01-18'],,0,,1,,0,sq640,640,640,0.4096,"['2022-01-18', None, None, None]",B_검출경계,0.25
001728.jpg,,0,['까지'],[],2021-02-08,1,,0,,0,sq640,640,640,0.4096,"[None, '2021-02-08', None, None]",B_검출경계,0.25
000863.jpg,,0,[],[],,0,,0,,0,sq640,640,640,0.4096,"[None, None, None, None]",C_전원실패,0.0
002033.jpg,2022-03-22,1,['유통기한'],['2022-03-22'],2022-03-22,1,2022-03-22,1,2022-03-22,1,sq640,640,640,0.4096,"['2022-03-22', '2022-03-22', '2022-03-22', '2022-03-22']",D_전원일치,0.0
001828.jpg,,0,[],[],,0,,0,,0,sq640,640,640,0.4096,"[None, None, None, None]",C_전원실패,0.0
001019.jpg,,0,[],[],,0,,0,,0,sq640,640,640,0.4096,"[None, None, None, None]",C_전원실패,0.0
001401.jpg,,0,"['까지', '별도표기', '유통기한', '제조일자']",[],,0,,0,,0,sq640,640,640,0.4096,"[None, None, None, None]",C_전원실패,0.0
002620.jpg,,0,[],[],,0,,0,,0,sq640,640,640,0.4096,"[None, None, None, None]",C_전원실패,0.0
002720.jpg,2026-01-09,1,"['까지', '별도표기', '제조일자']",['2026-01-09'],2026-01-09,1,2026-01-09,1,2026-01-09,1,sq640,640,640,0.4096,"['2026-01-09', '2026-01-09', '2026-01-09', '2026-01-09']",D_전원일치,0.0
002105.jpg,2021-01-28,1,['까지'],['2021-01-28'],2021-01-28,1,2021-01-28,1,2021-01-28,1,sq640,640,640,0.4096,"['2021-01-28', '2021-01-28', '2021-01-28', '2021-01-28']",D_전원일치,0.0
001851.jpg,,0,[],[],,0,,0,,0,sq640,640,640,0.4096,"[None, None, None, None]",C_전원실패,0.0
002630.jpg,,0,[],[],,0,,0,,0,sq640,640,640,0.4096,"[None, None, None, None]",C_전원실패,0.0
002654.jpg,2025-11-30,1,[],['2025-11-30'],2020-12-08,1,,0,2025-11-30,1,sq640,640,640,0.4096,"['2025-11-30', '2020-12-08', None, '2025-11-30']",A_날짜불일치,0.5
001022.jpg,,0,[],[],,0,,0,,0,sq640,640,640,0.4096,"[None, None, None, None]",C_전원실패,0.0
001122.jpg,,0,[],[],,0,,0,,0,sq640,640,640,0.4096,"[None, None, None, None]",C_전원실패,0.0
002991.jpg,2021-03-20,1,[],['2021-03-20'],,0,2021-03-20,1,2021-03-20,1,sq640,640,640,0.4096,"['2021-03-20', None, '2021-03-20', '2021-03-20']",B_검출경계,0.25
003090.jpg,,0,['제조일자'],[],,0,,0,,0,sq640,640,640,0.4096,"[None, None, None, None]",C_전원실패,0.0
000871.jpg,,0,[],[],,0,,0,,0,sq640,640,640,0.4096,"[None, None, None, None]",C_전원실패,0.0
003157.jpg,2021-10-26,1,"['까지', '유통기한']",['2021-10-26'],2021-10-26,1,2021-10-26,1,2021-10-26,1,sq640,640,640,0.4096,"['2021-10-26', '2021-10-26', '2021-10-26', '2021-10-26']",D_전원일치,0.0
003192.jpg,2021-11-19,2,[],"['2020-11-20', '2021-11-19']",2021-11-19,2,2020-11-20,1,2021-11-19,2,sq640,640,640,0.4096,"['2021-11-19', '2021-11-19', '2020-11-20', '2021-11-19']",A_날짜불일치,0.25
002947.jpg,,0,['BEST_BEFORE'],[],2019-06-06,1,2019-06-06,1,,0,sq640,640,640,0.4096,"[None, '2019-06-06', '2019-06-06', None]",B_검출경계,0.5
002354.jpg,,0,['까지'],[],,0,,0,,0,sq640,640,640,0.4096,"[None, None, None, None]",C_전원실패,0.0
000884.jpg,,0,"['까지', '생산일자', '유통기한']",[],,0,,0,,0,sq640,640,640,0.4096,"[None, None, None, None]",C_전원실패,0.0
001578.jpg,2022-11-05,1,"['까지', '유통기한', '제조일자']",['2022-11-05'],2022-11-05,1,2022-11-05,1,2022-11-05,1,sq640,640,640,0.4096,"['2022-11-05', '2022-11-05', '2022-11-05', '2022-11-05']",D_전원일치,0.0
001451.jpg,2022-04-26,1,['제조일자'],['2022-04-26'],2022-04-26,1,2022-04-26,1,2022-04-26,1,sq640,640,640,0.4096,"['2022-04-26', '2022-04-26', '2022-04-26', '2022-04-26']",D_전원일치,0.0
002204.jpg,2021-01-08,2,[],"['2019-10-09', '2021-01-08']",2021-01-08,2,2021-01-08,2,2021-01-08,2,sq640,640,640,0.4096,"['2021-01-08', '2021-01-08', '2021-01-08', '2021-01-08']",D_전원일치,0.0
000986.jpg,2021-12-28,1,[],['2021-12-28'],2021-12-28,1,2021-12-28,1,2021-12-28,1,sq640,640,640,0.4096,"['2021-12-28', '2021-12-28', '2021-12-28', '2021-12-28']",D_전원일치,0.0
002819.jpg,2022-12-01,1,[],['2022-12-01'],2022-12-01,1,2022-12-01,1,2022-12-01,1,sq640,640,640,0.4096,"['2022-12-01', '2022-12-01', '2022-12-01', '2022-12-01']",D_전원일치,0.0
003045.jpg,,0,"['BEST_BEFORE', '까지']",[],2022-05-02,1,2022-05-02,1,,0,sq640,640,640,0.4096,"[None, '2022-05-02', '2022-05-02', None]",B_검출경계,0.5
000982.jpg,2025-09-16,1,[],['2025-09-16'],2025-09-10,1,2022-09-07,1,2025-09-16,1,sq640,640,640,0.4096,"['2025-09-16', '2025-09-10', '2022-09-07', '2025-09-16']",A_날짜불일치,0.5
002796.jpg,,0,['까지'],[],,0,,0,,0,sq640,640,640,0.4096,"[None, None, None, None]",C_전원실패,0.0
001644.jpg,,0,[],[],,0,,0,,0,sq640,640,640,0.4096,"[None, None, None, None]",C_전원실패,0.0
001048.jpg,2021-05-12,1,[],['2021-05-12'],,0,,0,,0,sq640,640,640,0.4096,"['2021-05-12', None, None, None]",B_검출경계,0.25
003336.jpg,2021-07-02,1,[],['2021-07-02'],2021-07-02,1,2021-07-02,1,,0,sq640,640,640,0.4096,"['2021-07-02', '2021-07-02', '2021-07-02', None]",B_검출경계,0.25
001595.jpg,2021-12-13,1,['까지'],['2021-12-13'],2021-12-13,1,2021-12-13,1,2021-12-13,1,sq640,640,640,0.4096,"['2021-12-13', '2021-12-13', '2021-12-13', '2021-12-13']",D_전원일치,0.0
001140.jpg,,0,[],[],,0,,0,,0,sq640,640,640,0.4096,"[None, None, None, None]",C_전원실패,0.0
001638.jpg,,0,['까지'],[],,0,,0,,0,sq640,640,640,0.4096,"[None, None, None, None]",C_전원실패,0.0
003028.jpg,2021-02-28,1,['BEST_BEFORE'],['2021-02-28'],2021-09-28,1,2021-09-28,1,2021-02-28,1,sq640,640,640,0.4096,"['2021-02-28', '2021-09-28', '2021-09-28', '2021-02-28']",A_날짜불일치,0.5
001845.jpg,,0,['제조일자'],[],2021-11-23,1,,0,,0,sq640,640,640,0.4096,"[None, '2021-11-23', None, None]",B_검출경계,0.25
001739.jpg,,0,[],[],2022-01-05,1,2022-01-05,1,,0,sq640,640,640,0.4096,"[None, '2022-01-05', '2022-01-05', None]",B_검출경계,0.5
001194.jpg,,0,"['BEST_BEFORE', 'MFG', '까지', '별도표기', '유통기한', '제조일자']",[],,0,2044-03-03,1,,0,sq640,640,640,0.4096,"[None, None, '2044-03-03', None]",B_검출경계,0.25
002165.jpg,2020-10-30,1,"['까지', '부터']",['2020-10-30'],2020-10-30,1,2020-10-30,1,2020-10-30,1,sq640,640,640,0.4096,"['2020-10-30', '2020-10-30', '2020-10-30', '2020-10-30']",D_전원일치,0.0
003014.jpg,,0,['부터'],[],,0,,0,,0,sq640,640,640,0.4096,"[None, None, None, None]",C_전원실패,0.0
002488.jpg,2021-02-06,1,[],['2021-02-06'],2021-02-06,1,2021-02-06,1,2021-02-06,1,sq640,640,640,0.4096,"['2021-02-06', '2021-02-06', '2021-02-06', '2021-02-06']",D_전원일치,0.0
001237.jpg,,0,[],[],,0,,0,,0,sq640,640,640,0.4096,"[None, None, None, None]",C_전원실패,0.0
001684.jpg,,0,[],[],,0,,0,,0,sq640,640,640,0.4096,"[None, None, None, None]",C_전원실패,0.0
002944.jpg,2020-06-23,1,[],['2020-06-23'],2020-08-23,1,2020-06-23,1,,0,sq640,640,640,0.4096,"['2020-06-23', '2020-08-23', '2020-06-23', None]",A_날짜불일치,0.5
002607.jpg,,0,[],[],,0,,0,,0,sq640,640,640,0.4096,"[None, None, None, None]",C_전원실패,0.0
001357.jpg,,0,[],[],,0,,0,,0,sq640,640,640,0.4096,"[None, None, None, None]",C_전원실패,0.0
001249.jpg,,0,[],[],,0,,0,,0,sq640,640,640,0.4096,"[None, None, None, None]",C_전원실패,0.0
