file,image_id,ext,bytes,format,mode,w_raw,h_raw,exif_orientation,exif_datetime,exif_make,exif_model,exif_software,has_exif,w,h,sharpness,brightness,contrast,dark_frac,blown_frac,phash,ok,mp,aspect,id_num,id_padded
000001.jpg,000001,.jpg,919731,JPEG,RGB,3024,4032,1,,,,,False,3024,4032,357.9525708108106,141.90941365559897,65.16771726383033,0.0809478759765625,0.00023905436197916666,d2d24aba74936eb0,True,12.192768,0.75,1,True
000002.jpg,000002,.jpg,799187,JPEG,RGB,3024,4032,1,,,,,False,3024,4032,655.5932865599947,109.41598510742188,43.87052897551584,0.007746378580729167,0.0004221598307291667,97db583bc3d20b21,True,12.192768,0.75,2,True
000003.jpg,000003,.jpg,894401,JPEG,RGB,3024,4032,1,,,,,False,3024,4032,686.5581880174577,126.77994283040364,46.447914306470324,0.004328409830729167,0.0039215087890625,99d01b971c0dfcd4,True,12.192768,0.75,3,True
000004.jpg,000004,.jpg,814706,JPEG,RGB,3024,4032,1,,,,,False,3024,4032,1077.4552825983196,94.51874287923177,64.4858676670038,0.129913330078125,0.0003712972005208333,9bdb20fcd7348891,True,12.192768,0.75,4,True
000005.jpg,000005,.jpg,675526,JPEG,RGB,3024,4032,1,,,,,False,3024,4032,80.93329819002084,115.12880961100261,47.024332816902394,0.0042724609375,0.0036417643229166665,a5d44ade3e756064,True,12.192768,0.75,5,True
000006.jpg,000006,.jpg,689679,JPEG,RGB,3024,4032,1,,,,,False,3024,4032,481.1102951123224,105.20757548014323,61.06548749003505,0.15569559733072916,0.0024007161458333335,d487694f27043f17,True,12.192768,0.75,6,True
000007.jpg,000007,.jpg,4309625,MPO,RGB,5712,4284,6,2025:10:05 12:55:06,Apple,iPhone 15,18.6.2,True,4284,5712,1781.5168282305822,117.33102925618489,49.62951694038581,0.036839803059895836,0.0005340576171875,f1d767096f183ac0,True,24.470208,0.75,7,True
000008.jpg,000008,.jpg,1634487,MPO,RGB,2285,4723,1,2025:10:05 12:55:25,Apple,iPhone 15,18.6.2,True,2285,4723,97.31538462167475,115.84689232610887,33.52350007038536,0.0013388356854838709,0.0,ea8bed200db69a4e,True,10.792055,0.4838026677958924,8,True
000009.jpg,000009,.jpg,4515609,MPO,RGB,5712,4284,6,2025:10:05 12:55:34,Apple,iPhone 15,18.6.2,True,4284,5712,1650.6980730716343,139.4575958251953,45.34582312751496,0.0287628173828125,1.0172526041666666e-05,97e880d72e68d2d6,True,24.470208,0.75,9,True
000010.jpg,000010,.jpg,787392,JPEG,RGB,3024,4032,1,,,,,False,3024,4032,498.0181134206294,112.86647542317708,69.47811130422932,0.086944580078125,0.0016886393229166667,bf44805f7abcc3c0,True,12.192768,0.75,10,True
000011.jpg,000011,.jpg,845553,JPEG,RGB,3024,4032,1,,,,,False,3024,4032,372.2176457574953,117.28103129069011,66.51787253075781,0.07140096028645833,0.0005340576171875,9c46330f7aebe848,True,12.192768,0.75,11,True
000012.jpg,000012,.jpg,1023651,JPEG,RGB,3024,4032,1,,,,,False,3024,4032,941.0651413938031,96.72019449869792,63.00461223773339,0.1479644775390625,0.006825764973958333,f301366ea0cf3fc0,True,12.192768,0.75,12,True
000013.jpg,000013,.jpg,1116414,JPEG,RGB,3024,4032,1,,,,,False,3024,4032,1508.4302177366856,107.05046081542969,60.643401063771414,0.060353597005208336,0.0015513102213541667,ad53690e5e0d17aa,True,12.192768,0.75,13,True
000014.jpg,000014,.jpg,1592785,JPEG,RGB,3024,4032,1,,,,,False,3024,4032,4243.099098181946,120.9917704264323,62.65570914133272,0.0866241455078125,0.0013885498046875,d25d2d02e876b6c9,True,12.192768,0.75,14,True
000015.jpg,000015,.jpg,876638,JPEG,RGB,3024,4032,1,,,,,False,3024,4032,620.0815905307472,75.75413513183594,74.0404215941314,0.2996317545572917,0.01171875,da254b5dc9063f92,True,12.192768,0.75,15,True
000016.jpg,000016,.jpg,1434322,JPEG,RGB,3024,4032,1,,,,,False,3024,4032,2199.5544841479664,123.34229024251302,62.19324026607595,0.10222371419270833,0.0010782877604166667,d6d8233db02d316d,True,12.192768,0.75,16,True
000017.jpg,000017,.jpg,1091299,JPEG,RGB,3024,4032,1,,,,,False,3024,4032,1356.8521117707714,130.10942586263022,54.07851399703095,0.0402069091796875,0.0013580322265625,a347b3fd78908e11,True,12.192768,0.75,17,True
000018.jpg,000018,.jpg,1315934,JPEG,RGB,3024,4032,1,,,,,False,3024,4032,2091.1110683468232,114.53094482421875,63.68297400274677,0.0640716552734375,0.0022837320963541665,f8872ead70a01ef2,True,12.192768,0.75,18,True
000019.jpg,000019,.jpg,944563,JPEG,RGB,3024,4032,1,,,,,False,3024,4032,650.67661537393,102.40757242838542,62.90283842353302,0.16075642903645834,0.0006510416666666666,e657682823991f73,True,12.192768,0.75,19,True
000020.jpg,000020,.jpg,1405059,JPEG,RGB,3024,4032,1,,,,,False,3024,4032,1034.3751693363818,111.19881693522136,56.84005244647132,0.06488545735677083,0.0016377766927083333,909434f97f8aca2d,True,12.192768,0.75,20,True
000021.jpg,000021,.jpg,1255791,JPEG,RGB,3024,4032,1,,,,,False,3024,4032,745.2604187071944,130.86944580078125,63.81042341329314,0.12167867024739583,0.0003458658854166667,d2da4bcd21faa864,True,12.192768,0.75,21,True
000022.jpg,000022,.jpg,1537312,JPEG,RGB,3024,4032,1,,,,,False,3024,4032,1930.9872267376375,127.92190551757812,55.22052407557812,0.0106964111328125,0.0013987223307291667,e797083d453792d8,True,12.192768,0.75,22,True
000023.jpg,000023,.jpg,1138713,JPEG,RGB,3024,4032,1,,,,,False,3024,4032,872.1334076604235,143.18235778808594,49.75548841026576,0.0011494954427083333,0.0009816487630208333,d75020474f2beed1,True,12.192768,0.75,23,True
000024.jpg,000024,.jpg,895584,JPEG,RGB,3024,4032,1,,,,,False,3024,4032,645.3948396946976,132.52471923828125,71.5009682992846,0.12875874837239584,0.0010579427083333333,b5dd334ea68b0c92,True,12.192768,0.75,24,True
000025.jpg,000025,.jpg,935712,JPEG,RGB,3024,4032,1,,,,,False,3024,4032,927.4872283542063,134.04574584960938,46.43143675465037,0.007563273111979167,0.0037434895833333335,c583177f44d0a16f,True,12.192768,0.75,25,True
000026.jpg,000026,.jpg,953309,JPEG,RGB,3024,4032,1,,,,,False,3024,4032,1380.8877817714947,138.1849110921224,58.47548640377879,0.01715087890625,0.0011647542317708333,cbd96d2d84b43326,True,12.192768,0.75,26,True
000027.jpg,000027,.jpg,1015342,JPEG,RGB,3024,4032,1,,,,,False,3024,4032,523.900141345725,143.1023203531901,53.259632015365874,0.013270060221354166,0.00014241536458333334,dc0339ef3a0721da,True,12.192768,0.75,27,True
000028.jpg,000028,.jpg,1653444,JPEG,RGB,3024,4032,1,,,,,False,3024,4032,5869.516094924856,126.9507548014323,80.37484468160862,0.15226236979166666,0.0038401285807291665,d3906c37313f066d,True,12.192768,0.75,28,True
000029.jpg,000029,.jpg,1141268,JPEG,RGB,3024,4032,1,,,,,False,3024,4032,2630.462694886425,152.36339314778647,55.833464589730305,0.013559977213541666,0.00018819173177083334,85be7e905bc047c3,True,12.192768,0.75,29,True
000030.jpg,000030,.jpg,1552839,JPEG,RGB,3024,4032,1,,,,,False,3024,4032,5481.94989464595,108.4744873046875,69.27609323316308,0.14517720540364584,0.004292805989583333,bb9286967e1605d5,True,12.192768,0.75,30,True
000031.jpg,000031,.jpg,819049,JPEG,RGB,3024,4032,1,,,,,False,3024,4032,325.0589664284295,142.06615702311197,55.419870284741044,0.021174112955729168,0.0029805501302083335,d2022592b6cddb6d,True,12.192768,0.75,31,True
000032.jpg,000032,.jpg,818849,JPEG,RGB,3024,4032,1,,,,,False,3024,4032,381.7686693394144,135.91766357421875,58.92603442149597,0.038202921549479164,0.00543212890625,c2176ed2608be6b6,True,12.192768,0.75,32,True
000033.jpg,000033,.jpg,925804,JPEG,RGB,3024,4032,1,,,,,False,3024,4032,594.7645809101717,138.36993916829428,52.3156059781189,0.014353434244791666,0.0022125244140625,e4443bd0a51e479f,True,12.192768,0.75,33,True
000034.jpg,000034,.jpg,998628,JPEG,RGB,3024,4032,1,,,,,False,3024,4032,449.7703686849111,136.12065633138022,50.87834496603925,0.019963582356770832,0.003936767578125,e10ebcd731316e92,True,12.192768,0.75,34,True
000035.jpg,000035,.jpg,764656,JPEG,RGB,3024,4032,1,,,,,False,3024,4032,387.8234742308398,135.5774688720703,68.79150240531152,0.08167012532552083,0.0001068115234375,d6072f74f4c1d21c,True,12.192768,0.75,35,True
000036.jpg,000036,.jpg,890773,JPEG,RGB,3024,4032,1,,,,,False,3024,4032,617.4050914620102,135.7196299235026,64.99148833118605,0.044652303059895836,0.0035044352213541665,c07d2fc0f38fc096,True,12.192768,0.75,36,True
000037.jpg,000037,.jpg,828567,JPEG,RGB,3024,4032,1,,,,,False,3024,4032,492.1488017327826,144.73523457845053,61.47104219967053,0.0173797607421875,0.002227783203125,d3682dd232c4527f,True,12.192768,0.75,37,True
000038.jpg,000038,.jpg,1016001,JPEG,RGB,3024,4032,1,,,,,False,3024,4032,549.7853823316335,138.02601623535156,56.281888924858364,0.029973347981770832,0.0012919108072916667,f646aac1b0d27ad1,True,12.192768,0.75,38,True
000039.jpg,000039,.jpg,488344,JPEG,RGB,3024,4032,1,,,,,False,3024,4032,154.63701275943055,142.67449442545572,38.18140769395963,0.0038960774739583335,0.0,90cd4a6e6a2b32af,True,12.192768,0.75,39,True
000040.jpg,000040,.jpg,660470,JPEG,RGB,3024,4032,1,,,,,False,3024,4032,240.9224814424912,140.4400838216146,65.99201393698914,0.13135274251302084,0.0032552083333333335,805f53fd2130cf72,True,12.192768,0.75,40,True
000041.jpg,000041,.jpg,773214,JPEG,RGB,3024,4032,1,,,,,False,3024,4032,400.1227533119575,136.14639790852866,72.12501682711907,0.15877787272135416,0.00177001953125,ca4b2db66e3a0d31,True,12.192768,0.75,41,True
000042.jpg,000042,.jpg,689321,JPEG,RGB,3024,4032,1,,,,,False,3024,4032,344.8036910647061,143.86268615722656,68.76798710968565,0.11517842610677083,0.00067138671875,df107c1b626d2d0b,True,12.192768,0.75,42,True
000043.jpg,000043,.jpg,994781,JPEG,RGB,3024,4032,1,,,,,False,3024,4032,873.8535119675929,136.65278116861978,71.45459010489385,0.12298583984375,0.0012156168619791667,db274b57b4692854,True,12.192768,0.75,43,True
000044.jpg,000044,.jpg,827654,JPEG,RGB,3024,4032,1,,,,,False,3024,4032,163.27584305899737,134.96390787760416,63.97966236151811,0.032196044921875,9.1552734375e-05,c2902d3fd7303dcc,True,12.192768,0.75,44,True
000045.jpg,000045,.jpg,1266023,JPEG,RGB,3024,4032,1,,,,,False,3024,4032,704.2904507747281,114.4865010579427,70.70740045824353,0.0951080322265625,0.021931966145833332,dbdf2c309d82700f,True,12.192768,0.75,45,True
000046.jpg,000046,.jpg,1158433,JPEG,RGB,3024,4032,1,,,,,False,3024,4032,414.37232757853855,122.13432312011719,40.658807276089405,0.0021006266276041665,0.0029449462890625,b6f484ca32f159c3,True,12.192768,0.75,46,True
000047.png,000047,.png,11322943,PNG,RGB,1179,2556,1,2025:10:07 17:56:25,,,,True,1179,2556,2967.570851482149,129.46966863082628,79.72711154251547,0.11427436440677965,0.0013572563559322035,d5d52a7537617806,True,3.013524,0.4612676056338028,47,True
000048.jpg,000048,.jpg,676771,JPEG,RGB,3024,4032,1,,,,,False,3024,4032,83.14742264211074,116.22538248697917,78.43591079544743,0.10212198893229167,0.011973063151041666,d80a7ada9e28c2f5,True,12.192768,0.75,48,True
000049.jpg,000049,.jpg,728043,JPEG,RGB,3024,4032,1,,,,,False,3024,4032,483.47313361107905,84.84625244140625,68.04927090023898,0.2084197998046875,0.006627400716145833,d625780fe86d923c,True,12.192768,0.75,49,True
000050.jpg,000050,.jpg,1716585,JPEG,RGB,3024,4032,1,,,,,False,3024,4032,5976.127385518178,131.81849161783853,62.44866213038654,0.044184366861979164,0.0008087158203125,d1837e72d23a3aa4,True,12.192768,0.75,50,True
000051.jpg,000051,.jpg,622379,JPEG,RGB,3024,4032,1,,,,,False,3024,4032,338.8763193510628,136.42405700683594,55.58103658702509,0.0216522216796875,0.0008748372395833334,95c02f106eb7dc2e,True,12.192768,0.75,51,True
000052.png,000052,.png,11454438,PNG,RGB,1179,2556,1,2025:10:07 18:03:45,,,,True,1179,2556,913.5518206135702,105.1436374470339,66.47771372953856,0.13858083951271186,0.0,da8232361752df8d,True,3.013524,0.4612676056338028,52,True
000053.png,000053,.png,10055231,PNG,RGB,1179,2556,1,2025:10:07 18:04:06,,,,True,1179,2556,418.57043308185723,76.00501522775424,58.960812336889326,0.2431640625,0.0,b80758671ce5f52a,True,3.013524,0.4612676056338028,53,True
000054.jpg,000054,.jpg,1808780,MPO,RGB,4032,3024,6,2025:10:07 17:55:31,Apple,iPhone 15,18.6.2,True,3024,4032,222.811088282201,126.32652791341145,55.24882105890329,0.020253499348958332,0.00010172526041666667,ab933549b5425cf2,True,12.192768,0.75,54,True
000055.jpg,000055,.jpg,3847302,MPO,RGB,5712,4284,6,2025:10:07 17:56:06,Apple,iPhone 15,18.6.2,True,4284,5712,1995.0509048818049,119.914794921875,80.97430121022741,0.07330322265625,0.013031005859375,9e876154696a5e63,True,24.470208,0.75,55,True
000056.jpg,000056,.jpg,2152724,MPO,RGB,4032,3024,6,2025:10:07 17:56:28,Apple,iPhone 15,18.6.2,True,3024,4032,1497.9930648834495,117.85353088378906,70.10864680491201,0.113433837890625,0.0012868245442708333,d4393fd2562d8aa1,True,12.192768,0.75,56,True
000057.jpg,000057,.jpg,3778991,MPO,RGB,5712,4284,6,2025:10:07 17:56:54,Apple,iPhone 15,18.6.2,True,4284,5712,1884.526824221015,98.17092895507812,72.20488627663194,0.13149007161458334,0.0178680419921875,dd7b28d89261bc46,True,24.470208,0.75,57,True
000058.jpg,000058,.jpg,3933232,MPO,RGB,5712,4284,6,2025:10:07 17:57:07,Apple,iPhone 15,18.6.2,True,4284,5712,1313.552689003344,143.49331665039062,57.7006205250747,0.0251617431640625,0.00015767415364583334,c2c11d9ce39a26ed,True,24.470208,0.75,58,True
000059.jpg,000059,.jpg,2219254,MPO,RGB,4032,3024,6,2025:10:07 17:57:16,Apple,iPhone 15,18.6.2,True,3024,4032,1578.6415238597476,130.09343973795572,62.3904462371443,0.0574188232421875,0.0009053548177083334,c1c5528adf7f8036,True,12.192768,0.75,59,True
000060.jpg,000060,.jpg,1656715,MPO,RGB,4032,3024,6,2025:10:07 17:57:32,Apple,iPhone 15,18.6.2,True,3024,4032,135.85828111807092,125.59542846679688,74.44332407956941,0.1495513916015625,0.0003763834635416667,87157a3a5b21788f,True,12.192768,0.75,60,True
000061.jpg,000061,.jpg,2028354,MPO,RGB,4032,3024,6,2025:10:07 17:58:25,Apple,iPhone 15,18.6.2,True,3024,4032,968.7853937819342,111.24973551432292,72.5857014956544,0.17197672526041666,0.0024820963541666665,c52836998ff4e4ca,True,12.192768,0.75,61,True
000062.jpg,000062,.jpg,2003814,MPO,RGB,4032,3024,6,2025:10:07 17:58:28,Apple,iPhone 15,18.6.2,True,3024,4032,233.0902590205272,105.89951578776042,54.63793721504453,0.06816609700520833,2.5431315104166668e-05,d03a2f303d3a974b,True,12.192768,0.75,62,True
000063.jpg,000063,.jpg,1910136,MPO,RGB,4032,3024,6,2025:10:07 17:58:35,Apple,iPhone 15,18.6.2,True,3024,4032,293.2797749501963,123.54053751627605,46.98235985162254,0.0155792236328125,1.52587890625e-05,ff391bc9e0e01c0e,True,12.192768,0.75,63,True
000064.jpg,000064,.jpg,2198963,MPO,RGB,4032,3024,6,2025:10:07 17:59:14,Apple,iPhone 15,18.6.2,True,3024,4032,527.4501202211769,107.93763732910156,45.81660559583213,0.0157623291015625,0.00146484375,f6e46a93926124de,True,12.192768,0.75,64,True
000065.jpg,000065,.jpg,5705541,MPO,RGB,5712,4284,6,2025:10:07 17:59:40,Apple,iPhone 15,18.6.2,True,4284,5712,403.8799557284349,130.0983632405599,56.57798227557877,0.07767232259114583,0.00017801920572916666,81247f7b46197e0b,True,24.470208,0.75,65,True
000066.jpg,000066,.jpg,3582542,MPO,RGB,5712,4284,6,2025:10:07 17:59:57,Apple,iPhone 15,18.6.2,True,4284,5712,523.2894419888811,110.83890279134114,77.69231982961216,0.2451171875,1.52587890625e-05,867a6921829edb6e,True,24.470208,0.75,66,True
000067.jpg,000067,.jpg,4303174,MPO,RGB,5712,4284,6,2025:10:07 18:00:33,Apple,iPhone 15,18.6.2,True,4284,5712,281.685006178812,128.1556142171224,49.49344424537245,0.035619099934895836,0.0003204345703125,8dce1829df16344f,True,24.470208,0.75,67,True
000068.jpg,000068,.jpg,3619555,MPO,RGB,5712,4284,6,2025:10:07 18:00:34,Apple,iPhone 15,18.6.2,True,4284,5712,293.7769670119871,129.47042338053384,60.89231046841559,0.07763671875,0.004974365234375,aa5b786a073e609e,True,24.470208,0.75,68,True
000069.jpg,000069,.jpg,3679888,MPO,RGB,5712,4284,6,2025:10:07 18:00:37,Apple,iPhone 15,18.6.2,True,4284,5712,235.41238219528975,117.60777791341145,55.80061814461485,0.07880655924479167,0.000885009765625,954d9f3aaa9d2a88,True,24.470208,0.75,69,True
000070.jpg,000070,.jpg,1032644,JPEG,RGB,3024,4032,1,,,,,False,3024,4032,488.39947502436644,144.32965087890625,55.57241764437061,0.0074310302734375,0.0034739176432291665,f1d4255a2ddb3213,True,12.192768,0.75,70,True
000071.jpg,000071,.jpg,1203781,JPEG,RGB,3024,4032,1,,,,,False,3024,4032,859.5090015213681,137.18990071614584,64.40515070103342,0.039362589518229164,0.003992716471354167,d2e5ef52f304c229,True,12.192768,0.75,71,True
000072.jpg,000072,.jpg,1030715,JPEG,RGB,3024,4032,1,,,,,False,3024,4032,1273.4138245358024,143.41577657063803,46.06443317246545,0.0010833740234375,0.0,d54bde186cd861d2,True,12.192768,0.75,72,True
000073.jpg,000073,.jpg,1307893,JPEG,RGB,3024,4032,1,,,,,False,3024,4032,1898.7643681963025,143.92152404785156,53.2302329848947,0.0210723876953125,0.0,9781241693fe78d3,True,12.192768,0.75,73,True
000074.jpg,000074,.jpg,1216426,JPEG,RGB,3024,4032,1,,,,,False,3024,4032,1357.621390712525,143.97309366861978,49.1555846574805,0.00013224283854166666,4.0690104166666664e-05,9bdb0fca4074e853,True,12.192768,0.75,74,True
000075.jpg,000075,.jpg,965114,JPEG,RGB,3024,4032,1,,,,,False,3024,4032,1428.5963051300234,148.15337117513022,50.716514990779714,0.006800333658854167,0.0,9442bbc08bee2377,True,12.192768,0.75,75,True
000076.jpg,000076,.jpg,1492359,JPEG,RGB,3024,4032,1,,,,,False,3024,4032,1861.4683532015315,127.72520446777344,58.375413374348625,0.014801025390625,0.0027974446614583335,ff57345cd8307089,True,12.192768,0.75,76,True
000077.jpg,000077,.jpg,1065999,JPEG,RGB,3024,4032,1,,,,,False,3024,4032,381.4232649004295,150.00435384114584,47.747145337325975,0.004201253255208333,0.0,9ec485f4075de594,True,12.192768,0.75,77,True
000078.jpg,000078,.jpg,1918143,JPEG,RGB,3024,4032,1,,,,,False,3024,4032,3122.1037172469973,148.2134806315104,44.25713248037207,0.00128173828125,0.0,f5c0efca97152429,True,12.192768,0.75,78,True
000079.jpg,000079,.jpg,1652732,JPEG,RGB,3024,4032,1,,,,,False,3024,4032,916.6504493727244,128.06179809570312,56.34067385939099,0.004770914713541667,0.0280609130859375,b348fc50dd74d4c4,True,12.192768,0.75,79,True
000080.jpg,000080,.jpg,1133212,JPEG,RGB,3024,4032,1,,,,,False,3024,4032,1914.115473429362,123.66900634765625,68.35874338462224,0.0036519368489583335,0.016565958658854168,83f1d91e6987846e,True,12.192768,0.75,80,True
000081.jpg,000081,.jpg,940953,JPEG,RGB,3024,4032,1,,,,,False,3024,4032,412.392720776274,148.08594258626303,42.42956407810325,0.0015614827473958333,0.0019073486328125,b5413bc1b1dd5742,True,12.192768,0.75,81,True
000082.jpg,000082,.jpg,788806,JPEG,RGB,3024,4032,1,,,,,False,3024,4032,527.5629229442112,154.60377502441406,53.982061853018934,0.00015767415364583334,0.010645548502604166,d54a2ad59f505f06,True,12.192768,0.75,82,True
000083.jpg,000083,.jpg,1017693,JPEG,RGB,3024,4032,1,,,,,False,3024,4032,583.5398782454431,132.14324951171875,51.90005118800584,0.007807413736979167,0.0007069905598958334,de34144d3e54d9ac,True,12.192768,0.75,83,True
000084.jpg,000084,.jpg,1042788,JPEG,RGB,3024,4032,1,,,,,False,3024,4032,775.4896221829113,133.72666931152344,70.79765213926284,0.07005818684895833,0.007039388020833333,85f0aa17d36ad585,True,12.192768,0.75,84,True
000085.jpg,000085,.jpg,1155978,JPEG,RGB,3024,4032,1,,,,,False,3024,4032,1619.984666236133,148.16748555501303,48.34531360405011,0.0026702880859375,0.0175933837890625,d0c06d87a37b9959,True,12.192768,0.75,85,True
000086.jpg,000086,.jpg,1280175,JPEG,RGB,3024,4032,1,,,,,False,3024,4032,3541.852670522096,130.07439168294272,69.27194670160016,0.009379069010416666,0.007344563802083333,a36a7a05383e9756,True,12.192768,0.75,86,True
000087.jpg,000087,.jpg,967803,JPEG,RGB,3024,4032,1,,,,,False,3024,4032,594.575788650636,143.06015014648438,63.01877514708338,0.023340861002604168,0.0025634765625,e11a61d8f39a2f16,True,12.192768,0.75,87,True
000088.jpg,000088,.jpg,1138939,JPEG,RGB,3024,4032,1,,,,,False,3024,4032,836.8459322651228,152.49779764811197,50.58228565518537,0.0048675537109375,0.0,aa432e4b972ed334,True,12.192768,0.75,88,True
000089.jpg,000089,.jpg,740968,JPEG,RGB,3024,4032,1,,,,,False,3024,4032,205.09815558850656,123.79335021972656,46.59439956487632,0.013081868489583334,8.138020833333333e-05,d56a97bf68f02282,True,12.192768,0.75,89,True
000090.jpg,000090,.jpg,821513,JPEG,RGB,3024,4032,1,,,,,False,3024,4032,633.4540402355293,132.76161193847656,64.01628700242196,0.007486979166666667,0.0010732014973958333,923c76b837d282f2,True,12.192768,0.75,90,True
000091.jpg,000091,.jpg,1127352,JPEG,RGB,3024,4032,1,,,,,False,3024,4032,514.0212736824116,143.63216654459634,48.71616265936633,0.010955810546875,0.00019327799479166666,d3015a9bbbf81a1a,True,12.192768,0.75,91,True
000092.jpg,000092,.jpg,1031715,JPEG,RGB,3024,4032,1,,,,,False,3024,4032,488.2279611602169,140.71878051757812,55.757675549145,0.03448486328125,0.004094441731770833,fd0b3b8f81c1a06b,True,12.192768,0.75,92,True
000093.jpg,000093,.jpg,1006270,JPEG,RGB,3024,4032,1,,,,,False,3024,4032,525.9955078661184,123.18117268880208,51.04622757256186,0.006769816080729167,0.0004018147786458333,894e307836adcbb5,True,12.192768,0.75,93,True
000094.jpg,000094,.jpg,854968,JPEG,RGB,3024,4032,1,,,,,False,3024,4032,345.9128093545377,125.58897399902344,56.6496856787502,0.013142903645833334,0.0008595784505208334,8b4e713374cf822d,True,12.192768,0.75,94,True
000095.jpg,000095,.jpg,776819,JPEG,RGB,3024,4032,1,,,,,False,3024,4032,278.83398436837723,128.63602701822916,41.76714833746808,0.0025075276692708335,0.0006103515625,c34f7430475581ef,True,12.192768,0.75,95,True
000096.jpg,000096,.jpg,898928,JPEG,RGB,3024,4032,1,,,,,False,3024,4032,463.49982976158054,121.31271362304688,49.19331445013337,0.034723917643229164,0.007848103841145834,82af20757ec888bf,True,12.192768,0.75,96,True
000097.jpg,000097,.jpg,1250003,JPEG,RGB,3024,4032,1,,,,,False,3024,4032,1662.4696815009745,132.99671936035156,60.251509013461124,0.019999186197916668,0.0015614827473958333,af636511c1d8e587,True,12.192768,0.75,97,True
000098.jpg,000098,.jpg,1351486,JPEG,RGB,3024,4032,1,,,,,False,3024,4032,1633.3866189960129,140.04301961263022,47.51472229679117,0.0068359375,0.0034993489583333335,96ab703efef10412,True,12.192768,0.75,98,True
000099.jpg,000099,.jpg,1470659,JPEG,RGB,3024,4032,1,,,,,False,3024,4032,1988.4983924614628,129.63697306315103,47.437085018919646,0.0024668375651041665,0.01025390625,8fe27d30d6c60ae8,True,12.192768,0.75,99,True
000100.jpg,000100,.jpg,1083864,JPEG,RGB,3024,4032,1,,,,,False,3024,4032,599.0288215800085,118.78200785319011,59.22619648972699,0.043100992838541664,0.001983642578125,876f38f13a199139,True,12.192768,0.75,100,True
000101.jpg,000101,.jpg,4267135,MPO,RGB,4032,3024,6,2025:10:12 10:43:43,Apple,iPhone 13 mini,26.0,True,3024,4032,934.2900534367395,126.04764302571614,61.180884018573316,0.016423543294270832,0.005910237630208333,af40fdab50dd608c,True,12.192768,0.75,101,True
000102.jpg,000102,.jpg,3093680,MPO,RGB,4032,3024,6,2025:10:12 10:44:15,Apple,iPhone 13 mini,26.0,True,3024,4032,609.4617790131728,105.55690002441406,60.30615696298665,0.0312347412109375,0.007176717122395833,ab8b95344a2e7479,True,12.192768,0.75,102,True
000103.jpg,000103,.jpg,2983971,JPEG,RGB,4032,3024,6,2025:10:12 10:44:24,Apple,iPhone 13 mini,26.0,True,3024,4032,369.93757606173557,147.51111857096353,39.17112382100067,0.0,0.0012461344401041667,82c52d46192f7577,True,12.192768,0.75,103,True
000104.jpg,000104,.jpg,2715454,MPO,RGB,4032,3024,6,2025:10:12 10:44:35,Apple,iPhone 13 mini,26.0,True,3024,4032,272.2091616054531,154.1511484781901,62.39151340225845,0.056971232096354164,0.0,eb630b969e94a4d8,True,12.192768,0.75,104,True
000105.jpg,000105,.jpg,2786100,MPO,RGB,3024,4032,1,2025:10:12 10:44:50,Apple,iPhone 13 mini,26.0,True,3024,4032,984.1774915348118,153.10693359375,78.15368294519834,0.143157958984375,0.0005238850911458334,c9b6ec2a77c83449,True,12.192768,0.75,105,True
000106.jpg,000106,.jpg,2643520,JPEG,RGB,4032,3024,6,2025:10:12 10:45:24,Apple,iPhone 13 mini,26.0,True,3024,4032,344.5490437137325,133.11500549316406,60.73608484427916,0.043451944986979164,0.016362508138020832,97e95280f51e08f7,True,12.192768,0.75,106,True
000107.jpg,000107,.jpg,3071757,MPO,RGB,4032,3024,6,2025:10:12 10:45:55,Apple,iPhone 13 mini,26.0,True,3024,4032,394.81786197524826,127.34696451822917,53.124120965289194,0.0104827880859375,0.0021769205729166665,e34be4a4c0169f5b,True,12.192768,0.75,107,True
000108.jpg,000108,.jpg,3605181,MPO,RGB,4032,3024,6,2025:10:12 10:45:57,Apple,iPhone 13 mini,26.0,True,3024,4032,650.8103576525012,145.65635681152344,57.636125129104144,0.031138102213541668,0.0011749267578125,d555552ac71792ca,True,12.192768,0.75,108,True
000109.jpg,000109,.jpg,2648252,JPEG,RGB,4032,3024,6,2025:10:12 10:46:04,Apple,iPhone 13 mini,26.0,True,3024,4032,147.2077365583585,148.25819396972656,62.150206880008355,0.023539225260416668,0.005228678385416667,d25216973ff929c0,True,12.192768,0.75,109,True
000110.jpg,000110,.jpg,3043117,MPO,RGB,4032,3024,6,2025:10:12 10:46:07,Apple,iPhone 13 mini,26.0,True,3024,4032,292.8343175844185,131.2352549235026,58.31505342275497,0.017476399739583332,0.001800537109375,9514352e716adbca,True,12.192768,0.75,110,True
000111.jpg,000111,.jpg,3863012,MPO,RGB,4032,3024,6,2025:10:12 10:46:09,Apple,iPhone 13 mini,26.0,True,3024,4032,567.9561433716573,121.19378662109375,65.4360363341465,0.0553131103515625,0.0018870035807291667,91c76c7b3e0d3a60,True,12.192768,0.75,111,True
000112.jpg,000112,.jpg,3113666,MPO,RGB,4032,3024,6,2025:10:12 10:46:13,Apple,iPhone 13 mini,26.0,True,3024,4032,80.33603431191295,139.43549601236978,55.013745154891524,0.016118367513020832,0.0039215087890625,95e12c0ab5ccec2f,True,12.192768,0.75,112,True
000113.jpg,000113,.jpg,3207766,MPO,RGB,4032,3024,6,2025:10:12 10:46:15,Apple,iPhone 13 mini,26.0,True,3024,4032,368.3950360616048,122.96853129069011,46.62980687365299,0.0243682861328125,0.00396728515625,abd674c0e9b21f21,True,12.192768,0.75,113,True
000114.jpg,000114,.jpg,4087513,MPO,RGB,4032,3024,1,2025:10:12 10:46:19,Apple,iPhone 13 mini,26.0,True,4032,3024,493.0261107463545,126.78946431477864,50.181628540520975,0.0013529459635416667,0.056340535481770836,ff672c9383139492,True,12.192768,1.3333333333333333,114,True
000115.jpg,000115,.jpg,2976914,MPO,RGB,4032,3024,6,2025:10:12 10:46:30,Apple,iPhone 13 mini,26.0,True,3024,4032,334.5050345013281,134.29222615559897,59.278200820893126,0.0335540771484375,0.0013071695963541667,e3b01d62348e3fc9,True,12.192768,0.75,115,True
000116.jpg,000116,.jpg,3043229,JPEG,RGB,4032,3024,6,2025:10:12 10:46:35,Apple,iPhone 13 mini,26.0,True,3024,4032,365.15561561410624,148.14385986328125,51.33414926256801,0.00433349609375,0.0,9e1e5b7860c9cc9c,True,12.192768,0.75,116,True
000117.jpg,000117,.jpg,2459925,MPO,RGB,4032,3024,6,2025:10:12 10:46:40,Apple,iPhone 13 mini,26.0,True,3024,4032,386.36824733422446,129.27759806315103,78.01121737859373,0.14816792805989584,0.00457763671875,da192568c6f6a627,True,12.192768,0.75,117,True
000118.jpg,000118,.jpg,2403586,MPO,RGB,4032,3024,6,2025:10:12 10:46:46,Apple,iPhone 13 mini,26.0,True,3024,4032,196.31680533970294,114.50434875488281,78.71887942905148,0.16219075520833334,0.005137125651041667,e1588aa118b7f576,True,12.192768,0.75,118,True
000119.jpg,000119,.jpg,3070313,MPO,RGB,4032,3024,6,2025:10:12 10:46:56,Apple,iPhone 13 mini,26.0,True,3024,4032,117.90229204917948,101.0730692545573,62.001200604333704,0.044092814127604164,0.00023905436197916666,8a5cf827e22b7961,True,12.192768,0.75,119,True
000120.jpg,000120,.jpg,2839280,MPO,RGB,4032,3024,6,2025:10:12 10:47:07,Apple,iPhone 13 mini,26.0,True,3024,4032,183.38885790603754,88.38613382975261,56.923930617475726,0.091552734375,0.0009002685546875,ca5ca8277129f46d,True,12.192768,0.75,120,True
000121.jpg,000121,.jpg,3407646,MPO,RGB,4032,3024,6,2025:10:12 10:47:42,Apple,iPhone 13 mini,26.0,True,3024,4032,2804.7299339001124,149.28294372558594,62.8276072539248,0.028839111328125,0.0006866455078125,95957e9ae038e0b5,True,12.192768,0.75,121,True
000122.jpg,000122,.jpg,5939658,MPO,RGB,4032,3024,1,2025:10:12 10:47:51,Apple,iPhone 13 mini,26.0,True,4032,3024,1235.1295237458155,138.50214131673178,41.96722750796301,0.017817179361979168,0.004094441731770833,d2fff0f08830b871,True,12.192768,1.3333333333333333,122,True
000123.jpg,000123,.jpg,3706051,MPO,RGB,4032,3024,6,2025:10:12 10:47:57,Apple,iPhone 13 mini,26.0,True,3024,4032,4401.4725154667,104.439697265625,68.11383756784592,0.0883941650390625,0.00616455078125,e7015021da7fc27d,True,12.192768,0.75,123,True
000124.jpg,000124,.jpg,3040263,MPO,RGB,4032,3024,6,2025:10:12 10:48:02,Apple,iPhone 13 mini,26.0,True,3024,4032,1182.3145980570052,102.39900716145833,65.28080272622785,0.13437398274739584,0.0006459554036458334,d12d325e87a48b5b,True,12.192768,0.75,124,True
000125.jpg,000125,.jpg,2853004,MPO,RGB,4032,3024,6,2025:10:12 10:48:18,Apple,iPhone 13 mini,26.0,True,3024,4032,349.9294941884776,131.52703348795572,65.99874669886837,0.07665506998697917,0.0020599365234375,e09e7a74995165cc,True,12.192768,0.75,125,True
000126.jpg,000126,.jpg,2152591,MPO,RGB,4032,3024,6,2025:10:12 10:48:29,Apple,iPhone 13 mini,26.0,True,3024,4032,325.6499410916326,102.29409281412761,74.73282184384031,0.3015645345052083,0.0032704671223958335,81327e7f05c5b893,True,12.192768,0.75,126,True
000127.jpg,000127,.jpg,2668116,MPO,RGB,4032,3024,6,2025:10:12 10:48:38,Apple,iPhone 13 mini,26.0,True,3024,4032,86.89729850219253,116.56865946451823,67.71701741557867,0.169708251953125,0.0027262369791666665,b3331a6dcfb0438c,True,12.192768,0.75,127,True
000128.jpg,000128,.jpg,3582750,MPO,RGB,4032,3024,6,2025:10:12 10:48:41,Apple,iPhone 13 mini,26.0,True,3024,4032,1155.723610244588,108.55823771158855,60.49851408584232,0.11471048990885417,0.0015462239583333333,c6cb384bd20d721f,True,12.192768,0.75,128,True
000129.jpg,000129,.jpg,2139987,MPO,RGB,4032,3024,6,2025:10:12 10:48:54,Apple,iPhone 13 mini,26.0,True,3024,4032,200.74921138582025,102.77901204427083,71.08060563138397,0.2930450439453125,0.0,cb3625289edc6d43,True,12.192768,0.75,129,True
000130.jpg,000130,.jpg,2741370,MPO,RGB,4032,3024,6,2025:10:12 10:49:22,Apple,iPhone 13 mini,26.0,True,3024,4032,520.0891415144628,139.76163228352866,61.57345593644285,0.061711629231770836,2.5431315104166668e-05,d5064a55d87cd4ea,True,12.192768,0.75,130,True
000131.jpg,000131,.jpg,2565403,MPO,RGB,4032,3024,6,2025:10:12 10:49:36,Apple,iPhone 13 mini,26.0,True,3024,4032,208.20890617360257,112.04620869954427,69.85068008918114,0.14706929524739584,0.0030873616536458335,a97be20d09762a5d,True,12.192768,0.75,131,True
000132.jpg,000132,.jpg,2914997,MPO,RGB,4032,3024,6,2025:10:12 10:49:55,Apple,iPhone 13 mini,26.0,True,3024,4032,111.09647451744725,140.29462687174478,61.44129500881277,0.033228556315104164,0.0057830810546875,c07fe240b7d66b06,True,12.192768,0.75,132,True
000133.jpg,000133,.jpg,2772083,MPO,RGB,4032,3024,6,2025:10:12 10:50:07,Apple,iPhone 13 mini,26.0,True,3024,4032,528.2088063514224,144.71610514322916,51.45914140237675,0.033086140950520836,0.004343668619791667,d25ae95c22d7530e,True,12.192768,0.75,133,True
000134.jpg,000134,.jpg,2882869,MPO,RGB,4032,3024,6,2025:10:12 10:50:32,Apple,iPhone 13 mini,26.0,True,3024,4032,1610.6209235905098,168.8322957356771,64.1804556871234,0.0666351318359375,5.086263020833333e-06,b34508352f427d6f,True,12.192768,0.75,134,True
000135.jpg,000135,.jpg,3336974,MPO,RGB,4032,3024,6,2025:10:12 10:50:41,Apple,iPhone 13 mini,26.0,True,3024,4032,1359.4607552735963,120.95679728190105,55.89067145909813,0.0522613525390625,0.0034281412760416665,870589871dc47e9f,True,12.192768,0.75,135,True
000136.jpg,000136,.jpg,3039257,MPO,RGB,4032,3024,6,2025:10:12 10:50:46,Apple,iPhone 13 mini,26.0,True,3024,4032,727.4641977943635,130.65132649739584,44.93763388292282,0.019902547200520832,0.005976359049479167,91d578bf807e00d7,True,12.192768,0.75,136,True
000137.jpg,000137,.jpg,3217240,MPO,RGB,4032,3024,6,2025:10:12 10:51:01,Apple,iPhone 13 mini,26.0,True,3024,4032,1062.7218384518185,116.56573486328125,60.20860928380583,0.013600667317708334,0.025599161783854168,8b7035cbde70990e,True,12.192768,0.75,137,True
000138.jpg,000138,.jpg,3167611,MPO,RGB,4032,3024,6,2025:10:12 10:51:06,Apple,iPhone 13 mini,26.0,True,3024,4032,2640.146017111812,94.22927856445312,79.48792290531607,0.13067118326822916,0.012095133463541666,d6646187d7232787,True,12.192768,0.75,138,True
000139.jpg,000139,.jpg,2313815,MPO,RGB,4032,3024,6,2025:10:12 10:51:12,Apple,iPhone 13 mini,26.0,True,3024,4032,134.43722814608677,136.37907918294272,63.383241707314696,0.044591267903645836,0.0004170735677083333,d03d7a550b3374a9,True,12.192768,0.75,139,True
000140.jpg,000140,.jpg,3612037,MPO,RGB,4032,3024,6,2025:10:12 10:51:22,Apple,iPhone 13 mini,26.0,True,3024,4032,641.9419791218048,141.51359049479166,42.65298177000842,0.006983439127604167,0.0,c040c03dad796fb7,True,12.192768,0.75,140,True
000141.jpg,000141,.jpg,3523798,MPO,RGB,4032,3024,6,2025:10:12 10:51:34,Apple,iPhone 13 mini,26.0,True,3024,4032,366.2275768127033,119.03150431315105,57.283254451463996,0.09194437662760417,7.62939453125e-05,81983c8f2ff8cb25,True,12.192768,0.75,141,True
000142.jpg,000142,.jpg,2808736,MPO,RGB,4032,3024,6,2025:10:12 10:51:41,Apple,iPhone 13 mini,26.0,True,3024,4032,518.5714283448955,120.25059000651042,42.85252082805116,0.0022837320963541665,0.00023905436197916666,f5be809fea02c58c,True,12.192768,0.75,142,True
000143.jpg,000143,.jpg,3260649,MPO,RGB,4032,3024,6,2025:10:12 10:51:56,Apple,iPhone 13 mini,26.0,True,3024,4032,2553.771174500774,151.8998819986979,63.24722912323253,0.06283060709635417,0.007532755533854167,d79767c08a239e45,True,12.192768,0.75,143,True
000144.jpg,000144,.jpg,2630013,MPO,RGB,4032,3024,6,2025:10:12 10:52:04,Apple,iPhone 13 mini,26.0,True,3024,4032,681.5582174805459,125.59088643391927,88.17245831520314,0.2186737060546875,0.010467529296875,d6d609de230762b9,True,12.192768,0.75,144,True
000145.jpg,000145,.jpg,2577044,MPO,RGB,4032,3024,6,2025:10:12 10:52:06,Apple,iPhone 13 mini,26.0,True,3024,4032,729.7080718302686,157.43306477864584,75.98362445531436,0.12115478515625,9.1552734375e-05,cada47c347ba0d23,True,12.192768,0.75,145,True
000146.jpg,000146,.jpg,3370527,MPO,RGB,4032,3024,6,2025:10:12 10:52:21,Apple,iPhone 13 mini,26.0,True,3024,4032,1355.09922722934,113.98036702473958,66.1553129568395,0.13977559407552084,0.0020192464192708335,ca7f377d5f881008,True,12.192768,0.75,146,True
000147.jpg,000147,.jpg,2904699,MPO,RGB,4032,3024,6,2025:10:12 10:52:30,Apple,iPhone 13 mini,26.0,True,3024,4032,205.8640944385487,129.41529337565103,57.536131513372716,0.06432596842447917,0.002044677734375,c5177d22ccf68923,True,12.192768,0.75,147,True
000148.jpg,000148,.jpg,3275498,MPO,RGB,4032,3024,6,2025:10:12 10:52:54,Apple,iPhone 13 mini,26.0,True,3024,4032,1067.9494514899689,128.54420471191406,76.7775564293952,0.128662109375,0.0035044352213541665,d8dc7358e125b760,True,12.192768,0.75,148,True
000149.jpg,000149,.jpg,3393672,MPO,RGB,4032,3024,6,2025:10:12 10:52:58,Apple,iPhone 13 mini,26.0,True,3024,4032,2010.8000347610157,117.10422261555989,76.68604719280776,0.16568501790364584,0.0174102783203125,cbcb5624f494f22c,True,12.192768,0.75,149,True
000150.jpg,000150,.jpg,3484387,MPO,RGB,4032,3024,6,2025:10:12 10:53:04,Apple,iPhone 13 mini,26.0,True,3024,4032,1721.6178997678217,125.06710306803386,73.24751437952585,0.12972005208333334,0.012324015299479166,9e9e4501f93e9668,True,12.192768,0.75,150,True
000151.jpg,000151,.jpg,3784465,MPO,RGB,4032,3024,6,2025:10:12 10:53:07,Apple,iPhone 13 mini,26.0,True,3024,4032,523.5136810872291,127.96507771809895,61.456702985730395,0.10308837890625,5.0862630208333336e-05,caaba534d6ca0a73,True,12.192768,0.75,151,True
000152.jpg,000152,.jpg,2763135,MPO,RGB,4032,3024,6,2025:10:12 10:53:09,Apple,iPhone 13 mini,26.0,True,3024,4032,187.4036769167417,122.96903991699219,61.746723558490224,0.10214742024739583,0.00021870930989583334,d52c312f4f664a4b,True,12.192768,0.75,152,True
000153.jpg,000153,.jpg,3046971,MPO,RGB,4032,3024,6,2025:10:12 10:53:16,Apple,iPhone 13 mini,26.0,True,3024,4032,896.2941521232066,107.14815266927083,70.00035504238551,0.1367034912109375,0.009847005208333334,a5ac6b23fb01995a,True,12.192768,0.75,153,True
000154.jpg,000154,.jpg,2821825,MPO,RGB,4032,3024,6,2025:10:12 10:53:30,Apple,iPhone 13 mini,26.0,True,3024,4032,169.9582310259963,127.93871561686198,69.19556413168442,0.094757080078125,0.002716064453125,a6e66e62e2171695,True,12.192768,0.75,154,True
000155.jpg,000155,.jpg,2563374,MPO,RGB,4032,3024,6,2025:10:12 10:53:47,Apple,iPhone 13 mini,26.0,True,3024,4032,106.85053787915967,132.80955505371094,79.5476385146858,0.17745463053385416,5.086263020833333e-06,9e1e2a5ac7a438b6,True,12.192768,0.75,155,True
000156.jpg,000156,.jpg,3535685,MPO,RGB,4032,3024,6,2025:10:12 10:53:59,Apple,iPhone 13 mini,26.0,True,3024,4032,565.063801909383,116.72008260091145,65.28267380799572,0.035741170247395836,0.006174723307291667,cad57d199a333262,True,12.192768,0.75,156,True
000157.jpg,000157,.jpg,2993397,MPO,RGB,4032,3024,6,2025:10:12 10:54:13,Apple,iPhone 13 mini,26.0,True,3024,4032,216.72330215570727,109.19525146484375,54.74879176401414,0.026346842447916668,0.0007171630859375,8fb03c63c9dc616a,True,12.192768,0.75,157,True
000158.jpg,000158,.jpg,3373465,MPO,RGB,4032,3024,6,2025:10:12 10:54:20,Apple,iPhone 13 mini,26.0,True,3024,4032,593.9758832454681,107.12576802571614,69.21621578251977,0.09613037109375,0.0032806396484375,de87e12af501c07d,True,12.192768,0.75,158,True
000159.jpg,000159,.jpg,3125207,MPO,RGB,4032,3024,6,2025:10:12 10:54:27,Apple,iPhone 13 mini,26.0,True,3024,4032,815.2832650864857,113.09909057617188,68.36116937813831,0.055018107096354164,0.0004730224609375,cb80705fd7a0d91b,True,12.192768,0.75,159,True
000160.jpg,000160,.jpg,2876062,MPO,RGB,4032,3024,6,2025:10:12 10:54:42,Apple,iPhone 13 mini,26.0,True,3024,4032,149.9366755037465,112.44427998860677,68.92153610575446,0.14258829752604166,3.5603841145833336e-05,c274a41a960d7bb7,True,12.192768,0.75,160,True
000161.jpg,000161,.jpg,3781286,MPO,RGB,4032,3024,6,2025:10:12 10:54:47,Apple,iPhone 13 mini,26.0,True,3024,4032,1019.4995839663834,121.63644409179688,75.65409851169059,0.12481689453125,0.0016835530598958333,8ed75021aed51da3,True,12.192768,0.75,161,True
000162.jpg,000162,.jpg,2422065,MPO,RGB,4032,3024,6,2025:10:12 10:54:54,Apple,iPhone 13 mini,26.0,True,3024,4032,390.139664893944,131.9910125732422,69.7928286128114,0.11042277018229167,0.0035756429036458335,d286f138977429d6,True,12.192768,0.75,162,True
000163.jpg,000163,.jpg,3201595,MPO,RGB,4032,3024,6,2025:10:12 10:55:00,Apple,iPhone 13 mini,26.0,True,3024,4032,254.87959832449755,131.22144063313803,40.57710393591771,0.004374186197916667,0.0019327799479166667,8205fa2e55314feb,True,12.192768,0.75,163,True
000164.jpg,000164,.jpg,2817211,MPO,RGB,4032,3024,6,2025:10:12 10:55:04,Apple,iPhone 13 mini,26.0,True,3024,4032,849.2043595900759,112.20849100748698,65.30214733451089,0.09935506184895833,0.00201416015625,f0be8d82fc3c828e,True,12.192768,0.75,164,True
000165.jpg,000165,.jpg,2988769,MPO,RGB,4032,3024,6,2025:10:12 10:55:08,Apple,iPhone 13 mini,26.0,True,3024,4032,293.18106483975936,127.5156758626302,56.56743455860509,0.035064697265625,0.0007731119791666666,df0468ed4dc2c879,True,12.192768,0.75,165,True
000166.jpg,000166,.jpg,3418686,MPO,RGB,4032,3024,6,2025:10:12 10:55:11,Apple,iPhone 13 mini,26.0,True,3024,4032,427.9590853359291,128.95420837402344,64.87629104487976,0.07958475748697917,0.00250244140625,db7443e8d524d91c,True,12.192768,0.75,166,True
000167.jpg,000167,.jpg,2797224,MPO,RGB,4032,3024,6,2025:10:12 10:55:21,Apple,iPhone 13 mini,26.0,True,3024,4032,524.4915674688915,146.04861450195312,53.05918704836812,0.040430704752604164,0.0,9d362a753368526d,True,12.192768,0.75,167,True
000168.jpg,000168,.jpg,2707096,MPO,RGB,4032,3024,6,2025:10:12 10:55:39,Apple,iPhone 13 mini,26.0,True,3024,4032,537.4759737004579,113.31594848632812,71.10423078050503,0.1666412353515625,0.004664103190104167,fc436b380e9d8996,True,12.192768,0.75,168,True
000169.jpg,000169,.jpg,3013088,MPO,RGB,4032,3024,6,2025:10:12 10:56:02,Apple,iPhone 13 mini,26.0,True,3024,4032,426.1632962620093,114.56114196777344,55.97861567477535,0.04718017578125,0.001007080078125,835e7c14cb132e79,True,12.192768,0.75,169,True
000170.jpg,000170,.jpg,2957804,MPO,RGB,4032,3024,6,2025:10:12 10:56:28,Apple,iPhone 13 mini,26.0,True,3024,4032,119.93514891703512,109.8101806640625,64.72885976573492,0.17096964518229166,0.0014394124348958333,82ad5a2db9483d8f,True,12.192768,0.75,170,True
000171.jpg,000171,.jpg,2516697,MPO,RGB,4032,3024,6,2025:10:12 10:56:41,Apple,iPhone 13 mini,26.0,True,3024,4032,562.4558701654896,132.7291514078776,57.73128374857577,0.06823221842447917,0.0026092529296875,d62b5ab09690cdcb,True,12.192768,0.75,171,True
000172.jpg,000172,.jpg,2977549,MPO,RGB,4032,3024,6,2025:10:12 10:56:54,Apple,iPhone 13 mini,26.0,True,3024,4032,1151.3623447019813,140.95608520507812,61.62957415891348,0.07535298665364583,0.00018819173177083334,d46d6f4a460f2571,True,12.192768,0.75,172,True
000173.jpg,000173,.jpg,2430240,MPO,RGB,4032,3024,6,2025:10:12 10:57:13,Apple,iPhone 13 mini,26.0,True,3024,4032,224.33069369442657,129.5890655517578,66.80107375833822,0.026051839192708332,0.005040486653645833,cea86937632f8a2c,True,12.192768,0.75,173,True
000174.jpg,000174,.jpg,2599341,MPO,RGB,4032,3024,6,2025:10:12 10:57:17,Apple,iPhone 13 mini,26.0,True,3024,4032,417.09887155949974,118.14292907714844,71.42876346595028,0.10940043131510417,0.00323486328125,ee83ea329cd11a66,True,12.192768,0.75,174,True
000175.jpg,000175,.jpg,2872609,MPO,RGB,4032,3024,6,2025:10:12 10:57:23,Apple,iPhone 13 mini,26.0,True,3024,4032,234.11294189837972,124.72224934895833,68.85548011072409,0.043609619140625,0.009373982747395834,e9da6918563c6de0,True,12.192768,0.75,175,True
000176.jpg,000176,.jpg,2628095,MPO,RGB,4032,3024,6,2025:10:12 10:57:28,Apple,iPhone 13 mini,26.0,True,3024,4032,218.78232911081673,142.29966735839844,66.94155146812038,0.08028157552083333,0.006805419921875,b33130b2c396fb15,True,12.192768,0.75,176,True
000177.jpg,000177,.jpg,2808956,MPO,RGB,4032,3024,6,2025:10:12 10:57:35,Apple,iPhone 13 mini,26.0,True,3024,4032,201.25597844676426,130.66827392578125,65.80916266317989,0.057011922200520836,0.004633585611979167,c19978b1922ed7cc,True,12.192768,0.75,177,True
000178.jpg,000178,.jpg,2599559,MPO,RGB,4032,3024,6,2025:10:12 10:57:41,Apple,iPhone 13 mini,26.0,True,3024,4032,172.17191095112102,132.99942525227866,56.452204422417914,0.011973063151041666,0.004084269205729167,87bd281d9fd17882,True,12.192768,0.75,178,True
000179.jpg,000179,.jpg,2934410,MPO,RGB,4032,3024,6,2025:10:12 10:57:44,Apple,iPhone 13 mini,26.0,True,3024,4032,281.7960757944319,133.65264892578125,62.38347750883379,0.021260579427083332,0.004119873046875,dae9822e567229d6,True,12.192768,0.75,179,True
000180.jpg,000180,.jpg,2638759,MPO,RGB,4032,3024,6,2025:10:12 10:57:49,Apple,iPhone 13 mini,26.0,True,3024,4032,222.88398175396844,133.60070292154947,58.60619373866187,0.026580810546875,0.007944742838541666,d2e578d38ad34a07,True,12.192768,0.75,180,True
000181.jpg,000181,.jpg,2407030,MPO,RGB,4032,3024,6,2025:10:12 10:57:58,Apple,iPhone 13 mini,26.0,True,3024,4032,93.88915546735127,127.4921162923177,65.93226321786204,0.019775390625,0.0008748372395833334,85bab88ef048769e,True,12.192768,0.75,181,True
000182.jpg,000182,.jpg,3387249,MPO,RGB,4032,3024,6,2025:10:12 10:58:39,Apple,iPhone 13 mini,26.0,True,3024,4032,1237.1067779150844,118.45174662272136,63.893165119374125,0.07624308268229167,0.005320231119791667,ed6cac00ccfde815,True,12.192768,0.75,182,True
000183.jpg,000183,.jpg,2898226,MPO,RGB,4032,3024,6,2025:10:12 10:58:47,Apple,iPhone 13 mini,26.0,True,3024,4032,509.5058551525904,133.89916483561197,63.44286020138885,0.045725504557291664,0.00750732421875,db4d362212673e56,True,12.192768,0.75,183,True
000184.jpg,000184,.jpg,3073630,MPO,RGB,4032,3024,6,2025:10:12 10:58:56,Apple,iPhone 13 mini,26.0,True,3024,4032,680.3417078637414,108.50710550944011,64.86973884916904,0.13992818196614584,0.007314046223958333,fa585136972ce1e8,True,12.192768,0.75,184,True
000185.jpg,000185,.jpg,2700872,MPO,RGB,4032,3024,6,2025:10:12 10:59:07,Apple,iPhone 13 mini,26.0,True,3024,4032,627.1203280995445,139.5624542236328,68.85626416802127,0.11566162109375,0.0037282307942708335,d57d2a4a00257f3e,True,12.192768,0.75,185,True
000186.jpg,000186,.jpg,2806065,MPO,RGB,4032,3024,6,2025:10:12 10:59:27,Apple,iPhone 13 mini,26.0,True,3024,4032,254.0818215614546,141.91102091471353,52.888469084947666,0.023793538411458332,0.006724039713541667,f85014bddec92d2c,True,12.192768,0.75,186,True
000187.jpg,000187,.jpg,2852135,MPO,RGB,4032,3024,6,2025:10:12 10:59:43,Apple,iPhone 13 mini,26.0,True,3024,4032,638.379724747579,149.78897603352866,55.67410955685236,0.01348876953125,0.0034128824869791665,80c65f6e4f06597a,True,12.192768,0.75,187,True
000188.jpg,000188,.jpg,4058481,MPO,RGB,3024,4032,1,2025:10:12 10:59:58,Apple,iPhone 13 mini,26.0,True,3024,4032,1201.212998220904,134.3446807861328,59.45873768169206,0.055272420247395836,0.0027414957682291665,985c29d3d803f1f9,True,12.192768,0.75,188,True
000189.jpg,000189,.jpg,2547336,MPO,RGB,4032,3024,6,2025:10:12 11:00:13,Apple,iPhone 13 mini,26.0,True,3024,4032,478.1939135342579,111.75048828125,64.62780086478537,0.1205596923828125,0.01611328125,acde3af2528e7181,True,12.192768,0.75,189,True
000190.jpg,000190,.jpg,3485250,MPO,RGB,4032,3024,6,2025:10:12 11:00:28,Apple,iPhone 13 mini,26.0,True,3024,4032,823.1396889050957,99.62305704752605,63.085772814776014,0.003662109375,0.0022481282552083335,da214f7e2987f1c0,True,12.192768,0.75,190,True
000191.jpg,000191,.jpg,3735582,MPO,RGB,4032,3024,6,2025:10:12 11:00:44,Apple,iPhone 13 mini,26.0,True,3024,4032,940.0952831555364,96.55908203125,70.87751935812766,0.18464152018229166,0.0070037841796875,9a02751c9e6da5ce,True,12.192768,0.75,191,True
000192.jpg,000192,.jpg,3118621,MPO,RGB,4032,3024,6,2025:10:12 11:00:48,Apple,iPhone 13 mini,26.0,True,3024,4032,688.3395866195982,121.16589864095052,76.3096045120392,0.18439737955729166,0.009857177734375,dad2f505cb3459a4,True,12.192768,0.75,192,True
000193.jpg,000193,.jpg,2927054,MPO,RGB,4032,3024,6,2025:10:12 11:00:58,Apple,iPhone 13 mini,26.0,True,3024,4032,285.9395290679143,135.07380167643228,80.42466395550262,0.12889607747395834,0.0025227864583333335,e4e63203fd9a70a9,True,12.192768,0.75,193,True
000194.jpg,000194,.jpg,3178340,MPO,RGB,4032,3024,6,2025:10:12 11:01:28,Apple,iPhone 13 mini,26.0,True,3024,4032,732.3482590770712,112.90784200032552,66.56201046335856,0.07697041829427083,0.0014088948567708333,da18f521d62bda4a,True,12.192768,0.75,194,True
000195.jpg,000195,.jpg,2879388,MPO,RGB,4032,3024,6,2025:10:12 11:01:33,Apple,iPhone 13 mini,26.0,True,3024,4032,321.0410355055291,125.02479553222656,70.7059134220007,0.11749267578125,0.007120768229166667,ddf8305ae02f605b,True,12.192768,0.75,195,True
000196.jpg,000196,.jpg,2695170,MPO,RGB,4032,3024,6,2025:10:12 11:01:44,Apple,iPhone 13 mini,26.0,True,3024,4032,207.23013727273792,125.13494364420573,60.47887717376118,0.058191935221354164,0.0027414957682291665,d53a6a39952215d7,True,12.192768,0.75,196,True
000197.jpg,000197,.jpg,1912969,MPO,RGB,4032,3024,6,2025:10:12 11:01:50,Apple,iPhone 13 mini,26.0,True,3024,4032,219.18913477617832,131.82791137695312,66.37452365408923,0.060541788736979164,0.007548014322916667,d52b7ad54b0d2a34,True,12.192768,0.75,197,True
000198.jpg,000198,.jpg,3988189,MPO,RGB,4032,3024,6,2025:10:12 11:01:58,Apple,iPhone 13 mini,26.0,True,3024,4032,2625.9512916794047,123.42760721842448,62.26600727683273,0.0517578125,0.006779988606770833,c67621f2b2547dc1,True,12.192768,0.75,198,True
000199.jpg,000199,.jpg,3020657,MPO,RGB,4032,3024,6,2025:10:12 11:02:05,Apple,iPhone 13 mini,26.0,True,3024,4032,826.901516996919,120.11897277832031,53.119678909169245,0.0323944091796875,0.0012613932291666667,d75485728ace71c5,True,12.192768,0.75,199,True
000200.jpg,000200,.jpg,2649465,MPO,RGB,4032,3024,6,2025:10:12 11:02:32,Apple,iPhone 13 mini,26.0,True,3024,4032,1386.332074588139,137.30827840169272,72.98179717395426,0.1446380615234375,0.0017954508463541667,805f1f04e7c59fa1,True,12.192768,0.75,200,True
000201.jpg,000201,.jpg,2864369,MPO,RGB,4032,3024,6,2025:10:12 11:02:40,Apple,iPhone 13 mini,26.0,True,3024,4032,1866.2184492535628,142.92431640625,69.5933928261407,0.058644612630208336,0.0013580322265625,ef4170a0a0a3abef,True,12.192768,0.75,201,True
000202.jpg,000202,.jpg,2558843,MPO,RGB,4032,3024,6,2025:10:12 11:02:51,Apple,iPhone 13 mini,26.0,True,3024,4032,158.3042471296827,131.60713704427084,54.338170338199866,0.025975545247395832,0.0028584798177083335,da2bb24958b434db,True,12.192768,0.75,202,True
000203.jpg,000203,.jpg,2633242,MPO,RGB,4032,3024,6,2025:10:12 11:03:00,Apple,iPhone 13 mini,26.0,True,3024,4032,893.6068875100203,118.18385314941406,63.63685743280203,0.015508015950520834,0.008234659830729166,886ca007cb357fcb,True,12.192768,0.75,203,True
000204.jpg,000204,.jpg,3111797,MPO,RGB,4032,3024,6,2025:10:12 11:03:09,Apple,iPhone 13 mini,26.0,True,3024,4032,1905.0935307508335,117.41566467285156,48.96219280048527,0.037506103515625,0.0038299560546875,d650a539cbca255b,True,12.192768,0.75,204,True
000205.jpg,000205,.jpg,2837322,MPO,RGB,4032,3024,6,2025:10:12 11:03:28,Apple,iPhone 13 mini,26.0,True,3024,4032,360.49861117511904,121.29647318522136,72.94090038174109,0.12258402506510417,0.004419962565104167,8704b077999977f0,True,12.192768,0.75,205,True
000206.jpg,000206,.jpg,2695628,MPO,RGB,4032,3024,6,2025:10:12 11:03:35,Apple,iPhone 13 mini,26.0,True,3024,4032,386.38695232032075,123.76522318522136,66.12245593255967,0.10374959309895833,0.005564371744791667,f7508a8fafc43131,True,12.192768,0.75,206,True
000207.jpg,000207,.jpg,2418516,MPO,RGB,4032,3024,6,2025:10:12 11:03:43,Apple,iPhone 13 mini,26.0,True,3024,4032,93.2890165932218,117.02913920084636,61.96194791817677,0.14174906412760416,0.006891886393229167,9f5a3b81e1657492,True,12.192768,0.75,207,True
000208.jpg,000208,.jpg,2826624,MPO,RGB,4032,3024,6,2025:10:12 11:03:52,Apple,iPhone 13 mini,26.0,True,3024,4032,413.74148708268916,112.80905659993489,62.73624226972363,0.13451639811197916,0.0056610107421875,fd78512b6ac21d31,True,12.192768,0.75,208,True
000209.jpg,000209,.jpg,3026318,MPO,RGB,4032,3024,6,2025:10:12 11:03:57,Apple,iPhone 13 mini,26.0,True,3024,4032,2511.3363841374717,151.07577514648438,57.042889753881944,0.047327677408854164,0.0035146077473958335,d0c57fc729a4152d,True,12.192768,0.75,209,True
000210.jpg,000210,.jpg,3789900,MPO,RGB,4032,3024,6,2025:10:12 11:04:21,Apple,iPhone 13 mini,26.0,True,3024,4032,4057.522626908263,132.56183369954428,70.21610479597899,0.0529327392578125,0.0016326904296875,c06e5fc6e6c09b15,True,12.192768,0.75,210,True
000211.jpg,000211,.jpg,2432703,MPO,RGB,4032,3024,6,2025:10:12 11:04:42,Apple,iPhone 13 mini,26.0,True,3024,4032,207.2883680566059,126.7845458984375,75.20130791048409,0.14734395345052084,0.0074310302734375,c2613da9a1b6d9d2,True,12.192768,0.75,211,True
000212.jpg,000212,.jpg,3281703,MPO,RGB,4032,3024,6,2025:10:12 11:04:48,Apple,iPhone 13 mini,26.0,True,3024,4032,1782.4768184149998,105.75454711914062,62.12641033963427,0.07941182454427083,0.0018717447916666667,a65f000f29d8fbaa,True,12.192768,0.75,212,True
000213.jpg,000213,.jpg,2844642,MPO,RGB,4032,3024,6,2025:10:12 11:04:55,Apple,iPhone 13 mini,26.0,True,3024,4032,133.22690497750105,132.50812784830728,59.4984684172347,0.045145670572916664,0.0040740966796875,ac285add852df193,True,12.192768,0.75,213,True
000214.jpg,000214,.jpg,2789025,MPO,RGB,4032,3024,6,2025:10:12 11:05:14,Apple,iPhone 13 mini,26.0,True,3024,4032,700.709823254263,136.41412353515625,67.08565220188724,0.07999674479166667,0.0025126139322916665,df188022a1d76f8f,True,12.192768,0.75,214,True
000215.jpg,000215,.jpg,3020003,MPO,RGB,4032,3024,6,2025:10:12 11:05:23,Apple,iPhone 13 mini,26.0,True,3024,4032,727.5092856353149,129.0619659423828,80.30322908973578,0.07253519694010417,0.008768717447916666,c2d2c034cbf89e6d,True,12.192768,0.75,215,True
000216.jpg,000216,.jpg,2835472,MPO,RGB,4032,3024,6,2025:10:12 11:05:32,Apple,iPhone 13 mini,26.0,True,3024,4032,1277.9802637033993,120.16623433430989,65.89812745228339,0.0650482177734375,0.0017903645833333333,d5c9616de82d8d1c,True,12.192768,0.75,216,True
000217.jpg,000217,.jpg,2367528,MPO,RGB,4032,3024,6,2025:10:12 11:05:42,Apple,iPhone 13 mini,26.0,True,3024,4032,777.1836459435677,131.13383992513022,70.13227198669931,0.15860493977864584,0.0058441162109375,a5d43ddc152fd214,True,12.192768,0.75,217,True
000218.jpg,000218,.jpg,2677167,MPO,RGB,4032,3024,6,2025:10:12 11:06:04,Apple,iPhone 13 mini,26.0,True,3024,4032,376.17029554642636,123.78912353515625,67.69175241670273,0.14623006184895834,0.0015411376953125,c949f0428126bfdf,True,12.192768,0.75,218,True
000219.jpg,000219,.jpg,3060725,MPO,RGB,4032,3024,6,2025:10:12 11:06:24,Apple,iPhone 13 mini,26.0,True,3024,4032,658.128584434175,125.05826314290364,66.46125730309988,0.10062662760416667,0.008092244466145834,f8a9a034d297572b,True,12.192768,0.75,219,True
000220.jpg,000220,.jpg,3050879,MPO,RGB,4032,3024,6,2025:10:12 11:06:28,Apple,iPhone 13 mini,26.0,True,3024,4032,283.5047775171697,138.96180725097656,60.13224156540968,0.0555419921875,0.0009206136067708334,da9a203dcb5ec88b,True,12.192768,0.75,220,True
000221.jpg,000221,.jpg,3217569,MPO,RGB,4032,3024,6,2025:10:12 11:06:34,Apple,iPhone 13 mini,26.0,True,3024,4032,634.4433199365676,123.78767903645833,67.36392273246449,0.11087544759114583,0.0031178792317708335,dada61295265a1de,True,12.192768,0.75,221,True
000222.jpg,000222,.jpg,2747548,MPO,RGB,4032,3024,6,2025:10:12 11:06:41,Apple,iPhone 13 mini,26.0,True,3024,4032,663.5141743644036,129.17940266927084,76.76077934088997,0.14468892415364584,0.000946044921875,9abee8f7a3191881,True,12.192768,0.75,222,True
000223.jpg,000223,.jpg,2631246,MPO,RGB,4032,3024,6,2025:10:12 11:07:00,Apple,iPhone 13 mini,26.0,True,3024,4032,82.30870549039294,114.36669921875,72.73071447517677,0.1254730224609375,0.0008341471354166666,ea2a325ec8356e2d,True,12.192768,0.75,223,True
000224.jpg,000224,.jpg,3139395,MPO,RGB,4032,3024,6,2025:10:12 11:07:17,Apple,iPhone 13 mini,26.0,True,3024,4032,439.00471631434965,116.01359558105469,61.89244655272763,0.11142985026041667,0.0040435791015625,f089274f158ba7b8,True,12.192768,0.75,224,True
000225.jpg,000225,.jpg,3212602,MPO,RGB,4032,3024,6,2025:10:12 11:08:08,Apple,iPhone 13 mini,26.0,True,3024,4032,410.0920562650751,105.10253397623698,77.44904442344242,0.18813069661458334,0.0131378173828125,dbc96107d6366c25,True,12.192768,0.75,225,True
000226.jpg,000226,.jpg,2746019,MPO,RGB,4032,3024,6,2025:10:12 11:08:41,Apple,iPhone 13 mini,26.0,True,3024,4032,532.9612832192538,127.01366678873698,58.344539224775545,0.045033772786458336,0.002227783203125,8e54a5f1d66a3e41,True,12.192768,0.75,226,True
000227.jpg,000227,.jpg,3496366,MPO,RGB,4032,3024,6,2025:10:12 11:08:58,Apple,iPhone 13 mini,26.0,True,3024,4032,1016.6858881022523,123.76435852050781,72.59212840209558,0.0761260986328125,0.0014139811197916667,8b9b7021de5255da,True,12.192768,0.75,227,True
000228.jpg,000228,.jpg,2514961,JPEG,RGB,4032,3024,6,2025:10:12 11:10:13,Apple,iPhone 13 mini,26.0,True,3024,4032,227.66631203763086,151.83321634928384,64.36983199120148,0.022481282552083332,0.000701904296875,bf271c484b0fcbc2,True,12.192768,0.75,228,True
000229.jpg,000229,.jpg,2488526,MPO,RGB,4032,3024,6,2025:10:12 11:10:25,Apple,iPhone 13 mini,26.0,True,3024,4032,388.54586772804356,127.65441385904948,66.8334924209104,0.07950337727864583,0.0015411376953125,c56e583d13592a6d,True,12.192768,0.75,229,True
000230.jpg,000230,.jpg,2789909,MPO,RGB,4032,3024,6,2025:10:12 11:10:47,Apple,iPhone 13 mini,26.0,True,3024,4032,813.5980469335074,122.39485677083333,63.49120906660425,0.070404052734375,0.009552001953125,c9257d35a0517adc,True,12.192768,0.75,230,True
000231.jpg,000231,.jpg,2526185,MPO,RGB,4032,3024,6,2025:10:12 11:11:51,Apple,iPhone 13 mini,26.0,True,3024,4032,170.21670279380245,130.8315175374349,64.18693382336595,0.0671234130859375,0.008565266927083334,d111a5e6ea259e9a,True,12.192768,0.75,231,True
000232.jpg,000232,.jpg,3124071,MPO,RGB,4032,3024,6,2025:10:12 11:12:12,Apple,iPhone 13 mini,26.0,True,3024,4032,477.68766529692556,120.97385660807292,69.27268658515332,0.09465535481770833,0.0025685628255208335,b878e93bd6107871,True,12.192768,0.75,232,True
000233.jpg,000233,.jpg,2695099,MPO,RGB,4032,3024,6,2025:10:12 11:12:20,Apple,iPhone 13 mini,26.0,True,3024,4032,673.7209622056689,116.32870992024739,63.5677340228289,0.09279886881510417,0.0030161539713541665,d5348bb2205e4fa7,True,12.192768,0.75,233,True
000234.jpg,000234,.jpg,2563677,MPO,RGB,4032,3024,6,2025:10:12 11:12:30,Apple,iPhone 13 mini,26.0,True,3024,4032,836.4056952777837,146.74689229329428,69.01898011927788,0.0825347900390625,0.0005340576171875,d179e7a454592b86,True,12.192768,0.75,234,True
000235.jpg,000235,.jpg,830491,JPEG,RGB,3024,4032,1,,,,,False,3024,4032,2216.295145679576,140.26526387532553,49.502436244267706,0.028086344401041668,0.012334187825520834,d55552086aecf46e,True,12.192768,0.75,235,True
000236.jpg,000236,.jpg,1342015,JPEG,RGB,3024,4032,1,,,,,False,3024,4032,2051.2928683078694,151.0899912516276,43.58894327316631,0.0008646647135416666,0.0,c02adfb1c05e3b71,True,12.192768,0.75,236,True
000237.jpg,000237,.jpg,1636298,JPEG,RGB,3024,4032,1,,,,,False,3024,4032,2537.382266496516,150.2223154703776,56.73459077987795,0.0,5.086263020833333e-06,808f5780d72fe167,True,12.192768,0.75,237,True
000238.jpg,000238,.jpg,1015438,JPEG,RGB,3024,4032,1,,,,,False,3024,4032,697.6008478816753,120.8502197265625,82.17392098563597,0.14716084798177084,0.022516886393229168,834b3e9081bf4ff0,True,12.192768,0.75,238,True
000239.jpg,000239,.jpg,875423,JPEG,RGB,3024,4032,1,,,,,False,3024,4032,533.1066870936711,149.62072245279947,57.22052809892721,0.005956013997395833,0.0008138020833333334,d2807a5feb7a8a21,True,12.192768,0.75,239,True
000240.jpg,000240,.jpg,999991,JPEG,RGB,3024,4032,1,,,,,False,3024,4032,1749.9604160759802,147.59991455078125,58.30612963491717,0.0037384033203125,0.000518798828125,94956bd503266d9b,True,12.192768,0.75,240,True
000241.jpg,000241,.jpg,1009624,JPEG,RGB,3024,4032,1,,,,,False,3024,4032,2125.6055906013485,150.43815104166666,52.371602601960056,0.006551106770833333,0.00021870930989583334,91c132df807ec597,True,12.192768,0.75,241,True
000242.jpg,000242,.jpg,835072,JPEG,RGB,3024,4032,1,,,,,False,3024,4032,972.1624800016224,141.40518697102866,42.992192740413465,0.013529459635416666,0.0003153483072916667,d43d2ad2d43d0dd2,True,12.192768,0.75,242,True
000243.jpg,000243,.jpg,655784,JPEG,RGB,3024,4032,1,,,,,False,3024,4032,188.75211870046846,142.43267313639322,46.657589935830686,0.0,0.0003458658854166667,c77a7885ca7c1169,True,12.192768,0.75,243,True
000244.jpg,000244,.jpg,655031,JPEG,RGB,3024,4032,1,,,,,False,3024,4032,420.12314394602777,147.71541849772134,43.31367843399438,0.00010172526041666667,0.0,d53a5a95ea3a1552,True,12.192768,0.75,244,True
000245.jpg,000245,.jpg,1282794,JPEG,RGB,3024,4032,1,,,,,False,3024,4032,1194.0471196158064,115.58504740397136,56.45639479596929,0.0085601806640625,0.00042724609375,de817396b429d6c2,True,12.192768,0.75,245,True
000246.jpg,000246,.jpg,1484188,JPEG,RGB,3024,4032,1,,,,,False,3024,4032,1657.0386865505077,133.3040008544922,52.5324092157412,0.031545003255208336,0.0038960774739583335,eda995956d349486,True,12.192768,0.75,246,True
000247.jpg,000247,.jpg,775979,JPEG,RGB,3024,4032,1,,,,,False,3024,4032,258.04200126220366,143.38433837890625,50.44286394388617,0.010518391927083334,0.0016276041666666667,fb1b310f16c61e16,True,12.192768,0.75,247,True
000248.jpg,000248,.jpg,1139365,JPEG,RGB,3024,4032,1,,,,,False,3024,4032,2424.360197079575,135.2144571940104,50.54989302771956,0.027679443359375,0.000396728515625,d7d319cc03f46391,True,12.192768,0.75,248,True
000249.jpg,000249,.jpg,986917,JPEG,RGB,3024,4032,1,,,,,False,3024,4032,1491.3005390980331,140.53951517740884,54.38003537801502,0.0224151611328125,0.0014699300130208333,de90a93eac4b906d,True,12.192768,0.75,249,True
000250.jpg,000250,.jpg,1145625,JPEG,RGB,3024,4032,1,,,,,False,3024,4032,1709.8072248889496,138.53153483072916,54.46150506809066,0.026585896809895832,0.0009663899739583334,f17a4a96d927e502,True,12.192768,0.75,250,True
000251.jpg,000251,.jpg,1098364,JPEG,RGB,3024,4032,1,,,,,False,3024,4032,903.4516039329013,126.66456095377605,72.39282294523126,0.049550374348958336,0.005961100260416667,80da7a91bf4fa434,True,12.192768,0.75,251,True
000252.jpg,000252,.jpg,775968,JPEG,RGB,3024,4032,1,,,,,False,3024,4032,320.78230559367995,131.55755106608072,52.6631762225818,0.0025634765625,0.000335693359375,d72f686087cb78d0,True,12.192768,0.75,252,True
000253.jpg,000253,.jpg,1037573,JPEG,RGB,3024,4032,1,,,,,False,3024,4032,945.1226382544264,132.4235382080078,39.20133819825311,0.0035552978515625,0.0009053548177083334,faeaad24a26339a2,True,12.192768,0.75,253,True
000254.jpg,000254,.jpg,942814,JPEG,RGB,3024,4032,1,,,,,False,3024,4032,1241.8376357141467,130.466064453125,53.60685054509671,0.023015340169270832,0.0072479248046875,d1953d55c22d2fe0,True,12.192768,0.75,254,True
000255.jpg,000255,.jpg,874239,JPEG,RGB,3024,4032,1,,,,,False,3024,4032,794.0124588261048,139.4555206298828,45.86785933037565,0.006317138671875,0.0006357828776041666,d72e7a7297276102,True,12.192768,0.75,255,True
000256.jpg,000256,.jpg,844537,JPEG,RGB,3024,4032,1,,,,,False,3024,4032,678.6973324632272,118.75032552083333,56.16391524698576,0.059397379557291664,0.000274658203125,8dcf70345f36340b,True,12.192768,0.75,256,True
000257.jpg,000257,.jpg,961947,JPEG,RGB,3024,4032,1,,,,,False,3024,4032,266.8124000638879,129.08244832356772,52.310513561465875,0.045710245768229164,0.0038859049479166665,80a83f857f95785c,True,12.192768,0.75,257,True
000258.jpg,000258,.jpg,766539,JPEG,RGB,3024,4032,1,,,,,False,3024,4032,558.1436787648903,138.9810536702474,74.87111023832969,0.17256673177083334,0.006230672200520833,fc1cc17031cf7361,True,12.192768,0.75,258,True
000259.jpg,000259,.jpg,883697,JPEG,RGB,3024,4032,1,,,,,False,3024,4032,1069.9220183984273,144.6988067626953,53.06480079770282,0.04534912109375,9.1552734375e-05,89da2706c2697d6b,True,12.192768,0.75,259,True
000260.jpg,000260,.jpg,1254088,JPEG,RGB,4284,5712,1,,,,,False,4284,5712,182.57032579183578,152.54934692382812,55.66670311884244,0.015207926432291666,0.0035756429036458335,a9294b145c967b67,True,24.470208,0.75,260,True
000261.png,000261,.png,9161434,PNG,RGB,1179,2556,1,2025:10:07 20:25:25,,,,True,1179,2556,1338.4248352489126,92.72365764036017,63.91183564983665,0.2130313162076271,0.0,f8e0583f079707aa,True,3.013524,0.4612676056338028,261,True
000262.jpg,000262,.jpg,885178,JPEG,RGB,3024,4032,1,,,,,False,3024,4032,156.77981735227834,126.63258361816406,52.09586740178111,0.0442352294921875,0.00014750162760416666,cac04077df5b252e,True,12.192768,0.75,262,True
000263.jpg,000263,.jpg,1175753,JPEG,RGB,3024,4032,1,,,,,False,3024,4032,556.5995713289207,117.97627766927083,53.8267370708376,0.039143880208333336,4.0690104166666664e-05,c61f24e8964f39aa,True,12.192768,0.75,263,True
000264.jpg,000264,.jpg,985434,JPEG,RGB,3024,4032,1,,,,,False,3024,4032,77.03883007166182,142.15172322591147,60.872221065487096,0.027399698893229168,2.5431315104166668e-05,d0ca3e95d52a8a3d,True,12.192768,0.75,264,True
000265.jpg,000265,.jpg,1061606,JPEG,RGB,3024,4032,1,,,,,False,3024,4032,464.74275263023765,113.95277913411458,59.24559670361417,0.0643463134765625,0.0010325113932291667,d2edc220cf445f4e,True,12.192768,0.75,265,True
000266.jpg,000266,.jpg,1380852,JPEG,RGB,3024,4032,1,,,,,False,3024,4032,822.0555819918712,94.54783121744792,54.22770446979994,0.0449981689453125,0.006357828776041667,abcbca15d4b05a2d,True,12.192768,0.75,266,True
000267.jpg,000267,.jpg,956869,JPEG,RGB,3024,4032,1,,,,,False,3024,4032,235.95009725600372,108.8075459798177,53.69439546047129,0.06322224934895833,0.005269368489583333,bb8b184e99367626,True,12.192768,0.75,267,True
000268.jpg,000268,.jpg,1061588,JPEG,RGB,3024,4032,1,,,,,False,3024,4032,217.4960879376158,117.65455118815105,61.2318098108556,0.0929107666015625,0.0005900065104166666,a84d3fdf5880621f,True,12.192768,0.75,268,True
000269.jpg,000269,.jpg,1362207,JPEG,RGB,3024,4032,1,,,,,False,3024,4032,2571.585634357581,148.17986043294272,53.246859499375894,0.029383341471354168,0.001190185546875,d5d54ad44e9e32c4,True,12.192768,0.75,269,True
000270.jpg,000270,.jpg,1531308,JPEG,RGB,3024,4032,1,,,,,False,3024,4032,1925.412341586599,135.1288045247396,49.90566327196202,0.0203704833984375,0.0031178792317708335,c2fed1901eb43395,True,12.192768,0.75,270,True
000271.jpg,000271,.jpg,1322608,JPEG,RGB,3024,4032,1,,,,,False,3024,4032,1189.6014481160994,142.21891276041666,53.117113863717584,0.016962687174479168,0.0016682942708333333,c70546fd6e9bc098,True,12.192768,0.75,271,True
000272.jpg,000272,.jpg,1244194,JPEG,RGB,3024,4032,1,,,,,False,3024,4032,1503.7237026807077,140.75770568847656,53.679058950027695,0.008199055989583334,0.00115966796875,950b7fc03e8b9615,True,12.192768,0.75,272,True
000273.jpg,000273,.jpg,1320633,JPEG,RGB,3024,4032,1,,,,,False,3024,4032,1842.230815306073,139.92426554361978,58.44467748133216,0.048039754231770836,0.0014495849609375,f5927eaa02034f97,True,12.192768,0.75,273,True
000274.jpg,000274,.jpg,1460294,JPEG,RGB,3024,4032,1,,,,,False,3024,4032,3598.5159640249844,162.84795633951822,56.36550775854527,0.005930582682291667,0.0,d7d52a8463d54c9a,True,12.192768,0.75,274,True
000275.jpg,000275,.jpg,1482304,JPEG,RGB,3024,4032,1,,,,,False,3024,4032,2842.929611027836,142.69745890299478,52.10495808808588,0.026789347330729168,0.0007731119791666666,d59563e09f0f0e07,True,12.192768,0.75,275,True
000276.jpg,000276,.jpg,1107216,JPEG,RGB,3024,4032,1,,,,,False,3024,4032,517.3039831642269,115.73671468098958,51.74971709974165,0.032084147135416664,5.0862630208333336e-05,e2156e95527f3e80,True,12.192768,0.75,276,True
000277.jpg,000277,.jpg,1054798,JPEG,RGB,3024,4032,1,,,,,False,3024,4032,274.48097055009566,129.6318613688151,46.2468711272507,0.00250244140625,0.0035959879557291665,8b066e17ce71a29e,True,12.192768,0.75,277,True
000278.jpg,000278,.jpg,1184749,JPEG,RGB,3024,4032,1,,,,,False,3024,4032,324.5691150674958,123.83769226074219,63.21685330975875,0.049565633138020836,0.0016021728515625,ae7c6894ab637845,True,12.192768,0.75,278,True
000279.jpg,000279,.jpg,1169358,JPEG,RGB,3024,4032,1,,,,,False,3024,4032,954.9496581038824,129.42249043782553,69.65283876890157,0.019282023111979168,0.0011240641276041667,d72afa9587ac4885,True,12.192768,0.75,279,True
000280.jpg,000280,.jpg,1208022,JPEG,RGB,3024,4032,1,,,,,False,3024,4032,660.6120643466454,136.31505330403647,53.76774718027572,0.0323028564453125,2.5431315104166668e-05,ee4fa05c48c11f97,True,12.192768,0.75,280,True
000281.jpg,000281,.jpg,1213753,JPEG,RGB,3024,4032,1,,,,,False,3024,4032,975.2569133984701,146.4706268310547,43.84346637890289,0.008036295572916666,0.0028839111328125,c3c34ada3ac52adc,True,12.192768,0.75,281,True
000282.jpg,000282,.jpg,1388748,JPEG,RGB,3024,4032,1,,,,,False,3024,4032,1718.6302775384393,137.3631134033203,53.13146875689329,0.00299072265625,0.0008494059244791666,95e1427aaa90bed5,True,12.192768,0.75,282,True
000283.jpg,000283,.jpg,1082696,JPEG,RGB,3024,4032,1,,,,,False,3024,4032,288.42563144200375,139.5444793701172,66.78311067629232,0.08278401692708333,0.004791259765625,edc93479c238ca27,True,12.192768,0.75,283,True
000284.jpg,000284,.jpg,1796605,JPEG,RGB,3024,4032,1,,,,,False,3024,4032,1645.841988897572,154.18444315592447,51.697963753589754,0.005462646484375,0.0029551188151041665,95dd61962c9ad2c6,True,12.192768,0.75,284,True
000285.jpg,000285,.jpg,1208614,JPEG,RGB,3024,4032,1,,,,,False,3024,4032,303.7078603102256,133.17537943522134,56.94680908756169,0.044336954752604164,0.0010172526041666667,cf27252f8711cab1,True,12.192768,0.75,285,True
000286.jpg,000286,.jpg,1249288,JPEG,RGB,3024,4032,1,,,,,False,3024,4032,1524.1635249399635,152.53108723958334,47.6068246086889,0.0147705078125,0.0009053548177083334,d0d07bc6fa066b98,True,12.192768,0.75,286,True
000287.jpg,000287,.jpg,1601261,JPEG,RGB,3024,4032,1,,,,,False,3024,4032,3776.1542082178253,170.06280008951822,51.17175043755189,0.0027821858723958335,0.0006459554036458334,9f1e1d9c2a942d9c,True,12.192768,0.75,287,True
000288.jpg,000288,.jpg,1389184,JPEG,RGB,3024,4032,1,,,,,False,3024,4032,284.6097901125904,118.22395833333333,43.38490313790471,0.0119781494140625,0.0015716552734375,fe22ec19e6c59684,True,12.192768,0.75,288,True
000289.jpg,000289,.jpg,1314077,JPEG,RGB,3024,4032,1,,,,,False,3024,4032,327.0362786197156,123.34044901529948,40.55184839272576,0.0036112467447916665,0.0031483968098958335,f72dc91265c39a45,True,12.192768,0.75,289,True
000290.jpg,000290,.jpg,1381701,JPEG,RGB,3024,4032,1,,,,,False,3024,4032,1299.6593475180105,126.9184061686198,53.72172018053467,0.0271148681640625,0.0003000895182291667,c90d2f9be3101b9d,True,12.192768,0.75,290,True
000291.jpg,000291,.jpg,1404663,JPEG,RGB,3024,4032,1,,,,,False,3024,4032,2005.974497175465,153.89806620279947,69.05284321864985,0.016103108723958332,0.013727823893229166,c34b05adafbe8294,True,12.192768,0.75,291,True
000292.jpg,000292,.jpg,763993,JPEG,RGB,3024,4032,1,,,,,False,3024,4032,38.68982366573376,119.99822489420573,64.55014369407823,0.1364898681640625,0.0060577392578125,e413cf13b5b493a1,True,12.192768,0.75,292,True
000293.jpg,000293,.jpg,908379,JPEG,RGB,3024,4032,1,,,,,False,3024,4032,489.8118848862489,127.47662353515625,66.29742502135446,0.06613667805989583,0.0008341471354166666,c03435a0addabfe8,True,12.192768,0.75,293,True
000294.jpg,000294,.jpg,1181788,JPEG,RGB,3024,4032,1,,,,,False,3024,4032,755.2748536986765,131.84944661458334,59.170456325027544,0.031748453776041664,0.0019022623697916667,a46c6e84870f2b7b,True,12.192768,0.75,294,True
000295.jpg,000295,.jpg,1083735,JPEG,RGB,3024,4032,1,,,,,False,3024,4032,626.0266682312877,121.59582010904948,51.6439778465975,0.0006764729817708334,0.0010833740234375,95ea606a7ac5e585,True,12.192768,0.75,295,True
000296.jpg,000296,.jpg,861454,JPEG,RGB,3024,4032,1,,,,,False,3024,4032,88.86642079342467,94.93553161621094,50.74388137605473,0.005589803059895833,0.006617228190104167,c8a470682d1f0fdf,True,12.192768,0.75,296,True
000297.jpg,000297,.jpg,1186531,JPEG,RGB,3024,4032,1,,,,,False,3024,4032,434.02946711577397,157.6694081624349,47.96200369069451,0.010050455729166666,0.0004374186197916667,e5c0989a8367679d,True,12.192768,0.75,297,True
000298.jpg,000298,.jpg,1140535,JPEG,RGB,3024,4032,1,,,,,False,3024,4032,1577.7479286930368,142.2565460205078,61.924951439424675,0.007609049479166667,0.0016377766927083333,b52a6261ca8e9e9b,True,12.192768,0.75,298,True
000299.jpg,000299,.jpg,1721533,JPEG,RGB,3024,4032,1,,,,,False,3024,4032,1623.4286529660847,131.15572611490884,52.94745085219211,0.014699300130208334,0.0015207926432291667,bbc26b3b2b69d0c0,True,12.192768,0.75,299,True
000300.jpg,000300,.jpg,999063,JPEG,RGB,3024,4032,1,,,,,False,3024,4032,837.7318158595718,155.6291707356771,52.546044473927246,0.0215301513671875,0.0020395914713541665,a6956ab56524c9e6,True,12.192768,0.75,300,True
000301.jpg,000301,.jpg,1005007,JPEG,RGB,3024,4032,1,,,,,False,3024,4032,484.19473773861927,123.724365234375,66.68826387132366,0.062037150065104164,0.0014088948567708333,8b0b43c1f038fb9d,True,12.192768,0.75,301,True
000302.jpg,000302,.jpg,1209383,JPEG,RGB,3024,4032,1,,,,,False,3024,4032,272.21405113154714,139.0281728108724,50.86795747272244,0.015950520833333332,0.000823974609375,c3f3737a6252a854,True,12.192768,0.75,302,True
000303.jpg,000303,.jpg,1451839,JPEG,RGB,3024,4032,1,,,,,False,3024,4032,2268.60443026231,117.58733622233073,60.35922931807446,0.0137481689453125,0.0034281412760416665,da5f818637c6914e,True,12.192768,0.75,303,True
000304.jpg,000304,.jpg,1239780,JPEG,RGB,3024,4032,1,,,,,False,3024,4032,664.2846548453801,120.09580993652344,66.99543193325823,0.036616007486979164,0.0020853678385416665,c2702fadc0872f3d,True,12.192768,0.75,304,True
000305.jpg,000305,.jpg,1042310,JPEG,RGB,3024,4032,1,,,,,False,3024,4032,906.1422723671421,153.13387044270834,66.73648115476807,0.0275726318359375,0.0003865559895833333,fa31316e4ec8d417,True,12.192768,0.75,305,True
000306.jpg,000306,.jpg,1016067,JPEG,RGB,3024,4032,1,,,,,False,3024,4032,644.9906507959953,140.86395772298178,68.99883369813554,0.039342244466145836,0.0030008951822916665,8f086895f1fa3a78,True,12.192768,0.75,306,True
000307.jpg,000307,.jpg,1059544,JPEG,RGB,3024,4032,1,,,,,False,3024,4032,383.61106661117327,119.42875671386719,51.60921396870668,0.019902547200520832,0.0016276041666666667,dd951df028556a78,True,12.192768,0.75,307,True
000308.jpg,000308,.jpg,1013139,JPEG,RGB,3024,4032,1,,,,,False,3024,4032,325.11592414662135,123.93894958496094,62.478541572303826,0.051600138346354164,0.0018463134765625,ff8032166ff8d282,True,12.192768,0.75,308,True
000309.jpg,000309,.jpg,1221378,JPEG,RGB,3024,4032,1,,,,,False,3024,4032,2368.7164759689476,153.02824910481772,56.45906042497882,0.011454264322916666,0.0,e4825d977e86e04b,True,12.192768,0.75,309,True
000310.jpg,000310,.jpg,1653432,JPEG,RGB,3024,4032,1,,,,,False,3024,4032,1971.4307160475812,131.88373311360678,55.934239298042186,0.0162811279296875,0.00022379557291666666,d79040976f957e60,True,12.192768,0.75,310,True
000311.jpg,000311,.jpg,1532968,JPEG,RGB,3024,4032,1,,,,,False,3024,4032,1653.2705376294907,126.41877746582031,54.47863747290766,0.041498819986979164,0.0008138020833333334,ef98c2156f78a1c4,True,12.192768,0.75,311,True
000312.jpg,000312,.jpg,1177810,JPEG,RGB,3024,4032,1,,,,,False,3024,4032,215.6421148048248,154.55741373697916,43.786168312964946,0.0028228759765625,0.0004679361979166667,ce2899054f8bf9ca,True,12.192768,0.75,312,True
000313.jpg,000313,.jpg,897387,JPEG,RGB,3024,4032,1,,,,,False,3024,4032,220.29812778025448,150.82819620768228,59.92088980592142,0.029474894205729168,0.00067138671875,c4980c4e9cfaeee8,True,12.192768,0.75,313,True
000314.jpg,000314,.jpg,1111569,JPEG,RGB,3024,4032,1,,,,,False,3024,4032,399.0935965838532,137.2442830403646,52.631172335243754,0.013829549153645834,0.0010477701822916667,b4d9643a8cc6f199,True,12.192768,0.75,314,True
000315.jpg,000315,.jpg,1703516,JPEG,RGB,3024,4032,1,,,,,False,3024,4032,260.6006278792758,129.6591593424479,48.66077695345469,0.008636474609375,0.0009358723958333334,d50b39a5f2d47072,True,12.192768,0.75,315,True
000316.jpg,000316,.jpg,989836,JPEG,RGB,3024,4032,1,,,,,False,3024,4032,473.71014383122224,124.23556009928386,49.153926470559334,0.025365193684895832,0.00250244140625,82057865957c7add,True,12.192768,0.75,316,True
000317.jpg,000317,.jpg,1243373,JPEG,RGB,3024,4032,1,,,,,False,3024,4032,599.2487896580458,128.5424346923828,47.12364295832899,0.013890584309895834,0.0014902750651041667,e79e5f8c409f1066,True,12.192768,0.75,317,True
000318.jpg,000318,.jpg,1202470,JPEG,RGB,3024,4032,1,,,,,False,3024,4032,1055.2206814549863,127.63117980957031,48.49776349978686,0.023381551106770832,0.0024261474609375,c26d22aa572e5e56,True,12.192768,0.75,318,True
000319.jpg,000319,.jpg,948618,JPEG,RGB,3024,4032,1,,,,,False,3024,4032,193.79128195831757,139.58401997884116,46.51225190856755,0.010854085286458334,0.0003865559895833333,bda855acb4b581d2,True,12.192768,0.75,319,True
000320.jpg,000320,.jpg,1108594,JPEG,RGB,3024,4032,1,,,,,False,3024,4032,464.47142734562254,131.8763885498047,52.75640477695248,0.024098714192708332,0.0023193359375,87dc408a3adbcb8b,True,12.192768,0.75,320,True
000321.jpg,000321,.jpg,1021473,JPEG,RGB,3024,4032,1,,,,,False,3024,4032,201.7961359921998,135.00524393717447,47.575486315541774,0.008977254231770834,0.0018768310546875,e0eb4226dba7a1a3,True,12.192768,0.75,321,True
000322.jpg,000322,.jpg,959559,JPEG,RGB,3024,4032,1,,,,,False,3024,4032,178.36363592702483,138.75988260904947,46.62827938151155,0.00592041015625,0.0017852783203125,f4cb4226cbe3a0e3,True,12.192768,0.75,322,True
000323.jpg,000323,.jpg,1034756,JPEG,RGB,3024,4032,1,,,,,False,3024,4032,427.82379375853475,122.02477518717448,59.77315721871776,0.02337646484375,0.0010579427083333333,a6fc6c8e78f12125,True,12.192768,0.75,323,True
000324.jpg,000324,.jpg,1046030,JPEG,RGB,3024,4032,1,,,,,False,3024,4032,632.1640229158932,156.39498901367188,44.455254733004786,0.0,0.0021158854166666665,bccd720692786b95,True,12.192768,0.75,324,True
000325.jpg,000325,.jpg,1556799,JPEG,RGB,3024,4032,1,,,,,False,3024,4032,4097.332985108097,111.20914204915364,66.03454476819633,0.055572509765625,0.0014902750651041667,95f583a97cca6a82,True,12.192768,0.75,325,True
000326.jpg,000326,.jpg,1440576,JPEG,RGB,3024,4032,1,,,,,False,3024,4032,3492.6760215683735,130.38237508138022,57.000522714019816,0.0008443196614583334,0.0017649332682291667,8f5ea2857f807f80,True,12.192768,0.75,326,True
000327.jpg,000327,.jpg,1298009,JPEG,RGB,3024,4032,1,,,,,False,3024,4032,1011.2933961599028,122.9269307454427,52.419241188293014,0.0035247802734375,0.0026295979817708335,ace3e66a98196b29,True,12.192768,0.75,327,True
000328.jpg,000328,.jpg,1134487,JPEG,RGB,3024,4032,1,,,,,False,3024,4032,846.5737579942733,136.79354349772134,44.50475652892982,0.0019734700520833335,0.0004831949869791667,bcc117aac2b33369,True,12.192768,0.75,328,True
000329.jpg,000329,.jpg,950239,JPEG,RGB,3024,4032,1,,,,,False,3024,4032,292.69892679586906,136.7777099609375,51.81686867824997,0.026209513346354168,0.0011444091796875,87ca1a895b1e4f4b,True,12.192768,0.75,329,True
000330.jpg,000330,.jpg,1189478,JPEG,RGB,3024,4032,1,,,,,False,3024,4032,1290.0768500715233,148.40697224934897,52.58215059166104,0.027292887369791668,0.00079345703125,a680662687bbec3e,True,12.192768,0.75,330,True
000331.jpg,000331,.jpg,1049104,JPEG,RGB,3024,4032,1,,,,,False,3024,4032,527.5481311020493,138.68363444010416,50.29173112667009,0.013666788736979166,0.0011698404947916667,b58a1b606b5667c9,True,12.192768,0.75,331,True
000332.jpg,000332,.jpg,861629,JPEG,RGB,3024,4032,1,,,,,False,3024,4032,234.28114267849983,143.54637145996094,61.74948376197159,0.015070597330729166,0.00018819173177083334,94f9733814736ac5,True,12.192768,0.75,332,True
000333.jpg,000333,.jpg,1077174,JPEG,RGB,3024,4032,1,,,,,False,3024,4032,204.60299963659295,112.26864115397136,59.14947206246738,0.09213765462239583,0.0024820963541666665,c59d051ad2caeaea,True,12.192768,0.75,333,True
000334.jpg,000334,.jpg,964322,JPEG,RGB,3024,4032,1,,,,,False,3024,4032,190.93233773267517,146.02747090657553,49.665788372029716,0.030741373697916668,0.0008087158203125,c38302832aad7dfd,True,12.192768,0.75,334,True
000335.jpg,000335,.jpg,1176611,JPEG,RGB,3024,4032,1,,,,,False,3024,4032,813.2944777402769,131.20803833007812,53.09608065196614,0.007420857747395833,0.0017954508463541667,85f5a3c372a56dc0,True,12.192768,0.75,335,True
000336.jpg,000336,.jpg,1094176,JPEG,RGB,3024,4032,1,,,,,False,3024,4032,472.12251261184525,127.86361694335938,49.24762272267605,0.0,0.0014394124348958333,87f0b078ba4f15b2,True,12.192768,0.75,336,True
000337.jpg,000337,.jpg,1064715,JPEG,RGB,3024,4032,1,,,,,False,3024,4032,493.26621657027863,128.3906504313151,52.60577670160246,0.010615030924479166,0.0017598470052083333,a6e2298d37969ea8,True,12.192768,0.75,337,True
000338.jpg,000338,.jpg,816555,JPEG,RGB,3024,4032,1,,,,,False,3024,4032,124.6434041588412,140.71317545572916,66.82712351894904,0.023198445638020832,0.0017751057942708333,9ac4377d22710f8b,True,12.192768,0.75,338,True
000339.jpg,000339,.jpg,1006562,JPEG,RGB,3024,4032,1,,,,,False,3024,4032,398.17584139015526,157.11658223470053,52.56050507383593,0.00017293294270833334,0.0004119873046875,ff803a4b3671265a,True,12.192768,0.75,339,True
000340.jpg,000340,.jpg,1438371,JPEG,RGB,3024,4032,1,,,,,False,3024,4032,761.0813482742136,127.49396260579427,56.63961101973191,0.016377766927083332,0.0023244222005208335,94bc74422255bfea,True,12.192768,0.75,340,True
000341.jpg,000341,.jpg,977137,JPEG,RGB,3024,4032,1,,,,,False,3024,4032,794.6630803196587,161.19174194335938,53.89620262797704,0.019877115885416668,0.0,d1da4ad425ad7985,True,12.192768,0.75,341,True
000342.jpg,000342,.jpg,1014503,JPEG,RGB,3024,4032,1,,,,,False,3024,4032,230.1218505790457,128.7179209391276,59.185625869952034,0.042566935221354164,0.0011138916015625,d42ba1415b776aa6,True,12.192768,0.75,342,True
000343.jpg,000343,.jpg,1067626,JPEG,RGB,3024,4032,1,,,,,False,3024,4032,257.04596614175364,134.28703816731772,57.07544962869513,0.0309295654296875,0.000244140625,a31123cad2a4ddd7,True,12.192768,0.75,343,True
000344.jpg,000344,.jpg,927935,JPEG,RGB,3024,4032,1,,,,,False,3024,4032,331.36599712257475,175.00687154134116,48.41612997364301,0.007990519205729166,0.0005544026692708334,cfea4b2f052d164a,True,12.192768,0.75,344,True
000345.jpg,000345,.jpg,1049417,JPEG,RGB,3024,4032,1,,,,,False,3024,4032,787.6571451689427,121.50307718912761,71.98018359899007,0.0160064697265625,0.0009613037109375,c4c64465692b3f9b,True,12.192768,0.75,345,True
000346.jpg,000346,.jpg,1028779,JPEG,RGB,3024,4032,1,,,,,False,3024,4032,1049.1747343030809,132.20074971516928,76.91754906848779,0.086273193359375,0.0019887288411458335,825554c87db59d9a,True,12.192768,0.75,346,True
000347.jpg,000347,.jpg,1399338,JPEG,RGB,3024,4032,1,,,,,False,3024,4032,1873.7802906134684,119.08783467610677,70.3615383892944,0.017786661783854168,0.005335489908854167,a24276dd352de760,True,12.192768,0.75,347,True
000348.jpg,000348,.jpg,1308787,JPEG,RGB,3024,4032,1,,,,,False,3024,4032,2761.7904281050955,118.33417256673177,68.0953369339711,0.0222625732421875,0.008753458658854166,8f1f6d06823ccbd2,True,12.192768,0.75,348,True
000349.jpg,000349,.jpg,1045285,JPEG,RGB,3024,4032,1,,,,,False,3024,4032,495.76855097204043,128.93397521972656,59.55056665279912,0.06607564290364583,0.0007425944010416666,c6067f850b23a57d,True,12.192768,0.75,349,True
000350.jpg,000350,.jpg,1108154,JPEG,RGB,3024,4032,1,,,,,False,3024,4032,982.7354847825804,135.04644775390625,67.61777760366449,0.06645711263020833,0.0021565755208333335,d20b2f7d3c747062,True,12.192768,0.75,350,True
000351.jpg,000351,.jpg,1292152,JPEG,RGB,3024,4032,1,,,,,False,3024,4032,395.65101019541424,135.8364054361979,62.73674846591274,0.055333455403645836,0.0002492268880208333,d8092fd0a0e5d6dd,True,12.192768,0.75,351,True
000352.jpg,000352,.jpg,1165933,JPEG,RGB,3024,4032,1,,,,,False,3024,4032,909.441034372896,117.99480692545573,59.47606537411346,0.052464803059895836,0.0007832845052083334,fd8b32a79c5d4025,True,12.192768,0.75,352,True
000353.jpg,000353,.jpg,1342142,JPEG,RGB,3024,4032,1,,,,,False,3024,4032,2632.5680232871478,129.32459513346353,59.13458475300887,0.023590087890625,0.0023905436197916665,d209292937baf2d6,True,12.192768,0.75,353,True
000354.jpg,000354,.jpg,1443120,JPEG,RGB,3024,4032,1,,,,,False,3024,4032,1798.338063070525,115.87762451171875,54.10319180222582,0.019678751627604168,0.0021209716796875,d404609169dfef71,True,12.192768,0.75,354,True
000355.jpg,000355,.jpg,1410871,JPEG,RGB,3024,4032,1,,,,,False,3024,4032,500.7073097537116,116.00626627604167,48.732286793905665,0.019282023111979168,0.004542032877604167,f606e818e4ecbe26,True,12.192768,0.75,355,True
000356.jpg,000356,.jpg,1319593,JPEG,RGB,3024,4032,1,,,,,False,3024,4032,1334.935806270042,132.60194396972656,62.6957007198932,0.065155029296875,0.000244140625,cbc8305b74d559c9,True,12.192768,0.75,356,True
000357.jpg,000357,.jpg,1332511,JPEG,RGB,3024,4032,1,,,,,False,3024,4032,1462.1393937004939,167.5267588297526,44.74532978383755,0.007176717122395833,3.0517578125e-05,e83b85857c67419d,True,12.192768,0.75,357,True
000358.jpg,000358,.jpg,1038199,JPEG,RGB,3024,4032,1,,,,,False,3024,4032,210.0926749970143,123.98375447591145,63.623970192751685,0.06471761067708333,0.0008290608723958334,fa42a67ce828ab17,True,12.192768,0.75,358,True
000359.jpg,000359,.jpg,824822,JPEG,RGB,3024,4032,1,,,,,False,3024,4032,110.99545283522457,144.45464579264322,56.421167052044886,0.012400309244791666,0.0024617513020833335,930b7b8961d785d8,True,12.192768,0.75,359,True
000360.jpg,000360,.jpg,1142482,JPEG,RGB,3024,4032,1,,,,,False,3024,4032,960.8771567641652,128.75875345865884,51.517101050223964,0.04217529296875,0.0010579427083333333,d5640a267be895b5,True,12.192768,0.75,360,True
000361.jpg,000361,.jpg,1246370,JPEG,RGB,3024,4032,1,,,,,False,3024,4032,1125.9635514153374,119.43660990397136,49.91068489533847,0.0392608642578125,0.0002899169921875,d54929290f9b617d,True,12.192768,0.75,361,True
000362.jpg,000362,.jpg,1648861,JPEG,RGB,3024,4032,1,,,,,False,3024,4032,1835.9081297740083,132.49437967936197,45.31971205792141,0.010197957356770834,0.0012715657552083333,a38060f27f3e7aa8,True,12.192768,0.75,362,True
000363.jpg,000363,.jpg,1464250,JPEG,RGB,3024,4032,1,,,,,False,3024,4032,2252.2554890542137,140.00390116373697,57.311187252442274,0.0125579833984375,0.0013834635416666667,d53c2a6bc591d623,True,12.192768,0.75,363,True
000364.jpg,000364,.jpg,1110955,JPEG,RGB,3024,4032,1,,,,,False,3024,4032,509.96879280762124,129.66691080729166,54.1676577427869,0.0209503173828125,0.0001068115234375,d40b207a47b1fcd5,True,12.192768,0.75,364,True
000365.jpg,000365,.jpg,1148651,JPEG,RGB,3024,4032,1,,,,,False,3024,4032,1372.8580566269811,116.04625956217448,70.66334682809125,0.146575927734375,0.0026906331380208335,e2156af587926137,True,12.192768,0.75,365,True
000366.jpg,000366,.jpg,1308500,JPEG,RGB,3024,4032,1,,,,,False,3024,4032,2451.7556359376504,115.03917948404948,70.23422542683551,0.11838277180989583,0.0010986328125,d6252af669838b96,True,12.192768,0.75,366,True
000367.jpg,000367,.jpg,1430716,JPEG,RGB,3024,4032,1,,,,,False,3024,4032,1535.4928195556988,115.74083455403645,57.346884071684784,0.035634358723958336,0.0009256998697916666,875f7870c58f8709,True,12.192768,0.75,367,True
000368.jpg,000368,.jpg,1398291,JPEG,RGB,3024,4032,1,,,,,False,3024,4032,2051.1519447896217,148.6188761393229,57.28283822959524,0.0147705078125,0.0030059814453125,95ee6a40d7061e79,True,12.192768,0.75,368,True
000369.jpg,000369,.jpg,1040877,JPEG,RGB,3024,4032,1,,,,,False,3024,4032,127.07821759516891,135.8942108154297,44.48661212430649,0.002471923828125,0.0003102620442708333,c81e2c2c96da31fd,True,12.192768,0.75,369,True
000370.jpg,000370,.jpg,1858647,JPEG,RGB,3024,4032,1,,,,,False,3024,4032,3802.513043591442,96.08537292480469,60.22008315165432,0.12418111165364583,0.000274658203125,b82ae24d1d8bb764,True,12.192768,0.75,370,True
000371.jpg,000371,.jpg,898235,JPEG,RGB,3024,4032,1,,,,,False,3024,4032,92.66117324390346,141.00960286458334,54.77127297675878,0.015782674153645832,0.0017445882161458333,c3127f79c0c87d07,True,12.192768,0.75,371,True
000372.jpg,000372,.jpg,1663045,JPEG,RGB,3024,4032,1,,,,,False,3024,4032,2320.3820928092796,123.5233662923177,57.98761128742691,0.06490580240885417,0.0013326009114583333,9e5e7561ea787041,True,12.192768,0.75,372,True
000373.jpg,000373,.jpg,1325883,JPEG,RGB,3024,4032,1,,,,,False,3024,4032,2294.9030558516324,159.85257466634116,59.83769355592079,0.0155029296875,0.0011850992838541667,97c570c13f0fa352,True,12.192768,0.75,373,True
000374.jpg,000374,.jpg,1422106,JPEG,RGB,3024,4032,1,,,,,False,3024,4032,3042.7456018831326,149.64024861653647,56.776384571175335,0.014623006184895834,0.0004526774088541667,d598634a0e5b693e,True,12.192768,0.75,374,True
000375.jpg,000375,.jpg,1189313,JPEG,RGB,3024,4032,1,,,,,False,3024,4032,1255.7745399093255,157.15555318196616,63.492353072691,0.012369791666666666,5.086263020833333e-06,9d6561eccec0525e,True,12.192768,0.75,375,True
000376.jpg,000376,.jpg,992243,JPEG,RGB,3024,4032,1,,,,,False,3024,4032,870.2440464959169,127.67823282877605,64.0387886586457,0.031956990559895836,0.0008646647135416666,80e307c7d7787a4a,True,12.192768,0.75,376,True
000377.jpg,000377,.jpg,1223119,JPEG,RGB,3024,4032,1,,,,,False,3024,4032,999.0315312492506,122.92805989583333,41.98325804279235,0.006718953450520833,0.0011037190755208333,d5f42a38c06acdcb,True,12.192768,0.75,377,True
000378.jpg,000378,.jpg,807925,JPEG,RGB,3024,4032,1,,,,,False,3024,4032,620.6946546806851,127.69474792480469,58.48050729224135,0.028127034505208332,0.0008138020833333334,e2fd35a55b911cc0,True,12.192768,0.75,378,True
000379.jpg,000379,.jpg,1123261,JPEG,RGB,3024,4032,1,,,,,False,3024,4032,1926.2448424752545,124.87332661946614,49.33718318520589,0.012522379557291666,0.0017293294270833333,c1dd653c60fd10f2,True,12.192768,0.75,379,True
000380.jpg,000380,.jpg,754200,JPEG,RGB,3024,4032,1,,,,,False,3024,4032,873.8520054779947,127.08290608723958,53.74724164314588,0.02099609375,0.0027618408203125,d4f6499b2bed5042,True,12.192768,0.75,380,True
000381.jpg,000381,.jpg,770951,JPEG,RGB,3024,4032,1,,,,,False,3024,4032,224.29470072746167,113.29382832845052,47.142555580147196,0.015558878580729166,0.0016886393229166667,b512942f7c676247,True,12.192768,0.75,381,True
000382.jpg,000382,.jpg,2328954,JPEG,RGB,3060,4080,1,2025:10:05 13:48:50,Xiaomi,22101316UG,MediaTek Camera Application,True,3060,4080,1467.5467257083444,104.22618611653645,80.0842555295415,0.18314615885416666,0.015314737955729166,8a9117b89afa70c7,True,12.4848,0.75,382,True
000383.jpg,000383,.jpg,2882808,JPEG,RGB,3060,4080,1,2025:10:05 13:48:32,Xiaomi,22101316UG,MediaTek Camera Application,True,3060,4080,678.0621075034142,131.49386596679688,45.54459487900454,0.0126190185546875,0.0,aa57a1803983fb6b,True,12.4848,0.75,383,True
000384.jpg,000384,.jpg,1825547,JPEG,RGB,3060,4080,1,2025:10:05 13:48:21,Xiaomi,22101316UG,MediaTek Camera Application,True,3060,4080,183.7322637202839,162.16600545247397,54.39386262091121,0.016423543294270832,0.0031534830729166665,981dc17372c97f30,True,12.4848,0.75,384,True
000385.jpg,000385,.jpg,2172855,JPEG,RGB,3060,4080,1,2025:10:05 13:48:01,Xiaomi,22101316UG,MediaTek Camera Application,True,3060,4080,164.35298939380382,137.51725260416666,66.09286090963263,0.049067179361979164,0.004526774088541667,f51031c9bde32b91,True,12.4848,0.75,385,True
000386.jpg,000386,.jpg,4118575,JPEG,RGB,3060,4080,1,2025:10:05 13:47:45,Xiaomi,22101316UG,MediaTek Camera Application,True,3060,4080,1985.6357005634866,126.04166666666667,67.20186168069884,0.105316162109375,0.0034688313802083335,d525630b38d8f4bc,True,12.4848,0.75,386,True
000387.jpg,000387,.jpg,2755943,JPEG,RGB,3060,4080,1,2025:10:05 13:47:33,Xiaomi,22101316UG,MediaTek Camera Application,True,3060,4080,702.394626925363,127.42587280273438,77.11350684925186,0.09253438313802083,0.010976155598958334,b1e06f3257466a17,True,12.4848,0.75,387,True
000388.jpg,000388,.jpg,2890016,JPEG,RGB,3060,4080,1,2025:10:05 13:47:24,Xiaomi,22101316UG,MediaTek Camera Application,True,3060,4080,638.9166920197248,127.2399393717448,56.14459285727304,0.01763916015625,0.024327596028645832,a4e6cfa933834be0,True,12.4848,0.75,388,True
000389.jpg,000389,.jpg,2322582,JPEG,RGB,3060,4080,1,2025:10:05 13:47:19,Xiaomi,22101316UG,MediaTek Camera Application,True,3060,4080,449.10041593054,129.89776102701822,54.98121488237076,0.0281982421875,0.014088948567708334,f5cd218ca82ed11f,True,12.4848,0.75,389,True
000390.jpg,000390,.jpg,2603863,JPEG,RGB,3060,4080,1,2025:10:05 13:47:00,Xiaomi,22101316UG,MediaTek Camera Application,True,3060,4080,488.9465470814612,129.26131693522134,50.3086635259991,0.037434895833333336,0.009084065755208334,81ab58d73c3b256a,True,12.4848,0.75,390,True
000391.jpg,000391,.jpg,2652720,JPEG,RGB,3060,4080,1,2025:10:05 13:46:53,Xiaomi,22101316UG,MediaTek Camera Application,True,3060,4080,608.8588017703087,135.37862141927084,50.52595368879905,0.020807902018229168,0.003931681315104167,97e8ea326a72207b,True,12.4848,0.75,391,True
000392.jpg,000392,.jpg,3275474,JPEG,RGB,3060,4080,1,2025:10:05 13:46:42,Xiaomi,22101316UG,MediaTek Camera Application,True,3060,4080,1750.6307961037382,92.34761555989583,65.08577200666146,0.1821441650390625,0.0010223388671875,f3580d461d37e661,True,12.4848,0.75,392,True
000393.jpg,000393,.jpg,2104572,JPEG,RGB,3060,4080,1,2025:10:05 13:46:10,Xiaomi,22101316UG,MediaTek Camera Application,True,3060,4080,330.2107736431062,146.75792948404947,58.7635112030519,0.03790283203125,0.001129150390625,f9072f705dc70760,True,12.4848,0.75,393,True
000394.jpg,000394,.jpg,3112452,JPEG,RGB,3060,4080,1,2025:10:05 13:45:53,Xiaomi,22101316UG,MediaTek Camera Application,True,3060,4080,1708.708015337483,120.70788065592448,60.044685157355204,0.041926066080729164,0.0093536376953125,d248ebcb99fd24c0,True,12.4848,0.75,394,True
000395.jpg,000395,.jpg,2978565,JPEG,RGB,3060,4080,1,2025:10:05 13:45:40,Xiaomi,22101316UG,MediaTek Camera Application,True,3060,4080,526.6416478939096,116.90538024902344,57.839785438444444,0.07943216959635417,0.009007771809895834,b8726dd385cd89a4,True,12.4848,0.75,395,True
000396.jpg,000396,.jpg,2559290,JPEG,RGB,3060,4080,1,2025:10:05 13:45:22,Xiaomi,22101316UG,MediaTek Camera Application,True,3060,4080,1078.866144659515,106.37071228027344,54.21104350341494,0.08875020345052083,0.006993611653645833,aab46a6372717271,True,12.4848,0.75,396,True
000397.jpg,000397,.jpg,2609894,JPEG,RGB,3060,4080,1,2025:10:05 13:44:48,Xiaomi,22101316UG,MediaTek Camera Application,True,3060,4080,631.0309117233588,128.52408345540366,64.2997117531888,0.060999552408854164,0.0038503011067708335,b64934fca08f2e78,True,12.4848,0.75,397,True
000398.jpg,000398,.jpg,2016013,JPEG,RGB,3060,4080,1,2025:10:05 13:44:40,Xiaomi,22101316UG,MediaTek Camera Application,True,3060,4080,304.1939900367418,135.9558308919271,58.62181890343879,0.050750732421875,0.0031229654947916665,84903e2b1e7b9af2,True,12.4848,0.75,398,True
000399.jpg,000399,.jpg,2335461,JPEG,RGB,3060,4080,1,2025:10:05 13:44:18,Xiaomi,22101316UG,MediaTek Camera Application,True,3060,4080,645.3110178255528,128.9529266357422,70.97854359307568,0.11707560221354167,0.009318033854166666,a84d212ffc213ef2,True,12.4848,0.75,399,True
000400.jpg,000400,.jpg,2498865,JPEG,RGB,3060,4080,1,2025:10:05 13:44:12,Xiaomi,22101316UG,MediaTek Camera Application,True,3060,4080,506.13990608227647,133.1079864501953,62.99085247253973,0.06932576497395833,0.0004781087239583333,8f5720b038273bb7,True,12.4848,0.75,400,True
000401.jpg,000401,.jpg,2102453,JPEG,RGB,3060,4080,1,2025:10:05 13:43:33,Xiaomi,22101316UG,MediaTek Camera Application,True,3060,4080,171.45071639738873,131.62211100260416,54.50362766145491,0.0558929443359375,0.0032399495442708335,b458a809604f3ffb,True,12.4848,0.75,401,True
000402.jpg,000402,.jpg,3167161,JPEG,RGB,3060,4080,1,2025:10:05 13:43:23,Xiaomi,22101316UG,MediaTek Camera Application,True,3060,4080,2755.0822894976523,116.3745625813802,58.85410077584269,0.06328837076822917,0.004119873046875,bfa0c477d23f2460,True,12.4848,0.75,402,True
000403.jpg,000403,.jpg,3131107,JPEG,RGB,3060,4080,1,2025:10:05 13:43:08,Xiaomi,22101316UG,MediaTek Camera Application,True,3060,4080,485.7669986161248,116.60595703125,47.56353230385816,0.039708455403645836,0.0019073486328125,847e0cbb63818f6b,True,12.4848,0.75,403,True
000404.jpg,000404,.jpg,2253700,JPEG,RGB,3060,4080,1,2025:10:05 13:42:49,Xiaomi,22101316UG,MediaTek Camera Application,True,3060,4080,180.89672255516052,145.12101236979166,61.66587467023312,0.0550537109375,0.025014241536458332,fe46b2c335f18690,True,12.4848,0.75,404,True
000405.jpg,000405,.jpg,2596114,JPEG,RGB,3060,4080,1,2025:10:05 13:42:39,Xiaomi,22101316UG,MediaTek Camera Application,True,3060,4080,1463.214327620032,139.21558125813803,49.57846804157092,0.042516072591145836,0.004557291666666667,d4426b4f6a776894,True,12.4848,0.75,405,True
000406.jpg,000406,.jpg,2405063,JPEG,RGB,3060,4080,1,2025:10:05 13:42:01,Xiaomi,22101316UG,MediaTek Camera Application,True,3060,4080,153.2229606604411,126.70182291666667,39.75070667505054,0.00014241536458333334,2.0345052083333332e-05,b5cbf056b489c8c3,True,12.4848,0.75,406,True
000407.jpg,000407,.jpg,3194719,JPEG,RGB,3060,4080,1,2025:10:05 13:41:03,Xiaomi,22101316UG,MediaTek Camera Application,True,3060,4080,1207.5761656369752,123.26664733886719,63.98770150644466,0.025614420572916668,0.004323323567708333,aab07adb72d3d030,True,12.4848,0.75,407,True
000408.jpg,000408,.jpg,4852358,JPEG,RGB,4080,3060,1,2025:10:05 13:40:47,Xiaomi,22101316UG,MediaTek Camera Application,True,4080,3060,912.5072044344979,150.08649698893228,55.413558912540424,0.048711140950520836,0.011652628580729166,e5c52a8561aa1f3e,True,12.4848,1.3333333333333333,408,True
000409.jpg,000409,.jpg,2100351,JPEG,RGB,3060,4080,1,2025:10:05 13:39:15,Xiaomi,22101316UG,MediaTek Camera Application,True,3060,4080,377.31826812432456,129.41856892903647,41.17955992778354,0.004023234049479167,0.008219401041666666,82d5f46a9b23ce38,True,12.4848,0.75,409,True
000410.jpg,000410,.jpg,2614785,JPEG,RGB,3060,4080,1,2025:10:05 13:39:02,Xiaomi,22101316UG,MediaTek Camera Application,True,3060,4080,260.74839418109815,130.56518046061197,59.713139770410905,0.06804402669270833,0.0009969075520833333,8b35f4c0df81b456,True,12.4848,0.75,410,True
000411.jpg,000411,.jpg,2878654,JPEG,RGB,3060,4080,1,2025:10:05 13:38:50,Xiaomi,22101316UG,MediaTek Camera Application,True,3060,4080,1358.1867598658428,113.34803263346355,58.18490484524743,0.031550089518229164,0.0063934326171875,952b7fc02a6e0cd5,True,12.4848,0.75,411,True
000412.jpg,000412,.jpg,2490210,JPEG,RGB,3060,4080,1,2025:10:05 13:38:39,Xiaomi,22101316UG,MediaTek Camera Application,True,3060,4080,510.88412681553103,130.2870635986328,52.018655776513036,0.009312947591145834,0.0012156168619791667,cb054a5f535af42a,True,12.4848,0.75,412,True
000413.jpg,000413,.jpg,2692560,JPEG,RGB,3060,4080,1,2025:10:05 13:38:27,Xiaomi,22101316UG,MediaTek Camera Application,True,3060,4080,642.1463835288048,116.0453389485677,55.53098180868273,0.07873026529947917,0.0035756429036458335,f35a1af2e3d08869,True,12.4848,0.75,413,True
000414.jpg,000414,.jpg,2583248,JPEG,RGB,3060,4080,1,2025:10:05 13:37:41,Xiaomi,22101316UG,MediaTek Camera Application,True,3060,4080,177.72392735627682,134.7978261311849,65.06968642107267,0.02886962890625,0.0032958984375,9b3139943dd896a3,True,12.4848,0.75,414,True
000415.jpg,000415,.jpg,2328430,JPEG,RGB,3060,4080,1,2025:10:05 13:37:30,Xiaomi,22101316UG,MediaTek Camera Application,True,3060,4080,193.2309993610769,135.03866068522134,54.703811980400694,0.040959676106770836,0.008534749348958334,8f992b3134273763,True,12.4848,0.75,415,True
000416.jpg,000416,.jpg,2465401,JPEG,RGB,3060,4080,1,2025:10:05 13:37:00,Xiaomi,22101316UG,MediaTek Camera Application,True,3060,4080,296.9371630599101,128.5273640950521,61.96530430726939,0.054738362630208336,0.024770100911458332,c23009dcf56f6bb0,True,12.4848,0.75,416,True
000417.jpg,000417,.jpg,2355480,JPEG,RGB,3060,4080,1,2025:10:05 13:36:49,Xiaomi,22101316UG,MediaTek Camera Application,True,3060,4080,293.52616876609517,128.0640411376953,51.815504828372326,0.021509806315104168,0.004460652669270833,de402fd41b4a19d7,True,12.4848,0.75,417,True
000418.jpg,000418,.jpg,2812646,JPEG,RGB,3060,4080,1,2025:10:05 13:36:37,Xiaomi,22101316UG,MediaTek Camera Application,True,3060,4080,89.18711639938152,127.6792704264323,75.1686317463699,0.08309427897135417,0.0221710205078125,c02f3d81d0cdcb76,True,12.4848,0.75,418,True
000419.jpg,000419,.jpg,2885579,JPEG,RGB,3060,4080,1,2025:10:05 13:36:32,Xiaomi,22101316UG,MediaTek Camera Application,True,3060,4080,706.2008436221836,110.54844665527344,62.45322169295308,0.1085968017578125,0.0012461344401041667,dd383447434f372c,True,12.4848,0.75,419,True
000420.jpg,000420,.jpg,2630641,JPEG,RGB,3060,4080,1,2025:10:05 13:36:15,Xiaomi,22101316UG,MediaTek Camera Application,True,3060,4080,692.9870509578744,145.7236531575521,63.26969349865862,0.039179484049479164,0.0,c316393d3586b593,True,12.4848,0.75,420,True
000421.jpg,000421,.jpg,2413527,JPEG,RGB,3060,4080,1,2025:10:05 13:35:56,Xiaomi,22101316UG,MediaTek Camera Application,True,3060,4080,321.7482280445336,121.15462239583333,52.739003051121145,0.0449981689453125,0.0025278727213541665,b1486f90277c6dd2,True,12.4848,0.75,421,True
000422.jpg,000422,.jpg,2277383,JPEG,RGB,3060,4080,1,2025:10:05 13:35:37,Xiaomi,22101316UG,MediaTek Camera Application,True,3060,4080,204.57651862561605,110.45753987630208,52.732242315231794,0.038853963216145836,0.0036163330078125,febbfec4012348b0,True,12.4848,0.75,422,True
000423.jpg,000423,.jpg,2163016,JPEG,RGB,3060,4080,1,2025:10:05 13:35:28,Xiaomi,22101316UG,MediaTek Camera Application,True,3060,4080,403.6758752629782,137.25192260742188,67.36353416376268,0.10034688313802083,0.004338582356770833,9a4abd9c94b9a383,True,12.4848,0.75,423,True
000424.jpg,000424,.jpg,2659805,JPEG,RGB,3060,4080,1,2025:10:05 13:35:16,Xiaomi,22101316UG,MediaTek Camera Application,True,3060,4080,896.3520660369086,125.69199117024739,63.6477034620426,0.09430948893229167,0.0014088948567708333,d0476982fe8095df,True,12.4848,0.75,424,True
000425.jpg,000425,.jpg,2404345,JPEG,RGB,3060,4080,1,2025:10:05 13:34:30,Xiaomi,22101316UG,MediaTek Camera Application,True,3060,4080,228.18794289634874,123.85564676920573,70.03432204859195,0.051035563151041664,0.012969970703125,a558d885d0b8bfc3,True,12.4848,0.75,425,True
000426.jpg,000426,.jpg,3003771,JPEG,RGB,3060,4080,1,2025:10:05 13:34:20,Xiaomi,22101316UG,MediaTek Camera Application,True,3060,4080,822.0080711071429,95.53181966145833,63.213585743633764,0.13477071126302084,0.0010477701822916667,d724add2780bf0cc,True,12.4848,0.75,426,True
000427.jpg,000427,.jpg,3008672,JPEG,RGB,3060,4080,1,2025:10:05 13:34:07,Xiaomi,22101316UG,MediaTek Camera Application,True,3060,4080,991.3359068002707,107.46604919433594,57.33533965356052,0.055002848307291664,0.0138092041015625,ca07279cbc79e868,True,12.4848,0.75,427,True
000428.jpg,000428,.jpg,2137223,JPEG,RGB,3060,4080,1,2025:10:05 13:33:59,Xiaomi,22101316UG,MediaTek Camera Application,True,3060,4080,78.18795557444294,148.40876261393228,63.78996914318279,0.054575602213541664,0.012171427408854166,dd35784ae2352987,True,12.4848,0.75,428,True
000429.jpg,000429,.jpg,2647775,JPEG,RGB,3060,4080,1,2025:10:05 13:33:25,Xiaomi,22101316UG,MediaTek Camera Application,True,3060,4080,1047.8638349483565,136.1581776936849,44.79890811542702,0.016108194986979168,0.0019480387369791667,d52bbac2e9500b3d,True,12.4848,0.75,429,True
000430.jpg,000430,.jpg,2637846,JPEG,RGB,3060,4080,1,2025:10:05 13:33:08,Xiaomi,22101316UG,MediaTek Camera Application,True,3060,4080,898.6897872528061,135.27867635091147,65.38198048238814,0.040318806966145836,0.0024668375651041665,e18986d8af712d35,True,12.4848,0.75,430,True
000431.jpg,000431,.jpg,2817619,JPEG,RGB,3060,4080,1,2025:10:05 13:32:57,Xiaomi,22101316UG,MediaTek Camera Application,True,3060,4080,875.3796589563912,115.31615193684895,58.49993803571628,0.072845458984375,0.014155069986979166,fd890dc8d6527263,True,12.4848,0.75,431,True
000432.jpg,000432,.jpg,2344365,JPEG,RGB,3060,4080,1,2025:10:05 13:32:43,Xiaomi,22101316UG,MediaTek Camera Application,True,3060,4080,688.1660001792994,149.74220275878906,73.37772876998493,0.07892354329427083,0.0046844482421875,d2e825632d77338c,True,12.4848,0.75,432,True
000433.jpg,000433,.jpg,2325058,JPEG,RGB,3060,4080,1,2025:10:05 13:32:28,Xiaomi,22101316UG,MediaTek Camera Application,True,3060,4080,364.0731651674335,122.53423563639323,51.69856846965083,0.043080647786458336,0.006479899088541667,92f9a2dea584a5d8,True,12.4848,0.75,433,True
000434.jpg,000434,.jpg,2246689,JPEG,RGB,3060,4080,1,2025:10:05 13:32:13,Xiaomi,22101316UG,MediaTek Camera Application,True,3060,4080,739.9221593904981,127.38474019368489,68.78243516431668,0.11187235514322917,0.014882405598958334,b8c1659e3e3d6069,True,12.4848,0.75,434,True
000435.jpg,000435,.jpg,3354269,JPEG,RGB,3060,4080,1,2025:10:05 13:31:50,Xiaomi,22101316UG,MediaTek Camera Application,True,3060,4080,193.09236096463994,35.70172627766927,28.829618064008063,0.5166829427083334,0.0,8b5d2eca798d7224,True,12.4848,0.75,435,True
000436.jpg,000436,.jpg,2353756,JPEG,RGB,3060,4080,1,2025:10:05 13:31:25,Xiaomi,22101316UG,MediaTek Camera Application,True,3060,4080,180.1805409004446,137.61524454752603,61.21801166598637,0.036661783854166664,0.0041351318359375,ddc475d9a6c89941,True,12.4848,0.75,436,True
000437.jpg,000437,.jpg,2312089,JPEG,RGB,3060,4080,1,2025:10:05 13:31:17,Xiaomi,22101316UG,MediaTek Camera Application,True,3060,4080,218.0521655564662,141.55030822753906,61.852198999584445,0.037139892578125,0.0024973551432291665,d900b4f29f612df4,True,12.4848,0.75,437,True
000438.jpg,000438,.jpg,2470976,JPEG,RGB,3060,4080,1,2025:10:05 13:31:07,Xiaomi,22101316UG,MediaTek Camera Application,True,3060,4080,365.45060713007115,114.17692565917969,65.05089015330906,0.08313496907552083,0.0121612548828125,f9523fa00f9c6338,True,12.4848,0.75,438,True
000439.jpg,000439,.jpg,2445618,JPEG,RGB,3060,4080,1,2025:10:05 13:30:50,Xiaomi,22101316UG,MediaTek Camera Application,True,3060,4080,358.92040952667594,135.6809844970703,56.68706304081957,0.033635457356770836,0.0034637451171875,d6cda07e852638b9,True,12.4848,0.75,439,True
000440.jpg,000440,.jpg,2194272,JPEG,RGB,3060,4080,1,2025:10:05 13:30:22,Xiaomi,22101316UG,MediaTek Camera Application,True,3060,4080,320.05687722222257,127.22388712565105,60.66177584331399,0.042561848958333336,0.007893880208333334,98f821b6f6654327,True,12.4848,0.75,440,True
000441.jpg,000441,.jpg,2062757,JPEG,RGB,3060,4080,1,2025:10:05 13:29:54,Xiaomi,22101316UG,MediaTek Camera Application,True,3060,4080,500.11100106745863,149.24760945638022,47.275761539852496,0.019098917643229168,0.0025889078776041665,d295bfda17810572,True,12.4848,0.75,441,True
000442.jpg,000442,.jpg,2368301,JPEG,RGB,3060,4080,1,2025:10:05 13:29:36,Xiaomi,22101316UG,MediaTek Camera Application,True,3060,4080,655.7974596867701,115.66996256510417,45.2893536277217,0.0027567545572916665,0.007207234700520833,fce1526e072c75c8,True,12.4848,0.75,442,True
000443.jpg,000443,.jpg,2769601,JPEG,RGB,3060,4080,1,2025:10:05 13:29:21,Xiaomi,22101316UG,MediaTek Camera Application,True,3060,4080,847.9653004853882,158.63724772135416,47.808158275532854,0.004521687825520833,0.0003102620442708333,957d2a462a2b2afc,True,12.4848,0.75,443,True
000444.jpg,000444,.jpg,2393352,JPEG,RGB,3060,4080,1,2025:10:05 13:29:10,Xiaomi,22101316UG,MediaTek Camera Application,True,3060,4080,923.5568545655245,148.11032104492188,58.19510453759317,0.032740275065104164,0.0020955403645833335,84bb17050a67dbc7,True,12.4848,0.75,444,True
000445.jpg,000445,.jpg,3686658,JPEG,RGB,3060,4080,1,2025:10:05 13:29:04,Xiaomi,22101316UG,MediaTek Camera Application,True,3060,4080,1903.4931020003794,118.53001403808594,68.69686737422505,0.050008138020833336,0.009023030598958334,d56868c52c856de7,True,12.4848,0.75,445,True
000446.jpg,000446,.jpg,4085656,JPEG,RGB,3060,4080,1,2025:10:05 13:28:13,Xiaomi,22101316UG,MediaTek Camera Application,True,3060,4080,463.84190336177636,118.64799499511719,66.78096712185867,0.12209065755208333,0.002105712890625,d57e6a35cd958142,True,12.4848,0.75,446,True
000447.jpg,000447,.jpg,2101723,JPEG,RGB,3060,4080,1,2025:10:05 13:28:03,Xiaomi,22101316UG,MediaTek Camera Application,True,3060,4080,81.72667354839439,123.80550638834636,56.38216766821866,0.0625457763671875,0.004338582356770833,960c2d56d7a3bb05,True,12.4848,0.75,447,True
000448.jpg,000448,.jpg,2296475,JPEG,RGB,3060,4080,1,2025:10:05 13:27:55,Xiaomi,22101316UG,MediaTek Camera Application,True,3060,4080,351.06623001642424,131.91938273111978,61.795543939466846,0.06488545735677083,0.0083465576171875,ca8367de072329ad,True,12.4848,0.75,448,True
000449.jpg,000449,.jpg,2044163,JPEG,RGB,3060,4080,1,2025:10:05 13:27:48,Xiaomi,22101316UG,MediaTek Camera Application,True,3060,4080,232.20903499921164,115.97274780273438,62.969134161178516,0.08823649088541667,0.004450480143229167,934dbcd38183343f,True,12.4848,0.75,449,True
000450.jpg,000450,.jpg,2585191,JPEG,RGB,3060,4080,1,2025:10:05 13:27:31,Xiaomi,22101316UG,MediaTek Camera Application,True,3060,4080,337.84160306405585,119.26679992675781,58.02563839502603,0.0955810546875,0.0070648193359375,d6097a97b2bc9390,True,12.4848,0.75,450,True
000451.jpg,000451,.jpg,2591259,JPEG,RGB,3060,4080,1,2025:10:05 13:27:10,Xiaomi,22101316UG,MediaTek Camera Application,True,3060,4080,1190.0894793650498,119.90443420410156,60.710691669246174,0.08675130208333333,0.005706787109375,92ae3cb02ff7e480,True,12.4848,0.75,451,True
000452.jpg,000452,.jpg,2542747,JPEG,RGB,3060,4080,1,2025:10:05 13:27:01,Xiaomi,22101316UG,MediaTek Camera Application,True,3060,4080,218.50453173110463,107.89962768554688,51.15167218344689,0.0806121826171875,0.009012858072916666,c18e796e3a6cb268,True,12.4848,0.75,452,True
000453.jpg,000453,.jpg,3409535,JPEG,RGB,3060,4080,1,2025:10:05 13:26:46,Xiaomi,22101316UG,MediaTek Camera Application,True,3060,4080,1331.7922547066119,87.21547444661458,58.26114215690909,0.1588134765625,6.103515625e-05,966a69d76a167047,True,12.4848,0.75,453,True
000454.jpg,000454,.jpg,3439438,JPEG,RGB,3060,4080,1,2025:10:05 13:26:10,Xiaomi,22101316UG,MediaTek Camera Application,True,3060,4080,811.1038194515792,129.64500427246094,59.368805789546194,0.060246785481770836,0.007843017578125,bd8ad3a10f7c3807,True,12.4848,0.75,454,True
000455.jpg,000455,.jpg,3209533,JPEG,RGB,3060,4080,1,2025:10:05 13:26:04,Xiaomi,22101316UG,MediaTek Camera Application,True,3060,4080,199.43619653683467,121.13772074381511,55.15665205528313,0.062449137369791664,0.0027618408203125,f488b54ac13fd472,True,12.4848,0.75,455,True
000456.jpg,000456,.jpg,3251321,JPEG,RGB,3060,4080,1,2025:10:05 13:25:46,Xiaomi,22101316UG,MediaTek Camera Application,True,3060,4080,1023.363502682471,129.75113932291666,61.044510147604,0.1024932861328125,0.007985432942708334,e89487c72878bb65,True,12.4848,0.75,456,True
000457.jpg,000457,.jpg,2509324,JPEG,RGB,3060,4080,1,2025:10:05 13:25:41,Xiaomi,22101316UG,MediaTek Camera Application,True,3060,4080,1358.9590558413572,164.02520751953125,54.434728380764426,0.045399983723958336,0.0011138916015625,b2808d72583b5bb7,True,12.4848,0.75,457,True
000458.jpg,000458,.jpg,3098692,JPEG,RGB,3060,4080,1,2025:10:05 13:25:35,Xiaomi,22101316UG,MediaTek Camera Application,True,3060,4080,1285.8954409693833,144.75331115722656,55.89489257010671,0.042572021484375,0.004404703776041667,e046ffdf0888ab8a,True,12.4848,0.75,458,True
000459.jpg,000459,.jpg,2950790,JPEG,RGB,3060,4080,1,2025:10:05 13:25:04,Xiaomi,22101316UG,MediaTek Camera Application,True,3060,4080,1146.5442666109238,156.88407389322916,46.21101684733688,0.020711263020833332,0.0011800130208333333,81fe2b6c307c22cf,True,12.4848,0.75,459,True
000460.jpg,000460,.jpg,2610170,JPEG,RGB,3060,4080,1,2025:10:05 13:24:57,Xiaomi,22101316UG,MediaTek Camera Application,True,3060,4080,1290.004894166331,151.49762471516928,57.82779186530925,0.0385284423828125,0.0004069010416666667,953b5c71585a2b69,True,12.4848,0.75,460,True
000461.jpg,000461,.jpg,2622387,JPEG,RGB,3060,4080,1,2025:10:05 13:24:47,Xiaomi,22101316UG,MediaTek Camera Application,True,3060,4080,702.5155234948421,117.75078837076823,61.61147084537787,0.08779398600260417,0.007176717122395833,ff60c7d0a11c5a1e,True,12.4848,0.75,461,True
000462.jpg,000462,.jpg,2650191,JPEG,RGB,3060,4080,1,2025:10:05 13:24:28,Xiaomi,22101316UG,MediaTek Camera Application,True,3060,4080,873.6272258919975,150.07286580403647,58.56031494513191,0.058598836263020836,0.001373291015625,d59702150a2b6fbb,True,12.4848,0.75,462,True
000463.jpg,000463,.jpg,2753780,JPEG,RGB,3060,4080,1,2025:10:05 13:24:19,Xiaomi,22101316UG,MediaTek Camera Application,True,3060,4080,651.7781394197503,111.15303548177083,72.98749220722179,0.1275787353515625,5.086263020833333e-06,8879710dd369d857,True,12.4848,0.75,463,True
000464.jpg,000464,.jpg,2923213,JPEG,RGB,3060,4080,1,2025:10:05 13:24:06,Xiaomi,22101316UG,MediaTek Camera Application,True,3060,4080,567.5196898641426,126.75905354817708,52.31640007084881,0.023554484049479168,0.0031077067057291665,f5ce6d0bba416849,True,12.4848,0.75,464,True
000465.jpg,000465,.jpg,2323968,JPEG,RGB,3060,4080,1,2025:10:05 13:23:43,Xiaomi,22101316UG,MediaTek Camera Application,True,3060,4080,518.3031989136298,155.7076161702474,63.51117499095913,0.056640625,0.0018666585286458333,cc126e2692f456de,True,12.4848,0.75,465,True
000466.jpg,000466,.jpg,2786401,JPEG,RGB,3060,4080,1,2025:10:05 13:22:10,Xiaomi,22101316UG,MediaTek Camera Application,True,3060,4080,710.2521578201558,117.3604736328125,61.168027518453854,0.043711344401041664,0.001556396484375,d4e8c682738d7f84,True,12.4848,0.75,466,True
000467.jpg,000467,.jpg,2927452,JPEG,RGB,3060,4080,1,2025:10:05 13:21:44,Xiaomi,22101316UG,MediaTek Camera Application,True,3060,4080,2385.344883155052,130.1569620768229,69.39202624823312,0.088623046875,0.00909423828125,ff062c232a5cd6c3,True,12.4848,0.75,467,True
000468.jpg,000468,.jpg,2204016,JPEG,RGB,3060,4080,1,2025:10:05 13:21:29,Xiaomi,22101316UG,MediaTek Camera Application,True,3060,4080,200.28812663991832,123.05301920572917,54.730200095461136,0.031244913736979168,0.0027821858723958335,bc0cedcf8d90c0f1,True,12.4848,0.75,468,True
000469.jpg,000469,.jpg,2787098,JPEG,RGB,3060,4080,1,2025:10:05 13:21:11,Xiaomi,22101316UG,MediaTek Camera Application,True,3060,4080,701.5143814011373,146.62646484375,57.546751596189196,0.011149088541666666,0.005060831705729167,d6822bb4c3f5c235,True,12.4848,0.75,469,True
000470.jpg,000470,.jpg,2521760,JPEG,RGB,3060,4080,1,2025:10:05 13:21:01,Xiaomi,22101316UG,MediaTek Camera Application,True,3060,4080,757.8019896348318,122.27721659342448,62.78178032061755,0.058415730794270836,0.001678466796875,f20d7a69466ea331,True,12.4848,0.75,470,True
000471.jpg,000471,.jpg,2663829,JPEG,RGB,3060,4080,1,2025:10:05 13:20:52,Xiaomi,22101316UG,MediaTek Camera Application,True,3060,4080,822.5903366598972,112.07394409179688,47.762406260428946,0.02783203125,0.0022125244140625,a280741ebf5aa36b,True,12.4848,0.75,471,True
000472.jpg,000472,.jpg,2319967,JPEG,RGB,3060,4080,1,2025:10:05 13:20:35,Xiaomi,22101316UG,MediaTek Camera Application,True,3060,4080,608.7792086741732,146.43339029947916,53.95334096135231,0.022115071614583332,0.004567464192708333,f59b5874652a39a2,True,12.4848,0.75,472,True
000473.jpg,000473,.jpg,2757497,JPEG,RGB,3060,4080,1,2025:10:05 13:20:12,Xiaomi,22101316UG,MediaTek Camera Application,True,3060,4080,1278.4025373300537,134.6506144205729,62.88372171957366,0.0642547607421875,0.0019276936848958333,f1e08579d29b7c05,True,12.4848,0.75,473,True
000474.jpg,000474,.jpg,2276395,JPEG,RGB,3060,4080,1,2025:10:05 13:19:50,Xiaomi,22101316UG,MediaTek Camera Application,True,3060,4080,101.43142528001529,121.68941243489583,55.815296396355095,0.05792236328125,0.0031077067057291665,cc2163cbcf2c3c36,True,12.4848,0.75,474,True
000475.jpg,000475,.jpg,2258571,JPEG,RGB,3060,4080,1,2025:10:05 13:19:43,Xiaomi,22101316UG,MediaTek Camera Application,True,3060,4080,122.38575631563764,125.39993286132812,49.55079604556064,0.0120849609375,0.009908040364583334,f9e46678426618db,True,12.4848,0.75,475,True
000476.jpg,000476,.jpg,2884525,JPEG,RGB,3060,4080,1,2025:10:05 13:19:23,Xiaomi,22101316UG,MediaTek Camera Application,True,3060,4080,743.0248731358183,123.88026936848958,54.48795456327288,0.0475921630859375,0.0022989908854166665,c32f213b0b1e7267,True,12.4848,0.75,476,True
000477.jpg,000477,.jpg,2652477,JPEG,RGB,3060,4080,1,2025:10:05 13:19:05,Xiaomi,22101316UG,MediaTek Camera Application,True,3060,4080,920.2255135557043,142.65149943033853,52.628355977891125,0.023289998372395832,0.0013275146484375,ca08337c7e5d5c92,True,12.4848,0.75,477,True
000478.jpg,000478,.jpg,2051383,JPEG,RGB,3060,4080,1,2025:10:05 13:18:59,Xiaomi,22101316UG,MediaTek Camera Application,True,3060,4080,60.16616463288665,145.98795572916666,52.349462796498926,0.0032094319661458335,0.003753662109375,9a60751f831e9ed2,True,12.4848,0.75,478,True
000479.jpg,000479,.jpg,4993396,JPEG,RGB,3060,4080,1,,,,,False,3060,4080,203.6837462964985,138.89596557617188,65.015931356545,0.05615234375,0.004557291666666667,f68cc613eac9a1c6,True,12.4848,0.75,479,True
000480.jpg,000480,.jpg,6583617,JPEG,RGB,3060,4080,1,,,,,False,3060,4080,924.6429123872011,126.53697713216145,60.16772944009274,0.0576324462890625,0.0077667236328125,d68639272cab8b96,True,12.4848,0.75,480,True
000481.jpg,000481,.jpg,5501020,JPEG,RGB,3060,4080,1,,,,,False,3060,4080,275.230033791624,143.1737263997396,53.12420065848406,0.018483479817708332,0.0024922688802083335,b9cc687e78223f90,True,12.4848,0.75,481,True
000482.jpg,000482,.jpg,5516734,JPEG,RGB,3060,4080,1,,,,,False,3060,4080,1003.0846103731698,115.31045023600261,65.19534495646478,0.10283406575520833,0.008524576822916666,ddca002d4a933fc7,True,12.4848,0.75,482,True
000483.jpg,000483,.jpg,5066637,JPEG,RGB,3060,4080,1,,,,,False,3060,4080,110.07889302258587,139.3750762939453,68.4061232917108,0.1015167236328125,0.004613240559895833,c079635f76806f98,True,12.4848,0.75,483,True
000484.jpg,000484,.jpg,6757915,JPEG,RGB,3060,4080,1,,,,,False,3060,4080,651.3725874951472,127.99933369954427,58.4554701174944,0.045969645182291664,0.0048980712890625,954dc01bf920fe9a,True,12.4848,0.75,484,True
000485.jpg,000485,.jpg,5043281,JPEG,RGB,3060,4080,1,,,,,False,3060,4080,189.27649979973725,139.62409464518228,52.87199001724468,0.032033284505208336,0.005411783854166667,d4156c15966d5b27,True,12.4848,0.75,485,True
000486.jpg,000486,.jpg,7113860,JPEG,RGB,3060,4080,1,,,,,False,3060,4080,623.5776107929802,137.5089569091797,51.61548720710959,0.016901652018229168,0.008595784505208334,dafe1e00830fa4de,True,12.4848,0.75,486,True
000487.jpg,000487,.jpg,4435109,JPEG,RGB,3060,4080,1,,,,,False,3060,4080,217.7108214215065,176.89228312174478,64.9307424582702,0.0279388427734375,0.0025685628255208335,a4db0f603dd27d24,True,12.4848,0.75,487,True
000488.jpg,000488,.jpg,2396954,JPEG,RGB,3060,4080,1,2025:10:05 13:14:10,Xiaomi,22101316UG,MediaTek Camera Application,True,3060,4080,731.3364613010393,128.47066752115884,58.99778815997891,0.09197489420572917,0.0,de4b286e3cb72292,True,12.4848,0.75,488,True
000489.jpg,000489,.jpg,7388092,JPEG,RGB,3060,4080,1,,,,,False,3060,4080,1343.9948349029808,128.56019592285156,49.82217950495592,0.024897257486979168,0.0029703776041666665,9eec27678a8ba0a5,True,12.4848,0.75,489,True
000490.jpg,000490,.jpg,2229988,JPEG,RGB,3060,4080,1,2025:10:05 13:13:26,Xiaomi,22101316UG,MediaTek Camera Application,True,3060,4080,121.8200196294476,137.46477254231772,59.77349042804852,0.0233001708984375,0.010304768880208334,db1361589a583db6,True,12.4848,0.75,490,True
000491.jpg,000491,.jpg,2241888,JPEG,RGB,3060,4080,1,2025:10:05 13:11:42,Xiaomi,22101316UG,MediaTek Camera Application,True,3060,4080,409.0920277460375,129.71658833821616,67.13610062382398,0.0748443603515625,0.008580525716145834,cf01b7f18c5b601e,True,12.4848,0.75,491,True
000492.jpg,000492,.jpg,2037735,JPEG,RGB,3060,4080,1,2025:10:05 13:11:15,Xiaomi,22101316UG,MediaTek Camera Application,True,3060,4080,382.83582997156526,130.2254435221354,66.95228446883596,0.056020100911458336,0.020558675130208332,c707c1539b6c3497,True,12.4848,0.75,492,True
000493.jpg,000493,.jpg,2788392,JPEG,RGB,3060,4080,1,2025:10:05 13:11:03,Xiaomi,22101316UG,MediaTek Camera Application,True,3060,4080,1316.2441670327291,136.84378560384116,54.403272795272585,0.042490641276041664,0.0008544921875,85803e3d7a7e817c,True,12.4848,0.75,493,True
000494.jpg,000494,.jpg,2189875,JPEG,RGB,3060,4080,1,2025:10:05 13:10:13,Xiaomi,22101316UG,MediaTek Camera Application,True,3060,4080,591.2919203977411,123.40028381347656,67.67155282546055,0.070220947265625,0.0172576904296875,f63ddc0436b92994,True,12.4848,0.75,494,True
000495.jpg,000495,.jpg,2760442,JPEG,RGB,3060,4080,1,2025:10:05 13:09:50,Xiaomi,22101316UG,MediaTek Camera Application,True,3060,4080,563.005845021767,126.19873046875,69.64922477775,0.10223897298177083,0.00225830078125,e9d56a39d03a3bc0,True,12.4848,0.75,495,True
000496.jpg,000496,.jpg,2055078,JPEG,RGB,3060,4080,1,2025:10:05 13:09:33,Xiaomi,22101316UG,MediaTek Camera Application,True,3060,4080,233.63173371956995,125.22818501790364,65.59968362187418,0.10265604654947917,0.0029296875,884f77fcd8d60191,True,12.4848,0.75,496,True
000497.jpg,000497,.jpg,1720242,JPEG,RGB,3060,4080,1,2025:10:05 13:09:12,Xiaomi,22101316UG,MediaTek Camera Application,True,3060,4080,76.73200873593385,131.10733540852866,62.24992172056018,0.046091715494791664,0.008107503255208334,d2376a52f0529fa4,True,12.4848,0.75,497,True
000498.jpg,000498,.jpg,1953580,JPEG,RGB,3060,4080,1,2025:10:05 13:08:45,Xiaomi,22101316UG,MediaTek Camera Application,True,3060,4080,159.2589860701054,132.64037068684897,57.193878342864615,0.054443359375,0.007253011067708333,953a6aa7e187c0ea,True,12.4848,0.75,498,True
000499.jpg,000499,.jpg,2208812,JPEG,RGB,3060,4080,1,2025:10:05 13:08:22,Xiaomi,22101316UG,MediaTek Camera Application,True,3060,4080,461.03830622871305,104.41731262207031,59.80128284006718,0.09535725911458333,0.024876912434895832,c1fa7c7a301c1e17,True,12.4848,0.75,499,True
000500.jpg,000500,.jpg,2281515,JPEG,RGB,3060,4080,1,2025:10:05 13:08:11,Xiaomi,22101316UG,MediaTek Camera Application,True,3060,4080,311.2535079559311,114.3729248046875,68.73669427473155,0.11783854166666667,0.043223063151041664,921f7d53c2686c74,True,12.4848,0.75,500,True
000501.jpg,000501,.jpg,2416643,JPEG,RGB,3060,4080,1,2025:10:05 12:58:28,Xiaomi,22101316UG,MediaTek Camera Application,True,3060,4080,670.6742294453239,127.60879516601562,56.818551575146024,0.0424957275390625,0.006688435872395833,f9f9981c16d54782,True,12.4848,0.75,501,True
000502.jpg,000502,.jpg,2534116,JPEG,RGB,3060,4080,1,2025:10:05 12:58:17,Xiaomi,22101316UG,MediaTek Camera Application,True,3060,4080,1142.0763974759932,140.91165669759116,51.6411955972036,0.0433502197265625,0.0016021728515625,a4f926d89784dd62,True,12.4848,0.75,502,True
000503.jpg,000503,.jpg,3033267,JPEG,RGB,3060,4080,1,2025:10:05 12:54:34,Xiaomi,22101316UG,MediaTek Camera Application,True,3060,4080,1481.6413980705872,120.90619405110677,64.9125595368463,0.019282023111979168,0.011423746744791666,eb17ae40c14ed4ec,True,12.4848,0.75,503,True
000504.jpg,000504,.jpg,2983002,JPEG,RGB,3060,4080,1,2025:10:05 12:54:27,Xiaomi,22101316UG,MediaTek Camera Application,True,3060,4080,1193.8598114247952,134.0955607096354,65.06158310225179,0.040593465169270836,0.0118560791015625,c010bce087cf96bf,True,12.4848,0.75,504,True
000505.jpg,000505,.jpg,2972949,JPEG,RGB,3060,4080,1,2025:10:05 12:54:23,Xiaomi,22101316UG,MediaTek Camera Application,True,3060,4080,1343.690518973602,132.28199768066406,65.17426349568947,0.04248046875,0.009007771809895834,c115fcc0d55ed278,True,12.4848,0.75,505,True
000506.jpg,000506,.jpg,3644137,JPEG,RGB,3060,4080,1,2025:10:05 10:36:16,Xiaomi,22101316UG,MediaTek Camera Application,True,3060,4080,1251.885316580508,87.66602071126302,71.53043103516542,0.14612325032552084,0.0002797444661458333,98276f986782b8b9,True,12.4848,0.75,506,True
000507.jpg,000507,.jpg,2997280,JPEG,RGB,3060,4080,1,2025:10:05 10:35:57,Xiaomi,22101316UG,MediaTek Camera Application,True,3060,4080,392.63109329301454,85.75665283203125,62.46348246726036,0.214752197265625,0.0031890869140625,9acb693cb47ab580,True,12.4848,0.75,507,True
000508.jpg,000508,.jpg,351230,JPEG,RGB,1050,1400,1,,,,,False,1050,1400,710.2350527841805,141.21507263183594,47.2625633184175,1.52587890625e-05,0.0,8ab565ca1d1f70e2,True,1.47,0.75,508,True
000509.jpg,000509,.jpg,298011,JPEG,RGB,1050,1400,1,,,,,False,1050,1400,182.08931769034825,129.84149678548178,45.86654574454022,0.0036671956380208335,0.0,d23b2dd050db8b35,True,1.47,0.75,509,True
000510.jpg,000510,.jpg,382101,JPEG,RGB,1050,1400,1,,,,,False,1050,1400,403.85753245144684,148.4806162516276,44.00400907161148,0.00017801920572916666,0.0,c0d57dda28c0df25,True,1.47,0.75,510,True
000511.jpg,000511,.jpg,279947,JPEG,RGB,1050,1400,1,,,,,False,1050,1400,98.91920124674736,125.17930094401042,52.17953783930968,0.0,1.0172526041666666e-05,ead42a529730f999,True,1.47,0.75,511,True
000512.jpg,000512,.jpg,435818,JPEG,RGB,1050,1400,1,,,,,False,1050,1400,1368.2933456344892,161.04674275716147,49.04837774634598,3.5603841145833336e-05,0.0019175211588541667,aa910331c57ad53f,True,1.47,0.75,512,True
000513.jpg,000513,.jpg,234697,JPEG,RGB,1050,1400,1,,,,,False,1050,1400,144.7158987372079,139.70477803548178,51.71195686006603,0.0059356689453125,0.0,d47b6ae0e8c1e01f,True,1.47,0.75,513,True
000514.jpg,000514,.jpg,238879,JPEG,RGB,1050,1400,1,,,,,False,1050,1400,206.82685676028223,135.24616495768228,45.385243676428765,9.663899739583333e-05,0.00014750162760416666,b5272ad4163ed591,True,1.47,0.75,514,True
000515.jpg,000515,.jpg,359530,JPEG,RGB,1050,1400,1,,,,,False,1050,1400,653.7265612737327,142.92550150553384,44.81073331211441,0.00457763671875,0.0,c4e13ec19a1e165f,True,1.47,0.75,515,True
000516.jpg,000516,.jpg,577635,JPEG,RGB,1050,1400,1,,,,,False,1050,1400,1089.7930585423019,117.9735107421875,51.356678169031746,4.57763671875e-05,0.005513509114583333,830e2cd67592d735,True,1.47,0.75,516,True
000517.jpg,000517,.jpg,407260,JPEG,RGB,1050,1400,1,,,,,False,1050,1400,874.0107179101711,129.57921346028647,61.285922329396485,0.0,0.002960205078125,d2d42579d47ac4d8,True,1.47,0.75,517,True
000518.jpg,000518,.jpg,311899,JPEG,RGB,1050,1400,1,,,,,False,1050,1400,41.436058426870865,152.46998596191406,41.49838222351066,0.0,0.00023905436197916666,ce4a4aa82b81e5df,True,1.47,0.75,518,True
000519.jpg,000519,.jpg,376958,JPEG,RGB,1050,1400,1,,,,,False,1050,1400,156.9371280256245,133.4795125325521,37.71247541305933,0.0004475911458333333,0.0,c5783468cf447cd5,True,1.47,0.75,519,True
000520.jpg,000520,.jpg,369079,JPEG,RGB,1050,1400,1,,,,,False,1050,1400,431.76155498000384,142.53832499186197,43.74766567556358,0.0033772786458333335,0.0025075276692708335,90ec0ac11f6fa16f,True,1.47,0.75,520,True
000521.jpg,000521,.jpg,375372,JPEG,RGB,1050,1400,1,,,,,False,1050,1400,340.466788072734,122.51203918457031,38.19531606236894,0.0,0.0,9f3830d768cd8678,True,1.47,0.75,521,True
000522.jpg,000522,.jpg,424053,JPEG,RGB,1050,1400,1,,,,,False,1050,1400,1438.6404234517574,121.12039693196614,54.472981376960846,0.000274658203125,0.0,94fa2db2c23d2f90,True,1.47,0.75,522,True
000523.jpg,000523,.jpg,358509,JPEG,RGB,1050,1400,1,,,,,False,1050,1400,178.32731823747358,119.28837076822917,49.324579847153366,0.0022939046223958335,0.0,87b72984c26f7a4a,True,1.47,0.75,523,True
000524.jpg,000524,.jpg,397946,JPEG,RGB,1050,1400,1,,,,,False,1050,1400,892.8789112083354,149.81922403971353,53.04059811047351,0.0,0.0,d5d52dda20c932cd,True,1.47,0.75,524,True
000525.jpg,000525,.jpg,333747,JPEG,RGB,1050,1400,1,,,,,False,1050,1400,252.9969738320343,135.3241170247396,56.476597171480144,0.0030364990234375,0.00014241536458333334,8686e1778f61709e,True,1.47,0.75,525,True
000526.jpg,000526,.jpg,286902,JPEG,RGB,1050,1400,1,,,,,False,1050,1400,252.39371087112352,128.52727254231772,49.85247542757795,0.0,0.0058135986328125,d51b1ad4e18fa465,True,1.47,0.75,526,True
000527.jpg,000527,.jpg,376182,JPEG,RGB,1050,1400,1,,,,,False,1050,1400,356.46922746290346,126.13130187988281,56.40814761215585,0.010284423828125,0.001007080078125,c05f58a396193d97,True,1.47,0.75,527,True
000528.jpg,000528,.jpg,383461,JPEG,RGB,1050,1400,1,,,,,False,1050,1400,200.5840199523502,126.83636474609375,29.701387028067373,0.0,1.0172526041666666e-05,992e2167ba6c3a2d,True,1.47,0.75,528,True
000529.jpg,000529,.jpg,292475,JPEG,RGB,1050,1400,1,,,,,False,1050,1400,34.09826945223742,101.33201599121094,38.664954004536476,0.0256195068359375,0.0004119873046875,870f853d55dc1a5a,True,1.47,0.75,529,True
000530.jpg,000530,.jpg,153748,JPEG,RGB,1050,686,1,,,,,False,1050,686,204.18046783576438,106.40229710820896,38.83140302463141,6.996268656716418e-05,0.0028509794776119405,8fab8959970b1b1a,True,0.7203,1.530612244897959,530,True
000531.jpg,000531,.jpg,369769,JPEG,RGB,1050,1400,1,,,,,False,1050,1400,252.75194215254547,138.9340565999349,50.429335504789684,0.0,0.00022379557291666666,8cb8679d71877883,True,1.47,0.75,531,True
000532.jpg,000532,.jpg,266224,JPEG,RGB,1050,1400,1,,,,,False,1050,1400,91.33925089198686,145.19366963704428,44.16765826423188,0.0,0.000396728515625,fbc07c03df4094b3,True,1.47,0.75,532,True
000533.jpg,000533,.jpg,362700,JPEG,RGB,1050,1400,1,,,,,False,1050,1400,730.9713213000601,161.5132039388021,40.90002880406783,0.0,0.0,a0ff3f805fa1c6a0,True,1.47,0.75,533,True
000534.jpg,000534,.jpg,301845,JPEG,RGB,1400,1050,1,,,,,False,1400,1050,302.23743069231404,143.70660909016928,46.00047685304956,0.0,0.0004730224609375,893409c4cf49f6eb,True,1.47,1.3333333333333333,534,True
000535.jpg,000535,.jpg,359734,JPEG,RGB,1400,1050,1,,,,,False,1400,1050,197.8165507564942,148.56407165527344,35.20356559101702,0.0,0.0004831949869791667,852064b2d7dbdaaa,True,1.47,1.3333333333333333,535,True
000536.jpg,000536,.jpg,321709,JPEG,RGB,1050,1400,1,,,,,False,1050,1400,195.1103497022349,139.6109364827474,42.51988995625892,0.0010121663411458333,0.0003204345703125,95e60796e8994771,True,1.47,0.75,536,True
000537.jpg,000537,.jpg,518925,JPEG,RGB,1050,1400,1,,,,,False,1050,1400,898.2521043734159,136.85374959309897,39.86710372539362,0.0001220703125,0.0008799235026041666,cb023212a95b37f7,True,1.47,0.75,537,True
000538.jpg,000538,.jpg,313355,JPEG,RGB,1050,1400,1,,,,,False,1050,1400,83.55995204051335,143.99725341796875,46.666124605037666,0.000823974609375,0.0,d0523ad535c7674a,True,1.47,0.75,538,True
000539.jpg,000539,.jpg,460394,JPEG,RGB,1050,1400,1,,,,,False,1050,1400,1259.6941622337326,126.78207906087239,56.86644997195211,0.024068196614583332,0.000946044921875,d41c14e6eda96572,True,1.47,0.75,539,True
000540.jpg,000540,.jpg,289094,JPEG,RGB,1050,1400,1,,,,,False,1050,1400,98.82888226311964,143.69749959309897,57.86586198133592,0.023249308268229168,0.0,c5340a3a2f757555,True,1.47,0.75,540,True
000541.jpg,000541,.jpg,273423,JPEG,RGB,1050,1400,1,,,,,False,1050,1400,84.65599081406575,116.17507425944011,58.457164710949414,0.025807698567708332,0.0014190673828125,9f891f9a7810f171,True,1.47,0.75,541,True
000542.jpg,000542,.jpg,387438,JPEG,RGB,1050,1400,1,,,,,False,1050,1400,787.3033479712641,142.95169576009116,42.283733211634846,0.0004933675130208334,0.0025380452473958335,c9404ac92de536df,True,1.47,0.75,542,True
000543.jpg,000543,.jpg,479752,JPEG,RGB,1050,1400,1,,,,,False,1050,1400,1331.3560226762202,122.54393005371094,49.33323978257766,0.0,0.0002288818359375,8a5514da3bd837c6,True,1.47,0.75,543,True
000544.jpg,000544,.jpg,380477,JPEG,RGB,1050,1400,1,,,,,False,1050,1400,161.1389442876809,137.6206309000651,53.59551570775507,0.008875528971354166,0.0021514892578125,cb342d6b36b1cbc0,True,1.47,0.75,544,True
000545.jpg,000545,.jpg,456285,JPEG,RGB,1050,1400,1,,,,,False,1050,1400,1023.232823893195,117.49973042805989,67.2050638677257,0.10134379069010417,0.0024058024088541665,d7da7cd2a138d620,True,1.47,0.75,545,True
000546.jpg,000546,.jpg,404792,JPEG,RGB,1050,1400,1,,,,,False,1050,1400,700.6325225513169,126.48232523600261,51.7207559257132,0.011739095052083334,0.0028940836588541665,872f60177176f168,True,1.47,0.75,546,True
000547.jpg,000547,.jpg,340594,JPEG,RGB,1050,1400,1,,,,,False,1050,1400,572.3520271773967,104.635498046875,57.32811028688369,0.10103352864583333,0.0,c81b2d7452d6ea35,True,1.47,0.75,547,True
000548.jpg,000548,.jpg,390887,JPEG,RGB,1050,1400,1,,,,,False,1050,1400,694.839985564325,115.66662089029948,62.44541878049681,0.0736236572265625,0.0002899169921875,8a0c3fd2a32f3572,True,1.47,0.75,548,True
000549.jpg,000549,.jpg,473850,JPEG,RGB,1050,1400,1,,,,,False,1050,1400,1045.0942630841294,152.1880137125651,34.53155114766602,0.0028533935546875,0.0011647542317708333,81c37f9e8000d77f,True,1.47,0.75,549,True
000550.jpg,000550,.jpg,342220,JPEG,RGB,1050,1400,1,,,,,False,1050,1400,461.2788852862755,131.18427530924478,53.069256701061036,0.009979248046875,0.0,8bc93c4d3036db78,True,1.47,0.75,550,True
000551.jpg,000551,.jpg,406527,JPEG,RGB,1050,1400,1,,,,,False,1050,1400,660.6519161313772,130.68054707845053,52.1419932582109,0.0042266845703125,0.001678466796875,8bc0302fc27f934f,True,1.47,0.75,551,True
000552.jpg,000552,.jpg,382473,JPEG,RGB,1050,1400,1,,,,,False,1050,1400,552.3564386733859,133.5569051106771,45.606911688987196,5.086263020833333e-06,0.0025227864583333335,c9df755478c081b6,True,1.47,0.75,552,True
000553.jpg,000553,.jpg,399411,JPEG,RGB,1050,1400,1,,,,,False,1050,1400,589.8253708207568,147.56575520833334,35.32889437232556,0.004364013671875,0.0037078857421875,f4cd27c037d8a259,True,1.47,0.75,553,True
000554.jpg,000554,.jpg,315318,JPEG,RGB,1050,1400,1,,,,,False,1050,1400,138.20617318111988,128.63330586751303,52.013061848315594,0.033610026041666664,0.004191080729166667,950a06373e3565eb,True,1.47,0.75,554,True
000555.jpg,000555,.jpg,362747,JPEG,RGB,1050,1400,1,,,,,False,1050,1400,386.61415812060136,134.12073771158853,43.65088940811164,0.0061492919921875,0.0029042561848958335,8dd632ba010dcbcf,True,1.47,0.75,555,True
000556.jpg,000556,.jpg,352883,JPEG,RGB,1050,1400,1,,,,,False,1050,1400,164.707983343862,131.28467814127603,52.81851970075143,0.0005289713541666666,0.0025380452473958335,add2420b92d1fd4d,True,1.47,0.75,556,True
000557.jpg,000557,.jpg,387322,JPEG,RGB,1050,1400,1,,,,,False,1050,1400,560.8996579546688,139.80862426757812,50.59654657174977,0.0027720133463541665,0.0,81683f0fd29c379c,True,1.47,0.75,557,True
000558.jpg,000558,.jpg,557578,JPEG,RGB,1050,1400,1,,,,,False,1050,1400,1048.6801894926982,133.02423604329428,46.181088221460385,0.0,0.0,8d5774c8833e649b,True,1.47,0.75,558,True
000559.jpg,000559,.jpg,315695,JPEG,RGB,1050,1400,1,,,,,False,1050,1400,64.54469206918857,144.81407674153647,53.840651311520496,0.00054931640625,1.0172526041666666e-05,95722a6a56255e3d,True,1.47,0.75,559,True
000560.jpg,000560,.jpg,396579,JPEG,RGB,1050,1400,1,,,,,False,1050,1400,1084.6752569507546,146.84691874186197,61.48039101350652,0.026967366536458332,0.0,d0ff25f809dc89d0,True,1.47,0.75,560,True
000561.jpg,000561,.jpg,503474,JPEG,RGB,1050,1400,1,,,,,False,1050,1400,785.9167007679483,116.71977233886719,42.63111869961492,0.0426788330078125,0.0,d555af2060df007f,True,1.47,0.75,561,True
000562.jpg,000562,.jpg,422815,JPEG,RGB,1050,1400,1,,,,,False,1050,1400,760.4888499378122,131.87750244140625,36.54387029892923,0.0003000895182291667,0.0,d105fb05da3b84ba,True,1.47,0.75,562,True
000563.jpg,000563,.jpg,454105,JPEG,RGB,1050,1400,1,,,,,False,1050,1400,318.2380971374611,141.89453633626303,44.43811533833155,0.009587605794270834,0.0023854573567708335,9d6a3aaa36d0785a,True,1.47,0.75,563,True
000564.jpg,000564,.jpg,464126,JPEG,RGB,1050,1400,1,,,,,False,1050,1400,373.9257278040879,129.11852518717447,50.58516283027551,0.0,0.0,ff80353f80d27a38,True,1.47,0.75,564,True
000565.jpg,000565,.jpg,303607,JPEG,RGB,1050,1400,1,,,,,False,1050,1400,337.93515304204385,130.93383280436197,64.71984193285708,0.026494344075520832,0.0020345052083333335,d235682bfc6962e8,True,1.47,0.75,565,True
000566.jpg,000566,.jpg,234088,JPEG,RGB,894,1233,1,,,,,False,894,1233,173.79787848435572,157.01228205020215,30.272955799117575,0.0,0.002042621293800539,bf9e6761e0431cc4,True,1.102302,0.7250608272506083,566,True
000567.jpg,000567,.jpg,374510,JPEG,RGB,1050,1400,1,,,,,False,1050,1400,265.52264072984036,140.72051493326822,44.56594383483274,0.0,0.0014902750651041667,9a236b6c32e67c23,True,1.47,0.75,567,True
000568.jpg,000568,.jpg,334106,JPEG,RGB,914,1399,1,,,,,False,914,1399,575.8485832498524,151.12916861007463,42.859045761385254,0.0,0.0,d05a35c53f563a16,True,1.278686,0.6533238027162259,568,True
000569.jpg,000569,.jpg,301447,JPEG,RGB,1050,1400,1,,,,,False,1050,1400,89.80349989853694,139.99221801757812,40.71175970157385,0.0,0.0,c99a35825a3ea8bd,True,1.47,0.75,569,True
000570.jpg,000570,.jpg,369551,JPEG,RGB,1050,1400,1,,,,,False,1050,1400,144.1945298893584,129.43977864583334,31.989963624880616,0.0,0.0,d20d7ae943ac91e6,True,1.47,0.75,570,True
000571.jpg,000571,.jpg,402959,JPEG,RGB,1050,1400,1,,,,,False,1050,1400,576.3874299625297,159.31453959147134,52.617943590150595,0.0,0.0,801f807c1fad9c9f,True,1.47,0.75,571,True
000572.jpg,000572,.jpg,256721,JPEG,RGB,1050,1400,1,,,,,False,1050,1400,248.6752725042558,149.00857543945312,47.76011316501202,0.0,0.0,fcfe4a60e462c171,True,1.47,0.75,572,True
000573.jpg,000573,.jpg,476165,JPEG,RGB,1050,1400,1,,,,,False,1050,1400,551.4677407387386,139.59296671549478,48.97362035311043,0.005915323893229167,0.0027262369791666665,d5404b007f4f1cfd,True,1.47,0.75,573,True
000574.jpg,000574,.jpg,407446,JPEG,RGB,1050,1400,1,,,,,False,1050,1400,397.87239931761815,153.03467814127603,38.54635904301978,0.0,0.0,ab90846f2ed4257b,True,1.47,0.75,574,True
000575.jpg,000575,.jpg,322963,JPEG,RGB,1050,1400,1,,,,,False,1050,1400,136.84280506107544,167.49394734700522,35.370479284803956,0.0,6.103515625e-05,c00126b6b6f7dd4a,True,1.47,0.75,575,True
000576.jpg,000576,.jpg,433303,JPEG,RGB,1050,1400,1,,,,,False,1050,1400,406.9306188639409,122.73519388834636,53.442236803464176,0.11281331380208333,0.0005289713541666666,d40b7667683ccbb0,True,1.47,0.75,576,True
000577.jpg,000577,.jpg,411532,JPEG,RGB,1050,1400,1,,,,,False,1050,1400,409.44141115038656,132.47039794921875,47.07761622731469,0.0,0.0033111572265625,d2356b0adc37c11e,True,1.47,0.75,577,True
000578.jpg,000578,.jpg,356545,JPEG,RGB,1050,1400,1,,,,,False,1050,1400,154.55024972796033,124.13185119628906,41.96854864085157,0.0,0.000640869140625,c15754c0bf2fc19a,True,1.47,0.75,578,True
000579.jpg,000579,.jpg,370966,JPEG,RGB,1050,1400,1,,,,,False,1050,1400,105.93702712986205,102.23900349934895,34.23123577336114,0.007375081380208333,0.0,f0783e9caec368a4,True,1.47,0.75,579,True
000580.jpg,000580,.jpg,375884,JPEG,RGB,1050,1400,1,,,,,False,1050,1400,285.0778518672774,115.10284423828125,57.93687364508399,0.0,0.009190877278645834,95693aebd252da12,True,1.47,0.75,580,True
000581.jpg,000581,.jpg,366358,JPEG,RGB,1050,1162,1,,,,,False,1050,1162,1154.6001144979402,128.141169175216,53.616206682461225,0.0,0.0,902b3fd6d06d8fc0,True,1.2201,0.9036144578313253,581,True
000582.jpg,000582,.jpg,416903,JPEG,RGB,1050,1400,1,,,,,False,1050,1400,223.69813616904938,134.28728739420572,30.992800637174067,0.0,0.00016276041666666666,f67696a4a1c9154b,True,1.47,0.75,582,True
000583.jpg,000583,.jpg,277278,JPEG,RGB,1050,1400,1,,,,,False,1050,1400,81.69344855387074,164.57869466145834,29.49655824712944,0.0,0.0,b85e7c787a607864,True,1.47,0.75,583,True
000584.jpg,000584,.jpg,430295,JPEG,RGB,1050,1400,1,,,,,False,1050,1400,364.7036844342947,146.13092549641928,27.800599562109443,0.0,0.0008494059244791666,d5aa45926f59394a,True,1.47,0.75,584,True
000585.jpg,000585,.jpg,613539,JPEG,RGB,1050,1400,1,,,,,False,1050,1400,2322.5651119808513,120.33327229817708,58.14159668451225,0.0,9.1552734375e-05,cb2c2cdfead4a814,True,1.47,0.75,585,True
000586.jpg,000586,.jpg,232336,JPEG,RGB,1050,1400,1,,,,,False,1050,1400,85.19875081121508,163.69339497884116,16.9172059336511,0.0,0.0,c200261f7f7fe864,True,1.47,0.75,586,True
000587.jpg,000587,.jpg,491604,JPEG,RGB,1050,1400,1,,,,,False,1050,1400,1001.6838768853078,146.9195098876953,35.57316244433949,0.0,6.103515625e-05,b68590f68d6a5399,True,1.47,0.75,587,True
000588.jpg,000588,.jpg,426242,JPEG,RGB,1050,1400,1,,,,,False,1050,1400,250.27353166499074,125.83076477050781,38.04348208184133,0.0005594889322916666,0.0012054443359375,94d67a1b91316c3b,True,1.47,0.75,588,True
000589.jpg,000589,.jpg,386057,JPEG,RGB,1050,1400,1,,,,,False,1050,1400,984.8664306252158,169.15162150065103,35.39490337594957,0.0,0.0,c090526e95df6a9d,True,1.47,0.75,589,True
000590.jpg,000590,.jpg,272920,JPEG,RGB,1050,1400,1,,,,,False,1050,1400,30.721286712188487,119.29801432291667,50.60789695628872,0.0024007161458333335,0.0,d7017ec4ca04af3e,True,1.47,0.75,590,True
000591.jpg,000591,.jpg,369312,JPEG,RGB,1050,1400,1,,,,,False,1050,1400,325.23666439389086,99.5122782389323,58.485922936757866,0.0313873291015625,0.004216512044270833,f4ff15306bc07a90,True,1.47,0.75,591,True
000592.jpg,000592,.jpg,347830,JPEG,RGB,1050,1400,1,,,,,False,1050,1400,217.69194438430065,147.20619201660156,38.13451764029478,0.0005442301432291666,0.0,9d8b716a73896c1c,True,1.47,0.75,592,True
000593.jpg,000593,.jpg,354348,JPEG,RGB,1613,763,1,,,,,False,1613,763,409.19988533369417,118.21194634555785,45.85444499235639,0.0015253744834710743,0.0,d48d3d64d0366bf0,True,1.230719,2.114023591087811,593,True
000594.jpg,000594,.jpg,321553,JPEG,RGB,1613,763,1,,,,,False,1613,763,508.49404120622756,139.50531056301654,52.383625762367416,0.0,0.006609956095041322,cbbc26221e27945f,True,1.230719,2.114023591087811,594,True
000595.jpg,000595,.jpg,342819,JPEG,RGB,1613,763,1,,,,,False,1613,763,391.60730488226557,143.84902827995867,40.35143907895017,0.0,0.005560756714876033,cdb67ed680f44b02,True,1.230719,2.114023591087811,595,True
000596.jpg,000596,.jpg,440082,JPEG,RGB,1613,763,1,,,,,False,1613,763,449.24009012148423,136.38644434400825,44.195070141573154,0.0,0.005003873966942149,c744a41e7267cd35,True,1.230719,2.114023591087811,596,True
000597.jpg,000597,.jpg,339201,JPEG,RGB,1613,763,1,,,,,False,1613,763,457.72473759628707,150.99940276342974,31.982944446044414,0.0,0.0,cf7c33177133e802,True,1.230719,2.114023591087811,597,True
000598.jpg,000598,.jpg,391279,JPEG,RGB,1299,763,1,,,,,False,1299,763,3146.929204326346,156.19362541528238,37.95050580894195,0.0,0.0,c56a46b61a69693b,True,0.991137,1.7024901703800785,598,True
000599.jpg,000599,.jpg,265427,JPEG,RGB,1613,763,1,,,,,False,1613,763,346.72447256152486,151.7162964876033,38.986758310043314,0.0,0.0,d5d62a175560d58d,True,1.230719,2.114023591087811,599,True
000600.jpg,000600,.jpg,350323,JPEG,RGB,1613,763,1,,,,,False,1613,763,280.71029880487987,142.169381133781,41.45176794046916,0.0,0.0017271435950413224,e25649b37a27d825,True,1.230719,2.114023591087811,600,True
000601.jpg,000601,.jpg,384002,JPEG,RGB,1613,763,1,,,,,False,1613,763,300.8787567063634,113.59462971332644,51.37274802800373,0.004204868285123967,0.0026714230371900826,c57c2cd13a523cce,True,1.230719,2.114023591087811,601,True
000602.jpg,000602,.jpg,315215,JPEG,RGB,1613,763,1,,,,,False,1613,763,338.5433347258573,130.79789998708677,46.468771641894925,0.0,0.006157993285123967,ef1d4583c71c3a1a,True,1.230719,2.114023591087811,602,True
000603.jpg,000603,.jpg,406952,JPEG,RGB,1345,763,1,,,,,False,1345,763,1044.31534389895,115.57094558189655,44.9666826688087,0.0,0.001427801724137931,dce662fe27648c0c,True,1.026235,1.7627785058977719,603,True
000604.jpg,000604,.jpg,371709,JPEG,RGB,1613,763,1,,,,,False,1613,763,441.90113360822687,143.49188888171489,39.271520509856,0.0,0.004785963326446281,e03c99978f72982d,True,1.230719,2.114023591087811,604,True
000605.jpg,000605,.jpg,469557,JPEG,RGB,1613,763,1,,,,,False,1613,763,800.2198577288369,109.8721348786157,50.85330554062287,0.0,0.0,c16a7f856a0a753c,True,1.230719,2.114023591087811,605,True
000606.jpg,000606,.jpg,356486,JPEG,RGB,1613,763,1,,,,,False,1613,763,677.9106820826079,132.72731308109505,48.39236714691011,0.0,0.0,cb7061c62dcf60dc,True,1.230719,2.114023591087811,606,True
000607.jpg,000607,.jpg,348141,JPEG,RGB,1423,763,1,,,,,False,1423,763,1154.210830977965,129.36960227272726,60.35103666975854,0.0,0.0,95288ec43f555a6b,True,1.085749,1.8650065530799476,607,True
000608.jpg,000608,.jpg,230094,JPEG,RGB,1613,763,1,,,,,False,1613,763,212.53529821628672,161.49770790289256,41.35958663572581,0.0,0.0001775568181818182,855f157955191765,True,1.230719,2.114023591087811,608,True
000609.jpg,000609,.jpg,330412,JPEG,RGB,1613,763,1,,,,,False,1613,763,316.02309485519453,135.51023372933884,46.66322694546495,0.0,0.0,fd69259a9cd88263,True,1.230719,2.114023591087811,609,True
000610.jpg,000610,.jpg,306962,JPEG,RGB,1613,763,1,,,,,False,1613,763,349.9252984365653,133.22852369576447,36.99286108566385,0.0,0.008659930268595042,d5a66c8b1ae68c2b,True,1.230719,2.114023591087811,610,True
000611.jpg,000611,.jpg,410873,JPEG,RGB,1613,763,1,,,,,False,1613,763,378.34622251468807,144.08364540289256,48.7129937997999,0.0,0.006440470041322314,cb8f963061cb7c23,True,1.230719,2.114023591087811,611,True
000612.jpg,000612,.jpg,303684,JPEG,RGB,1613,763,1,,,,,False,1613,763,326.59832176186086,137.01679526084712,38.81432444885216,0.0,0.0,ce2b54765558a175,True,1.230719,2.114023591087811,612,True
000613.jpg,000613,.jpg,335535,JPEG,RGB,1613,763,1,,,,,False,1613,763,759.2046623242354,130.1611973786157,45.654029897342255,0.0,0.0,e57c4fe04e315a89,True,1.230719,2.114023591087811,613,True
000614.jpg,000614,.jpg,359373,JPEG,RGB,1613,763,1,,,,,False,1613,763,180.71195869082334,128.93515140754133,45.7333059024716,0.0,0.005262138429752066,e74f7092d03c7235,True,1.230719,2.114023591087811,614,True
000615.jpg,000615,.jpg,300470,JPEG,RGB,1613,763,1,,,,,False,1613,763,416.1976759019962,136.43506262913223,45.62943835201915,0.0,0.0002340521694214876,c74a38cb34c576cc,True,1.230719,2.114023591087811,615,True
000616.jpg,000616,.jpg,375442,JPEG,RGB,1613,763,1,,,,,False,1613,763,598.8439979320683,143.61626743285123,46.172478644562844,0.0,0.0,cb2f52922d15a5d9,True,1.230719,2.114023591087811,616,True
000617.jpg,000617,.jpg,405859,JPEG,RGB,1613,763,1,,,,,False,1613,763,579.3474495001694,125.51668227014463,56.58098054888542,0.0,0.00011299070247933885,c8783dc2934f962d,True,1.230719,2.114023591087811,617,True
000618.jpg,000618,.jpg,477019,JPEG,RGB,1613,763,1,,,,,False,1613,763,3157.121862005694,111.52225109762396,59.63284316090173,0.0,0.0049393078512396695,d4707885b5696bd4,True,1.230719,2.114023591087811,618,True
000619.jpg,000619,.jpg,346680,JPEG,RGB,1613,763,1,,,,,False,1613,763,443.2031915128724,126.12264333677686,44.565172604953055,0.0049393078512396695,0.0005003873966942148,c5cb38cd313e9534,True,1.230719,2.114023591087811,619,True
000620.jpg,000620,.jpg,452212,JPEG,RGB,1613,763,1,,,,,False,1613,763,971.822793232402,149.27026568956612,47.18850744409668,0.0,6.456611570247934e-05,ef9d508f70a891ca,True,1.230719,2.114023591087811,620,True
000621.jpg,000621,.jpg,320179,JPEG,RGB,1613,763,1,,,,,False,1613,763,200.38001626541475,127.97077576188016,51.71977213814753,0.0,0.0,ef613cc3b00f307c,True,1.230719,2.114023591087811,621,True
000622.jpg,000622,.jpg,337384,JPEG,RGB,1613,763,1,,,,,False,1613,763,704.3907512138226,137.24406798811984,48.78287013506051,0.0,0.012501614152892563,f889e1e12f38b878,True,1.230719,2.114023591087811,622,True
000623.jpg,000623,.jpg,324064,JPEG,RGB,1613,763,1,,,,,False,1613,763,482.1949731774542,138.5809416967975,48.46752720272923,0.0011137654958677686,8.070764462809918e-06,e5cb3fc13256c03c,True,1.230719,2.114023591087811,623,True
000624.jpg,000624,.jpg,247873,JPEG,RGB,1613,763,1,,,,,False,1613,763,356.73886862218677,161.74158219266528,36.147750126836435,0.0,0.0043178589876033055,d1b89831b784fcc6,True,1.230719,2.114023591087811,624,True
000625.jpg,000625,.jpg,275618,JPEG,RGB,1613,763,1,,,,,False,1613,763,364.3059359869584,153.9092038997934,41.26851326509807,0.0,0.002130681818181818,ebf014a776a99b20,True,1.230719,2.114023591087811,625,True
000626.jpg,000626,.jpg,2019369,MPO,RGB,4032,3024,6,2025:10:11 22:08:00,Apple,iPhone 13 Pro,17.6.1,True,3024,4032,146.24574045710165,129.88805135091147,41.28876771382429,0.008885701497395834,0.0022226969401041665,9b994d8c3e83312f,True,12.192768,0.75,626,True
000627.jpg,000627,.jpg,2185471,MPO,RGB,4032,3024,6,2025:10:11 22:07:50,Apple,iPhone 13 Pro,17.6.1,True,3024,4032,280.01744571659304,131.23394775390625,44.91773414673572,0.0018157958984375,0.0004526774088541667,cab436c27fcf4c40,True,12.192768,0.75,627,True
000628.jpg,000628,.jpg,2105383,MPO,RGB,4032,3024,6,2025:10:11 22:07:39,Apple,iPhone 13 Pro,17.6.1,True,3024,4032,209.96344402367762,127.99367777506511,41.83955017795483,0.007476806640625,0.0019378662109375,fe8215c9d126979a,True,12.192768,0.75,628,True
000629.jpg,000629,.jpg,2248890,MPO,RGB,4032,3024,6,2025:10:11 22:07:30,Apple,iPhone 13 Pro,17.6.1,True,3024,4032,405.66346902803826,142.16136678059897,50.10827695034715,0.008509318033854166,2.5431315104166668e-05,8df23483cd3c7233,True,12.192768,0.75,629,True
000630.jpg,000630,.jpg,2324039,MPO,RGB,4032,3024,6,2025:10:11 22:06:56,Apple,iPhone 13 Pro,17.6.1,True,3024,4032,1558.1699325597276,151.31439208984375,32.84433605586254,5.086263020833333e-06,8.646647135416667e-05,88371f009febc55a,True,12.192768,0.75,630,True
000631.jpg,000631,.jpg,949711,JPEG,RGB,3520,1980,6,2025:10:11 20:59:21,Apple,iPhone 13 Pro,17.6.1,True,1980,3520,279.07689054512684,137.1728719075521,54.62945768577481,0.009358723958333334,0.0009833441840277778,bb860a0779c6bd52,True,6.9696,0.5625,631,True
000632.jpg,000632,.jpg,1385817,JPEG,RGB,3520,1980,6,2025:10:11 20:59:12,Apple,iPhone 13 Pro,17.6.1,True,1980,3520,1296.862880428448,158.77171495225696,47.992358515593224,0.0054931640625,0.00031195746527777775,86e3060bc59f2b7c,True,6.9696,0.5625,632,True
000633.jpg,000633,.jpg,1092059,JPEG,RGB,3520,1980,6,2025:10:11 20:59:05,Apple,iPhone 13 Pro,17.6.1,True,1980,3520,470.8095663204606,130.75357394748264,57.822502220836824,0.0323486328125,0.0008138020833333334,e8cd2312d8c33cf5,True,6.9696,0.5625,633,True
000634.jpg,000634,.jpg,961701,JPEG,RGB,3520,1980,6,2025:10:11 20:58:54,Apple,iPhone 13 Pro,17.6.1,True,1980,3520,509.4024285473575,121.32963053385417,51.70328869328915,0.02484130859375,0.0010172526041666667,82d92475d6426d3f,True,6.9696,0.5625,634,True
000635.jpg,000635,.jpg,1362372,JPEG,RGB,3520,1980,6,2025:10:11 20:58:50,Apple,iPhone 13 Pro,17.6.1,True,1980,3520,1234.6589613122242,134.83917914496527,55.64972910574867,0.005723741319444444,0.0017768012152777778,dd590f6585b226e1,True,6.9696,0.5625,635,True
000636.jpg,000636,.jpg,1006917,JPEG,RGB,3520,1980,6,2025:10:11 20:58:35,Apple,iPhone 13 Pro,17.6.1,True,1980,3520,156.5082872029808,156.24615478515625,58.51214817310043,0.019795735677083332,0.0,d476423722f723d2,True,6.9696,0.5625,636,True
000637.jpg,000637,.jpg,834797,JPEG,RGB,3520,1980,6,2025:10:11 20:58:30,Apple,iPhone 13 Pro,17.6.1,True,1980,3520,216.18914921963471,152.55027940538196,48.7941767561053,0.002231174045138889,0.0,bac5361943361d6b,True,6.9696,0.5625,637,True
000638.jpg,000638,.jpg,844271,JPEG,RGB,3520,1980,6,2025:10:11 20:58:25,Apple,iPhone 13 Pro,17.6.1,True,1980,3520,214.12742188241748,145.83670383029514,59.016492416670694,0.013014051649305556,2.0345052083333332e-05,dad41b641de409bd,True,6.9696,0.5625,638,True
000639.jpg,000639,.jpg,1154074,JPEG,RGB,3520,1980,6,2025:10:11 20:58:07,Apple,iPhone 13 Pro,17.6.1,True,1980,3520,1216.9028035783106,144.3330078125,47.697185144468094,0.005974663628472222,0.0003865559895833333,c1faef280883deca,True,6.9696,0.5625,639,True
000640.jpg,000640,.jpg,1073435,JPEG,RGB,3520,1980,6,2025:10:11 20:58:02,Apple,iPhone 13 Pro,17.6.1,True,1980,3520,389.6519608088758,124.70707194010417,51.942524716500785,0.011759440104166666,0.0,dab359f22ad29407,True,6.9696,0.5625,640,True
000641.jpg,000641,.jpg,1258120,JPEG,RGB,1980,3520,1,2025:10:11 20:57:50,Apple,iPhone 13 Pro,17.6.1,True,1980,3520,806.8831748226543,152.43678114149304,40.87702745952969,0.00025770399305555556,0.0,90ee1e582a97516f,True,6.9696,0.5625,641,True
000642.jpg,000642,.jpg,1168812,JPEG,RGB,3520,1980,6,2025:10:11 20:57:25,Apple,iPhone 13 Pro,17.6.1,True,1980,3520,1395.7658381925687,106.60291883680556,68.48425944254333,0.005940755208333333,6.103515625e-05,d22dd07b65c09e1d,True,6.9696,0.5625,642,True
000643.jpg,000643,.jpg,1154875,JPEG,RGB,3520,1980,6,2025:10:11 20:57:17,Apple,iPhone 13 Pro,17.6.1,True,1980,3520,1060.7146941522299,132.83338758680554,43.64765020412856,0.0,0.004130045572916667,a3856a1d9a783d87,True,6.9696,0.5625,643,True
000644.jpg,000644,.jpg,963637,JPEG,RGB,3520,1980,6,2025:10:11 20:57:05,Apple,iPhone 13 Pro,17.6.1,True,1980,3520,444.86692038215233,146.17723253038196,52.25459123881419,0.008775499131944444,0.0006239149305555555,aced1295b22d9ed0,True,6.9696,0.5625,644,True
000645.jpg,000645,.jpg,1421986,JPEG,RGB,3520,1980,6,2025:10:11 20:56:42,Apple,iPhone 13 Pro,17.6.1,True,1980,3520,1771.9256609799222,151.8630845811632,52.18002410370905,0.015869140625,0.0015394422743055555,80501f2b3eb5b3f2,True,6.9696,0.5625,645,True
000646.jpg,000646,.jpg,1134575,JPEG,RGB,3520,1980,6,2025:10:11 20:56:35,Apple,iPhone 13 Pro,17.6.1,True,1980,3520,425.92910423980635,123.15277099609375,64.16646467051343,0.04928249782986111,0.00048828125,897b366cc3946678,True,6.9696,0.5625,646,True
000647.jpg,000647,.jpg,1456278,JPEG,RGB,3520,1980,6,2025:10:11 20:56:21,Apple,iPhone 13 Pro,17.6.1,True,1980,3520,725.5541955583992,125.21271430121527,56.05235955067464,0.011054144965277778,0.0,cb5da0b0347872db,True,6.9696,0.5625,647,True
000648.jpg,000648,.jpg,1223547,JPEG,RGB,3520,1980,6,2025:10:09 20:58:19,Apple,iPhone 13 Pro,17.6.1,True,1980,3520,685.6701301457246,138.7773234049479,53.160433534886536,0.006585015190972222,0.00103759765625,f71b4b93290d25e8,True,6.9696,0.5625,648,True
000649.jpg,000649,.jpg,812723,JPEG,RGB,1326,2358,1,2025:10:09 20:54:15,Apple,iPhone 13 Pro,17.6.1,True,1326,2358,1361.1402164035374,143.5694105360243,57.21762009335914,0.004794650607638889,3.390842013888889e-05,c42103cc9f9f352f,True,3.126708,0.5623409669211196,649,True
000650.jpg,000650,.jpg,389886,JPEG,RGB,1086,1930,1,2025:10:09 20:54:23,Apple,iPhone 13 Pro,17.6.1,True,1086,1930,239.29232390703243,183.79478624131946,45.44380477363848,0.0,0.002143012152777778,858f0395af7b84b8,True,2.09598,0.5626943005181347,650,True
000651.jpg,000651,.jpg,646602,JPEG,RGB,1430,2542,1,2025:10:09 20:54:29,Apple,iPhone 13 Pro,17.6.1,True,1430,2542,95.49753035765923,161.1443074544271,62.56454546238991,0.015299479166666666,2.712673611111111e-05,d5305b352a37a536,True,3.63506,0.5625491738788355,651,True
000652.jpg,000652,.jpg,706411,JPEG,RGB,1113,1979,1,2025:10:09 20:54:38,Apple,iPhone 13 Pro,17.6.1,True,1113,1979,2476.84480196233,189.3224894205729,39.18530242706588,0.0,0.0,d5c9aa63b8853a6a,True,2.202627,0.5624052551793836,652,True
000653.jpg,000653,.jpg,286601,JPEG,RGB,1037,1844,1,2025:10:09 20:55:25,Apple,iPhone 13 Pro,17.6.1,True,1037,1844,136.3791173034244,133.39623345269098,60.49779385375299,0.048563639322916664,0.00014241536458333334,bec024dae5934d72,True,1.912228,0.5623644251626898,653,True
000654.jpg,000654,.jpg,322851,JPEG,RGB,1063,1890,1,2025:10:09 20:55:30,Apple,iPhone 13 Pro,17.6.1,True,1063,1890,115.3592019639909,163.63467746310764,44.48376347247808,0.005872938368055556,0.0002644856770833333,c848406b7bf3b393,True,2.00907,0.5624338624338624,654,True
000655.jpg,000655,.jpg,688355,JPEG,RGB,1254,2229,1,2025:10:09 20:56:05,Apple,iPhone 13 Pro,17.6.1,True,1254,2229,589.0568282570645,141.23379855685764,55.0003555313951,0.006544325086805556,0.0,8ff55285b2ac63c8,True,2.795166,0.5625841184387618,655,True
000656.jpg,000656,.jpg,699843,JPEG,RGB,1364,2425,1,,,,,False,1364,2425,737.0320135045475,126.50440131293402,67.9648434952334,0.029927571614583332,0.0,bd882aecd5293d8a,True,3.3077,0.5624742268041237,656,True
000657.jpg,000657,.jpg,304134,JPEG,RGB,953,1694,1,2025:10:09 20:56:18,Apple,iPhone 13 Pro,17.6.1,True,953,1694,178.90764720236632,136.57906765407986,44.457317720393526,0.003655327690972222,0.006462944878472222,edb031ccb168d6b8,True,1.614382,0.5625737898465171,657,True
000658.jpg,000658,.jpg,359052,JPEG,RGB,1068,1898,1,2025:10:09 20:56:28,Apple,iPhone 13 Pro,17.6.1,True,1068,1898,33.43248422384078,142.79322645399304,35.05458404458986,0.0,0.0,f25212f88c798ee3,True,2.027064,0.5626975763962065,658,True
000659.jpg,000659,.jpg,621590,JPEG,RGB,1285,2284,1,2025:10:09 20:56:38,Apple,iPhone 13 Pro,17.6.1,True,1285,2284,443.6875871680677,145.05914984809027,41.953812980520595,0.0022989908854166665,0.0007256401909722222,d4df2bd5d2a1412a,True,2.93494,0.5626094570928196,659,True
000660.jpg,000660,.jpg,747329,JPEG,RGB,1303,2317,1,2025:10:09 20:56:50,Apple,iPhone 13 Pro,17.6.1,True,1303,2317,908.0705822716802,174.638671875,40.83672014061431,0.0,0.001186794704861111,b5452bd09be41ec5,True,3.019051,0.5623651273198101,660,True
000661.jpg,000661,.jpg,442785,JPEG,RGB,1052,1870,1,2025:10:09 20:56:54,Apple,iPhone 13 Pro,17.6.1,True,1052,1870,719.7519513582006,136.0584716796875,50.867934418070405,0.0,0.0005967881944444445,d04f2bd4df2bc016,True,1.96724,0.5625668449197861,661,True
000662.jpg,000662,.jpg,773397,JPEG,RGB,1351,2402,1,2025:10:09 20:57:05,Apple,iPhone 13 Pro,17.6.1,True,1351,2402,507.37524778294704,156.80072699652777,45.90022865610163,0.00043402777777777775,0.0012139214409722222,808e3f8897b3639e,True,3.245102,0.5624479600333055,662,True
000663.jpg,000663,.jpg,502964,JPEG,RGB,1177,2092,1,2025:10:09 20:57:09,Apple,iPhone 13 Pro,17.6.1,True,1177,2092,146.73425103664215,112.14095052083333,48.521646253961755,0.051032172309027776,4.7471788194444445e-05,f2892dd9b27227e0,True,2.462284,0.5626195028680688,663,True
000664.jpg,000664,.jpg,650871,JPEG,RGB,1195,2124,1,2025:10:09 20:57:15,Apple,iPhone 13 Pro,17.6.1,True,1195,2124,991.765537204382,123.04985215928819,59.540383848865865,0.010389539930555556,0.0007392035590277778,b7d7d5e538905580,True,2.53818,0.562617702448211,664,True
000665.jpg,000665,.jpg,1476766,JPEG,RGB,3520,1980,6,2025:10:09 20:57:30,Apple,iPhone 13 Pro,17.6.1,True,1980,3520,633.8789416654612,124.03926595052083,45.10317405402451,0.007581922743055556,0.0,d655498be904379d,True,6.9696,0.5625,665,True
000666.jpg,000666,.jpg,740942,JPEG,RGB,1538,2735,1,2025:10:09 20:57:36,Apple,iPhone 13 Pro,17.6.1,True,1538,2735,70.24139293802926,139.10631646050348,55.509327164613744,0.0,0.0,86702bbc970bb2d9,True,4.20643,0.5623400365630713,666,True
000667.jpg,000667,.jpg,550343,JPEG,RGB,1330,2364,1,2025:10:09 20:57:43,Apple,iPhone 13 Pro,17.6.1,True,1330,2364,143.1873382445839,150.74443901909723,42.4031006581002,0.0,6.781684027777777e-06,bd920f18c7194fc9,True,3.14412,0.562605752961083,667,True
000668.jpg,000668,.jpg,653683,JPEG,RGB,1252,2225,1,2025:10:09 20:57:50,Apple,iPhone 13 Pro,17.6.1,True,1252,2225,222.46074688269033,141.1482408311632,44.11007704961619,0.0,0.0,8de53a16907c5f70,True,2.7857,0.5626966292134832,668,True
000669.jpg,000669,.jpg,690088,JPEG,RGB,1352,2404,1,2025:10:09 20:57:54,Apple,iPhone 13 Pro,17.6.1,True,1352,2404,121.20886335213794,152.0202840169271,60.168761907387996,0.00015597873263888888,0.0006510416666666666,80ee7b764837c8e2,True,3.250208,0.562396006655574,669,True
000670.jpg,000670,.jpg,563678,JPEG,RGB,1155,2054,1,2025:10:09 20:57:59,Apple,iPhone 13 Pro,17.6.1,True,1155,2054,471.45966914774465,131.4367201063368,61.32008039148698,0.005954318576388889,0.0009697808159722222,d0d52d52d62a2b2f,True,2.37237,0.562317429406037,670,True
000671.jpg,000671,.jpg,697072,JPEG,RGB,1461,2596,1,2025:10:09 20:58:14,Apple,iPhone 13 Pro,17.6.1,True,1461,2596,435.27544282427357,108.80135091145833,57.200827556922114,0.05571153428819445,0.0,d4707f7899e07a24,True,3.792756,0.562788906009245,671,True
000672.jpg,000672,.jpg,700935,JPEG,RGB,1358,2415,1,2025:10:08 17:23:29,Apple,iPhone 13 Pro,17.6.1,True,1358,2415,1120.9315378231306,156.8962605794271,48.521222733662476,6.781684027777777e-06,0.0012139214409722222,ded24b895554c21f,True,3.27957,0.5623188405797102,672,True
000673.jpg,000673,.jpg,1008797,JPEG,RGB,1501,2669,1,2025:10:08 17:23:40,Apple,iPhone 13 Pro,17.6.1,True,1501,2669,1856.4028666276993,105.68752712673611,56.73395498601683,0.018405490451388888,5.425347222222222e-05,a05d27ca386bb52d,True,4.006169,0.5623829149494193,673,True
000674.jpg,000674,.jpg,588957,JPEG,RGB,1301,2312,1,2025:10:08 17:24:11,Apple,iPhone 13 Pro,17.6.1,True,1301,2312,534.0920521712138,151.64452446831598,52.017046883665955,0.0,6.103515625e-05,beb691632b20d43e,True,3.007912,0.5627162629757786,674,True
000675.jpg,000675,.jpg,498799,JPEG,RGB,1180,2098,1,2025:10:08 17:24:25,Apple,iPhone 13 Pro,17.6.1,True,1180,2098,667.2686271444883,101.97464328342014,63.22880854936365,0.050421820746527776,0.00023057725694444444,e30af14ab56c953c,True,2.47564,0.5624404194470924,675,True
000676.jpg,000676,.jpg,574776,JPEG,RGB,1464,2602,1,2025:10:08 17:24:32,Apple,iPhone 13 Pro,17.6.1,True,1464,2602,154.4075180457238,175.0838419596354,40.88632068913744,0.0,0.00043402777777777775,d55d202b5cb56999,True,3.809328,0.5626441199077633,676,True
000677.jpg,000677,.jpg,429692,JPEG,RGB,1218,2166,1,2025:10:08 17:24:38,Apple,iPhone 13 Pro,17.6.1,True,1218,2166,157.61994348172053,199.9594930013021,32.6138912227131,0.0,0.0,b1e4c96ba0d58f89,True,2.638188,0.5623268698060941,677,True
000678.jpg,000678,.jpg,579902,JPEG,RGB,1277,2270,1,2025:10:08 17:24:43,Apple,iPhone 13 Pro,17.6.1,True,1277,2270,965.2108638544144,134.00421142578125,60.1052292195976,0.026638454861111112,0.003261990017361111,f07a6a2fc44a82eb,True,2.89879,0.5625550660792952,678,True
000679.jpg,000679,.jpg,1294337,JPEG,RGB,1794,3190,1,2025:10:08 17:25:45,Apple,iPhone 13 Pro,17.6.1,True,1794,3190,3043.7320658652407,127.73373074001736,63.14420380023255,0.0008070203993055555,0.0,97fc06fea80328c7,True,5.72286,0.5623824451410658,679,True
000680.jpg,000680,.jpg,473856,JPEG,RGB,1172,2084,1,2025:10:08 17:26:22,Apple,iPhone 13 Pro,17.6.1,True,1172,2084,585.3274191878735,145.83152940538196,59.47643227747014,0.007744683159722222,0.002997504340277778,f7bb2a50a5508ed1,True,2.442448,0.5623800383877159,680,True
000681.jpg,000681,.jpg,487700,JPEG,RGB,1364,2425,1,,,,,False,1364,2425,320.2320045607602,118.37792290581598,58.226467896090256,0.0035536024305555555,0.005527072482638889,972a17a78a427acb,True,3.3077,0.5624742268041237,681,True
000682.jpg,000682,.jpg,613535,JPEG,RGB,1497,2661,1,2025:10:08 17:27:11,Apple,iPhone 13 Pro,17.6.1,True,1497,2661,150.45949811033077,130.7486572265625,50.32609190963517,0.033684624565972224,0.0,e46b2e592e99ec90,True,3.983517,0.5625704622322435,682,True
000683.jpg,000683,.jpg,323906,JPEG,RGB,1160,2062,1,2025:10:08 17:27:15,Apple,iPhone 13 Pro,17.6.1,True,1160,2062,98.42215001067999,163.6599324544271,42.72818440403308,0.005995008680555556,0.0009426540798611111,d52a55cf3a245b2a,True,2.39192,0.562560620756547,683,True
000684.jpg,000684,.jpg,575815,JPEG,RGB,1450,2577,1,2025:10:08 17:27:17,Apple,iPhone 13 Pro,17.6.1,True,1450,2577,181.92575510324522,161.7839830186632,37.45116378509197,0.0,0.0009426540798611111,9ae52e40770c735e,True,3.73665,0.5626697710516104,684,True
000685.jpg,000685,.jpg,385974,JPEG,RGB,1292,2297,1,,,,,False,1292,2297,108.70791963032552,175.45856391059027,31.115774760962864,0.0,0.0,97ea156a57327708,True,2.967724,0.5624727905964301,685,True
000686.jpg,000686,.jpg,340040,JPEG,RGB,972,1728,1,2025:10:08 17:27:37,Apple,iPhone 13 Pro,17.6.1,True,972,1728,1030.4581045191962,165.7745836046007,47.449157444702216,2.0345052083333332e-05,4.7471788194444445e-05,dead5485fa3c2ac0,True,1.679616,0.5625,686,True
000687.jpg,000687,.jpg,785766,JPEG,RGB,1530,2720,1,2025:10:08 17:27:47,Apple,iPhone 13 Pro,17.6.1,True,1530,2720,617.5312914115688,187.75440809461804,42.46141992969467,0.0,4.0690104166666664e-05,f0b44ab45faa4b94,True,4.1616,0.5625,687,True
000688.jpg,000688,.jpg,875097,JPEG,RGB,1846,3283,1,2025:10:08 17:27:55,Apple,iPhone 13 Pro,17.6.1,True,1846,3283,217.6632975588242,127.66611056857639,59.605362655741054,0.0,0.0,e2e022769595de8b,True,6.060418,0.5622905878769419,688,True
000689.jpg,000689,.jpg,519999,JPEG,RGB,1218,2166,1,2025:10:09 08:40:34,Apple,iPhone 13 Pro,17.6.1,True,1218,2166,251.85067657514685,133.95545111762152,52.236414771178964,0.023668077256944444,1.3563368055555555e-05,f89c3a4da0649bb5,True,2.638188,0.5623268698060941,689,True
000690.jpg,000690,.jpg,801137,JPEG,RGB,1298,2308,1,2025:10:09 08:40:50,Apple,iPhone 13 Pro,17.6.1,True,1298,2308,835.6177480949297,138.93341064453125,53.861858682060884,0.007602267795138889,0.00016276041666666666,d07b3f25390a4b3a,True,2.995784,0.5623916811091855,690,True
000691.jpg,000691,.jpg,756281,JPEG,RGB,1430,2543,1,2025:10:09 08:41:07,Apple,iPhone 13 Pro,17.6.1,True,1430,2543,558.237296682633,121.06228298611111,51.318373708605904,0.006503634982638889,0.0,c66d2dca103b2f59,True,3.63649,0.5623279591034211,691,True
000692.jpg,000692,.jpg,569527,JPEG,RGB,1223,2175,1,2025:10:09 08:41:25,Apple,iPhone 13 Pro,17.6.1,True,1223,2175,311.75279553271366,110.72580973307292,47.3815979375484,0.013766818576388888,0.0,a13d7568a166e8f2,True,2.660025,0.5622988505747126,692,True
000693.jpg,000693,.jpg,946183,JPEG,RGB,1617,2875,1,2025:10:09 08:41:30,Apple,iPhone 13 Pro,17.6.1,True,1617,2875,496.5819224214387,119.00337049696181,47.96568154636213,0.00016954210069444444,0.0,c817ac03da57257b,True,4.648875,0.5624347826086956,693,True
000694.jpg,000694,.jpg,1000659,JPEG,RGB,1530,2720,1,2025:10:09 08:41:54,Apple,iPhone 13 Pro,17.6.1,True,1530,2720,2558.4068226002987,117.87073432074652,55.10789501966407,0.0006035698784722222,0.0,a7ca792a0f51e86a,True,4.1616,0.5625,694,True
000695.jpg,000695,.jpg,586530,JPEG,RGB,1308,2326,1,2025:10:09 20:54:03,Apple,iPhone 13 Pro,17.6.1,True,1308,2326,62.243170827581174,124.45423041449652,51.82059766986537,0.00021023220486111112,0.0,c1672b46c5a86db5,True,3.042408,0.5623387790197765,695,True
000696.jpg,000696,.jpg,893992,JPEG,RGB,1317,2341,1,2025:10:05 13:01:53,Apple,iPhone 13 Pro,17.6.1,True,1317,2341,1099.1570364869667,135.32820638020834,41.38806401958183,0.001186794704861111,0.00031195746527777775,cfb046c01f611fb5,True,3.083097,0.562580093976933,696,True
000697.jpg,000697,.jpg,517741,JPEG,RGB,1326,2357,1,2025:10:05 13:02:17,Apple,iPhone 13 Pro,17.6.1,True,1326,2357,56.51493171114979,143.11572943793402,49.083158142926855,0.0,0.000244140625,8a887e88787f817d,True,3.125382,0.5625795502757743,697,True
000698.jpg,000698,.jpg,513602,JPEG,RGB,1286,2286,1,2025:10:05 13:02:41,Apple,iPhone 13 Pro,17.6.1,True,1286,2286,151.17445732041458,149.12287055121527,53.50656134161198,0.009914822048611112,0.0,8ddc62456ce24f4d,True,2.939796,0.5625546806649169,698,True
000699.jpg,000699,.jpg,477690,JPEG,RGB,1122,1995,1,2025:10:05 13:10:59,Apple,iPhone 13 Pro,17.6.1,True,1122,1995,80.20229762792586,123.57626681857639,38.49587178551615,0.0,0.0,e20715a87bd38a9d,True,2.23839,0.562406015037594,699,True
000700.jpg,000700,.jpg,398408,JPEG,RGB,890,1581,1,2025:10:05 13:11:18,Apple,iPhone 13 Pro,17.6.1,True,890,1581,262.90564509214437,95.09771728515625,48.43128271251793,0.005405002170138889,0.0,bb9a92856397e12a,True,1.40709,0.5629348513598988,700,True
000701.jpg,000701,.jpg,835055,JPEG,RGB,1331,2366,1,2025:10:05 13:11:29,Apple,iPhone 13 Pro,17.6.1,True,1331,2366,81.93238810656798,118.28781467013889,50.7565715371784,0.0783352322048611,0.0,e736ce32c89265e4,True,3.149146,0.562552831783601,701,True
000702.jpg,000702,.jpg,667693,JPEG,RGB,1185,2106,1,2025:10:05 13:11:41,Apple,iPhone 13 Pro,17.6.1,True,1185,2106,84.26383576275389,155.02630615234375,36.67699097058064,0.00372314453125,0.0006510416666666666,80405d5f7f6ac897,True,2.49561,0.5626780626780626,702,True
000703.jpg,000703,.jpg,505526,JPEG,RGB,1208,2148,1,2025:10:05 13:12:04,Apple,iPhone 13 Pro,17.6.1,True,1208,2148,158.68361488531954,125.88184950086806,60.97793550163879,0.04372829861111111,0.0022176106770833335,cf486b30f18b174b,True,2.594784,0.5623836126629422,703,True
000704.jpg,000704,.jpg,413981,JPEG,RGB,946,1682,1,2025:10:05 13:12:40,Apple,iPhone 13 Pro,17.6.1,True,946,1682,396.7518372998837,136.13431803385416,69.7963478732177,0.006544325086805556,0.009304470486111112,a6947f60d90e77c0,True,1.591172,0.5624256837098692,704,True
000705.jpg,000705,.jpg,427820,JPEG,RGB,1240,1549,1,2025:10:05 13:12:48,Apple,iPhone 13 Pro,17.6.1,True,1240,1549,173.01907134953035,128.2595703125,55.02622189123378,0.04431688262195122,0.0010718368902439025,b3513f6994984a5e,True,1.92076,0.8005164622336992,705,True
000706.jpg,000706,.jpg,354379,JPEG,RGB,895,1592,1,2025:10:05 13:13:19,Apple,iPhone 13 Pro,17.6.1,True,895,1592,620.193881167122,153.11964246961804,58.40381735412933,0.019171820746527776,0.001369900173611111,ac8c4c2d7c8d9f58,True,1.42484,0.5621859296482412,706,True
000707.jpg,000707,.jpg,572241,JPEG,RGB,1243,2210,1,2025:10:05 13:13:37,Apple,iPhone 13 Pro,17.6.1,True,1243,2210,322.59720904182325,142.14827473958334,48.955049765295996,0.0,0.001736111111111111,af7f47f3e160c080,True,2.74703,0.5624434389140271,707,True
000708.jpg,000708,.jpg,674703,JPEG,RGB,1315,2338,1,2025:10:08 17:16:49,Apple,iPhone 13 Pro,17.6.1,True,1315,2338,66.01526047229584,142.3081529405382,46.075908655638635,6.781684027777777e-06,0.0003255208333333333,f02251a87f6906f7,True,3.07447,0.5624465355004277,708,True
000709.jpg,000709,.jpg,483576,JPEG,RGB,1195,2124,1,2025:10:08 17:17:19,Apple,iPhone 13 Pro,17.6.1,True,1195,2124,217.23531691228715,143.7315470377604,50.9847638204658,0.0,0.0014444986979166667,d8bd7928caba2e90,True,2.53818,0.562617702448211,709,True
000710.jpg,000710,.jpg,558713,JPEG,RGB,1199,2132,1,2025:10:08 17:17:26,Apple,iPhone 13 Pro,17.6.1,True,1199,2132,504.79420901554414,119.66067165798611,58.42504343103049,0.0008680555555555555,0.0,ca07525d7df224b2,True,2.556268,0.5623827392120075,710,True
000711.jpg,000711,.jpg,660740,JPEG,RGB,1226,2179,1,2025:10:08 17:17:36,Apple,iPhone 13 Pro,17.6.1,True,1226,2179,1004.8702962361276,140.98140462239584,47.983676749479756,0.0010782877604166667,0.0014580620659722222,e02f2e911fd1998d,True,2.671454,0.56264341441028,711,True
000712.jpg,000712,.jpg,427453,JPEG,RGB,1152,2049,1,,,,,False,1152,2049,492.742589460295,147.04629855685764,46.30972507651948,0.0,0.0005289713541666666,c936c9b494df8623,True,2.360448,0.5622254758418741,712,True
000713.jpg,000713,.jpg,715641,JPEG,RGB,1415,2516,1,2025:10:08 17:17:49,Apple,iPhone 13 Pro,17.6.1,True,1415,2516,354.58675943020677,148.61834716796875,42.37340667228296,0.0,0.0028483072916666665,f6a1d1d89c8957a2,True,3.56014,0.5624006359300477,713,True
000714.jpg,000714,.jpg,425784,JPEG,RGB,1108,1969,1,2025:10:08 17:18:01,Apple,iPhone 13 Pro,17.6.1,True,1108,1969,470.38386747553756,118.8616943359375,59.724257163054816,0.010565863715277778,2.712673611111111e-05,be73d07267c185c1,True,2.181652,0.5627221940071102,714,True
000715.jpg,000715,.jpg,534566,JPEG,RGB,1115,1982,1,2025:10:08 17:18:13,Apple,iPhone 13 Pro,17.6.1,True,1115,1982,321.21851887066424,128.3196546766493,47.089552968623856,0.0,0.0007120768229166666,abeaa0347e257e60,True,2.20993,0.5625630676084763,715,True
000716.jpg,000716,.jpg,349447,JPEG,RGB,859,1527,1,2025:10:08 17:18:32,Apple,iPhone 13 Pro,17.6.1,True,859,1527,522.1000909105771,162.84063720703125,43.439107913083404,0.0,0.001708984375,d0b66a7634589f49,True,1.311693,0.5625409299279633,716,True
000717.jpg,000717,.jpg,553291,JPEG,RGB,1169,2078,1,2025:10:08 17:18:46,Apple,iPhone 13 Pro,17.6.1,True,1169,2078,365.10416348071556,135.18674045138889,64.22604008675948,0.005696614583333333,0.0010986328125,a07f7aa4bb88a394,True,2.429182,0.5625601539942252,717,True
000718.jpg,000718,.jpg,447184,JPEG,RGB,1052,1871,1,2025:10:08 17:18:55,Apple,iPhone 13 Pro,17.6.1,True,1052,1871,277.4014067103465,124.90627034505208,52.15608119714674,2.0345052083333332e-05,0.0009358723958333334,cb32c15032e3af3d,True,1.968292,0.5622661678246926,718,True
000719.jpg,000719,.jpg,541530,JPEG,RGB,1105,1965,1,2025:10:08 17:19:08,Apple,iPhone 13 Pro,17.6.1,True,1105,1965,275.1188682972649,139.11792670355902,57.25489553710579,0.028028700086805556,0.0009833441840277778,ab9e062c3ee43ec4,True,2.171325,0.5623409669211196,719,True
000720.jpg,000720,.jpg,397242,JPEG,RGB,1026,1824,1,2025:10:08 17:19:27,Apple,iPhone 13 Pro,17.6.1,True,1026,1824,367.0561378958325,147.30200873480902,50.368891580225785,0.0,0.0002780490451388889,c91b24b0c97fe307,True,1.871424,0.5625,720,True
000721.jpg,000721,.jpg,1550532,JPEG,RGB,3520,1980,6,2025:10:08 17:19:46,Apple,iPhone 13 Pro,17.6.1,True,1980,3520,1536.889043394016,110.76095920138889,62.08967511052005,0.021491156684027776,0.0,aad4866e023f8767,True,6.9696,0.5625,721,True
000722.jpg,000722,.jpg,779363,JPEG,RGB,1294,2301,1,2025:10:05 12:58:47,Apple,iPhone 13 Pro,17.6.1,True,1294,2301,425.2473907027348,119.547607421875,42.59964843635964,0.010728624131944444,0.008307562934027778,a27a00fef4d0fe28,True,2.977494,0.5623641894828335,722,True
000723.jpg,000723,.jpg,543514,JPEG,RGB,1160,2063,1,2025:10:05 12:58:58,Apple,iPhone 13 Pro,17.6.1,True,1160,2063,316.1726498003635,107.23177083333333,53.965709897867704,0.023722330729166668,0.00274658203125,b587916eb9846a72,True,2.39308,0.5622879301987397,723,True
000724.jpg,000724,.jpg,403779,JPEG,RGB,1148,2040,1,2025:10:05 12:59:26,Apple,iPhone 13 Pro,17.6.1,True,1148,2040,44.04498653481773,190.21793619791666,38.852137423476016,0.0,0.0,c16b097f01eb45ea,True,2.34192,0.5627450980392157,724,True
000725.jpg,000725,.jpg,590724,JPEG,RGB,1371,2437,1,2025:10:05 12:59:35,Apple,iPhone 13 Pro,17.6.1,True,1371,2437,46.60727599520741,185.5970933702257,43.46984035351518,0.0008070203993055555,0.001491970486111111,d1ab51b35ad06ad4,True,3.341127,0.5625769388592532,725,True
000726.jpg,000726,.jpg,318898,JPEG,RGB,1008,1792,1,2025:10:05 12:59:45,Apple,iPhone 13 Pro,17.6.1,True,1008,1792,122.11986163217163,182.97281901041666,55.14188949933302,0.0005560980902777778,0.0015665690104166667,82366a7fe9c9c885,True,1.806336,0.5625,726,True
000727.jpg,000727,.jpg,714382,JPEG,RGB,1148,2041,1,2025:10:05 12:59:52,Apple,iPhone 13 Pro,17.6.1,True,1148,2041,992.1975020169752,153.95469835069446,40.90143756117217,0.0,0.0022447374131944445,edd0386b95a231b9,True,2.343068,0.5624693777560019,727,True
000728.jpg,000728,.jpg,422792,JPEG,RGB,1138,2024,1,2025:10:05 13:00:18,Apple,iPhone 13 Pro,17.6.1,True,1138,2024,47.08934104589768,176.06515842013889,40.52492464399062,8.138020833333333e-05,4.0690104166666664e-05,d55a502e5d3a6a2e,True,2.303312,0.5622529644268774,728,True
000729.jpg,000729,.jpg,587977,JPEG,RGB,1233,2192,1,2025:10:05 13:00:31,Apple,iPhone 13 Pro,17.6.1,True,1233,2192,472.186921702077,118.87234157986111,54.421279779169055,0.005988226996527778,0.00067138671875,ea332a6dca85aa95,True,2.702736,0.5625,729,True
000730.jpg,000730,.jpg,338160,JPEG,RGB,1117,1797,1,2025:10:05 13:00:55,Apple,iPhone 13 Pro,17.6.1,True,1117,1797,87.82014005353267,167.16631043632074,31.09527168754538,0.0,0.004158068003144654,aaaa56b529d22ad5,True,2.007249,0.6215915414579856,730,True
000731.jpg,000731,.jpg,398378,JPEG,RGB,1067,1897,1,2025:10:05 13:01:06,Apple,iPhone 13 Pro,17.6.1,True,1067,1897,173.64974919789367,173.73267957899304,18.73436536444416,0.0,0.0008884006076388889,df6a807f022a95ad,True,2.024099,0.562467053241961,731,True
000732.jpg,000732,.jpg,606015,JPEG,RGB,1328,2361,1,2025:10:05 13:01:12,Apple,iPhone 13 Pro,17.6.1,True,1328,2361,122.11489405381826,161.41446940104166,19.54195111151751,0.0,0.0,d66aca261a2b962f,True,3.135408,0.5624735281660314,732,True
000733.jpg,000733,.jpg,441374,JPEG,RGB,2097,1179,1,2025:10:05 13:01:20,Apple,iPhone 13 Pro,17.6.1,True,2097,1179,97.34729264989312,159.53868272569446,27.483667981336936,0.0,0.007229275173611111,f090df6f6d6010da,True,2.472363,1.7786259541984732,733,True
000734.jpg,000734,.jpg,744946,JPEG,RGB,1344,2390,1,2025:10:05 13:01:47,Apple,iPhone 13 Pro,17.6.1,True,1344,2390,708.3557811522465,149.10904947916666,51.293232004268674,0.0,0.00010172526041666667,d9a25b2439ea13ce,True,3.21216,0.5623430962343097,734,True
000735.jpg,000735,.jpg,2860580,MPO,RGB,3024,4032,1,2025:10:11 22:50:15,Apple,iPhone 13 Pro,17.6.1,True,3024,4032,3242.2877723040415,136.54666137695312,50.49683614097474,0.00299072265625,0.0005035400390625,c3da69b41ff04da0,True,12.192768,0.75,735,True
000736.jpg,000736,.jpg,2526879,MPO,RGB,4032,3024,6,2025:10:11 22:50:44,Apple,iPhone 13 Pro,17.6.1,True,3024,4032,2629.7700556733694,137.62952677408853,53.42948080511224,0.07693990071614583,0.0019989013671875,d4a404fd05e77785,True,12.192768,0.75,736,True
000737.jpg,000737,.jpg,2500687,MPO,RGB,4032,3024,6,2025:10:11 22:50:53,Apple,iPhone 13 Pro,17.6.1,True,3024,4032,1186.8074645241722,120.06752014160156,42.57829884987684,0.013295491536458334,0.0021209716796875,80a064c1db7c6edf,True,12.192768,0.75,737,True
000738.jpg,000738,.jpg,2241157,MPO,RGB,4032,3024,6,2025:10:11 22:51:05,Apple,iPhone 13 Pro,17.6.1,True,3024,4032,598.9009934924543,79.79895528157552,57.974513814621176,0.19788614908854166,2.0345052083333332e-05,927d2d143fc6390d,True,12.192768,0.75,738,True
000739.jpg,000739,.jpg,2804622,MPO,RGB,3024,4032,1,2025:10:11 22:51:55,Apple,iPhone 13 Pro,17.6.1,True,3024,4032,1593.1984151167173,123.75097147623698,60.93186465305911,0.0328369140625,0.0,90de6fd0e4d22f0a,True,12.192768,0.75,739,True
000740.jpg,000740,.jpg,1918350,MPO,RGB,4032,3024,6,2025:10:11 22:51:20,Apple,iPhone 13 Pro,17.6.1,True,3024,4032,518.3845699561967,112.46231587727864,61.174873991843754,0.036834716796875,0.0,9a85c0ef9f601b17,True,12.192768,0.75,740,True
000741.jpg,000741,.jpg,1349811,MPO,RGB,2253,3004,1,2025:10:11 22:52:06,Apple,iPhone 13 Pro,17.6.1,True,2253,3004,593.8486262683808,120.66276550292969,51.96091681374358,0.0038197835286458335,0.0,b9866a3f279a8358,True,6.768012,0.75,741,True
000742.jpg,000742,.jpg,2115487,MPO,RGB,3024,4032,1,2025:10:11 22:52:01,Apple,iPhone 13 Pro,17.6.1,True,3024,4032,255.3297900156014,124.0717264811198,56.9304996440349,0.043365478515625,0.0017547607421875,9ce24f6d82c92a2f,True,12.192768,0.75,742,True
000743.jpg,000743,.jpg,1225433,MPO,RGB,2179,2905,1,2025:10:11 22:52:25,Apple,iPhone 13 Pro,17.6.1,True,2179,2905,1461.4523489325204,123.28585306803386,66.65244260126238,0.1291046142578125,0.0,95f51a6a982a3a8f,True,6.329995,0.7500860585197935,743,True
000744.jpg,000744,.jpg,2569536,MPO,RGB,4032,3024,6,2025:10:11 22:52:34,Apple,iPhone 13 Pro,17.6.1,True,3024,4032,1197.9703549509868,152.2569325764974,64.70575458462449,0.021453857421875,0.0,8ac2812f917d6b97,True,12.192768,0.75,744,True
000745.jpg,000745,.jpg,1051837,MPO,RGB,2196,2929,1,2025:10:11 22:52:44,Apple,iPhone 13 Pro,17.6.1,True,2196,2929,331.8057576038926,124.92970784505208,46.470310731389965,0.017323811848958332,0.0,91fdcb8f01670751,True,6.432084,0.7497439399112324,745,True
000746.jpg,000746,.jpg,942954,MPO,RGB,2124,2832,1,2025:10:11 23:13:50,Apple,iPhone 13 Pro,17.6.1,True,2124,2832,51.04395500653319,151.99647013346353,27.770221254955043,0.002044677734375,0.0,e0a08f7d61a55e5a,True,6.015168,0.75,746,True
000747.jpg,000747,.jpg,2458415,MPO,RGB,4032,3024,6,2025:10:11 22:53:03,Apple,iPhone 13 Pro,17.6.1,True,3024,4032,1235.814316985404,131.1369171142578,65.80072715412376,0.054351806640625,0.0,bfce682d699c6890,True,12.192768,0.75,747,True
000748.jpg,000748,.jpg,1831606,MPO,RGB,4032,3024,6,2025:10:11 22:52:56,Apple,iPhone 13 Pro,17.6.1,True,3024,4032,417.3737631694465,137.93171183268228,60.146809457885496,0.008097330729166666,0.00018819173177083334,90c3cf4b247e6da1,True,12.192768,0.75,748,True
000749.jpg,000749,.jpg,1224743,MPO,RGB,2151,2868,1,2025:10:11 23:14:08,Apple,iPhone 13 Pro,17.6.1,True,2151,2868,739.2799595712116,161.40144856770834,41.33519136502882,0.014399210611979166,0.0,8b545187eef8271a,True,6.169068,0.75,749,True
000750.jpg,000750,.jpg,2598206,MPO,RGB,4032,3024,6,2025:10:11 23:14:21,Apple,iPhone 13 Pro,17.6.1,True,3024,4032,2276.981335482224,155.70551045735678,59.760718086877176,0.028172810872395832,0.0010884602864583333,a8fe09e1c9d53c32,True,12.192768,0.75,750,True
000751.jpg,000751,.jpg,1218142,MPO,RGB,2255,3007,1,2025:10:11 23:14:38,Apple,iPhone 13 Pro,17.6.1,True,2255,3007,346.02190139393014,160.46587117513022,33.06387751174966,2.0345052083333332e-05,0.0004475911458333333,b2ae6fb5302c48cb,True,6.780785,0.7499168606584636,751,True
000752.jpg,000752,.jpg,1057954,MPO,RGB,1907,2543,1,2025:10:11 23:15:03,Apple,iPhone 13 Pro,17.6.1,True,1907,2543,2102.3671265198695,139.47152201334634,63.51747561910665,0.08097330729166667,0.0009104410807291666,9f03603d8b703ecb,True,4.849501,0.7499016909162407,752,True
000753.jpg,000753,.jpg,1138566,MPO,RGB,1995,2660,1,2025:10:11 23:15:26,Apple,iPhone 13 Pro,17.6.1,True,1995,2660,1034.8730268993465,119.56285603841145,48.24961413952683,0.017796834309895832,0.0011088053385416667,eed1b30ec483706d,True,5.3067,0.75,753,True
000754.jpg,000754,.jpg,2880860,MPO,RGB,4032,3024,6,2025:10:11 23:15:43,Apple,iPhone 13 Pro,17.6.1,True,3024,4032,1531.3253639522534,128.26089477539062,72.87130407448761,0.20058695475260416,1.0172526041666666e-05,85c141be47cfc663,True,12.192768,0.75,754,True
000755.jpg,000755,.jpg,1193922,JPEG,RGB,3520,1980,6,2025:10:13 22:04:47,Apple,iPhone 13 Pro,17.6.1,True,1980,3520,1260.055535050408,137.74793158637152,48.36842267702709,0.008463541666666666,6.781684027777777e-06,9c477ca0673b43b8,True,6.9696,0.5625,755,True
000756.jpg,000756,.jpg,1149520,JPEG,RGB,3520,1980,6,2025:10:13 22:05:10,Apple,iPhone 13 Pro,17.6.1,True,1980,3520,784.0570816197146,151.75987413194446,48.34122219367857,0.0020005967881944445,6.781684027777778e-05,808b36d9ed93c23d,True,6.9696,0.5625,756,True
000757.jpg,000757,.jpg,1057361,JPEG,RGB,3520,1980,6,2025:10:13 22:05:35,Apple,iPhone 13 Pro,17.6.1,True,1980,3520,377.12672318058253,141.6580607096354,53.07825072857827,0.0057373046875,0.00103759765625,d51b2b7d4ee8c068,True,6.9696,0.5625,757,True
000758.jpg,000758,.jpg,920784,JPEG,RGB,3520,1980,6,2025:10:13 22:05:44,Apple,iPhone 13 Pro,17.6.1,True,1980,3520,209.6057296656072,136.67654079861111,46.20311782906872,0.008205837673611112,0.000732421875,dbb725cb462841d3,True,6.9696,0.5625,758,True
000759.jpg,000759,.jpg,3393763,MPO,RGB,4032,3024,6,2025:10:31 18:35:56,Apple,iPhone 17,26.0.1,True,3024,4032,1464.25853934377,125.93278503417969,61.54583656218819,0.028218587239583332,0.00555419921875,e8d970427425fec5,True,12.192768,0.75,759,True
000760.jpg,000760,.jpg,2286746,MPO,RGB,4032,3024,6,2025:10:31 18:33:29,Apple,iPhone 17,26.0.1,True,3024,4032,1189.7801472436015,125.98302714029948,73.86749234116431,0.12967936197916666,0.0029144287109375,d43b08eca3ff10ca,True,12.192768,0.75,760,True
000761.jpg,000761,.jpg,1931943,MPO,RGB,4032,3024,6,2025:10:31 18:31:50,Apple,iPhone 17,26.0.1,True,3024,4032,244.12100328978462,137.4666748046875,64.5945544918282,0.051717122395833336,0.0,d2d47bea824aa13d,True,12.192768,0.75,761,True
000762.jpg,000762,.jpg,2383819,MPO,RGB,4032,3024,6,2025:10:31 18:35:01,Apple,iPhone 14 Pro,16.1.2,True,3024,4032,989.7804648668194,119.02809651692708,53.30135035589782,0.02886962890625,0.015752156575520832,d5d3a8425e57ac15,True,12.192768,0.75,762,True
000763.jpg,000763,.jpg,711530,PNG,RGBA,748,634,1,,,,,False,748,634,60.14632885583016,173.8935276857719,54.025340508566174,0.02593065956221198,0.00107556883640553,d51a7a4051d5afaa,True,0.474232,1.1798107255520505,763,True
000764.jpeg,000764,.jpeg,2459115,MPO,RGB,4032,3024,6,2025:10:31 18:33:49,Apple,iPhone 13,18.5,True,3024,4032,275.99568311332,126.51901753743489,67.0824682040807,0.08113606770833333,0.003204345703125,9b3ca55a0e552f26,True,12.192768,0.75,764,True
000765.jpeg,000765,.jpeg,2415199,MPO,RGB,4032,3024,6,2025:10:31 18:33:57,Apple,iPhone 13,18.5,True,3024,4032,150.8430091875036,119.60762532552083,65.3229459166138,0.10052998860677083,0.000152587890625,8f7c29e5cb8348d8,True,12.192768,0.75,765,True
000766.jpeg,000766,.jpeg,2373814,MPO,RGB,4032,3024,6,2025:10:31 18:35:02,Apple,iPhone 13,18.5,True,3024,4032,333.7088924645343,121.99623107910156,63.85862774759043,0.053314208984375,0.0033721923828125,8499a3bc4c87f34e,True,12.192768,0.75,766,True
000767.jpeg,000767,.jpeg,2286578,MPO,RGB,4032,3024,6,2025:10:31 18:35:30,Apple,iPhone 13,18.5,True,3024,4032,211.82350354020795,124.69243876139323,58.241062819223146,0.031595865885416664,0.0024871826171875,b2d0027649dbb65e,True,12.192768,0.75,767,True
000768.jpeg,000768,.jpeg,2524214,MPO,RGB,4032,3024,6,2025:10:31 18:37:04,Apple,iPhone 13,18.5,True,3024,4032,118.30323917416132,141.66700744628906,57.50730899567194,0.046223958333333336,0.0005594889322916666,89953c697ec37306,True,12.192768,0.75,768,True
000769.jpeg,000769,.jpeg,3151314,MPO,RGB,4032,3024,6,2025:10:31 18:37:30,Apple,iPhone 13,18.5,True,3024,4032,301.45537895202216,129.00926208496094,55.60216542762341,0.049341837565104164,0.0024210611979166665,852b6c6330cbb0df,True,12.192768,0.75,769,True
000770.jpeg,000770,.jpeg,2714079,MPO,RGB,4032,3024,6,2025:12:09 14:27:23,Apple,iPhone 13 mini,26.2,True,3024,4032,275.63677822154324,118.00979105631511,61.740641067294696,0.10360209147135417,0.0017293294270833333,a0f90d72f4c5c09f,True,12.192768,0.75,770,True
000771.jpeg,000771,.jpeg,3352965,MPO,RGB,4032,3024,6,2025:12:09 14:26:17,Apple,iPhone 13 mini,26.2,True,3024,4032,410.298541572333,130.78694661458334,54.02702011668381,0.022160847981770832,0.0027567545572916665,bed662cb4ae0843e,True,12.192768,0.75,771,True
000772.jpeg,000772,.jpeg,2599358,MPO,RGB,4032,3024,6,2025:12:09 14:23:13,Apple,iPhone 13 mini,26.2,True,3024,4032,708.9312006524609,115.21834818522136,63.45351759289222,0.1553192138671875,0.013163248697916666,9273b5b1c4c04d7d,True,12.192768,0.75,772,True
000773.jpeg,000773,.jpeg,2603614,MPO,RGB,4032,3024,6,2025:12:09 14:23:27,Apple,iPhone 13 mini,26.2,True,3024,4032,1004.6785722943799,119.82290140787761,67.97077787489577,0.13575236002604166,0.0023752848307291665,9f7867999fe23010,True,12.192768,0.75,773,True
000774.jpeg,000774,.jpeg,3185006,JPEG,RGB,4032,3024,6,2025:12:09 14:21:58,Apple,iPhone 13 mini,26.2,True,3024,4032,660.740172899613,119.35840352376302,66.98715914740481,0.1286163330078125,0.00079345703125,8fd12529e2f23387,True,12.192768,0.75,774,True
000775.jpeg,000775,.jpeg,2927483,MPO,RGB,4032,3024,6,2025:12:09 14:22:55,Apple,iPhone 13 mini,26.2,True,3024,4032,288.9448616103166,114.38668823242188,67.88469687721451,0.0945892333984375,0.0003458658854166667,8b2870d3b0bcb5d5,True,12.192768,0.75,775,True
000776.jpeg,000776,.jpeg,2930189,JPEG,RGB,4032,3024,6,2025:12:09 14:21:49,Apple,iPhone 13 mini,26.2,True,3024,4032,458.86536735542023,134.9596710205078,63.39719570434208,0.08667500813802083,0.0013936360677083333,81ed2bc03d2d3a76,True,12.192768,0.75,776,True
000777.jpeg,000777,.jpeg,2919770,MPO,RGB,4032,3024,6,2025:12:09 14:20:46,Apple,iPhone 13 mini,26.2,True,3024,4032,1073.885326244532,107.38937377929688,64.18148978150177,0.09949239095052083,0.004109700520833333,e8e807fc8674c752,True,12.192768,0.75,777,True
000778.jpeg,000778,.jpeg,2827001,MPO,RGB,4032,3024,6,2025:12:09 14:21:00,Apple,iPhone 13 mini,26.2,True,3024,4032,204.9453512194256,108.28814188639323,68.41649843471077,0.13434346516927084,0.008534749348958334,84830e9d35497baf,True,12.192768,0.75,778,True
000779.jpeg,000779,.jpeg,3461571,MPO,RGB,4032,3024,6,2025:12:09 14:20:38,Apple,iPhone 13 mini,26.2,True,3024,4032,1348.1549690712448,125.23116556803386,70.96766953624454,0.06303914388020833,0.008921305338541666,c9cb37e6c826145b,True,12.192768,0.75,779,True
000780.jpeg,000780,.jpeg,2186048,MPO,RGB,4032,3024,6,2025:12:09 14:20:08,Apple,iPhone 13 mini,26.2,True,3024,4032,264.6793101615945,124.86101786295573,73.8826190292294,0.14203898111979166,0.004124959309895833,9f2b239c5e1a68b8,True,12.192768,0.75,780,True
000781.jpeg,000781,.jpeg,2752849,MPO,RGB,4032,3024,6,2025:12:09 14:19:11,Apple,iPhone 13 mini,26.2,True,3024,4032,216.68530467025826,131.98873901367188,52.67340056437458,0.0196685791015625,0.014429728190104166,b287f57189c72836,True,12.192768,0.75,781,True
000782.jpeg,000782,.jpeg,2583169,MPO,RGB,4032,3024,6,2025:12:09 14:18:05,Apple,iPhone 13 mini,26.2,True,3024,4032,327.89318125405237,117.58826700846355,65.90137095105713,0.09130859375,0.0012715657552083333,c86c72c7bcc137e0,True,12.192768,0.75,782,True
000783.jpeg,000783,.jpeg,3218623,MPO,RGB,4032,3024,6,2025:12:09 14:17:54,Apple,iPhone 13 mini,26.2,True,3024,4032,244.89858556776812,137.11878458658853,76.32497241071711,0.144866943359375,7.120768229166667e-05,94d43b4ac23b4f8b,True,12.192768,0.75,783,True
000784.jpeg,000784,.jpeg,2679119,MPO,RGB,4032,3024,6,2025:12:09 14:17:39,Apple,iPhone 13 mini,26.2,True,3024,4032,97.47187983824149,90.14197285970052,65.10347302149624,0.22802225748697916,0.008636474609375,96d6352dc2611fcc,True,12.192768,0.75,784,True
000785.jpeg,000785,.jpeg,2380465,MPO,RGB,4032,3024,6,2025:12:09 14:17:13,Apple,iPhone 13 mini,26.2,True,3024,4032,321.0472106932559,105.1252950032552,68.59614744806625,0.18260701497395834,0.0150604248046875,e0a5b6ceda8a3529,True,12.192768,0.75,785,True
000786.jpeg,000786,.jpeg,2032113,MPO,RGB,4032,3024,6,2025:12:09 14:10:40,Apple,iPhone 17 Pro,26.1,True,3024,4032,657.1532790859541,125.7234598795573,63.524863855091255,0.049031575520833336,0.0007273356119791666,846e3a91933b3f4a,True,12.192768,0.75,786,True
000787.jpeg,000787,.jpeg,1852326,MPO,RGB,4032,3024,6,2025:12:09 14:11:07,Apple,iPhone 17 Pro,26.1,True,3024,4032,447.29981094078784,121.10301208496094,64.6542435355527,0.06625874837239583,0.004119873046875,d66523919c4ae3e3,True,12.192768,0.75,787,True
000788.jpeg,000788,.jpeg,1448425,MPO,RGB,4032,3024,6,2025:12:09 14:11:24,Apple,iPhone 17 Pro,26.1,True,3024,4032,111.52166035685998,141.85059102376303,65.23247346714471,0.0505218505859375,0.0003153483072916667,d2d65aea78993852,True,12.192768,0.75,788,True
000789.jpeg,000789,.jpeg,2063232,MPO,RGB,4032,3024,6,2025:12:09 14:11:39,Apple,iPhone 17 Pro,26.1,True,3024,4032,524.5532801879777,129.02605692545572,63.83416129364435,0.0512237548828125,0.0023600260416666665,cd2576819cb891af,True,12.192768,0.75,789,True
000790.jpeg,000790,.jpeg,3061302,MPO,RGB,4032,3024,6,2025:12:09 14:12:32,Apple,iPhone 17 Pro,26.1,True,3024,4032,4117.2967504095,149.82218424479166,56.4831541063412,0.040766398111979164,0.00014750162760416666,d5950b8e8a56a9ba,True,12.192768,0.75,790,True
000791.jpeg,000791,.jpeg,1840074,MPO,RGB,4032,3024,6,2025:12:09 14:13:58,Apple,iPhone 17 Pro,26.1,True,3024,4032,349.4315235812424,129.87006632486978,61.49157469867729,0.09527587890625,0.001678466796875,d36d7954969684c9,True,12.192768,0.75,791,True
000792.jpeg,000792,.jpeg,2512107,MPO,RGB,4032,3024,6,2025:12:09 14:14:11,Apple,iPhone 17 Pro,26.1,True,3024,4032,271.05371580953295,142.87281290690103,54.827142192845464,0.031107584635416668,0.0018208821614583333,8a7e203536ca63e7,True,12.192768,0.75,792,True
000793.jpeg,000793,.jpeg,2462239,MPO,RGB,4032,3024,6,2025:12:09 14:14:20,Apple,iPhone 17 Pro,26.1,True,3024,4032,728.2906659319738,137.16477966308594,55.57446767246919,0.046880086263020836,0.003814697265625,ac6f119706e7314b,True,12.192768,0.75,793,True
000794.jpeg,000794,.jpeg,2154497,MPO,RGB,4032,3024,6,2025:12:09 14:14:38,Apple,iPhone 17 Pro,26.1,True,3024,4032,392.65041722512495,112.44210815429688,59.33180682365346,0.08303324381510417,0.0013783772786458333,fbd23435218a3f58,True,12.192768,0.75,794,True
000795.jpeg,000795,.jpeg,2921604,MPO,RGB,4032,3024,6,2025:12:09 14:16:08,Apple,iPhone 17 Pro,26.1,True,3024,4032,1550.5602807731418,111.73910522460938,66.02860324780184,0.12344868977864583,0.0029195149739583335,d0b1595e0d6ab669,True,12.192768,0.75,795,True
000796.jpeg,000796,.jpeg,2532723,MPO,RGB,4032,3024,6,2025:12:09 14:16:13,Apple,iPhone 17 Pro,26.1,True,3024,4032,1052.1139487481107,115.14185587565105,70.5822182009169,0.117645263671875,0.0009969075520833333,de84a8bca9d093cb,True,12.192768,0.75,796,True
000797.jpeg,000797,.jpeg,2565778,MPO,RGB,4032,3024,6,2025:12:09 14:16:22,Apple,iPhone 17 Pro,26.1,True,3024,4032,1002.2631411816304,139.35558064778647,60.32076755106648,0.019566853841145832,0.0004526774088541667,a3f194830f7ae0a7,True,12.192768,0.75,797,True
000798.jpeg,000798,.jpeg,2112680,MPO,RGB,4032,3024,6,2025:12:09 14:17:19,Apple,iPhone 17 Pro,26.1,True,3024,4032,477.17549124895595,127.96753438313802,63.76879469217809,0.053253173828125,0.0024566650390625,cc267389dc49f073,True,12.192768,0.75,798,True
000799.jpeg,000799,.jpeg,1717489,MPO,RGB,4032,3024,6,2025:12:09 14:17:23,Apple,iPhone 17 Pro,26.1,True,3024,4032,208.88926141333977,137.68714904785156,63.58541595464454,0.061696370442708336,0.000823974609375,c3287bfa1493f870,True,12.192768,0.75,799,True
000800.jpeg,000800,.jpeg,2281192,MPO,RGB,4032,3024,6,2025:12:09 14:17:52,Apple,iPhone 17 Pro,26.1,True,3024,4032,486.3093433911757,128.82355244954428,60.32866524994888,0.07524617513020833,0.002777099609375,881c3f12de6b4e1e,True,12.192768,0.75,800,True
000801.jpeg,000801,.jpeg,2523894,MPO,RGB,4032,3024,6,2025:12:09 14:20:12,Apple,iPhone 17 Pro,26.1,True,3024,4032,542.6745747352383,122.86920166015625,51.56290435397662,0.043385823567708336,0.0011545817057291667,f80b3c30ab7d4176,True,12.192768,0.75,801,True
000802.jpeg,000802,.jpeg,2666215,MPO,RGB,4032,3024,6,2025:12:09 14:19:14,Apple,iPhone 17 Pro,26.1,True,3024,4032,1307.593671023432,135.09275817871094,67.39640583635665,0.11104329427083333,7.62939453125e-05,c2fc6dcf208e70ac,True,12.192768,0.75,802,True
000803.jpeg,000803,.jpeg,1632767,MPO,RGB,4032,3024,6,2025:12:09 14:25:24,Apple,iPhone 17 Pro,26.1,True,3024,4032,343.1486281288995,152.28077189127603,59.25653730423038,0.036336263020833336,0.000396728515625,8e86ba99bd680d8d,True,12.192768,0.75,803,True
000804.jpeg,000804,.jpeg,1974341,MPO,RGB,4032,3024,6,2025:12:09 14:26:15,Apple,iPhone 17 Pro,26.1,True,3024,4032,235.07093708255948,134.74886067708334,62.494657720280294,0.050776163736979164,0.004709879557291667,83ed71511f1f303a,True,12.192768,0.75,804,True
000805.jpeg,000805,.jpeg,3862956,MPO,RGB,4032,3024,6,2025:12:09 14:06:57,Apple,iPhone 14 Pro,16.1.2,True,3024,4032,3851.6912817408643,154.9257609049479,54.755159336721036,0.004241943359375,0.000762939453125,d5942a25da87c3ce,True,12.192768,0.75,805,True
000806.jpeg,000806,.jpeg,2583597,MPO,RGB,4032,3024,6,2025:12:09 14:11:24,Apple,iPhone 14 Pro,16.1.2,True,3024,4032,470.4649543497298,142.81616719563803,70.88575862048872,0.0492401123046875,0.0010121663411458333,aedd0cde80ded08a,True,12.192768,0.75,806,True
000807.jpeg,000807,.jpeg,2980965,MPO,RGB,4032,3024,6,2025:12:09 14:12:59,Apple,iPhone 14 Pro,16.1.2,True,3024,4032,528.5153034325276,104.49503580729167,62.97197787049845,0.024470011393229168,0.005279541015625,c0c2567e7680ede5,True,12.192768,0.75,807,True
000808.jpeg,000808,.jpeg,2497373,MPO,RGB,4032,3024,6,2025:12:09 14:12:16,Apple,iPhone 14 Pro,16.1.2,True,3024,4032,498.922671540304,128.91014607747397,67.73447046504096,0.0601959228515625,0.0018666585286458333,947870613bd74b1d,True,12.192768,0.75,808,True
000809.jpeg,000809,.jpeg,2365917,MPO,RGB,4032,3024,6,2025:12:09 14:11:37,Apple,iPhone 14 Pro,16.1.2,True,3024,4032,338.0814727699745,131.84842427571616,70.61474260829723,0.084259033203125,0.005925496419270833,d54930706adad2fa,True,12.192768,0.75,809,True
000810.jpeg,000810,.jpeg,3536537,MPO,RGB,4032,3024,6,2025:12:09 14:13:51,Apple,iPhone 14 Pro,16.1.2,True,3024,4032,591.0082193182316,144.6986083984375,56.58302201749041,0.027791341145833332,0.0025126139322916665,80c70f6f13625f63,True,12.192768,0.75,810,True
000811.jpeg,000811,.jpeg,3214749,MPO,RGB,4032,3024,6,2025:12:09 14:13:50,Apple,iPhone 14 Pro,16.1.2,True,3024,4032,807.0305672609765,137.43948364257812,60.50217780515813,0.033803304036458336,0.0024566650390625,87c859681b37dd83,True,12.192768,0.75,811,True
000812.jpeg,000812,.jpeg,3062275,MPO,RGB,4032,3024,6,2025:12:09 14:13:02,Apple,iPhone 14 Pro,16.1.2,True,3024,4032,538.3525094919736,115.79784138997395,56.07850779649498,0.020406087239583332,0.0027313232421875,82d25a7abf857161,True,12.192768,0.75,812,True
000813.jpeg,000813,.jpeg,2701676,MPO,RGB,4032,3024,6,2025:12:09 14:14:40,Apple,iPhone 14 Pro,16.1.2,True,3024,4032,577.9098164997995,109.38848368326823,56.526194799135624,0.060628255208333336,0.015589396158854166,8cf51d2a8f2e1c55,True,12.192768,0.75,813,True
000814.jpeg,000814,.jpeg,2616740,MPO,RGB,4032,3024,6,2025:12:09 14:15:01,Apple,iPhone 14 Pro,16.1.2,True,3024,4032,348.42016960918477,116.31575012207031,64.89734872020212,0.0621337890625,0.01177978515625,b4e452c7a12f5f30,True,12.192768,0.75,814,True
000815.jpeg,000815,.jpeg,2521946,MPO,RGB,4032,3024,6,2025:12:09 14:15:03,Apple,iPhone 14 Pro,16.1.2,True,3024,4032,189.13585777042638,111.90309651692708,59.41202946005105,0.07695515950520833,0.004521687825520833,abf255c3b4c4312d,True,12.192768,0.75,815,True
000816.jpeg,000816,.jpeg,3344229,MPO,RGB,4032,3024,6,2025:12:09 14:17:03,Apple,iPhone 14 Pro,16.1.2,True,3024,4032,483.0012518245882,133.6484375,64.51193891721185,0.06435139973958333,0.0027364095052083335,c2683dfeccc3c548,True,12.192768,0.75,816,True
000817.jpeg,000817,.jpeg,2549180,MPO,RGB,4032,3024,6,2025:12:09 14:17:40,Apple,iPhone 14 Pro,16.1.2,True,3024,4032,306.4388580867606,131.06634521484375,63.5322200940341,0.052775065104166664,0.0018717447916666667,d0463f85329dc5cb,True,12.192768,0.75,817,True
000818.jpeg,000818,.jpeg,2431850,MPO,RGB,4032,3024,6,2025:12:09 14:17:42,Apple,iPhone 14 Pro,16.1.2,True,3024,4032,348.44392080729205,133.65951029459634,51.22466939023076,0.048116048177083336,0.0013529459635416667,d04c1a0e3cafb5b5,True,12.192768,0.75,818,True
000819.jpeg,000819,.jpeg,3882858,MPO,RGB,4032,3024,6,2025:12:09 14:17:56,Apple,iPhone 14 Pro,16.1.2,True,3024,4032,3659.596788285507,145.28837076822916,66.87310155270126,0.031473795572916664,0.006810506184895833,d50153bbb5d2296a,True,12.192768,0.75,819,True
000820.jpeg,000820,.jpeg,3896210,MPO,RGB,4032,3024,6,2025:12:09 14:17:58,Apple,iPhone 14 Pro,16.1.2,True,3024,4032,3557.441136628364,147.2571767171224,65.63440352137397,0.025548299153645832,0.007258097330729167,8307472bb7ab9195,True,12.192768,0.75,820,True
000821.jpeg,000821,.jpeg,2617712,MPO,RGB,4032,3024,6,2025:12:09 14:18:06,Apple,iPhone 14 Pro,16.1.2,True,3024,4032,519.241134721372,127.83890279134114,60.58223768086491,0.0235595703125,0.0032602945963541665,92cc3963cb075747,True,12.192768,0.75,821,True
000822.jpeg,000822,.jpeg,2648503,MPO,RGB,4032,3024,6,2025:12:09 14:18:09,Apple,iPhone 14 Pro,16.1.2,True,3024,4032,561.7640651405478,126.51803588867188,60.49528724851456,0.026850382486979168,0.0039825439453125,96c43879f8615b53,True,12.192768,0.75,822,True
000823.jpeg,000823,.jpeg,2653179,MPO,RGB,4032,3024,6,2025:12:09 14:20:13,Apple,iPhone 14 Pro,16.1.2,True,3024,4032,1174.476013153377,148.940673828125,64.4567535286832,0.0177459716796875,0.0012461344401041667,83805e9b3c9b6b8d,True,12.192768,0.75,823,True
000824.jpeg,000824,.jpeg,2604033,MPO,RGB,4032,3024,6,2025:12:09 14:20:51,Apple,iPhone 14 Pro,16.1.2,True,3024,4032,745.5175174934169,125.21926879882812,59.380366539020656,0.023554484049479168,0.004862467447916667,c22e7ed0c16d2b4d,True,12.192768,0.75,824,True
000825.jpeg,000825,.jpeg,2866327,MPO,RGB,4032,3024,6,2025:12:09 14:21:07,Apple,iPhone 14 Pro,16.1.2,True,3024,4032,319.81582354836985,131.77587890625,64.91386231860496,0.018030802408854168,0.013890584309895834,d36478876a3563d4,True,12.192768,0.75,825,True
000826.jpeg,000826,.jpeg,3078441,MPO,RGB,4032,3024,6,2025:12:09 14:21:09,Apple,iPhone 14 Pro,16.1.2,True,3024,4032,343.1069425505637,132.2378946940104,62.06550424155993,0.017242431640625,0.014277140299479166,c27d74012f34f2c7,True,12.192768,0.75,826,True
000827.jpeg,000827,.jpeg,3429300,MPO,RGB,4032,3024,6,2025:12:09 14:10:26,Apple,iPhone 17,26.1,True,3024,4032,2532.6436811979447,109.29564412434895,65.97283466615387,0.053538004557291664,0.0007781982421875,8746583890777e37,True,12.192768,0.75,827,True
000828.jpeg,000828,.jpeg,2065228,MPO,RGB,4032,3024,6,2025:12:09 14:11:30,Apple,iPhone 17,26.1,True,3024,4032,190.1065260137742,134.90928649902344,60.48520553596874,0.029108683268229168,7.120768229166667e-05,95db68bb61c1d06c,True,12.192768,0.75,828,True
000829.jpeg,000829,.jpeg,2735508,MPO,RGB,4032,3024,6,2025:12:09 14:11:41,Apple,iPhone 17,26.1,True,3024,4032,1132.349314252432,135.85193888346353,63.27626635874033,0.026570638020833332,0.0010121663411458333,85a56ad6d728d0f4,True,12.192768,0.75,829,True
000830.jpeg,000830,.jpeg,3735106,MPO,RGB,4032,3024,6,2025:12:09 14:11:49,Apple,iPhone 17,26.1,True,3024,4032,1107.0893349243688,138.33897908528647,68.15990945143953,0.09136454264322917,0.0006001790364583334,80cc7c80f52f47f5,True,12.192768,0.75,830,True
000831.jpeg,000831,.jpeg,2944495,MPO,RGB,4032,3024,6,2025:12:09 14:12:23,Apple,iPhone 17,26.1,True,3024,4032,1191.2925376556555,131.46371459960938,64.10484988412298,0.057912190755208336,0.0,81867f7f78706161,True,12.192768,0.75,831,True
000832.jpeg,000832,.jpeg,3263183,MPO,RGB,4032,3024,6,2025:12:09 14:12:17,Apple,iPhone 17,26.1,True,3024,4032,1593.8804682344198,154.51416524251303,58.576583707163095,0.026392618815104168,0.0002797444661458333,818005165f177f7f,True,12.192768,0.75,832,True
000833.jpeg,000833,.jpeg,2009943,MPO,RGB,4032,3024,6,2025:12:09 14:11:58,Apple,iPhone 17,26.1,True,3024,4032,305.18765072584034,136.77913411458334,68.65125799727427,0.0774383544921875,0.0014597574869791667,956d28a58781d72f,True,12.192768,0.75,833,True
000834.jpeg,000834,.jpeg,2445573,MPO,RGB,4032,3024,6,2025:12:09 14:12:53,Apple,iPhone 17,26.1,True,3024,4032,354.2058704842089,127.05758666992188,56.99537702423612,0.043024698893229164,0.0003000895182291667,9d1d25738c0ef3d0,True,12.192768,0.75,834,True
000835.jpeg,000835,.jpeg,2276656,MPO,RGB,4032,3024,6,2025:12:09 14:12:49,Apple,iPhone 17,26.1,True,3024,4032,399.26637108497226,85.84538269042969,48.639099785417734,0.10119120279947917,5.086263020833333e-06,d2f46d27b49ca483,True,12.192768,0.75,835,True
000836.jpeg,000836,.jpeg,3923232,MPO,RGB,4032,3024,6,2025:12:09 14:12:36,Apple,iPhone 17,26.1,True,3024,4032,3192.833204276834,142.78519185384116,67.4472528148472,0.046849568684895836,0.00020853678385416666,ca555a6db4d5ca0a,True,12.192768,0.75,836,True
000837.jpeg,000837,.jpeg,2418631,MPO,RGB,4032,3024,6,2025:12:09 14:13:03,Apple,iPhone 17,26.1,True,3024,4032,401.66187922397836,139.1624755859375,56.99595502275674,0.038859049479166664,0.0005645751953125,911c3feac6792b44,True,12.192768,0.75,837,True
000838.jpeg,000838,.jpeg,2635338,MPO,RGB,4032,3024,6,2025:12:09 14:13:08,Apple,iPhone 17,26.1,True,3024,4032,469.0749884784843,126.17053731282552,58.38479037927627,0.0590667724609375,0.0006001790364583334,b34c337986903cbe,True,12.192768,0.75,838,True
000839.jpeg,000839,.jpeg,4720799,MPO,RGB,4032,3024,6,2025:12:09 14:13:26,Apple,iPhone 17,26.1,True,3024,4032,1034.5393390132942,154.71758015950522,48.98609012501578,0.010345458984375,0.0,85870bbf43b24fa4,True,12.192768,0.75,839,True
000840.jpeg,000840,.jpeg,3202245,MPO,RGB,4032,3024,6,2025:12:09 14:14:09,Apple,iPhone 17,26.1,True,3024,4032,1782.767582991859,126.16537984212239,59.27403274810682,0.043548583984375,0.0008595784505208334,a9a5243acb3524df,True,12.192768,0.75,840,True
000841.jpeg,000841,.jpeg,4225481,MPO,RGB,4032,3024,6,2025:12:09 14:14:16,Apple,iPhone 17,26.1,True,3024,4032,313.7329519788165,135.73440551757812,54.18175939637252,0.022074381510416668,0.00019327799479166666,d5f72aa291636790,True,12.192768,0.75,841,True
000842.jpeg,000842,.jpeg,2591039,MPO,RGB,4032,3024,6,2025:12:09 14:15:05,Apple,iPhone 17,26.1,True,3024,4032,346.7618903809279,128.81746419270834,65.10922091663448,0.08489481608072917,0.0022226969401041665,dc630af68ade601d,True,12.192768,0.75,842,True
000843.jpeg,000843,.jpeg,2691699,MPO,RGB,4032,3024,6,2025:12:09 14:15:14,Apple,iPhone 17,26.1,True,3024,4032,2023.8301776808742,141.53290303548178,73.17620246924504,0.10767618815104167,7.62939453125e-05,b78306f8319e870f,True,12.192768,0.75,843,True
000844.jpeg,000844,.jpeg,2626874,MPO,RGB,4032,3024,6,2025:12:09 14:14:59,Apple,iPhone 17,26.1,True,3024,4032,265.62139546032995,112.82941182454427,56.72201424526994,0.0443572998046875,0.0005696614583333334,9ce838fb834f3303,True,12.192768,0.75,844,True
000845.jpeg,000845,.jpeg,2684013,MPO,RGB,4032,3024,6,2025:12:09 14:15:17,Apple,iPhone 17,26.1,True,3024,4032,1939.2206153487787,150.37389628092447,73.81132275149486,0.042266845703125,0.0,b4c8433c9fcbac43,True,12.192768,0.75,845,True
000846.jpeg,000846,.jpeg,3306982,MPO,RGB,4032,3024,6,2025:12:09 14:16:01,Apple,iPhone 17,26.1,True,3024,4032,1838.0475352652527,122.20163981119792,61.14558556786149,0.0687408447265625,0.006886800130208333,d73f2b399011f192,True,12.192768,0.75,846,True
000847.jpeg,000847,.jpeg,2927619,MPO,RGB,4032,3024,6,2025:12:09 14:16:03,Apple,iPhone 17,26.1,True,3024,4032,1884.8776638569932,127.49150085449219,60.78332266199532,0.031743367513020836,0.000823974609375,f5e16a6b90f41bc0,True,12.192768,0.75,847,True
000848.jpeg,000848,.jpeg,2827924,MPO,RGB,4032,3024,6,2025:12:09 14:16:17,Apple,iPhone 17,26.1,True,3024,4032,400.6407514309717,127.87119038899739,51.5041482925813,0.012196858723958334,0.0005950927734375,9e9cda316cb32670,True,12.192768,0.75,848,True
000849.jpeg,000849,.jpeg,2583194,MPO,RGB,4032,3024,6,2025:12:09 14:16:20,Apple,iPhone 17,26.1,True,3024,4032,336.77774766046133,135.67347208658853,47.110201781166865,0.0033060709635416665,0.00020853678385416666,8f8ad93166b803fc,True,12.192768,0.75,849,True
000850.jpeg,000850,.jpeg,2473865,MPO,RGB,4032,3024,6,2025:12:09 14:17:39,Apple,iPhone 17,26.1,True,3024,4032,357.7117008430262,119.1246846516927,37.60802849896253,0.0082855224609375,6.103515625e-05,bfe9b830198be071,True,12.192768,0.75,850,True
000851.jpeg,000851,.jpeg,2359369,MPO,RGB,4032,3024,6,2025:12:09 14:17:57,Apple,iPhone 17,26.1,True,3024,4032,171.93385634974888,107.95917256673177,44.40721769108854,0.0135040283203125,0.0005594889322916666,a3bf17505069692f,True,12.192768,0.75,851,True
000852.jpeg,000852,.jpeg,2468988,MPO,RGB,4032,3024,6,2025:12:09 14:19:58,Apple,iPhone 17,26.1,True,3024,4032,335.8942866855198,120.30800374348958,49.5241600454664,0.038935343424479164,0.004938761393229167,a5eb2aca046d9bb1,True,12.192768,0.75,852,True
000853.jpeg,000853,.jpeg,2446535,MPO,RGB,4032,3024,6,2025:12:09 14:20:32,Apple,iPhone 17,26.1,True,3024,4032,350.3812448392467,120.32470703125,45.32275637691311,0.018259684244791668,0.0014750162760416667,87c70bc8e1389f93,True,12.192768,0.75,853,True
000854.jpeg,000854,.jpeg,2873577,MPO,RGB,4032,3024,6,2025:12:09 14:28:05,Apple,iPhone 17,26.1,True,3024,4032,1160.642090201145,123.26869710286458,63.187341798184214,0.042266845703125,0.0009867350260416667,89cb3e5740ad693a,True,12.192768,0.75,854,True
000855.jpeg,000855,.jpeg,3514812,MPO,RGB,4032,3024,6,2025:12:09 14:28:59,Apple,iPhone 17,26.1,True,3024,4032,715.8918894765017,120.86927795410156,62.76151186504021,0.014134724934895834,4.57763671875e-05,f054181cfaae4b1f,True,12.192768,0.75,855,True
000856.jpeg,000856,.jpeg,3381951,MPO,RGB,4032,3024,6,2025:12:09 14:29:15,Apple,iPhone 17,26.1,True,3024,4032,4082.628277808195,151.15248107910156,72.73356646503261,0.061152140299479164,0.0,d5b56e942e870bc1,True,12.192768,0.75,856,True
000857.jpg,000857,.jpg,340341,JPEG,RGB,756,1008,1,,,,,False,756,1008,2184.2312343691533,107.97457885742188,64.2834753143611,0.0815582275390625,0.0017751057942708333,b8d95a97564b21ac,True,0.762048,0.75,857,True
000858.jpg,000858,.jpg,212262,JPEG,RGB,779,1107,1,,,,,False,779,1107,206.12383161824425,130.77344835069445,70.38780148549397,0.127880859375,0.0,8de7d52021977578,True,0.862353,0.7037037037037037,858,True
000859.jpg,000859,.jpg,31029,JPEG,RGB,640,640,1,,,,,False,640,640,111.17769180238247,150.99614334106445,77.10527889671809,7.62939453125e-06,0.042999267578125,8dd2456154c76f1e,True,0.4096,1.0,859,True
000860.jpg,000860,.jpg,206224,JPEG,RGB,796,603,1,,,,,False,796,603,970.2479723990058,103.71478837789948,50.58519236403913,0.01303761275773196,0.0,bb06657699db640c,True,0.479988,1.3200663349917081,860,True
000861.jpg,000861,.jpg,46306,JPEG,RGB,640,640,1,,,,,False,640,640,246.43546084401896,61.924591064453125,48.65513274652321,0.2668342590332031,0.0,803f45759b4d6c53,True,0.4096,1.0,861,True
000862.jpg,000862,.jpg,254588,JPEG,RGB,1027,770,1,,,,,False,1027,770,751.8063491886843,120.85866800944011,59.941453632746175,0.062444051106770836,0.0007781982421875,e8e907c27c6b7194,True,0.79079,1.3337662337662337,862,True
000863.jpg,000863,.jpg,48693,JPEG,RGB,640,640,1,,,,,False,640,640,260.35180964400934,145.28982543945312,64.96275237237661,0.0,0.042537689208984375,c0ff1746786b511c,True,0.4096,1.0,863,True
000864.jpg,000864,.jpg,343936,JPEG,RGB,859,1145,1,,,,,False,859,1145,1048.0129015054297,125.21828206380208,48.27924048367845,0.018880208333333332,3.0517578125e-05,c48f016f92ba9796,True,0.983555,0.7502183406113537,864,True
000865.jpg,000865,.jpg,388625,JPEG,RGB,1342,1006,1,,,,,False,1342,1006,339.24912777892314,122.35394795735677,65.73825568321838,0.13901265462239584,4.57763671875e-05,c6f82b1471eed246,True,1.350052,1.333996023856859,865,True
000866.jpg,000866,.jpg,43389,JPEG,RGB,640,640,1,,,,,False,640,640,147.8818688557949,69.81230545043945,54.279285028238164,0.3090476989746094,0.0,c6f86a1971ecf222,True,0.4096,1.0,866,True
000867.jpg,000867,.jpg,293726,JPEG,RGB,876,1049,1,,,,,False,876,1049,433.99985742412787,114.40079676547897,66.28908428961294,0.16345100759345793,0.0019759418808411216,9de829d42a72dc39,True,0.918924,0.8350810295519543,867,True
000868.jpg,000868,.jpg,42845,JPEG,RGB,640,640,1,,,,,False,640,640,186.70739903613867,95.29998779296875,66.06573071219287,0.21646499633789062,0.0,d5e821d6207add39,True,0.4096,1.0,868,True
000869.jpg,000869,.jpg,266228,JPEG,RGB,1008,756,1,,,,,False,1008,756,1011.215429740544,124.88243611653645,47.39530466103517,0.029581705729166668,0.0,9b2d32a5d6e0e730,True,0.762048,1.3333333333333333,869,True
000870.jpg,000870,.jpg,282456,JPEG,RGB,1008,756,1,,,,,False,1008,756,1045.921908618856,117.75426737467448,57.55771307717534,0.0388336181640625,0.000274658203125,aac55225de8a3cba,True,0.762048,1.3333333333333333,870,True
000871.jpg,000871,.jpg,49166,JPEG,RGB,640,640,1,,,,,False,640,640,411.1831309824338,68.27870178222656,51.52960961419549,0.23529815673828125,0.0,abc47325da0c7678,True,0.4096,1.0,871,True
000872.jpg,000872,.jpg,304669,JPEG,RGB,1008,756,1,,,,,False,1008,756,1134.9338779383231,116.86678059895833,56.8864671360086,0.059661865234375,1.52587890625e-05,938a3f7f1a309991,True,0.762048,1.3333333333333333,872,True
000873.jpg,000873,.jpg,58094,JPEG,RGB,640,640,1,,,,,False,640,640,360.23827651886677,75.42013549804688,55.30547554393083,0.2571449279785156,0.0,d5a23a7e0b326d91,True,0.4096,1.0,873,True
000874.jpg,000874,.jpg,318661,JPEG,RGB,1234,816,1,,,,,False,1234,816,2336.7162085685245,163.18181922935102,42.801891203617785,0.010047935103244837,0.0003917772861356932,dab455ca56d25265,True,1.006944,1.5122549019607843,874,True
000875.jpg,000875,.jpg,53606,JPEG,RGB,640,640,1,,,,,False,640,640,659.1304702162743,190.62033462524414,52.34320654904768,0.0,0.046783447265625,d5a245cd56d56a85,True,0.4096,1.0,875,True
000876.jpg,000876,.jpg,250422,JPEG,RGB,1248,937,1,,,,,False,1248,937,117.72911653271876,114.26512145996094,64.14732901265256,0.0936431884765625,0.0,887d6365971736a4,True,1.169376,1.3319103521878335,876,True
000877.jpg,000877,.jpg,220913,JPEG,RGB,913,684,1,,,,,False,913,684,500.5060222347577,139.75154622395834,52.17449535886562,0.019521077473958332,0.00016276041666666666,d550717833f271b2,True,0.624492,1.3347953216374269,877,True
000878.jpg,000878,.jpg,51381,JPEG,RGB,640,640,1,,,,,False,640,640,187.70587521552807,162.67335891723633,62.28801830868455,0.0,0.028629302978515625,d598583d7bb12899,True,0.4096,1.0,878,True
000879.jpg,000879,.jpg,341634,JPEG,RGB,1035,776,1,,,,,False,1035,776,2786.127125064118,158.59866841634116,55.92314123039063,0.0466156005859375,0.0001068115234375,e2b6295378197e49,True,0.80316,1.333762886597938,879,True
000880.jpg,000880,.jpg,60102,JPEG,RGB,640,640,1,,,,,False,640,640,755.4167469787499,153.8410873413086,59.31603588233742,0.0702667236328125,1.1444091796875e-05,c0b7297768197e0b,True,0.4096,1.0,880,True
000881.jpg,000881,.jpg,206859,JPEG,RGB,1096,822,1,,,,,False,1096,822,398.8957205211951,131.13013712565103,58.277823042447366,0.036997477213541664,0.0003407796223958333,ba45336ec2654a97,True,0.900912,1.3333333333333333,881,True
000882.jpg,000882,.jpg,42430,JPEG,RGB,640,640,1,,,,,False,640,640,174.92113632358087,119.59735870361328,65.99098315088456,0.117767333984375,0.00023651123046875,b0c4337a5ce46b96,True,0.4096,1.0,882,True
000883.jpg,000883,.jpg,216805,JPEG,RGB,1075,793,1,,,,,False,1075,793,432.50815861938156,122.89443307705027,64.48221419134603,0.04307725694444445,0.0016431051587301587,e2e557ce7c089983,True,0.852475,1.355611601513241,883,True
000884.jpg,000884,.jpg,44692,JPEG,RGB,640,640,1,,,,,False,640,640,184.6446665115509,143.06776428222656,70.26335853917524,0.0,0.07255935668945312,c16251cf7a789ac9,True,0.4096,1.0,884,True
000885.jpg,000885,.jpg,209718,JPEG,RGB,1094,808,1,,,,,False,1094,808,532.2897005078775,132.72126116071428,63.20176658619982,0.06274801587301587,0.0,87c8c336c1daf07c,True,0.883952,1.353960396039604,885,True
000886.jpg,000886,.jpg,39741,JPEG,RGB,640,640,1,,,,,False,640,640,202.2710104919388,155.57758712768555,67.97293960337123,3.814697265625e-06,0.01580810546875,95c04132cddc7a3f,True,0.4096,1.0,886,True
000887.jpg,000887,.jpg,369235,JPEG,RGB,1069,802,1,,,,,False,1069,802,880.1837457799248,118.13469950358073,59.02494275088484,0.038965861002604164,7.62939453125e-05,b7806e7a0d95b135,True,0.857338,1.332917705735661,887,True
000888.jpg,000888,.jpg,63045,JPEG,RGB,640,640,1,,,,,False,640,640,286.45853704214096,155.62733840942383,62.14201792165103,0.0,0.10297012329101562,9780427e259f4b7a,True,0.4096,1.0,888,True
000889.jpg,000889,.jpg,258577,JPEG,RGB,975,708,1,,,,,False,975,708,741.6833876249127,113.81536143313173,54.07931874742239,0.06643775201612903,0.0003360215053763441,a7e16b6069db489a,True,0.6903,1.3771186440677967,889,True
000890.jpg,000890,.jpg,334338,JPEG,RGB,1246,935,1,,,,,False,1246,935,282.9065541674693,112.92931620279948,61.00418796472406,0.08270263671875,0.0,8b7037a79e8ca0e6,True,1.16501,1.3326203208556149,890,True
000891.jpg,000891,.jpg,47574,JPEG,RGB,640,640,1,,,,,False,640,640,114.40774799404608,73.50883102416992,59.499666086628075,0.2747535705566406,0.0,d93833a1178ed8b6,True,0.4096,1.0,891,True
000892.jpg,000892,.jpg,409907,JPEG,RGB,1348,1011,1,,,,,False,1348,1011,599.0280250996972,116.19094340006511,56.76809492603268,0.0645904541015625,0.0,a6d020867b8f5a9f,True,1.362828,1.3333333333333333,892,True
000893.jpg,000893,.jpg,48677,JPEG,RGB,640,640,1,,,,,False,640,640,205.1371828410629,135.95558547973633,61.79156182348837,5.7220458984375e-05,0.008792877197265625,84d757a4770e515c,True,0.4096,1.0,893,True
000894.jpg,000894,.jpg,315356,JPEG,RGB,1266,949,1,,,,,False,1266,949,141.1049297236734,119.63992818196614,64.15334817046453,0.0895233154296875,0.0,eb51303797c986b1,True,1.201434,1.334035827186512,894,True
000895.jpg,000895,.jpg,46463,JPEG,RGB,640,640,1,,,,,False,640,640,100.68599665617512,136.75448989868164,67.19080530499,0.07241439819335938,0.052761077880859375,cb5830361fc98f96,True,0.4096,1.0,895,True
000896.jpg,000896,.jpg,52954,JPEG,RGB,640,640,1,,,,,False,640,640,626.4561452828348,122.39015579223633,50.78448949387824,0.11806106567382812,0.0,e077621f72921ee2,True,0.4096,1.0,896,True
000897.jpg,000897,.jpg,680013,JPEG,RGB,1099,1466,1,,,,,False,1099,1466,3100.646844482644,117.33083597819011,69.30646548562802,0.10975138346354167,0.00016276041666666666,bd580a6a60ca8dbf,True,1.611134,0.7496589358799455,897,True
000898.jpg,000898,.jpg,67763,JPEG,RGB,640,640,1,,,,,False,640,640,1198.973296239914,94.67777633666992,68.99857326330013,0.236297607421875,0.0,bc5f49a962034f99,True,0.4096,1.0,898,True
000899.jpg,000899,.jpg,455223,JPEG,RGB,1007,1343,1,,,,,False,1007,1343,953.6108391431626,127.19104512532552,67.88786109408431,0.0611724853515625,0.0014241536458333333,96ca3d9a8192f5d4,True,1.352401,0.7498138495904692,899,True
000900.jpg,000900,.jpg,56010,JPEG,RGB,640,640,1,,,,,False,640,640,350.3338227008935,111.24349975585938,68.36544071647717,0.15663909912109375,0.0,96483d9ac1d655da,True,0.4096,1.0,900,True
000901.jpg,000901,.jpg,527187,JPEG,RGB,1316,987,1,,,,,False,1316,987,1938.6189321730442,140.1869150797526,55.62946796239092,0.023218790690104168,0.0017140706380208333,da473c0b1c0b3ced,True,1.298892,1.3333333333333333,901,True
000902.jpg,000902,.jpg,62794,JPEG,RGB,640,640,1,,,,,False,640,640,527.639493516981,131.25798416137695,59.63904941152909,0.06162261962890625,0.00128936767578125,d8663c2b5c273cc5,True,0.4096,1.0,902,True
000903.jpg,000903,.jpg,349209,JPEG,RGB,924,1231,1,,,,,False,924,1231,591.0624044719669,133.63496907552084,58.17507050997179,0.019032796223958332,0.037434895833333336,b2c12785b0bad4db,True,1.137444,0.7506092607636068,903,True
000904.jpg,000904,.jpg,52641,JPEG,RGB,640,640,1,,,,,False,640,640,269.85371014392877,132.44160842895508,63.62517064040475,0.06586456298828125,0.03693389892578125,95ea254653d954cd,True,0.4096,1.0,904,True
000905.jpg,000905,.jpg,490136,JPEG,RGB,1343,1007,1,,,,,False,1343,1007,1437.7928618223457,124.49238586425781,59.931802885607716,0.036488850911458336,0.0019582112630208335,a4a74125da653b5d,True,1.352401,1.3336643495531282,905,True
000906.jpg,000906,.jpg,58542,JPEG,RGB,640,640,1,,,,,False,640,640,421.1628333696717,87.72265625,61.596118155697006,0.23108291625976562,0.0,807f4177db605378,True,0.4096,1.0,906,True
000907.jpg,000907,.jpg,486748,JPEG,RGB,1333,1000,1,,,,,False,1333,1000,1270.6125819185334,116.61406962076823,59.301580830672634,0.0442962646484375,0.0010223388671875,a4b458ac8b71f754,True,1.333,1.333,907,True
000908.jpg,000908,.jpg,57537,JPEG,RGB,640,640,1,,,,,False,640,640,370.79485639877385,105.97738265991211,62.59040059176734,0.1092071533203125,0.000335693359375,85f058685b55775c,True,0.4096,1.0,908,True
000909.jpg,000909,.jpg,151202,JPEG,RGB,669,895,1,,,,,False,669,895,558.8061807240011,100.36181258159269,46.19943855882428,0.007929789490861618,0.0002549771540469974,986b6fd405d44a2f,True,0.598755,0.7474860335195531,909,True
000910.jpg,000910,.jpg,40845,JPEG,RGB,640,640,1,,,,,False,640,640,171.08504195451678,48.84663772583008,43.37736427290255,0.2501182556152344,0.0,91ef6a950585176e,True,0.4096,1.0,910,True
000911.jpg,000911,.jpg,289847,JPEG,RGB,722,964,1,,,,,False,722,964,1081.4161581592266,130.94153373857702,42.43898983258105,0.013008934399477807,0.0,91fdaf83d3922485,True,0.696008,0.7489626556016598,911,True
000912.jpg,000912,.jpg,60626,JPEG,RGB,640,640,1,,,,,False,640,640,321.14665193710243,114.93630981445312,51.58908163922029,0.0983734130859375,0.0,80e828d657d37e5a,True,0.4096,1.0,912,True
000913.jpg,000913,.jpg,215386,JPEG,RGB,756,1008,1,,,,,False,756,1008,800.1606251361469,128.4604034423828,57.51361310902674,0.038884480794270836,0.0,c22d09e69fc25b87,True,0.762048,0.75,913,True
000914.jpg,000914,.jpg,182757,JPEG,RGB,711,949,1,,,,,False,711,949,645.7608585500212,128.97048950195312,64.23895053001888,0.044453938802083336,0.000274658203125,eb1d39d0e314396c,True,0.674739,0.7492096944151738,914,True
000915.jpg,000915,.jpg,48670,JPEG,RGB,640,640,1,,,,,False,640,640,269.3239033338032,108.61919021606445,68.811539781728,0.14808273315429688,0.0,f50b30dbe196192d,True,0.4096,1.0,915,True
000916.jpg,000916,.jpg,303499,JPEG,RGB,678,905,1,,,,,False,678,905,2593.8586205641177,157.21442159016928,53.50116277501949,0.029759724934895832,0.0017344156901041667,81d455f827d8079f,True,0.61359,0.7491712707182321,916,True
000917.jpg,000917,.jpg,73648,JPEG,RGB,640,640,1,,,,,False,640,640,713.3788372280396,116.41157913208008,55.1129020336298,0.11751174926757812,0.0,c59555d8279807cf,True,0.4096,1.0,917,True
000918.jpg,000918,.jpg,229405,JPEG,RGB,678,902,1,,,,,False,678,902,968.0592410248979,158.53300020292207,69.26588724490772,0.08171164772727273,0.0,958a14c93e9dae35,True,0.611556,0.7516629711751663,918,True
000919.jpg,000919,.jpg,228755,JPEG,RGB,711,962,1,,,,,False,711,962,1006.6651479205478,142.84758907903438,57.73838213898309,0.034458705357142856,0.00020151289682539681,d4702fda2f9b2415,True,0.683982,0.739085239085239,919,True
000920.jpg,000920,.jpg,53443,JPEG,RGB,640,640,1,,,,,False,640,640,294.1079518209299,189.69415664672852,60.449697153585504,0.0,0.250152587890625,d4c825da3e9f1e24,True,0.4096,1.0,920,True
000921.jpg,000921,.jpg,231070,JPEG,RGB,664,888,1,,,,,False,664,888,836.1505408305674,106.33708489719321,60.16768663331713,0.03849645071801567,0.0,affb3aff80aa1100,True,0.589632,0.7477477477477478,921,True
000922.jpg,000922,.jpg,58570,JPEG,RGB,640,640,1,,,,,False,640,640,338.252634787219,128.44847106933594,60.757503845041576,3.814697265625e-05,0.0079345703125,8dfa72fe82da1106,True,0.4096,1.0,922,True
000923.jpg,000923,.jpg,192039,JPEG,RGB,654,876,1,,,,,False,654,876,593.2560479881006,127.74398212532722,53.54781874385864,0.023882321662303665,0.003839782395287958,daa50bf86d6840db,True,0.572904,0.7465753424657534,923,True
000924.jpg,000924,.jpg,244210,JPEG,RGB,756,1008,1,,,,,False,756,1008,634.6145651535029,116.04223124186198,57.56311588645147,0.040461222330729164,0.0,cdb00f7434c3ca5b,True,0.762048,0.75,924,True
000925.jpg,000925,.jpg,53268,JPEG,RGB,640,640,1,,,,,False,640,640,254.89611207564303,165.29317092895508,57.30521751518287,0.0,0.139801025390625,c8b00f7c39c34a5f,True,0.4096,1.0,925,True
000926.jpg,000926,.jpg,171880,JPEG,RGB,654,873,1,,,,,False,654,873,499.25475822389126,133.51258341471353,68.96701466114293,0.06441243489583333,0.0,8a8c2cf64dc37497,True,0.570942,0.7491408934707904,926,True
000927.jpg,000927,.jpg,268282,JPEG,RGB,756,1008,1,,,,,False,756,1008,773.6413924643356,134.16175333658853,55.452884776312615,0.040888468424479164,2.0345052083333332e-05,8bf42c8638af4b33,True,0.762048,0.75,927,True
000928.jpg,000928,.jpg,266672,JPEG,RGB,702,939,1,,,,,False,702,939,1514.86535712725,117.7372919386423,72.46177747714185,0.15004895561357703,2.039817232375979e-05,9fc3247c30ed7518,True,0.659178,0.7476038338658147,928,True
000929.jpg,000929,.jpg,53189,JPEG,RGB,640,640,1,,,,,False,640,640,405.8002191516425,69.08910369873047,63.79356519469743,0.36553955078125,0.0,9fda206d78a56338,True,0.4096,1.0,929,True
000930.jpg,000930,.jpg,215873,JPEG,RGB,756,1008,1,,,,,False,756,1008,197.76885752687744,131.21471150716147,54.028820408135914,0.041325887044270836,0.0005594889322916666,cbd720a41be17cc3,True,0.762048,0.75,930,True
000931.jpg,000931,.jpg,46660,JPEG,RGB,640,640,1,,,,,False,640,640,134.96252595540136,150.4346466064453,57.30818219461372,0.030712127685546875,0.021556854248046875,cad720bc1b6578c3,True,0.4096,1.0,931,True
000932.jpg,000932,.jpg,114508,JPEG,RGB,659,879,1,,,,,False,659,879,131.57682036598115,112.16025288899739,62.65957241263636,0.06378173828125,0.0004018147786458333,a90b6e7059c37fc0,True,0.579261,0.7497155858930603,932,True
000933.jpg,000933,.jpg,33134,JPEG,RGB,640,640,1,,,,,False,640,640,76.26943095934985,128.16133880615234,65.96953227282644,0.00337982177734375,0.01969146728515625,a06f7c70d3c774c0,True,0.4096,1.0,933,True
000934.jpg,000934,.jpg,284768,JPEG,RGB,794,1059,1,,,,,False,794,1059,687.7245751217837,121.85021464029948,58.68435338633063,0.025166829427083332,0.0005747477213541666,8bb14bc63c92d0cf,True,0.840846,0.7497639282341831,934,True
000935.jpg,000935,.jpg,52067,JPEG,RGB,640,640,1,,,,,False,640,640,232.14327880610654,75.5767936706543,57.57542700289459,0.2853736877441406,0.0,90354acd3693675e,True,0.4096,1.0,935,True
000936.jpg,000936,.jpg,249517,JPEG,RGB,788,1051,1,,,,,False,788,1051,590.2805988456433,125.222412109375,57.683455551208205,0.02099609375,0.0,ad5220354fd8767c,True,0.828188,0.7497621313035204,936,True
000937.jpg,000937,.jpg,287657,JPEG,RGB,769,1025,1,,,,,False,769,1025,869.7456426554255,131.93282572428384,65.43152157835752,0.028218587239583332,0.0001068115234375,abf448afcc786489,True,0.788225,0.7502439024390244,937,True
000938.jpg,000938,.jpg,55642,JPEG,RGB,640,640,1,,,,,False,640,640,386.613238410544,118.91931915283203,67.38771284264959,0.08083724975585938,7.62939453125e-06,a0e54bae9d70658b,True,0.4096,1.0,938,True
000939.jpg,000939,.jpg,163790,JPEG,RGB,693,929,1,,,,,False,693,929,261.8356804617017,117.24202900032722,66.30350023839272,0.003681282722513089,0.00023008017015706806,bccb96e848106d77,True,0.643797,0.7459634015069968,939,True
000940.jpg,000940,.jpg,35071,JPEG,RGB,640,640,1,,,,,False,640,640,117.37790806007979,115.78882217407227,72.02958951762763,0.10647201538085938,0.014354705810546875,a1dfd7945a85380d,True,0.4096,1.0,940,True
000941.jpg,000941,.jpg,333526,JPEG,RGB,834,1112,1,,,,,False,834,1112,862.2055454316238,122.31256612141927,53.408625871817456,0.036677042643229164,0.0002288818359375,9b66b5244d724e6a,True,0.927408,0.75,941,True
000942.jpg,000942,.jpg,356775,JPEG,RGB,794,1058,1,,,,,False,794,1058,1112.0916081033647,121.52166748046875,49.43645355346718,0.0074310302734375,0.005961100260416667,d8e71e438bacc136,True,0.840052,0.7504725897920604,942,True
000943.jpg,000943,.jpg,60880,JPEG,RGB,640,640,1,,,,,False,640,640,375.4208062661346,112.7368392944336,51.852745470347806,0.0439910888671875,0.002429962158203125,d0ff12438bacc33c,True,0.4096,1.0,943,True
000944.jpg,000944,.jpg,317521,JPEG,RGB,818,1090,1,,,,,False,818,1090,731.8539070745464,103.61256408691406,53.693958151630966,0.08503214518229167,3.5603841145833336e-05,bdd820f1b72a3a1a,True,0.89162,0.7504587155963303,944,True
000945.jpg,000945,.jpg,48912,JPEG,RGB,640,640,1,,,,,False,640,640,215.54358255489205,157.28559494018555,52.594565585965064,0.0,0.05063629150390625,94d000e0f73b7b9b,True,0.4096,1.0,945,True
000946.jpg,000946,.jpg,224315,JPEG,RGB,722,962,1,,,,,False,722,962,323.33236230472625,108.23119099934895,49.13201369904211,0.012532552083333334,0.0005289713541666666,fbcd5289104ba5da,True,0.694564,0.7505197505197505,946,True
000947.jpg,000947,.jpg,50435,JPEG,RGB,640,640,1,,,,,False,640,640,175.60163524089148,120.5144157409668,50.98973674063999,0.024021148681640625,0.008548736572265625,c0df52881f4ba5da,True,0.4096,1.0,947,True
000948.jpg,000948,.jpg,431503,JPEG,RGB,934,1246,1,,,,,False,934,1246,1016.9535655484586,94.31240844726562,55.73477038952331,0.08381144205729167,0.0,ab5c27d27888663e,True,1.163764,0.7495987158908507,948,True
000949.jpg,000949,.jpg,58972,JPEG,RGB,640,640,1,,,,,False,640,640,323.07483337305894,109.42269134521484,59.138873329989536,0.07959365844726562,0.000934600830078125,d54a17c37c4c722d,True,0.4096,1.0,949,True
000950.jpg,000950,.jpg,273836,JPEG,RGB,756,1008,1,,,,,False,756,1008,929.5637330586454,130.7427520751953,62.05435776417107,0.0434417724609375,0.00011189778645833333,b4522ca92dd1cb73,True,0.762048,0.75,950,True
000951.jpg,000951,.jpg,240637,JPEG,RGB,756,1008,1,,,,,False,756,1008,791.6710505037464,118.81298828125,62.02128940880585,0.027262369791666668,0.0031026204427083335,9af516760933e4a6,True,0.762048,0.75,951,True
000952.jpg,000952,.jpg,46567,JPEG,RGB,640,640,1,,,,,False,640,640,286.9334343375958,124.48693466186523,66.23058599646852,0.07020187377929688,0.0243988037109375,9dbe16324c1966a7,True,0.4096,1.0,952,True
000953.jpg,000953,.jpg,382571,JPEG,RGB,953,1271,1,,,,,False,953,1271,718.4986979166666,133.71573384602866,56.77629556319285,0.051081339518229164,0.0009816487630208333,c9db29b728f78430,True,1.211263,0.7498033044846577,953,True
000954.jpg,000954,.jpg,56788,JPEG,RGB,640,640,1,,,,,False,640,640,257.76694605406374,139.70265197753906,65.56862866484627,0.09248733520507812,0.010402679443359375,ddcf499720a304bb,True,0.4096,1.0,954,True
000955.jpg,000955,.jpg,267365,JPEG,RGB,829,1106,1,,,,,False,829,1106,418.6676211816569,129.32420857747397,49.15394886238277,0.018834431966145832,0.0,cbb5234397650ef0,True,0.916874,0.7495479204339964,955,True
000956.jpg,000956,.jpg,48406,JPEG,RGB,640,640,1,,,,,False,640,640,152.04336264553422,90.06027221679688,52.857858740807906,0.17074966430664062,0.0,c1b660425f7c1f4d,True,0.4096,1.0,956,True
000957.jpg,000957,.jpg,299518,JPEG,RGB,846,1127,1,,,,,False,846,1127,626.0663391546244,128.61277770996094,55.48271644976629,0.0264129638671875,0.0007731119791666666,cf3530a73a29392b,True,0.953442,0.7506654835847383,957,True
000958.jpg,000958,.jpg,55202,JPEG,RGB,640,640,1,,,,,False,640,640,276.84576114587253,126.64087677001953,62.33268881883774,0.08526992797851562,0.0013885498046875,c52a3c827b762537,True,0.4096,1.0,958,True
000959.jpg,000959,.jpg,424297,JPEG,RGB,892,1189,1,,,,,False,892,1189,1215.5271465371673,130.86202494303384,65.97398295814187,0.057118733723958336,0.0,cde548a6346a37a3,True,1.060588,0.7502102607232969,959,True
000960.jpg,000960,.jpg,54081,JPEG,RGB,640,640,1,,,,,False,640,640,338.85838739480823,170.39130020141602,70.75657700338958,0.0,0.21843719482421875,8c5208a77f733770,True,0.4096,1.0,960,True
000961.jpg,000961,.jpg,437194,JPEG,RGB,948,1264,1,,,,,False,948,1264,629.8927703747112,130.08019510904947,47.93139633790894,0.015508015950520834,9.1552734375e-05,ba4528b44d52ed7a,True,1.198272,0.75,961,True
000962.jpg,000962,.jpg,52780,JPEG,RGB,640,640,1,,,,,False,640,640,194.29069556038303,171.87971878051758,54.7916234071735,0.0,0.12076187133789062,d56a0572483f613f,True,0.4096,1.0,962,True
000963.jpg,000963,.jpg,327198,JPEG,RGB,813,1084,1,,,,,False,813,1084,661.957838351295,144.63744099934897,57.37947361253652,0.011774698893229166,9.1552734375e-05,ba452ab409dec4f3,True,0.881292,0.75,963,True
000964.jpg,000964,.jpg,53141,JPEG,RGB,640,640,1,,,,,False,640,640,271.60056470193376,166.2571907043457,65.74879463006224,0.0,0.09102630615234375,d5457bb40bcac51a,True,0.4096,1.0,964,True
000965.jpg,000965,.jpg,552859,JPEG,RGB,985,1313,1,,,,,False,985,1313,3123.845055580036,149.52810668945312,62.28562660214386,0.050649007161458336,3.5603841145833336e-05,80f57fb443c07e86,True,1.293305,0.7501904036557502,965,True
000966.jpg,000966,.jpg,510056,JPEG,RGB,1039,1385,1,,,,,False,1039,1385,718.9672138358777,140.95559692382812,60.04843432708637,0.054728190104166664,0.0002644856770833333,8ed50aa53cf15f82,True,1.439015,0.7501805054151625,966,True
000967.jpg,000967,.jpg,526776,JPEG,RGB,1010,1347,1,,,,,False,1010,1347,1583.7719556252316,124.93951416015625,68.64307050125403,0.0501708984375,0.00014750162760416666,a7eb318a74e8dc22,True,1.36047,0.7498144023756496,967,True
000968.jpg,000968,.jpg,57491,JPEG,RGB,640,640,1,,,,,False,640,640,461.40359581912344,93.32190704345703,70.4279617188443,0.2561149597167969,0.0,a7d3598c76ad1a03,True,0.4096,1.0,968,True
000969.jpg,000969,.jpg,518780,JPEG,RGB,1019,1358,1,,,,,False,1019,1358,1446.579923188081,127.23392740885417,63.66344346056927,0.06846110026041667,0.0008494059244791666,d2f42d803f637c23,True,1.383802,0.7503681885125184,969,True
000970.jpg,000970,.jpg,61193,JPEG,RGB,640,640,1,,,,,False,640,640,489.313958476705,186.78539657592773,62.02602000614934,0.0,0.21490478515625,d2b62d803d667927,True,0.4096,1.0,970,True
000971.jpg,000971,.jpg,376554,JPEG,RGB,941,1255,1,,,,,False,941,1255,493.5287300482548,126.30239359537761,62.56560142748002,0.05047607421875,0.00014750162760416666,b6c9528a6f1391d3,True,1.180955,0.749800796812749,971,True
000972.jpg,000972,.jpg,288996,JPEG,RGB,909,1211,1,,,,,False,909,1211,256.7556063449786,103.16961669921875,64.12221459568059,0.065032958984375,0.0,a8d463e31b9a7227,True,1.100799,0.7506193228736582,972,True
000973.jpg,000973,.jpg,417402,JPEG,RGB,1000,1333,1,,,,,False,1000,1333,295.07516115065664,111.12687174479167,57.511181407563754,0.021931966145833332,0.0,9f22859a05d14bfd,True,1.333,0.7501875468867217,973,True
000974.jpg,000974,.jpg,49570,JPEG,RGB,640,640,1,,,,,False,640,640,147.5578935523372,164.40745544433594,55.54848915020068,0.0,0.117889404296875,d5b2c08b87d142fd,True,0.4096,1.0,974,True
000975.jpg,000975,.jpg,468558,JPEG,RGB,979,1306,1,,,,,False,979,1306,868.7896979755152,129.89289347330728,47.743884405034144,0.0284271240234375,0.000457763671875,80d52ae35e7d6e21,True,1.278574,0.7496171516079633,975,True
000976.jpg,000976,.jpg,58678,JPEG,RGB,640,640,1,,,,,False,640,640,281.5601339691784,176.49948501586914,54.4774344363967,0.0,0.04494476318359375,81f455a37db66c03,True,0.4096,1.0,976,True
000977.jpg,000977,.jpg,547308,JPEG,RGB,974,1299,1,,,,,False,974,1299,3382.4935258278983,113.34335835774739,84.51073524276971,0.19742838541666666,0.0003662109375,a8e7c7ecc46c8c0d,True,1.265226,0.7498075442648191,977,True
000978.jpg,000978,.jpg,57827,JPEG,RGB,640,640,1,,,,,False,640,640,902.5963251087232,70.96567916870117,72.93933103733903,0.5101356506347656,0.0,edc2c5dcc8585c1e,True,0.4096,1.0,978,True
000979.jpg,000979,.jpg,432527,JPEG,RGB,1042,1390,1,,,,,False,1042,1390,775.2543985930323,117.3823750813802,50.65026053479985,0.017547607421875,0.0011494954427083333,98f6e2749abc302e,True,1.44838,0.7496402877697842,979,True
000980.jpg,000980,.jpg,35038,JPEG,RGB,640,640,1,,,,,False,640,640,287.4283221837686,74.68887710571289,48.180978380828456,0.12683868408203125,0.0,92f4e260d2dd744e,True,0.4096,1.0,980,True
000981.jpg,000981,.jpg,311082,JPEG,RGB,813,1084,1,,,,,False,813,1084,621.7752579176386,112.80525716145833,59.82669825493893,0.057027180989583336,0.000152587890625,b21227f40736fc6c,True,0.881292,0.75,981,True
000982.jpg,000982,.jpg,66697,JPEG,RGB,640,640,1,,,,,False,640,640,543.1348091513937,131.6217155456543,67.95546757627041,0.0901641845703125,0.00301361083984375,c4bf18272d57aa4a,True,0.4096,1.0,982,True
000983.jpg,000983,.jpg,445252,JPEG,RGB,1045,1393,1,,,,,False,1045,1393,2180.4820236902065,157.18663024902344,59.80578737083064,0.017125447591145832,5.086263020833333e-06,d5a53ef45a35c0b0,True,1.455685,0.7501794687724336,983,True
000984.jpg,000984,.jpg,52088,JPEG,RGB,640,640,1,,,,,False,640,640,611.1857644948032,94.07638549804688,55.802402602423435,0.17671966552734375,0.0,80a028f47eb7cfd4,True,0.4096,1.0,984,True
000985.jpg,000985,.jpg,360409,JPEG,RGB,1029,1372,1,,,,,False,1029,1372,671.6453651967977,126.44820149739583,58.860955853978744,0.02386474609375,0.0005086263020833334,d2ad3b728c3194d6,True,1.411788,0.75,985,True
000986.jpg,000986,.jpg,40186,JPEG,RGB,640,640,1,,,,,False,640,640,224.05575882311678,77.23949813842773,56.40220742026204,0.24458694458007812,0.0,90ad3f508d3bc8d6,True,0.4096,1.0,986,True
000987.jpg,000987,.jpg,326353,JPEG,RGB,987,1316,1,,,,,False,987,1316,611.9372972233427,127.00941975911458,59.43586204262465,0.033421834309895836,0.0005900065104166666,c1aa3ffd8d229485,True,1.298892,0.75,987,True
000988.jpg,000988,.jpg,39111,JPEG,RGB,640,640,1,,,,,False,640,640,238.15097991806397,176.0105972290039,57.93068540792555,0.0,0.11454391479492188,c1bf7ff40a22944a,True,0.4096,1.0,988,True
000989.jpg,000989,.jpg,364528,JPEG,RGB,980,1307,1,,,,,False,980,1307,775.0614042019006,108.4361572265625,61.973545240527486,0.0516204833984375,0.0017801920572916667,83c9b0a11f9f991b,True,1.28086,0.7498087222647284,989,True
000990.jpg,000990,.jpg,45940,JPEG,RGB,640,640,1,,,,,False,640,640,279.0985977465607,121.77940368652344,64.8459761523809,0.09292221069335938,0.01581573486328125,85d9142f1fca7962,True,0.4096,1.0,990,True
000991.jpg,000991,.jpg,250245,JPEG,RGB,879,1182,1,,,,,False,879,1182,1059.186599779037,139.48811720800524,56.64486453862454,0.048346251640419946,0.0015635252624671915,d1d02ad43b769c66,True,1.038978,0.7436548223350253,991,True
000992.jpg,000992,.jpg,43445,JPEG,RGB,640,640,1,,,,,False,640,640,320.4917996529839,91.1143684387207,56.74284116384491,0.17122650146484375,0.0,d5dc2bde1122dc83,True,0.4096,1.0,992,True
000993.jpg,000993,.jpg,382085,JPEG,RGB,889,1186,1,,,,,False,889,1186,1125.2141595084422,137.00020345052084,55.71972710126871,0.025288899739583332,0.0,ce89669ee9c164c3,True,1.054354,0.7495784148397976,993,True
000994.jpg,000994,.jpg,468423,JPEG,RGB,1023,1364,1,,,,,False,1023,1364,391.696592912466,122.35338846842448,45.47907152605426,0.004567464192708333,0.0012563069661458333,89763c489156df39,True,1.395372,0.75,994,True
000995.jpg,000995,.jpg,55367,JPEG,RGB,640,640,1,,,,,False,640,640,165.075275530442,135.08150482177734,53.53834637436177,0.0816192626953125,0.006244659423828125,c57a2649505a6d7b,True,0.4096,1.0,995,True
000996.jpg,000996,.jpg,402277,JPEG,RGB,947,1263,1,,,,,False,947,1263,854.3325767913419,113.42406209309895,58.25020232582372,0.09540303548177083,0.0006103515625,fb670a9c929cd249,True,1.196061,0.7498020585906572,996,True
000997.jpg,000997,.jpg,45982,JPEG,RGB,640,640,1,,,,,False,640,640,301.3604592466145,77.99088287353516,55.53949020669885,0.2130889892578125,0.0,fdf22194909cd279,True,0.4096,1.0,997,True
000998.jpg,000998,.jpg,474768,JPEG,RGB,953,1270,1,,,,,False,953,1270,1106.516790619094,107.81311543782552,50.6439326446845,0.0340118408203125,5.086263020833333e-06,92d0c9e933c26cf3,True,1.21031,0.7503937007874015,998,True
000999.jpg,000999,.jpg,64633,JPEG,RGB,640,640,1,,,,,False,640,640,376.92448700345994,149.68569946289062,53.31277405466553,0.0,0.02272796630859375,80d3c971374e6cb6,True,0.4096,1.0,999,True
001000.jpg,001000,.jpg,256074,JPEG,RGB,822,1098,1,,,,,False,822,1098,532.8583423241924,106.79659962467363,65.66616898282793,0.10161859497389034,0.0005048547650130549,94d3aba9ac345e13,True,0.902556,0.7486338797814208,1000,True
001001.jpg,001001,.jpg,48373,JPEG,RGB,640,640,1,,,,,False,640,640,267.511072832378,91.40133666992188,66.80668296995941,0.21812057495117188,0.0,94c28bd9f4585a3d,True,0.4096,1.0,1001,True
001002.jpg,001002,.jpg,200801,JPEG,RGB,761,1014,1,,,,,False,761,1014,172.4584065002855,110.56877136230469,42.73819789221283,0.0092620849609375,5.086263020833333e-06,f960c8cf38c8b8e3,True,0.771654,0.7504930966469427,1002,True
001003.jpg,001003,.jpg,31467,JPEG,RGB,640,640,1,,,,,False,640,640,79.8469971705781,87.57929611206055,43.311884169026214,0.09311294555664062,0.0,fd62c8cb3ec0b8a1,True,0.4096,1.0,1003,True
001004.jpg,001004,.jpg,133237,JPEG,RGB,612,832,1,,,,,False,612,832,403.93611022491,173.61755532990716,42.264147912052024,0.006584673408488064,0.00035746850132625996,c1475ffe540c12da,True,0.509184,0.7355769230769231,1004,True
001005.jpg,001005,.jpg,40753,JPEG,RGB,640,640,1,,,,,False,640,640,164.99188680149382,139.63792419433594,50.99854064098186,0.07770156860351562,0.0,c5035fbf52844a97,True,0.4096,1.0,1005,True
001006.jpg,001006,.jpg,276409,JPEG,RGB,1008,756,1,,,,,False,1008,756,1506.0061279227957,119.12317403157552,50.37672218651417,0.022745768229166668,0.0,ea2d54879d689e51,True,0.762048,1.3333333333333333,1006,True
001007.jpg,001007,.jpg,55985,JPEG,RGB,640,640,1,,,,,False,640,640,533.9964660670958,144.23001861572266,53.49502776873227,0.0,0.02133941650390625,f52556859d6c8e58,True,0.4096,1.0,1007,True
001008.jpg,001008,.jpg,209773,JPEG,RGB,678,905,1,,,,,False,678,905,1390.7964286977015,149.8560028076172,55.461582682092036,0.0065765380859375,0.0,96523d1e7dc175c0,True,0.61359,0.7491712707182321,1008,True
001009.jpg,001009,.jpg,50056,JPEG,RGB,640,640,1,,,,,False,640,640,391.79557165781443,102.91865158081055,59.891354367904,0.1345062255859375,0.0,94d23b9f709a708b,True,0.4096,1.0,1009,True
001010.jpg,001010,.jpg,222485,JPEG,RGB,935,703,1,,,,,False,935,703,482.9041782799545,113.10474837662338,50.004117380974954,0.07487824675324675,0.00041091720779220777,cd296de61d4ae514,True,0.657305,1.330014224751067,1010,True
001011.jpg,001011,.jpg,48499,JPEG,RGB,640,640,1,,,,,False,640,640,167.004492148626,129.07875442504883,54.83133015180169,0.003398895263671875,0.044490814208984375,c9a948f04a59d75e,True,0.4096,1.0,1011,True
001012.jpg,001012,.jpg,184328,JPEG,RGB,939,704,1,,,,,False,939,704,670.3447954517841,128.63285319010416,50.76395297736971,0.014195760091145834,0.0006205240885416666,e566d2a4579c5625,True,0.661056,1.3338068181818181,1012,True
001013.jpg,001013,.jpg,49283,JPEG,RGB,640,640,1,,,,,False,640,640,224.88690387806855,86.27385330200195,51.15045693773469,0.11652755737304688,0.0,8176f72a5d987425,True,0.4096,1.0,1013,True
001014.jpg,001014,.jpg,163275,JPEG,RGB,581,774,1,,,,,False,581,774,1027.0796454852805,141.33472696940103,54.023170850852836,0.023569742838541668,5.086263020833333e-06,98407f2779a671a5,True,0.449694,0.7506459948320413,1014,True
001015.jpg,001015,.jpg,49657,JPEG,RGB,640,640,1,,,,,False,640,640,281.89066353869566,84.46981811523438,50.407295540716376,0.15798187255859375,0.0,805b6e37702f7325,True,0.4096,1.0,1015,True
001016.jpg,001016,.jpg,315271,JPEG,RGB,1008,756,1,,,,,False,1008,756,1222.5669226421867,122.95655314127605,55.433835699555004,0.058705647786458336,0.0,f41f7318673834e4,True,0.762048,1.3333333333333333,1016,True
001017.jpg,001017,.jpg,59850,JPEG,RGB,640,640,1,,,,,False,640,640,442.0780444012489,82.62473678588867,54.862549613529985,0.20590972900390625,0.0,d41f4318673976e4,True,0.4096,1.0,1017,True
001018.jpg,001018,.jpg,150269,JPEG,RGB,680,912,1,,,,,False,680,912,113.27921927146151,94.14371318717278,55.00395317023679,0.1091244682591623,0.0,ae4927f619c82b56,True,0.62016,0.7456140350877193,1018,True
001019.jpg,001019,.jpg,29151,JPEG,RGB,640,640,1,,,,,False,640,640,50.90003028418869,47.89423751831055,47.089150905410634,0.44615936279296875,0.0,ae4927f619886b36,True,0.4096,1.0,1019,True
001020.jpg,001020,.jpg,246748,JPEG,RGB,818,727,1,,,,,False,818,727,1261.5476808107169,138.61001888736263,64.70734526690171,0.014740728021978022,0.0,805f6d8d3161663f,True,0.594686,1.125171939477304,1020,True
001021.jpg,001021,.jpg,110069,JPEG,RGB,515,686,1,,,,,False,515,686,555.443036923392,145.41532389322916,61.753553128675826,0.037562052408854164,0.00023396809895833334,c7a06ca13279bf68,True,0.35329,0.750728862973761,1021,True
001022.jpg,001022,.jpg,47389,JPEG,RGB,640,640,1,,,,,False,640,640,219.3232695977058,134.59353637695312,72.28681209917086,0.12527847290039062,6.866455078125e-05,c5b24451427d4f6f,True,0.4096,1.0,1022,True
001023.jpg,001023,.jpg,265567,JPEG,RGB,1008,756,1,,,,,False,1008,756,497.35394890440836,114.7699686686198,62.75128612656281,0.05279541015625,0.0003865559895833333,ea89352e3d249675,True,0.762048,1.3333333333333333,1023,True
001024.jpg,001024,.jpg,47408,JPEG,RGB,640,640,1,,,,,False,640,640,179.34198959670903,73.04735946655273,59.68421772128768,0.30672454833984375,0.0,e889353e3b069675,True,0.4096,1.0,1024,True
001025.jpg,001025,.jpg,188693,JPEG,RGB,900,685,1,,,,,False,900,685,869.0632897128345,175.4500751201923,43.17911693535747,0.0008764022435897436,0.0014973958333333334,81f168684f7f2a66,True,0.6165,1.313868613138686,1025,True
001026.jpg,001026,.jpg,49960,JPEG,RGB,640,640,1,,,,,False,640,640,307.58839654199255,176.52041625976562,58.69751484993358,0.06032562255859375,0.001842498779296875,80e0406a4fdf5fc7,True,0.4096,1.0,1026,True
001027.jpg,001027,.jpg,134765,JPEG,RGB,741,572,1,,,,,False,741,572,231.14328734058196,103.64240506329114,57.9417529954079,0.0451592167721519,4.944620253164557e-06,d38292563e2fc9d1,True,0.423852,1.2954545454545454,1027,True
001028.jpg,001028,.jpg,262959,JPEG,RGB,1008,756,1,,,,,False,1008,756,323.40139460801663,144.2817179361979,46.274568988831014,0.005528767903645833,0.0,cafc28bab01e70b9,True,0.762048,1.3333333333333333,1028,True
001029.jpg,001029,.jpg,46031,JPEG,RGB,640,640,1,,,,,False,640,640,132.68484240002,82.34871292114258,45.165959675038806,0.14840316772460938,0.0,d9ae388af4247ab1,True,0.4096,1.0,1029,True
001030.jpg,001030,.jpg,336740,JPEG,RGB,756,1008,1,,,,,False,756,1008,1930.5014082379384,136.12858072916666,66.54271882287713,0.053929646809895836,0.000244140625,b27f29f0f0c2c6c2,True,0.762048,0.75,1030,True
001031.jpg,001031,.jpg,63927,JPEG,RGB,640,640,1,,,,,False,640,640,621.2160873413086,147.56230545043945,69.54499541445007,0.06705474853515625,0.019756317138671875,f07f29f4f0c24742,True,0.4096,1.0,1031,True
001032.jpg,001032,.jpg,425889,JPEG,RGB,941,1255,1,,,,,False,941,1255,1000.7869435345964,140.5213877360026,56.70144077309753,0.052846272786458336,0.0006154378255208334,e3bd0dc23c8c53d2,True,1.180955,0.749800796812749,1032,True
001033.jpg,001033,.jpg,64403,JPEG,RGB,640,640,1,,,,,False,640,640,386.5932937766047,121.09893417358398,56.40844780246266,0.10112762451171875,0.0,e3bd1f423d087263,True,0.4096,1.0,1033,True
001034.jpg,001034,.jpg,269286,JPEG,RGB,717,957,1,,,,,False,717,957,2228.7752990983427,128.4928232828776,56.741228716903684,0.032933553059895836,0.0,9ad628de17452ad3,True,0.686169,0.7492163009404389,1034,True
001035.jpg,001035,.jpg,366789,JPEG,RGB,1008,756,1,,,,,False,1008,756,2247.6699991474547,150.66292826334634,53.819305493792164,0.026448567708333332,5.5948893229166664e-05,c0806dd427dbbbd2,True,0.762048,1.3333333333333333,1035,True
001036.jpg,001036,.jpg,69699,JPEG,RGB,640,640,1,,,,,False,640,640,609.1857541650534,140.14418411254883,54.80868698909234,0.054058074951171875,0.0,c0946dd427cb33da,True,0.4096,1.0,1036,True
001037.jpg,001037,.jpg,147191,JPEG,RGB,564,948,1,,,,,False,564,948,376.6511023444175,116.53634733606557,54.660058319489686,0.05548155737704918,0.0,f5ad9adac523e120,True,0.534672,0.5949367088607594,1037,True
001038.jpg,001038,.jpg,210854,JPEG,RGB,756,1008,1,,,,,False,756,1008,156.8047452195444,126.69391377766927,49.11451745435665,0.014368693033854166,0.00023396809895833334,a2dc6fa071212dcf,True,0.762048,0.75,1038,True
001039.jpg,001039,.jpg,40408,JPEG,RGB,640,640,1,,,,,False,640,640,113.13622603226395,121.67143249511719,56.839062341062935,0.07940673828125,0.000316619873046875,e0cc4d507b615cd7,True,0.4096,1.0,1039,True
001040.jpg,001040,.jpg,213716,JPEG,RGB,1008,756,1,,,,,False,1008,756,160.11870758833052,131.36410013834634,51.124887325674266,0.016209920247395832,0.00020345052083333334,e88f4a3f46f34489,True,0.762048,1.3333333333333333,1040,True
001041.jpg,001041,.jpg,39436,JPEG,RGB,640,640,1,,,,,False,640,640,92.80474713235162,165.04615783691406,59.28679649101873,0.0,0.07095718383789062,d58849bc52f072ed,True,0.4096,1.0,1041,True
001042.jpg,001042,.jpg,609568,JPEG,RGB,1535,2048,1,,,,,False,1535,2048,180.83469019186063,125.52296956380208,64.37466674597741,0.07375590006510417,0.0014394124348958333,8acb7f8368dd4234,True,3.14368,0.74951171875,1042,True
001043.jpg,001043,.jpg,38075,JPEG,RGB,640,640,1,,,,,False,640,640,89.7774186799652,143.87817001342773,69.9099205288954,0.00402069091796875,0.010585784912109375,8bc97d95390d072d,True,0.4096,1.0,1043,True
001044.jpg,001044,.jpg,136144,JPEG,RGB,676,902,1,,,,,False,676,902,511.21120113628507,132.82693990071616,47.35983179181326,0.044809977213541664,0.0,82f45aa55dce3962,True,0.609752,0.7494456762749445,1044,True
001045.jpg,001045,.jpg,32349,JPEG,RGB,640,640,1,,,,,False,640,640,234.69512763246894,153.05736541748047,50.751842346532364,0.0341949462890625,0.0021514892578125,c1f64aa41fc23de2,True,0.4096,1.0,1045,True
001046.jpg,001046,.jpg,241925,JPEG,RGB,712,951,1,,,,,False,712,951,1168.4464468120345,137.6813142542428,42.97683100321085,0.012901843994778069,0.0,d5c503f44e850bf6,True,0.677112,0.7486855941114616,1046,True
001047.jpg,001047,.jpg,288547,JPEG,RGB,702,936,1,,,,,False,702,936,1012.9426879509247,123.65719604492188,61.96037132261243,0.028706868489583332,0.0,e085944c4b796f6e,True,0.657072,0.75,1047,True
001048.jpg,001048,.jpg,59466,JPEG,RGB,640,640,1,,,,,False,640,640,363.2626931153791,171.60681533813477,66.49992746517604,0.0,0.12157440185546875,e0af14844e3b676e,True,0.4096,1.0,1048,True
001049.jpg,001049,.jpg,248829,JPEG,RGB,737,981,1,,,,,False,737,981,691.7394030423808,123.73940746753247,43.045375619572354,0.016725852272727274,0.0003246753246753247,d5f58fca02581ccb,True,0.722997,0.7512742099898063,1049,True
001050.jpg,001050,.jpg,57686,JPEG,RGB,640,640,1,,,,,False,640,640,220.7220823650714,171.67901611328125,50.2632940037281,0.0,0.0324859619140625,907f4fca43782d4a,True,0.4096,1.0,1050,True
001051.jpg,001051,.jpg,245229,JPEG,RGB,683,912,1,,,,,False,683,912,1170.3893828558885,114.28300934236293,52.128421636126866,0.04241289980417755,0.0,83f52c853fc52a8b,True,0.622896,0.7489035087719298,1051,True
001052.jpg,001052,.jpg,53259,JPEG,RGB,640,640,1,,,,,False,640,640,288.2193849641917,55.531898498535156,46.34937021367757,0.3291587829589844,0.0,83742c977ac7348b,True,0.4096,1.0,1052,True
001053.jpg,001053,.jpg,237145,JPEG,RGB,705,942,1,,,,,False,705,942,1869.6390410625086,109.92578125,52.00321897812615,0.01277945496083551,0.0,a97509b63fca2cc2,True,0.66411,0.7484076433121019,1053,True
001054.jpg,001054,.jpg,64925,JPEG,RGB,640,640,1,,,,,False,640,640,576.7536724284146,109.41492462158203,54.16471081392352,0.053218841552734375,7.62939453125e-06,a87509c63cca35db,True,0.4096,1.0,1054,True
001055.jpg,001055,.jpg,195448,JPEG,RGB,1008,756,1,,,,,False,1008,756,304.9944998671611,117.53250630696614,54.5076390434585,0.059473673502604164,0.0005086263020833334,b5ca17fa0dd22d84,True,0.762048,1.3333333333333333,1055,True
001056.jpg,001056,.jpg,196878,JPEG,RGB,668,890,1,,,,,False,668,890,702.8260297517603,131.64375813802084,49.85279339431485,0.0350189208984375,0.0,85fa328730af628f,True,0.59452,0.750561797752809,1056,True
001057.jpg,001057,.jpg,43157,JPEG,RGB,640,640,1,,,,,False,640,640,216.1416294425726,128.06756591796875,56.358029173879196,0.07476806640625,0.0,8578240f757f620f,True,0.4096,1.0,1057,True
001058.jpg,001058,.jpg,190249,JPEG,RGB,756,1008,1,,,,,False,756,1008,180.1114648325731,132.61102294921875,51.68500768781264,0.0008087158203125,0.0010325113932291667,cbb720df87280f16,True,0.762048,0.75,1058,True
001059.jpg,001059,.jpg,36723,JPEG,RGB,640,640,1,,,,,False,640,640,86.38997972499055,105.26433944702148,58.32369268182699,0.08397674560546875,0.0,c8b761d497b00f17,True,0.4096,1.0,1059,True
001060.jpg,001060,.jpg,298817,JPEG,RGB,756,1008,1,,,,,False,756,1008,917.774390693728,159.90582275390625,57.71968030064745,0.018239339192708332,0.0002899169921875,d6d50a611f37cc15,True,0.762048,0.75,1060,True
001061.jpg,001061,.jpg,259778,JPEG,RGB,1008,756,1,,,,,False,1008,756,799.4060966477779,118.06975809733073,57.02428094315809,0.038167317708333336,0.0,cd36708a8f6abc91,True,0.762048,1.3333333333333333,1061,True
001062.jpg,001062,.jpg,53969,JPEG,RGB,640,640,1,,,,,False,640,640,253.1320294313482,146.46819305419922,60.10926675789039,0.0,0.06317520141601562,c82470ab9e6a3cf5,True,0.4096,1.0,1062,True
001063.jpg,001063,.jpg,260531,JPEG,RGB,1008,756,1,,,,,False,1008,756,814.2892505393053,117.6376953125,57.22406548130995,0.0471649169921875,0.0,ba2932ad7560d5d2,True,0.762048,1.3333333333333333,1063,True
001064.jpg,001064,.jpg,49661,JPEG,RGB,640,640,1,,,,,False,640,640,253.22666858136654,167.21860122680664,59.50126274938182,0.0,0.0968475341796875,9c2032a45b7765db,True,0.4096,1.0,1064,True
001065.jpg,001065,.jpg,256590,JPEG,RGB,712,954,1,,,,,False,712,954,1340.0745925215008,163.2946151014398,50.83054980504573,0.011207460732984294,0.00011759653141361257,81812ad768df2f96,True,0.679248,0.7463312368972747,1065,True
001066.jpg,001066,.jpg,54903,JPEG,RGB,640,640,1,,,,,False,640,640,384.65935372210515,182.5470085144043,65.63689475285398,0.0,0.10793304443359375,d5802a972bc52bd7,True,0.4096,1.0,1066,True
001067.jpg,001067,.jpg,235965,JPEG,RGB,717,957,1,,,,,False,717,957,949.935440925157,147.40145874023438,49.694934465636955,0.015111287434895834,0.0004018147786458333,cd17294b642b365b,True,0.686169,0.7492163009404389,1067,True
001068.jpg,001068,.jpg,248424,JPEG,RGB,756,1008,1,,,,,False,756,1008,329.6443892605343,122.7200215657552,50.15686535772103,0.031122843424479168,0.00023396809895833334,aaf30ec84f693465,True,0.762048,0.75,1068,True
001069.jpg,001069,.jpg,49944,JPEG,RGB,640,640,1,,,,,False,640,640,117.38184767588973,92.36664581298828,53.90882311724032,0.15665817260742188,0.0,80f00fd85d6b356b,True,0.4096,1.0,1069,True
001070.jpg,001070,.jpg,257049,JPEG,RGB,756,1008,1,,,,,False,756,1008,581.2058694970848,130.51702880859375,65.43476935284913,0.048833211263020836,0.0002492268880208333,d4ed2b949f802a6d,True,0.762048,0.75,1070,True
001071.jpg,001071,.jpg,53626,JPEG,RGB,640,640,1,,,,,False,640,640,206.6642772565683,165.21718978881836,68.62155085164457,0.0,0.1793365478515625,c0ef6f8057933662,True,0.4096,1.0,1071,True
001072.jpg,001072,.jpg,214741,JPEG,RGB,1008,756,1,,,,,False,1008,756,453.02373207939996,143.8482920328776,54.23833587494551,0.029454549153645832,0.0003763834635416667,d59a355a3d346394,True,0.762048,1.3333333333333333,1072,True
001073.jpg,001073,.jpg,43629,JPEG,RGB,640,640,1,,,,,False,640,640,171.72416403527313,93.63817977905273,54.784481276265645,0.16124343872070312,0.0,ddda355a2c344395,True,0.4096,1.0,1073,True
001074.jpg,001074,.jpg,250403,JPEG,RGB,729,973,1,,,,,False,729,973,1477.2629547031959,127.04852803548177,56.11826597256082,0.050374348958333336,0.0,88d22ee92fa5706e,True,0.709317,0.7492291880781089,1074,True
001075.jpg,001075,.jpg,53788,JPEG,RGB,640,640,1,,,,,False,640,640,430.6297870161361,91.10548782348633,56.81450720688456,0.17359542846679688,0.0,82d06e897da871de,True,0.4096,1.0,1075,True
001076.jpg,001076,.jpg,458234,JPEG,RGB,952,1269,1,,,,,False,952,1269,808.7610475927746,98.91066996256511,40.88402263185528,0.0204620361328125,0.00014750162760416666,bb30fa552ecb3a04,True,1.208088,0.7501970055161544,1076,True
001077.jpg,001077,.jpg,49024,JPEG,RGB,640,640,1,,,,,False,640,640,230.60771863847913,41.10805892944336,33.69272585814182,0.34192657470703125,0.0,d330fa172ccb3386,True,0.4096,1.0,1077,True
001078.jpg,001078,.jpg,321863,JPEG,RGB,762,1106,1,,,,,False,762,1106,1309.3750304683522,107.11867585871104,45.43715828249034,0.013229240439093485,1.6598796033994336e-05,f88bd8f80b3a3e30,True,0.842772,0.6889692585895117,1078,True
001079.jpg,001079,.jpg,50527,JPEG,RGB,640,640,1,,,,,False,640,640,318.7106469761202,60.60538101196289,41.65459807338568,0.16999435424804688,0.0,f089d0f0c1fb36f0,True,0.4096,1.0,1079,True
001080.jpg,001080,.jpg,383735,JPEG,RGB,795,1060,1,,,,,False,795,1060,1922.236220344901,113.15050252278645,73.35699649720465,0.1279449462890625,0.000152587890625,d4762a2d0a75873e,True,0.8427,0.75,1080,True
001081.jpg,001081,.jpg,240494,JPEG,RGB,785,998,1,,,,,False,785,998,999.220193748492,116.43861468672456,70.4543188084321,0.131901364764268,0.0005282645781637717,c0572fba38c7a4d2,True,0.78343,0.7865731462925851,1081,True
001082.jpg,001082,.jpg,48965,JPEG,RGB,640,640,1,,,,,False,640,640,275.49431544705294,69.32117462158203,58.308616288848484,0.3360748291015625,0.0,c05a2fbc3885e6d3,True,0.4096,1.0,1082,True
001083.jpg,001083,.jpg,264772,JPEG,RGB,787,1051,1,,,,,False,787,1051,1798.0156226016838,135.0857743146214,49.07439577373746,0.05214282800261097,0.0008006282637075718,a504646f6765e363,True,0.827137,0.7488106565176023,1083,True
001084.jpg,001084,.jpg,55135,JPEG,RGB,640,640,1,,,,,False,640,640,539.6414334774017,140.2295150756836,57.78985835255739,0.08956146240234375,0.004001617431640625,8528646f6f65d2e2,True,0.4096,1.0,1084,True
001085.jpg,001085,.jpg,353435,JPEG,RGB,765,1093,1,,,,,False,765,1093,903.6258997555392,102.03598005412012,50.763120781473454,0.03775314245810056,0.001947669343575419,abd42bc52974de0a,True,0.836145,0.6999085086916743,1085,True
001086.jpg,001086,.jpg,59258,JPEG,RGB,640,640,1,,,,,False,640,640,309.10958454362117,100.38288497924805,53.52565957372579,0.08950042724609375,0.002941131591796875,a0c031c75d54dbee,True,0.4096,1.0,1086,True
001087.jpg,001087,.jpg,109653,JPEG,RGB,724,964,1,,,,,False,724,964,46.59603659681455,130.5855570211039,51.369694971740365,0.007477678571428572,1.5219155844155844e-05,8bd924a5f082c7dd,True,0.697936,0.7510373443983402,1087,True
001088.jpg,001088,.jpg,27987,JPEG,RGB,640,640,1,,,,,False,640,640,54.78431561191974,107.84773635864258,58.22517820314644,0.11259841918945312,0.0,c0df35a4c183e787,True,0.4096,1.0,1088,True
001089.jpg,001089,.jpg,292005,JPEG,RGB,768,977,1,,,,,False,768,977,1225.2550208813889,135.10997259794777,60.67897393536153,0.024870763370646767,0.0,85953a813e479d5e,True,0.750336,0.7860798362333674,1089,True
001090.jpg,001090,.jpg,357959,JPEG,RGB,778,1037,1,,,,,False,778,1037,2253.7145885626474,148.4184773763021,57.23326536378821,0.037516276041666664,0.00017801920572916666,d2d52be52d52a9c2,True,0.806786,0.7502410800385728,1090,True
001091.jpg,001091,.jpg,61959,JPEG,RGB,640,640,1,,,,,False,640,640,630.7244510145392,160.34739685058594,64.42441628808922,0.06362533569335938,0.001804351806640625,d5954925257e59ca,True,0.4096,1.0,1091,True
001092.jpg,001092,.jpg,338218,JPEG,RGB,810,1080,1,,,,,False,810,1080,846.3700722042057,119.2628682454427,61.515399460171935,0.041325887044270836,0.0013224283854166667,827453752376b7d0,True,0.8748,0.75,1092,True
001093.jpg,001093,.jpg,314979,JPEG,RGB,974,1299,1,,,,,False,974,1299,141.0066108669465,93.52664184570312,52.49801130373248,0.056599934895833336,1.52587890625e-05,c9db2ebc8aa136a4,True,1.265226,0.7498075442648191,1093,True
001094.jpg,001094,.jpg,357346,JPEG,RGB,946,1261,1,,,,,False,946,1261,295.59270461708195,116.97399393717448,58.28162386912139,0.055633544921875,0.0,87f72a41f22f68c4,True,1.192906,0.7501982553528945,1094,True
001095.jpg,001095,.jpg,44716,JPEG,RGB,640,640,1,,,,,False,640,640,126.17074714611226,111.0250129699707,62.89534437934731,0.11272430419921875,0.0,87f52163562f68cc,True,0.4096,1.0,1095,True
001096.jpg,001096,.jpg,263104,JPEG,RGB,743,992,1,,,,,False,743,992,1111.6621644018564,108.35028251468668,54.719294023627285,0.05371858681462141,0.0,87db4983cc8cb65a,True,0.737056,0.748991935483871,1096,True
001097.jpg,001097,.jpg,64112,JPEG,RGB,640,640,1,,,,,False,640,640,362.609052764019,97.34411239624023,57.69223349060162,0.1308441162109375,0.0,97cb4981ccccb69a,True,0.4096,1.0,1097,True
001098.jpg,001098,.jpg,440604,JPEG,RGB,967,1289,1,,,,,False,967,1289,944.226084018747,131.88177998860678,52.40704657915455,0.020884195963541668,0.00010172526041666667,8af40b254af2dce5,True,1.246463,0.7501939487975174,1098,True
001099.jpg,001099,.jpg,57095,JPEG,RGB,640,640,1,,,,,False,640,640,333.09552536973206,132.46916580200195,56.19391439372631,0.0461578369140625,0.000125885009765625,95fa01354ad6cec5,True,0.4096,1.0,1099,True
001100.jpg,001100,.jpg,317225,JPEG,RGB,775,1033,1,,,,,False,775,1033,871.4949133519291,121.91056315104167,56.79782654013145,0.0167999267578125,0.0,dfc237291d62455a,True,0.800575,0.750242013552759,1100,True
001101.jpg,001101,.jpg,55333,JPEG,RGB,640,640,1,,,,,False,640,640,278.7213556168135,68.52288055419922,53.69234517563683,0.3272247314453125,0.0,ddc213250db52cbd,True,0.4096,1.0,1101,True
001102.jpg,001102,.jpg,348089,JPEG,RGB,900,1200,1,,,,,False,900,1200,432.58715485036373,118.73903401692708,53.03458328791323,0.017567952473958332,0.0,a9f04bef3ce3c005,True,1.08,0.75,1102,True
001103.jpg,001103,.jpg,48787,JPEG,RGB,640,640,1,,,,,False,640,640,144.4648434225819,128.8977928161621,59.98653758534857,0.08343505859375,0.001903533935546875,80f04beb3c2bf18d,True,0.4096,1.0,1103,True
001104.jpg,001104,.jpg,266555,JPEG,RGB,800,1066,1,,,,,False,800,1066,776.9898304380216,130.64092508951822,61.1202637625018,0.051544189453125,0.0010477701822916667,a95620bcc3f4f583,True,0.8528,0.7504690431519699,1104,True
001105.jpg,001105,.jpg,43917,JPEG,RGB,640,640,1,,,,,False,640,640,231.93211897787114,69.56933975219727,53.660397514897085,0.2668876647949219,0.0,8b56223943f57792,True,0.4096,1.0,1105,True
001106.jpg,001106,.jpg,399006,JPEG,RGB,1023,1364,1,,,,,False,1023,1364,364.8212022582431,128.13570658365884,65.44221001950613,0.055323282877604164,7.120768229166667e-05,82547e3425d499df,True,1.395372,0.75,1106,True
001107.jpg,001107,.jpg,343302,JPEG,RGB,877,1169,1,,,,,False,877,1169,328.34839805895973,121.50576782226562,58.06970680208298,0.03094482421875,2.0345052083333332e-05,afd2a5b2c8db8630,True,1.025213,0.7502138579982891,1107,True
001108.jpg,001108,.jpg,56995,JPEG,RGB,640,640,1,,,,,False,640,640,166.6111165320035,132.77224731445312,59.89029385999121,0.034877777099609375,0.00308990478515625,b75225b2c8db0679,True,0.4096,1.0,1108,True
001109.jpg,001109,.jpg,293507,JPEG,RGB,924,1231,1,,,,,False,924,1231,345.82489081379026,113.40550740559895,57.445180685231094,0.0279083251953125,0.0,abd61db7058b3207,True,1.137444,0.7506092607636068,1109,True
001110.jpg,001110,.jpg,50042,JPEG,RGB,640,640,1,,,,,False,640,640,139.91908369906014,65.09367752075195,54.37924460358591,0.32181549072265625,0.0,8dd24d324e5b7629,True,0.4096,1.0,1110,True
001111.jpg,001111,.jpg,270993,JPEG,RGB,795,1060,1,,,,,False,795,1060,498.24460331347973,142.72088114420572,51.55501473616866,0.02923583984375,8.646647135416667e-05,c8e423958eb156db,True,0.8427,0.75,1111,True
001112.jpg,001112,.jpg,43821,JPEG,RGB,640,640,1,,,,,False,640,640,152.99138968571788,185.37681579589844,55.25382803297313,0.0,0.14162445068359375,cde46b9306a946cb,True,0.4096,1.0,1112,True
001113.jpg,001113,.jpg,393005,JPEG,RGB,926,1235,1,,,,,False,926,1235,531.9386995011528,133.81035868326822,56.22928339498933,0.02593994140625,7.62939453125e-05,a8d76bbc02b3aca1,True,1.14361,0.7497975708502024,1113,True
001114.jpg,001114,.jpg,49640,JPEG,RGB,640,640,1,,,,,False,640,640,195.016280770069,83.87558364868164,55.91217364997215,0.24056625366210938,0.0,88d32bfc36234cd6,True,0.4096,1.0,1114,True
001115.jpg,001115,.jpg,270372,JPEG,RGB,841,1121,1,,,,,False,841,1121,743.4560147321057,128.61926778157553,63.98081330111034,0.07033284505208333,0.0007883707682291666,b26311ae15ced173,True,0.942761,0.7502230151650312,1115,True
001116.jpg,001116,.jpg,51456,JPEG,RGB,640,640,1,,,,,False,640,640,282.23122503432387,142.8913803100586,69.26461387601412,0.06357955932617188,0.021587371826171875,b07f158c3fc85b60,True,0.4096,1.0,1116,True
001117.jpg,001117,.jpg,365623,JPEG,RGB,879,1173,1,,,,,False,879,1173,377.5133003343881,114.7059834798177,57.62545871426969,0.0611114501953125,0.0003204345703125,b46912adbc634ee1,True,1.031067,0.7493606138107417,1117,True
001118.jpg,001118,.jpg,48458,JPEG,RGB,640,640,1,,,,,False,640,640,140.77319554098358,114.62264251708984,64.38035531719726,0.12260818481445312,0.0019073486328125,a07f1728356a4b2f,True,0.4096,1.0,1118,True
001119.jpg,001119,.jpg,235911,JPEG,RGB,771,1027,1,,,,,False,771,1027,260.0165271241373,133.3942108154297,68.00213117404174,0.10099283854166667,0.000762939453125,b7c87b30bae0cc86,True,0.791817,0.750730282375852,1119,True
001120.jpg,001120,.jpg,39191,JPEG,RGB,640,640,1,,,,,False,640,640,125.6894836416468,176.99813079833984,69.88795433228599,0.0,0.2696685791015625,b5ca71303fe04f43,True,0.4096,1.0,1120,True
001121.jpg,001121,.jpg,388021,JPEG,RGB,999,1331,1,,,,,False,999,1331,1667.9678496960294,138.71311950683594,62.79161137236339,0.027562459309895832,0.0004730224609375,89dd3a851ead8ba4,True,1.329669,0.7505634861006761,1121,True
001122.jpg,001122,.jpg,56693,JPEG,RGB,640,640,1,,,,,False,640,640,493.5075851831207,120.72112274169922,66.4253311395673,0.08791732788085938,0.0,89df728457aa0daa,True,0.4096,1.0,1122,True
001123.jpg,001123,.jpg,478679,JPEG,RGB,908,1210,1,,,,,False,908,1210,2188.7428154849913,156.4752960205078,49.692674386461555,0.039204915364583336,0.0001678466796875,a9f695f708939c21,True,1.09868,0.7504132231404959,1123,True
001124.jpg,001124,.jpg,58212,JPEG,RGB,640,640,1,,,,,False,640,640,618.734449513664,191.09428787231445,59.5487547598253,0.0,0.13082504272460938,95eb94f308915e35,True,0.4096,1.0,1124,True
001125.jpg,001125,.jpg,414590,JPEG,RGB,947,1263,1,,,,,False,947,1263,575.0209921991661,125.92939758300781,57.535374249218265,0.035802205403645836,0.0001220703125,adf483b52cc15b61,True,1.196061,0.7498020585906572,1125,True
001126.jpg,001126,.jpg,53563,JPEG,RGB,640,640,1,,,,,False,640,640,233.25935674678476,122.60758209228516,59.8576827511153,0.061084747314453125,0.00019073486328125,a9f482b56cc35669,True,0.4096,1.0,1126,True
001127.jpg,001127,.jpg,447539,JPEG,RGB,897,1196,1,,,,,False,897,1196,2281.6831432080103,113.75626627604167,59.479917680672195,0.07598876953125,0.0,8fdb30b4f3780c58,True,1.072812,0.75,1127,True
001128.jpg,001128,.jpg,66784,JPEG,RGB,640,640,1,,,,,False,640,640,619.4474419936887,138.94748306274414,63.703646154546405,0.0,0.01136016845703125,c5cb50bdf3380e58,True,0.4096,1.0,1128,True
001129.jpg,001129,.jpg,48193,JPEG,RGB,640,640,1,,,,,False,640,640,310.96450082455704,180.99942016601562,66.00216023672098,0.0,0.26743316650390625,c50225bfd8f852e5,True,0.4096,1.0,1129,True
001130.jpg,001130,.jpg,342192,JPEG,RGB,911,1214,1,,,,,False,911,1214,681.1937839096776,120.51132710774739,63.64140314326543,0.061065673828125,0.0,ccb649263ca9e64d,True,1.105954,0.7504118616144976,1130,True
001131.jpg,001131,.jpg,52340,JPEG,RGB,640,640,1,,,,,False,640,640,262.8491776034789,165.05914688110352,65.66904736687202,0.0,0.197296142578125,d53649363fe90748,True,0.4096,1.0,1131,True
001132.jpg,001132,.jpg,254138,JPEG,RGB,821,1095,1,,,,,False,821,1095,230.54840884564638,133.32952880859375,52.30152615654126,0.032628377278645836,0.0,8b143b2f602f86f6,True,0.898995,0.7497716894977169,1132,True
001133.jpg,001133,.jpg,41285,JPEG,RGB,640,640,1,,,,,False,640,640,96.69752693512419,135.52307510375977,60.76627902274464,0.0833587646484375,7.62939453125e-06,80753b29612ec77e,True,0.4096,1.0,1133,True
001134.jpg,001134,.jpg,382392,JPEG,RGB,833,1112,1,,,,,False,833,1112,1112.1701232682292,143.94756571451822,50.81917126043285,0.017278035481770832,0.0004425048828125,d857609765134f33,True,0.926296,0.7491007194244604,1134,True
001135.jpg,001135,.jpg,286291,JPEG,RGB,783,1044,1,,,,,False,783,1044,546.8966443402072,132.59890747070312,57.323123820344314,0.031514485677083336,0.00177001953125,c285252b9af523ee,True,0.817452,0.75,1135,True
001136.jpg,001136,.jpg,52308,JPEG,RGB,640,640,1,,,,,False,640,640,212.45378066576086,90.37933731079102,58.68185470188155,0.20192718505859375,0.0,c1c52d5a556d4acd,True,0.4096,1.0,1136,True
001137.jpg,001137,.jpg,422800,JPEG,RGB,1006,1341,1,,,,,False,1006,1341,1073.10507562384,124.32781473795573,69.46130885901452,0.1473388671875,0.0,9ac3298b739e21da,True,1.349046,0.750186428038777,1137,True
001138.jpg,001138,.jpg,183602,JPEG,RGB,776,1034,1,,,,,False,776,1034,79.36881666793488,126.35379028320312,52.64552232228827,0.048533121744791664,0.0,95cc14a91b2b3ebc,True,0.802384,0.7504835589941973,1138,True
001139.jpg,001139,.jpg,413937,JPEG,RGB,1051,1402,1,,,,,False,1051,1402,323.5675981129364,130.68863423665366,51.12375063548082,0.008758544921875,0.0035654703776041665,8cd50b763472278f,True,1.473502,0.7496433666191156,1139,True
001140.jpg,001140,.jpg,47787,JPEG,RGB,640,640,1,,,,,False,640,640,133.518219952457,83.4797134399414,49.9918535125282,0.12664031982421875,0.0,9cd54b3e3472038f,True,0.4096,1.0,1140,True
001141.jpg,001141,.jpg,612681,JPEG,RGB,983,1311,1,,,,,False,983,1311,1724.430497188949,101.4984842936198,56.50657437981962,0.020009358723958332,0.0004984537760416666,e71c63e608f368d8,True,1.288713,0.7498093058733791,1141,True
001142.jpg,001142,.jpg,185763,JPEG,RGB,683,910,1,,,,,False,683,910,1052.1452638177561,132.16927083333334,58.55558021797435,0.054799397786458336,0.00014241536458333334,82d33ccb574dabc0,True,0.62153,0.7505494505494505,1142,True
001143.jpg,001143,.jpg,49007,JPEG,RGB,640,640,1,,,,,False,640,640,352.36629219444876,133.01580047607422,62.08433975322191,0.08388519287109375,0.000499725341796875,d3d23ccb466d8b42,True,0.4096,1.0,1143,True
001144.jpg,001144,.jpg,222579,JPEG,RGB,1008,756,1,,,,,False,1008,756,834.9454975767421,125.13035074869792,61.967385742888695,0.0975494384765625,0.0,82d9176b618e9d66,True,0.762048,1.3333333333333333,1144,True
001145.jpg,001145,.jpg,42603,JPEG,RGB,640,640,1,,,,,False,640,640,254.55125881865388,156.35926055908203,66.5498546515372,0.0,0.031856536865234375,c18f1ac56a939c73,True,0.4096,1.0,1145,True
001146.jpg,001146,.jpg,245850,JPEG,RGB,1008,756,1,,,,,False,1008,756,714.4573953151703,121.87638854980469,54.566218793624174,0.030029296875,0.0,988a74e1186e9cdf,True,0.762048,1.3333333333333333,1146,True
001147.jpg,001147,.jpg,50509,JPEG,RGB,640,640,1,,,,,False,640,640,234.7808578228578,81.54144668579102,53.20974878181807,0.22140121459960938,0.0,918e6449186e97df,True,0.4096,1.0,1147,True
001148.jpg,001148,.jpg,251114,JPEG,RGB,1008,756,1,,,,,False,1008,756,355.8051428095335,119.32020568847656,57.997071486055816,0.0499114990234375,0.0,94fa2780fd5ec894,True,0.762048,1.3333333333333333,1148,True
001149.jpg,001149,.jpg,46661,JPEG,RGB,640,640,1,,,,,False,640,640,132.01758733821043,82.5000228881836,57.17351183303105,0.24446868896484375,0.0,d4f827805d5ecc96,True,0.4096,1.0,1149,True
001150.jpg,001150,.jpg,225399,JPEG,RGB,1008,756,1,,,,,False,1008,756,205.3624451888932,105.43875122070312,50.0339644184776,0.019114176432291668,0.0,fa8e16461f3261b3,True,0.762048,1.3333333333333333,1150,True
001151.jpg,001151,.jpg,42005,JPEG,RGB,640,640,1,,,,,False,640,640,82.3210726393736,153.0757293701172,56.88154925257012,0.0,0.04192352294921875,c0d51f6b3e3a2163,True,0.4096,1.0,1151,True
001152.jpg,001152,.jpg,299836,JPEG,RGB,1008,756,1,,,,,False,1008,756,1912.1092748385079,127.00890604654948,62.60368163626186,0.09885152180989583,2.5431315104166668e-05,e8db1c632d1bd924,True,0.762048,1.3333333333333333,1152,True
001153.jpg,001153,.jpg,58969,JPEG,RGB,640,640,1,,,,,False,640,640,634.6584931706166,129.798583984375,69.87114401219594,0.09720230102539062,0.003143310546875,d5a81661631d5b75,True,0.4096,1.0,1153,True
001154.jpg,001154,.jpg,356358,JPEG,RGB,1008,756,1,,,,,False,1008,756,3038.5076149288147,139.73877461751303,52.009543043310416,0.024164835611979168,0.0031331380208333335,c0a51fca5b2ed12e,True,0.762048,1.3333333333333333,1154,True
001155.jpg,001155,.jpg,68051,JPEG,RGB,640,640,1,,,,,False,640,640,870.0502669773996,139.21358108520508,63.816066744893824,0.11746978759765625,0.011150360107421875,c5a004db5af54cf5,True,0.4096,1.0,1155,True
001156.jpg,001156,.jpg,288642,JPEG,RGB,949,838,1,,,,,False,949,838,627.0900937672724,125.13954473174779,56.03110731205646,0.01970841399336283,0.0,81e8079b4f1acc7e,True,0.795262,1.1324582338902147,1156,True
001157.jpg,001157,.jpg,51451,JPEG,RGB,640,640,1,,,,,False,640,640,240.9612733682152,164.09735107421875,63.651206792180055,0.0,0.10966110229492188,8060475b7f3d0d79,True,0.4096,1.0,1157,True
001158.jpg,001158,.jpg,372344,JPEG,RGB,1228,921,1,,,,,False,1228,921,783.9403944903105,113.10238647460938,55.88166408457007,0.0337677001953125,0.0,ffd847e0c4981d58,True,1.130988,1.3333333333333333,1158,True
001159.jpg,001159,.jpg,52468,JPEG,RGB,640,640,1,,,,,False,640,640,277.61262083094334,119.19520950317383,59.02813320040805,0.051727294921875,0.000400543212890625,f7d843f0c4981b39,True,0.4096,1.0,1159,True
001160.jpg,001160,.jpg,292255,JPEG,RGB,1120,840,1,,,,,False,1120,840,642.0617804930598,127.80818684895833,70.16538604059807,0.08262125651041667,0.0003204345703125,a7f1cc60a286739e,True,0.9408,1.3333333333333333,1160,True
001161.jpg,001161,.jpg,42606,JPEG,RGB,640,640,1,,,,,False,640,640,279.77540132863214,165.52139282226562,71.21048339508933,0.0,0.19033432006835938,a4f3cce462a463bc,True,0.4096,1.0,1161,True
001162.jpg,001162,.jpg,268742,JPEG,RGB,1241,931,1,,,,,False,1241,931,222.32225549218455,133.37495930989584,55.869138770068325,0.043329874674479164,0.0004781087239583333,e9bae8149d90d0fc,True,1.155371,1.3329752953813103,1162,True
001163.jpg,001163,.jpg,32819,JPEG,RGB,640,640,1,,,,,False,640,640,158.4856273745536,179.6098747253418,57.04465800752609,0.0,0.19276809692382812,88facc511d7740fc,True,0.4096,1.0,1163,True
001164.jpg,001164,.jpg,174455,JPEG,RGB,1087,761,1,,,,,False,1087,761,376.1107552333336,107.43169518156425,61.23783516430832,0.05085762918994413,0.0034206965782122905,aa96a56b949d9661,True,0.827207,1.42838370565046,1164,True
001165.jpg,001165,.jpg,38563,JPEG,RGB,640,640,1,,,,,False,640,640,157.86049070335866,87.28297805786133,61.493923892093214,0.15636444091796875,0.0,a897a16a15bd9e61,True,0.4096,1.0,1165,True
001166.jpg,001166,.jpg,216447,JPEG,RGB,652,906,1,,,,,False,652,906,1420.8868625149385,105.21105426290761,61.24491712425896,0.12705927309782608,0.0,8705b83a957e9a35,True,0.590712,0.7196467991169978,1166,True
001167.jpg,001167,.jpg,42282,JPEG,RGB,640,640,1,,,,,False,640,640,385.7784414291382,54.272239685058594,45.90837929822528,0.3908882141113281,0.0,c707bd3b103d1a74,True,0.4096,1.0,1167,True
001168.jpg,001168,.jpg,215876,JPEG,RGB,970,705,1,,,,,False,970,705,1169.5978706501608,130.69702935987902,57.830601917505774,0.04398206485215054,0.0012233282930107527,f4b505720d83fae2,True,0.68385,1.375886524822695,1168,True
001169.jpg,001169,.jpg,50561,JPEG,RGB,640,640,1,,,,,False,640,640,397.57556538701465,153.18551635742188,65.42591237851416,0.0,0.06784439086914062,f59745330ae57883,True,0.4096,1.0,1169,True
001170.jpg,001170,.jpg,263653,JPEG,RGB,1062,796,1,,,,,False,1062,796,593.8541609427324,113.95347086588542,62.86146930091506,0.09222412109375,0.0005747477213541666,b1dbc49179254af1,True,0.845352,1.3341708542713568,1170,True
001171.jpg,001171,.jpg,43411,JPEG,RGB,640,640,1,,,,,False,640,640,223.74458583373053,131.43537521362305,66.05244879479368,0.004093170166015625,0.009830474853515625,f59f441669255cc9,True,0.4096,1.0,1171,True
001172.jpg,001172,.jpg,435842,JPEG,RGB,1208,906,1,,,,,False,1208,906,1313.3133185952902,99.50803120930989,48.68999458519901,0.030364990234375,0.0,caf5e6b864e28d24,True,1.094448,1.3333333333333333,1172,True
001173.jpg,001173,.jpg,57687,JPEG,RGB,640,640,1,,,,,False,640,640,391.95319993920566,130.43368911743164,51.90699833919425,0.0,0.009288787841796875,c0f7543a65c60f6c,True,0.4096,1.0,1173,True
001174.jpg,001174,.jpg,357999,JPEG,RGB,1374,1030,1,,,,,False,1374,1030,373.6988712930019,125.54094950358073,58.24992439649515,0.024937947591145832,0.0,b1c93669d68d688d,True,1.41522,1.3339805825242719,1174,True
001175.jpg,001175,.jpg,329217,JPEG,RGB,926,734,1,,,,,False,926,734,2479.861057951975,100.01302724753694,58.52949094300748,0.031533828509852216,0.0,989159b9d467661e,True,0.679684,1.2615803814713897,1175,True
001176.jpg,001176,.jpg,67189,JPEG,RGB,640,640,1,,,,,False,640,640,791.2336683662143,65.0908203125,53.38798453455654,0.1630096435546875,0.0,919343b3d265676a,True,0.4096,1.0,1176,True
001177.jpg,001177,.jpg,278653,JPEG,RGB,835,1113,1,,,,,False,835,1113,174.12628955135327,112.11008707682292,62.61049214614738,0.028065999348958332,0.000274658203125,de853d7c9e360053,True,0.929355,0.7502246181491464,1177,True
001178.jpg,001178,.jpg,35479,JPEG,RGB,640,640,1,,,,,False,640,640,75.30383904627524,77.71333312988281,63.68522139999758,0.34931182861328125,0.0,d497346f9230a9b9,True,0.4096,1.0,1178,True
001179.jpg,001179,.jpg,245551,JPEG,RGB,990,766,1,,,,,False,990,766,962.4639729457101,122.49116654829545,41.212233305438545,0.006041863952020202,0.0,ead161022b2a2fdf,True,0.75834,1.2924281984334203,1179,True
001180.jpg,001180,.jpg,43669,JPEG,RGB,640,640,1,,,,,False,640,640,336.3503836384043,96.03567504882812,44.957525865576464,0.09302520751953125,0.0,e8d1604a2f4d555f,True,0.4096,1.0,1180,True
001181.jpg,001181,.jpg,318283,JPEG,RGB,1105,829,1,,,,,False,1105,829,417.7495316235711,129.98730977376303,62.259848650286095,0.0526885986328125,0.0096282958984375,f3785a9993961316,True,0.916045,1.3329312424607962,1181,True
001182.jpg,001182,.jpg,47784,JPEG,RGB,640,640,1,,,,,False,640,640,162.02973351882247,152.4211769104004,66.7553864574839,0.0,0.037120819091796875,d1785b9d93167226,True,0.4096,1.0,1182,True
001183.jpg,001183,.jpg,302514,JPEG,RGB,1032,1376,1,,,,,False,1032,1376,157.51937604602426,137.86661275227866,46.33500614866581,0.010833740234375,0.0,ae4b49663983cf8c,True,1.420032,0.75,1183,True
001184.jpg,001184,.jpg,36446,JPEG,RGB,640,640,1,,,,,False,640,640,101.77658635791158,131.85622024536133,54.29156160059165,0.0619659423828125,9.5367431640625e-05,b44a41633dc1cf5e,True,0.4096,1.0,1184,True
001185.jpg,001185,.jpg,383869,JPEG,RGB,1025,1366,1,,,,,False,1025,1366,477.6441615008646,127.41452534993489,67.4885879325662,0.09218851725260417,0.000732421875,98d93f9e613285c3,True,1.40015,0.7503660322108345,1185,True
001186.jpg,001186,.jpg,44053,JPEG,RGB,640,640,1,,,,,False,640,640,186.73040892038262,104.63871765136719,69.64272718698021,0.21808242797851562,0.0,909d3f94e17096a7,True,0.4096,1.0,1186,True
001187.jpg,001187,.jpg,93530,JPEG,RGB,644,532,1,,,,,False,644,532,183.92652700752822,126.99140255614657,38.72557986575747,0.03137466755319149,0.0,d5d52cd66f9444a8,True,0.342608,1.2105263157894737,1187,True
001188.jpg,001188,.jpg,35856,JPEG,RGB,640,640,1,,,,,False,640,640,98.8348032458307,139.9048957824707,48.433086916087184,0.07503509521484375,0.0,95ea00c14ddc7d5b,True,0.4096,1.0,1188,True
001189.jpg,001189,.jpg,430507,JPEG,RGB,1297,828,1,,,,,False,1297,828,1158.3819101287224,153.13566155389907,53.47960095776177,0.007316752675840979,0.00043601873088685016,f8cbb4949e684cd8,True,1.073916,1.566425120772947,1189,True
001190.jpg,001190,.jpg,53699,JPEG,RGB,640,640,1,,,,,False,640,640,398.3431266979169,130.96773529052734,62.09080792841535,0.08006668090820312,0.0,c1df15149e6a4c1f,True,0.4096,1.0,1190,True
001191.jpg,001191,.jpg,342672,JPEG,RGB,1101,715,1,,,,,False,1101,715,1888.8707471405025,107.97440347326807,52.90467921653946,0.018184064382530122,0.0006765342620481927,d89b8c9c75640e75,True,0.787215,1.53986013986014,1191,True
001192.jpg,001192,.jpg,64182,JPEG,RGB,640,640,1,,,,,False,640,640,613.1685495428828,68.80044937133789,48.8611653177447,0.13161468505859375,0.0,c05fc99e372c3e30,True,0.4096,1.0,1192,True
001193.jpg,001193,.jpg,188533,JPEG,RGB,708,708,1,,,,,False,708,708,1153.4919311420526,125.42993545532227,55.38619741112994,0.043872833251953125,0.001552581787109375,eeca15b04aba11ee,True,0.501264,1.0,1193,True
001194.jpg,001194,.jpg,53520,JPEG,RGB,640,640,1,,,,,False,640,640,438.75265187337936,127.47724151611328,60.2830852103933,0.0626220703125,0.001888275146484375,e5ca10906bd719ed,True,0.4096,1.0,1194,True
001195.jpg,001195,.jpg,380214,JPEG,RGB,1008,756,1,,,,,False,1008,756,6040.971648544667,101.97867329915364,63.69544487928531,0.0411376953125,0.0017954508463541667,8a752bb26fc43649,True,0.762048,1.3333333333333333,1195,True
001196.jpg,001196,.jpg,73153,JPEG,RGB,640,640,1,,,,,False,640,640,1627.2066620418336,48.05802536010742,54.653737079700846,0.49529266357421875,0.0,82750bf26f95342b,True,0.4096,1.0,1196,True
001197.jpg,001197,.jpg,233696,JPEG,RGB,1008,756,1,,,,,False,1008,756,310.5840655978148,117.04600016276042,52.27103858237196,0.0286865234375,0.000701904296875,a67eac07742da11d,True,0.762048,1.3333333333333333,1197,True
001198.jpg,001198,.jpg,47534,JPEG,RGB,640,640,1,,,,,False,640,640,148.7175630228012,122.24894714355469,59.35427802299712,0.09936904907226562,0.006107330322265625,952cd541527f527a,True,0.4096,1.0,1198,True
001199.jpg,001199,.jpg,240381,JPEG,RGB,1008,756,1,,,,,False,1008,756,602.4231503738298,126.78911844889323,56.455128707795765,0.023401896158854168,0.0011698404947916667,9ac576b913a2943b,True,0.762048,1.3333333333333333,1199,True
001200.jpg,001200,.jpg,48778,JPEG,RGB,640,640,1,,,,,False,640,640,205.56010141105799,96.86443710327148,55.956161011903276,0.11146926879882812,0.0,9dc472f903a3903f,True,0.4096,1.0,1200,True
001201.jpg,001201,.jpg,199740,JPEG,RGB,933,701,1,,,,,False,933,701,547.6055170391132,130.86609172077922,59.82354953292942,0.034380073051948054,0.0001065340909090909,80fd368b940b7eaa,True,0.654033,1.3309557774607703,1201,True
001202.jpg,001202,.jpg,55672,JPEG,RGB,640,640,1,,,,,False,640,640,263.14948954008287,139.88275146484375,62.18618954755612,0.038116455078125,0.00334930419921875,80fd3e8f140b7c6a,True,0.4096,1.0,1202,True
001203.jpg,001203,.jpg,165876,JPEG,RGB,900,591,1,,,,,False,900,591,1574.094445662704,134.22942824590774,57.93577067030135,0.028581891741071428,0.03076171875,abc9b6293629d495,True,0.5319,1.5228426395939085,1203,True
001204.jpg,001204,.jpg,49639,JPEG,RGB,640,640,1,,,,,False,640,640,511.75832324694784,140.77555465698242,62.273688142860294,0.0496826171875,0.02603912353515625,a9c897693725d4d1,True,0.4096,1.0,1204,True
001205.jpg,001205,.jpg,193946,JPEG,RGB,898,622,1,,,,,False,898,622,1138.567668577594,150.83259793133803,52.04207945485834,0.03001760563380282,0.00035211267605633805,abb1cf8ceb90310e,True,0.558556,1.4437299035369775,1205,True
001206.jpg,001206,.jpg,49844,JPEG,RGB,640,640,1,,,,,False,640,640,412.3827449497621,138.1185646057129,62.38146143816349,0.09560394287109375,1.1444091796875e-05,81b2c5ce55d178c7,True,0.4096,1.0,1206,True
001207.jpg,001207,.jpg,350311,JPEG,RGB,1067,769,1,,,,,False,1067,769,1098.9840429138787,102.34201388888889,46.19747452438693,0.002858231707317073,0.0207909891598916,b22a6a954f6a359a,True,0.820523,1.387516254876463,1207,True
001208.jpg,001208,.jpg,53539,JPEG,RGB,640,640,1,,,,,False,640,640,319.831775218001,45.244384765625,44.22740793759366,0.38054656982421875,0.0,b22a68954f61b55e,True,0.4096,1.0,1208,True
001209.jpg,001209,.jpg,204848,JPEG,RGB,1008,756,1,,,,,False,1008,756,384.17209078826824,142.3510487874349,66.15582629736444,0.0375213623046875,8.138020833333333e-05,80d42bc3cfd7c23c,True,0.762048,1.3333333333333333,1209,True
001210.jpg,001210,.jpg,37252,JPEG,RGB,640,640,1,,,,,False,640,640,159.73015607125126,136.1343994140625,71.03271243454476,0.08156585693359375,5.7220458984375e-05,90902fc34f9fd23c,True,0.4096,1.0,1210,True
001211.jpg,001211,.jpg,254256,JPEG,RGB,965,723,1,,,,,False,965,723,1342.7235208592222,103.00368754069011,57.19661805114273,0.080352783203125,0.0,c5f50fc27b1a310e,True,0.697695,1.334716459197787,1211,True
001212.jpg,001212,.jpg,53284,JPEG,RGB,640,640,1,,,,,False,640,640,345.8130334712914,152.9835662841797,58.53447448365378,0.0,0.10575103759765625,c5f407ca7a1f3087,True,0.4096,1.0,1212,True
001213.jpg,001213,.jpg,261647,JPEG,RGB,990,739,1,,,,,False,990,739,1301.9817734479625,149.59753865346858,55.30178137962794,0.02371870909685864,6.646760471204189e-05,dedd03f44135229e,True,0.73161,1.3396481732070364,1213,True
001214.jpg,001214,.jpg,61419,JPEG,RGB,640,640,1,,,,,False,640,640,488.81873778806766,182.69480895996094,64.67291359195168,0.0,0.14218521118164062,d468414f69673b4e,True,0.4096,1.0,1214,True
001215.jpg,001215,.jpg,282722,JPEG,RGB,1008,756,1,,,,,False,1008,756,870.9159046742652,125.92274475097656,72.44099082384389,0.0791015625,0.005152384440104167,ea9424edf2d2360e,True,0.762048,1.3333333333333333,1215,True
001216.jpg,001216,.jpg,49072,JPEG,RGB,640,640,1,,,,,False,640,640,289.6796021351911,163.55224227905273,74.02932448303966,0.0,0.15631103515625,ca94056d73533e4d,True,0.4096,1.0,1216,True
001217.jpg,001217,.jpg,234491,JPEG,RGB,1008,756,1,,,,,False,1008,756,565.1801502598812,130.34346516927084,58.01294013550019,0.034525553385416664,0.0005696614583333334,95ca3f560b5d3283,True,0.762048,1.3333333333333333,1217,True
001218.jpg,001218,.jpg,49653,JPEG,RGB,640,640,1,,,,,False,640,640,256.0223573294934,121.9454345703125,62.47487744280318,0.085845947265625,0.000179290771484375,d5ea375a015f32c1,True,0.4096,1.0,1218,True
001219.jpg,001219,.jpg,144218,JPEG,RGB,850,642,1,,,,,False,850,642,293.73781406202465,141.558553375323,53.10759483954977,0.0006661821705426356,0.0,93822b72f2133a9f,True,0.5457,1.32398753894081,1219,True
001220.jpg,001220,.jpg,38907,JPEG,RGB,640,640,1,,,,,False,640,640,112.6048227713909,187.02093505859375,60.129599638633266,0.0,0.2906990051269531,80c27572d77232de,True,0.4096,1.0,1220,True
001221.jpg,001221,.jpg,269816,JPEG,RGB,1008,756,1,,,,,False,1008,756,515.58215790674,131.28831481933594,49.453392608999906,0.0024871826171875,0.0001068115234375,b2efb1e63b60403a,True,0.762048,1.3333333333333333,1221,True
001222.jpg,001222,.jpg,52442,JPEG,RGB,640,640,1,,,,,False,640,640,237.84162533091148,155.92710494995117,55.29841488049473,0.0,0.034210205078125,a0ff91b53b80473a,True,0.4096,1.0,1222,True
001223.jpg,001223,.jpg,307270,JPEG,RGB,1157,868,1,,,,,False,1157,868,693.4405160084522,123.3858133951823,56.578861822563454,0.049692789713541664,0.0003865559895833333,bae4128d701e745f,True,1.004276,1.3329493087557605,1223,True
001224.jpg,001224,.jpg,48407,JPEG,RGB,640,640,1,,,,,False,640,640,252.17777188656328,159.39207077026367,60.931704901425945,0.0,0.07982254028320312,d7641b2d7b0a721a,True,0.4096,1.0,1224,True
001225.jpg,001225,.jpg,441444,JPEG,RGB,1200,900,1,,,,,False,1200,900,2166.480366570642,120.30500793457031,62.042746649797266,0.022303263346354168,0.0,ba047c8f968a3a4f,True,1.08,1.3333333333333333,1225,True
001226.jpg,001226,.jpg,61696,JPEG,RGB,640,640,1,,,,,False,640,640,674.3743755352771,143.02607345581055,66.39878452946324,0.0,0.014270782470703125,d5603c959ed4507d,True,0.4096,1.0,1226,True
001227.jpg,001227,.jpg,264254,JPEG,RGB,1127,845,1,,,,,False,1127,845,741.5497108373997,129.08686319986978,62.61309634521279,0.027165730794270832,0.0,8facd684ca472c67,True,0.952315,1.3337278106508876,1227,True
001228.jpg,001228,.jpg,39318,JPEG,RGB,640,640,1,,,,,False,640,640,232.5152511447668,78.28992462158203,58.69137573928435,0.242889404296875,0.0,85acda44c15f3c67,True,0.4096,1.0,1228,True
001229.jpg,001229,.jpg,341842,JPEG,RGB,1274,956,1,,,,,False,1274,956,359.2032740910848,150.8290557861328,55.2721667687372,0.010630289713541666,5.086263020833333e-06,8cbc87dc9e80716d,True,1.217944,1.3326359832635983,1229,True
001230.jpg,001230,.jpg,38683,JPEG,RGB,640,640,1,,,,,False,640,640,186.28792607992364,161.04478454589844,61.64148391815802,0.04836273193359375,0.00102996826171875,85bc039ece907ab5,True,0.4096,1.0,1230,True
001231.jpg,001231,.jpg,235853,JPEG,RGB,1067,801,1,,,,,False,1067,801,159.96294142802557,109.91259256998698,62.49378415148994,0.0550689697265625,0.0,8bdc76af518cd540,True,0.854667,1.3320848938826466,1231,True
001232.jpg,001232,.jpg,42410,JPEG,RGB,640,640,1,,,,,False,640,640,100.36894336166733,139.3928451538086,64.69823451575127,0.0,0.052677154541015625,8b9d76af51dc9104,True,0.4096,1.0,1232,True
001233.jpg,001233,.jpg,95229,JPEG,RGB,747,674,1,,,,,False,747,674,62.538982900641415,142.19644125405844,56.86203384399032,0.005356297348484848,0.0005580357142857143,875f3d07258b7609,True,0.503478,1.1083086053412463,1233,True
001234.jpg,001234,.jpg,30533,JPEG,RGB,640,640,1,,,,,False,640,640,30.26437276508659,87.79690170288086,56.3985319854055,0.192138671875,0.0,87df7882658b660d,True,0.4096,1.0,1234,True
001235.jpg,001235,.jpg,249981,JPEG,RGB,930,722,1,,,,,False,930,722,972.9562672596287,116.94847095403023,53.14004853746463,0.0005903652392947104,0.0023909792191435767,9b9b689526905f6a,True,0.67146,1.2880886426592797,1235,True
001236.jpg,001236,.jpg,163045,JPEG,RGB,792,594,1,,,,,False,792,594,965.740176898505,153.03503926595053,62.659043069438674,0.0013783772786458333,3.0517578125e-05,ea95063a7cb121de,True,0.470448,1.3333333333333333,1236,True
001237.jpg,001237,.jpg,53721,JPEG,RGB,640,640,1,,,,,False,640,640,342.26194297485927,95.85110855102539,61.30061253457432,0.1505279541015625,0.0,f58a423d2eb502db,True,0.4096,1.0,1237,True
001238.jpg,001238,.jpg,232797,JPEG,RGB,902,734,1,,,,,False,902,734,916.4478250301307,137.75906774580335,57.94157396175629,0.011760903776978417,0.002936713129496403,d3880a1eecd499e7,True,0.662068,1.228882833787466,1238,True
001239.jpg,001239,.jpg,165981,JPEG,RGB,1127,796,1,,,,,False,1127,796,173.66719090608532,159.0761179212707,53.38293422874086,0.003032199585635359,0.0,8080737f7f714a69,True,0.897092,1.4158291457286432,1239,True
001240.jpg,001240,.jpg,31322,JPEG,RGB,640,640,1,,,,,False,640,640,87.24123776923807,133.54914093017578,58.05931994075496,0.0581512451171875,0.0,80c0537e7f744f29,True,0.4096,1.0,1240,True
001241.jpg,001241,.jpg,186683,JPEG,RGB,965,723,1,,,,,False,965,723,620.1634414832419,126.53091430664062,55.432653312442724,0.014424641927083334,0.0008697509765625,ca2dd128569b9373,True,0.697695,1.334716459197787,1241,True
001242.jpg,001242,.jpg,49578,JPEG,RGB,640,640,1,,,,,False,640,640,245.74872260574193,148.92296981811523,61.16151705819292,0.0,0.058246612548828125,d52cd1ad4a8b9933,True,0.4096,1.0,1242,True
001243.jpg,001243,.jpg,270520,JPEG,RGB,1016,762,1,,,,,False,1016,762,429.79764512139894,136.42898559570312,56.34973157902307,0.0050811767578125,9.1552734375e-05,ee81c3fecb829825,True,0.774192,1.3333333333333333,1243,True
001244.jpg,001244,.jpg,47887,JPEG,RGB,640,640,1,,,,,False,640,640,247.93868923163973,125.40475845336914,60.90647955013777,0.04901123046875,0.0,d5a0637ed9c35c21,True,0.4096,1.0,1244,True
001245.jpg,001245,.jpg,339286,JPEG,RGB,1324,993,1,,,,,False,1324,993,454.8298676277821,141.64038594563803,61.737338528187934,0.035074869791666664,0.0020395914713541665,a58a95136d6e5e16,True,1.314732,1.3333333333333333,1245,True
001246.jpg,001246,.jpg,351982,JPEG,RGB,1155,866,1,,,,,False,1155,866,1811.9838916181022,112.47020467122395,55.31965177560023,0.054723103841145836,0.0,d3d53ae8b4a68165,True,1.00023,1.333718244803695,1246,True
001247.jpg,001247,.jpg,57789,JPEG,RGB,640,640,1,,,,,False,640,640,549.8634875649004,120.90653991699219,57.98656111367979,0.04619598388671875,0.000896453857421875,d29f76ca48b60ba1,True,0.4096,1.0,1247,True
001248.jpg,001248,.jpg,385588,JPEG,RGB,1182,886,1,,,,,False,1182,886,606.8607063939174,120.2757059733073,52.66059968096262,0.020701090494791668,7.120768229166667e-05,92ef506c51f2e193,True,1.047252,1.3340857787810383,1248,True
001249.jpg,001249,.jpg,55411,JPEG,RGB,640,640,1,,,,,False,640,640,205.08744180177746,85.60624313354492,54.953300105627086,0.21397781372070312,0.0,d5ed55686b104b99,True,0.4096,1.0,1249,True
001250.jpg,001250,.jpg,368772,JPEG,RGB,1372,1029,1,,,,,False,1372,1029,348.8376497153399,128.2336171468099,60.3324321896255,0.025777180989583332,0.0,9a6956ab4748b52e,True,1.411788,1.3333333333333333,1250,True
001251.jpg,001251,.jpg,42615,JPEG,RGB,640,640,1,,,,,False,640,640,134.4488054127287,79.89696502685547,60.07616057321834,0.25592041015625,0.0,917f45326953ac36,True,0.4096,1.0,1251,True
001252.jpg,001252,.jpg,201108,JPEG,RGB,1225,855,1,,,,,False,1225,855,113.849676531439,130.43106617647058,48.99464117035236,0.028645833333333332,0.004912902661064426,c0552f2e3f0c8fca,True,1.047375,1.432748538011696,1252,True
001253.jpg,001253,.jpg,26373,JPEG,RGB,640,640,1,,,,,False,640,640,65.22905955038732,179.83281707763672,57.365804331470365,0.0,0.01792144775390625,c077072a6fa9478d,True,0.4096,1.0,1253,True
001254.jpg,001254,.jpg,268525,JPEG,RGB,992,886,1,,,,,False,992,886,409.48658288691826,141.86611477707876,39.654998557547664,0.01291968681619256,2.136898249452954e-05,bac000697f757b70,True,0.878912,1.1196388261851016,1254,True
001255.jpg,001255,.jpg,37337,JPEG,RGB,640,640,1,,,,,False,640,640,199.14057783327007,175.3391990661621,48.80900812329715,0.0,0.0153045654296875,a0bf002b7b257f23,True,0.4096,1.0,1255,True
001256.jpg,001256,.jpg,366455,JPEG,RGB,1440,993,1,,,,,False,1440,993,297.67856952531406,112.974609375,66.56128340809973,0.10590031869688385,0.011281648371104815,95b575d633d2d012,True,1.42992,1.4501510574018126,1256,True
001257.jpg,001257,.jpg,35560,JPEG,RGB,640,640,1,,,,,False,640,640,105.38118490483612,163.02455520629883,69.20676096644317,0.0,0.14774703979492188,816174de57465a5b,True,0.4096,1.0,1257,True
001258.jpg,001258,.jpg,502310,JPEG,RGB,1264,948,1,,,,,False,1264,948,1109.2370539152114,146.90555826822916,36.793560648208036,0.0019989013671875,0.0004425048828125,d4c2558ecad16d4b,True,1.198272,1.3333333333333333,1258,True
001259.jpg,001259,.jpg,362999,JPEG,RGB,760,1058,1,,,,,False,760,1058,1756.2667787696723,139.69265879755434,60.472215824696974,0.012759001358695652,0.00019106657608695653,e115b68a787c6b26,True,0.80408,0.718336483931947,1259,True
001260.jpg,001260,.jpg,61993,JPEG,RGB,640,640,1,,,,,False,640,640,525.6564432117011,181.5575942993164,63.81285044130257,0.0,0.20568084716796875,c18196875a7879fa,True,0.4096,1.0,1260,True
001261.jpg,001261,.jpg,577199,JPEG,RGB,1073,1431,1,,,,,False,1073,1431,1194.731215691789,149.5059560139974,48.75189648846351,0.027079264322916668,1.0172526041666666e-05,99a6e9a759245b86,True,1.535463,0.7498252969951084,1261,True
001262.jpg,001262,.jpg,54024,JPEG,RGB,640,640,1,,,,,False,640,640,383.6436363118555,103.18059539794922,50.502542120247924,0.12369537353515625,0.0,d5a2e8b349b619c3,True,0.4096,1.0,1262,True
001263.jpg,001263,.jpg,437823,JPEG,RGB,1077,1436,1,,,,,False,1077,1436,572.0693402672963,140.15447998046875,59.62248245496984,0.023386637369791668,0.0,cb862c856df45475,True,1.546572,0.75,1263,True
001264.jpg,001264,.jpg,40034,JPEG,RGB,640,640,1,,,,,False,640,640,177.42241060361266,117.43460083007812,61.2458053957658,0.06859207153320312,0.0,cb872c877dbc5428,True,0.4096,1.0,1264,True
001265.jpg,001265,.jpg,453110,JPEG,RGB,1112,1483,1,,,,,False,1112,1483,1063.7279763940926,135.74881998697916,50.03799092406633,0.010218302408854166,9.663899739583333e-05,a75733d13b1fc408,True,1.649096,0.7498314227916386,1265,True
001266.jpg,001266,.jpg,39557,JPEG,RGB,640,640,1,,,,,False,640,640,372.5828817030415,152.3975830078125,60.67669846581849,8.392333984375e-05,0.10586929321289062,80e436c07b3fd4ea,True,0.4096,1.0,1266,True
001267.jpg,001267,.jpg,574148,JPEG,RGB,1118,1490,1,,,,,False,1118,1490,725.2726145026326,131.82657368977866,49.30145115051248,0.023773193359375,0.0,ded128956bb10af8,True,1.66582,0.7503355704697987,1267,True
001268.jpg,001268,.jpg,48817,JPEG,RGB,640,640,1,,,,,False,640,640,233.96922824099602,115.024169921875,52.68372534571903,0.07441329956054688,0.0,96c028bb6bf80afa,True,0.4096,1.0,1268,True
001269.jpg,001269,.jpg,316766,JPEG,RGB,952,1269,1,,,,,False,952,1269,216.53646164625468,132.93142700195312,57.28024898800111,0.033391316731770836,0.0002288818359375,9d0f675cd8819792,True,1.208088,0.7501970055161544,1269,True
001270.jpg,001270,.jpg,33534,JPEG,RGB,640,640,1,,,,,False,640,640,114.1349592757033,180.98772811889648,56.56646753451903,0.0,0.13071060180664062,9d0a66ded8c19396,True,0.4096,1.0,1270,True
001271.jpg,001271,.jpg,537008,JPEG,RGB,1064,1419,1,,,,,False,1064,1419,1272.9450427322492,129.88943481445312,55.85572060334592,0.033381144205729164,3.0517578125e-05,9a58610f372f9ea1,True,1.509816,0.7498238195912614,1271,True
001272.jpg,001272,.jpg,58734,JPEG,RGB,640,640,1,,,,,False,640,640,433.16270103315765,116.13438415527344,63.94393503436113,0.11968231201171875,0.0,9850612f3f791e78,True,0.4096,1.0,1272,True
001273.jpg,001273,.jpg,687477,JPEG,RGB,939,1251,1,,,,,False,939,1251,2455.2413199932002,121.48387654622395,57.1902733919805,0.030888875325520832,0.0,80973f603fe0d077,True,1.174689,0.750599520383693,1273,True
001274.jpg,001274,.jpg,78350,JPEG,RGB,640,640,1,,,,,False,640,640,871.3646444326587,91.90291976928711,56.273540959035174,0.122833251953125,0.0,85933f603fe05a53,True,0.4096,1.0,1274,True
001275.jpg,001275,.jpg,442976,JPEG,RGB,1083,1443,1,,,,,False,1083,1443,250.12300397911,117.66028340657552,47.98344671017193,0.07347615559895833,3.0517578125e-05,d35621c51c692f6b,True,1.562769,0.7505197505197505,1275,True
001276.jpg,001276,.jpg,453125,JPEG,RGB,922,1229,1,,,,,False,922,1229,1538.829766168544,113.87118530273438,53.6162549759204,0.057291666666666664,0.00015767415364583334,ff1420876dd768c1,True,1.133138,0.7502034174125305,1276,True
001277.jpg,001277,.jpg,54986,JPEG,RGB,640,640,1,,,,,False,640,640,471.323431549361,169.14731979370117,53.41435022796403,0.0,0.040988922119140625,ff1460876d9470a7,True,0.4096,1.0,1277,True
001278.jpg,001278,.jpg,446567,JPEG,RGB,977,1302,1,,,,,False,977,1302,1227.8077513293829,123.14973449707031,63.73412612914644,0.07533772786458333,0.0004475911458333333,bed06087c67d64b1,True,1.272054,0.7503840245775729,1278,True
001279.jpg,001279,.jpg,360130,JPEG,RGB,915,1219,1,,,,,False,915,1219,674.8168404639388,125.43695068359375,49.420031365080064,0.0219879150390625,0.0004831949869791667,a85625d29ecc1afc,True,1.115385,0.7506152584085316,1279,True
001280.jpg,001280,.jpg,50609,JPEG,RGB,640,640,1,,,,,False,640,640,241.79021638700215,123.01327133178711,58.0276407882285,0.0882720947265625,0.00086212158203125,d5ea2499dbc408dd,True,0.4096,1.0,1280,True
001281.jpg,001281,.jpg,581385,JPEG,RGB,1033,1378,1,,,,,False,1033,1378,2190.296958381827,121.16897583007812,65.8095608292145,0.10953267415364583,0.00018310546875,bddc20c3364b7a13,True,1.423474,0.7496371552975326,1281,True
001282.jpg,001282,.jpg,442086,JPEG,RGB,940,1253,1,,,,,False,940,1253,1983.583871036665,127.90162150065105,69.85515435631198,0.12607320149739584,0.0014394124348958333,afde34b030326976,True,1.17782,0.7501995211492418,1282,True
001283.jpg,001283,.jpg,420440,JPEG,RGB,895,1224,1,,,,,False,895,1224,1213.858594330588,115.03839405080214,53.486926049109975,0.04213318850267379,0.000250668449197861,eff2808e309f609b,True,1.09548,0.7312091503267973,1283,True
001284.jpg,001284,.jpg,54896,JPEG,RGB,640,640,1,,,,,False,640,640,425.2213591965701,103.36992263793945,56.02157437720036,0.09898757934570312,3.814697265625e-06,edf2808f308d76d1,True,0.4096,1.0,1284,True
001285.jpg,001285,.jpg,372109,JPEG,RGB,922,1230,1,,,,,False,922,1230,1040.9520553192124,126.98543802897136,61.17981733030197,0.06982930501302083,0.0,98de619e6d692169,True,1.13406,0.7495934959349594,1285,True
001286.jpg,001286,.jpg,51796,JPEG,RGB,640,640,1,,,,,False,640,640,436.6457845212426,142.11639022827148,62.8805751207414,0.033924102783203125,0.004169464111328125,98da618a7f696329,True,0.4096,1.0,1286,True
001287.jpg,001287,.jpg,475652,JPEG,RGB,983,1311,1,,,,,False,983,1311,1327.74829599507,113.60640462239583,60.63749980268527,0.08760579427083333,0.0,b8d02bde05db12cd,True,1.288713,0.7498093058733791,1287,True
001288.jpg,001288,.jpg,377387,JPEG,RGB,1009,1346,1,,,,,False,1009,1346,473.9734046502401,122.06095886230469,55.581880324163606,0.014984130859375,0.0,bac1e59a434b9ccc,True,1.358114,0.74962852897474,1288,True
001289.jpg,001289,.jpg,293689,JPEG,RGB,931,1241,1,,,,,False,931,1241,275.5489222833421,149.6495361328125,51.65148746962852,0.014943440755208334,0.0003204345703125,9e5130e69569ea95,True,1.155371,0.750201450443191,1289,True
001290.jpg,001290,.jpg,41175,JPEG,RGB,640,640,1,,,,,False,640,640,150.75888078413846,182.37734985351562,56.40091668028222,0.0,0.11321640014648438,9ff030e2956d51d4,True,0.4096,1.0,1290,True
001291.jpg,001291,.jpg,507127,JPEG,RGB,948,1264,1,,,,,False,948,1264,2486.5587290773788,126.57051086425781,57.0468384672911,0.0990447998046875,0.0,80c93fc934986f1f,True,1.198272,0.75,1291,True
001292.jpg,001292,.jpg,70120,JPEG,RGB,640,640,1,,,,,False,640,640,948.0505018097901,74.20080947875977,48.34135880628568,0.2041473388671875,0.0,c0c813cb34b86fb7,True,0.4096,1.0,1292,True
001293.jpg,001293,.jpg,606308,JPEG,RGB,1437,1077,1,,,,,False,1437,1077,803.5231214802092,125.01430257161458,49.142855040419505,0.0685272216796875,0.0004119873046875,ec914eb867b86760,True,1.547649,1.3342618384401115,1293,True
001294.jpg,001294,.jpg,580094,JPEG,RGB,1500,1125,1,,,,,False,1500,1125,923.0491499328567,108.37991841634114,50.96739735386926,0.041539510091145836,0.0014699300130208333,8a7d0470e69e74f1,True,1.6875,1.3333333333333333,1294,True
001295.jpg,001295,.jpg,47635,JPEG,RGB,640,640,1,,,,,False,640,640,283.43962459311297,93.08295822143555,54.276697468670804,0.11783981323242188,0.0,c17c0178e2cc7eda,True,0.4096,1.0,1295,True
001296.jpg,001296,.jpg,611180,JPEG,RGB,984,1312,1,,,,,False,984,1312,2092.0391821628436,130.05567932128906,44.58106654095875,0.006586710611979167,0.0001678466796875,c0d42db7d994da85,True,1.291008,0.75,1296,True
001297.jpg,001297,.jpg,72085,JPEG,RGB,640,640,1,,,,,False,640,640,578.9964621755644,84.74074172973633,46.3969050094633,0.14840316772460938,0.0,d4d62dbf59064aa4,True,0.4096,1.0,1297,True
001298.jpg,001298,.jpg,255506,JPEG,RGB,1012,694,1,,,,,False,1012,694,670.0215877452423,137.93314302884616,54.062007994807814,0.02427773326210826,0.0012520032051282052,c4b13d33c5603fa9,True,0.702328,1.45821325648415,1298,True
001299.jpg,001299,.jpg,433517,JPEG,RGB,1034,1379,1,,,,,False,1034,1379,844.7764442189496,135.12469482421875,64.41040728420033,0.038884480794270836,0.0021260579427083335,cbc334cd37481f70,True,1.425886,0.7498187092095722,1299,True
001300.jpg,001300,.jpg,50219,JPEG,RGB,640,640,1,,,,,False,640,640,304.2568553848978,112.08119583129883,70.70277437398845,0.17144775390625,0.0,c5ca16cc186f527d,True,0.4096,1.0,1300,True
001301.jpg,001301,.jpg,449743,JPEG,RGB,1108,1477,1,,,,,False,1108,1477,1277.35473838076,143.74624633789062,55.88794379020573,0.0135498046875,0.0003763834635416667,c94f2c4b0f5a7e84,True,1.636516,0.7501692620176033,1301,True
001302.jpg,001302,.jpg,48065,JPEG,RGB,640,640,1,,,,,False,640,640,524.675118237501,186.88798141479492,55.08047907391163,0.0,0.17602157592773438,c94f2dc94fa97a80,True,0.4096,1.0,1302,True
001303.jpg,001303,.jpg,497636,JPEG,RGB,1283,962,1,,,,,False,1283,962,1868.6836439096885,125.73992411295573,60.64137151002843,0.027516682942708332,0.0,82543b757be8d18c,True,1.234246,1.3336798336798337,1303,True
001304.jpg,001304,.jpg,524217,JPEG,RGB,1036,1381,1,,,,,False,1036,1381,680.3591215933105,145.6612803141276,67.33980473667916,0.0385894775390625,0.0029856363932291665,a1522ed72786f496,True,1.430716,0.7501810282404056,1304,True
001305.jpg,001305,.jpg,49596,JPEG,RGB,640,640,1,,,,,False,640,640,251.71363759948872,196.1022834777832,63.17284498726294,0.0,0.37833404541015625,a1620ed7279674da,True,0.4096,1.0,1305,True
001306.jpg,001306,.jpg,583268,JPEG,RGB,1060,1413,1,,,,,False,1060,1413,1030.0323497552624,125.59649149576823,67.85106128451392,0.042668660481770836,0.000457763671875,a5dd80d53f263c34,True,1.49778,0.7501769285208776,1306,True
001307.jpg,001307,.jpg,492305,JPEG,RGB,1028,1370,1,,,,,False,1028,1370,453.24250265697225,114.66761779785156,66.36803220702689,0.09933980305989583,0.0005391438802083334,fe5521ce1538a9f0,True,1.40836,0.7503649635036497,1307,True
001308.jpg,001308,.jpg,50636,JPEG,RGB,640,640,1,,,,,False,640,640,171.11824123746192,99.41596221923828,68.28310607615732,0.17444229125976562,0.0,d72420cb307da5f5,True,0.4096,1.0,1308,True
001309.jpg,001309,.jpg,652408,JPEG,RGB,1086,1448,1,,,,,False,1086,1448,2507.7108250812685,109.34320068359375,55.69598336342375,0.039957682291666664,2.0345052083333332e-05,bad719256ac2407f,True,1.572528,0.75,1309,True
001310.jpg,001310,.jpg,65276,JPEG,RGB,640,640,1,,,,,False,640,640,940.7932765243895,141.01569747924805,57.557163265491496,0.0,0.06631088256835938,90dd172d4e8e603f,True,0.4096,1.0,1310,True
001311.jpg,001311,.jpg,361108,JPEG,RGB,941,1251,1,,,,,False,941,1251,563.1821690285525,127.39075689935065,62.033007763176045,0.03951400162337662,0.0011465097402597402,add4c9c34938de70,True,1.177191,0.7521982414068745,1311,True
001312.jpg,001312,.jpg,49970,JPEG,RGB,640,640,1,,,,,False,640,640,212.62042211914377,165.22348022460938,64.86007823512739,0.0,0.14159393310546875,a0edc38f553e0c93,True,0.4096,1.0,1312,True
001313.jpg,001313,.jpg,668179,JPEG,RGB,1091,1454,1,,,,,False,1091,1454,2569.9553829626084,95.79315185546875,58.56830671108144,0.028416951497395832,0.001861572265625,83c77c90383ccb7c,True,1.586314,0.750343878954608,1313,True
001314.jpg,001314,.jpg,63848,JPEG,RGB,640,640,1,,,,,False,640,640,688.4122829449916,48.73979568481445,51.414943127593986,0.45679473876953125,0.0,c1c37e9d1c2ccc39,True,0.4096,1.0,1314,True
001315.jpg,001315,.jpg,399402,JPEG,RGB,865,1148,1,,,,,False,865,1148,1224.10131919584,115.15041086463731,60.88078854726313,0.01678877914507772,0.0043009229274611396,9b7628c6bdc65862,True,0.99302,0.7534843205574913,1315,True
001316.jpg,001316,.jpg,60499,JPEG,RGB,640,640,1,,,,,False,640,640,345.6536653730436,162.5561180114746,59.536316774002685,0.0,0.07257843017578125,9a7c2bc4b9c65866,True,0.4096,1.0,1316,True
001317.jpg,001317,.jpg,300587,JPEG,RGB,863,1105,1,,,,,False,863,1105,2142.4623829314946,154.445615234375,57.59496735786485,0.01373046875,0.001904296875,8a580eb51ed50f8f,True,0.953615,0.7809954751131222,1317,True
001318.jpg,001318,.jpg,52095,JPEG,RGB,640,640,1,,,,,False,640,640,657.8693796051084,147.6751480102539,65.85755843704844,0.07512283325195312,0.0037384033203125,d57a0fb40f94468d,True,0.4096,1.0,1318,True
001319.jpg,001319,.jpg,500753,JPEG,RGB,1389,907,1,,,,,False,1389,907,2492.7998686801093,122.9896613023952,66.8558792111984,0.008315400449101796,0.0009999532185628742,a659e23aa4bc48cf,True,1.259823,1.5314222712238148,1319,True
001320.jpg,001320,.jpg,58315,JPEG,RGB,640,640,1,,,,,False,640,640,784.947957670418,141.1376495361328,70.4450816816546,0.0,0.06917190551757812,8508536f34f578d3,True,0.4096,1.0,1320,True
001321.jpg,001321,.jpg,421522,JPEG,RGB,956,1275,1,,,,,False,956,1275,1795.06968316247,150.15714518229166,51.11884511905953,0.013432820638020834,5.0862630208333336e-05,d4f52a5a4a5d1c95,True,1.2189,0.7498039215686274,1321,True
001322.jpg,001322,.jpg,57626,JPEG,RGB,640,640,1,,,,,False,640,640,543.4510953686986,169.01613235473633,60.39897563571798,4.57763671875e-05,0.00366973876953125,d569294a4a5d1e9d,True,0.4096,1.0,1322,True
001323.jpg,001323,.jpg,631495,JPEG,RGB,1131,1508,1,,,,,False,1131,1508,1420.271277652407,126.56096903483073,50.81149155428773,0.015167236328125,0.0032145182291666665,c6c82aa55b3d5d2a,True,1.705548,0.75,1323,True
001324.jpg,001324,.jpg,62426,JPEG,RGB,640,640,1,,,,,False,640,640,459.68908563673904,102.93487548828125,51.57282427247016,0.08624649047851562,0.0,d6c82aa54b3d4d5a,True,0.4096,1.0,1324,True
001325.jpg,001325,.jpg,393905,JPEG,RGB,951,1268,1,,,,,False,951,1268,857.467823033428,91.30747985839844,67.77921801267547,0.1105194091796875,0.0,9ac383e443dd1567,True,1.205868,0.75,1325,True
001326.jpg,001326,.jpg,635894,JPEG,RGB,1407,1055,1,,,,,False,1407,1055,5006.315083343846,137.47767639160156,67.2745151018598,0.0924835205078125,0.0010528564453125,8075272f6b5c258f,True,1.484385,1.333649289099526,1326,True
001327.jpg,001327,.jpg,76633,JPEG,RGB,640,640,1,,,,,False,640,640,1513.5406174751552,153.82250213623047,71.50710237412035,0.061901092529296875,0.009487152099609375,c02225ef6bcc3ce9,True,0.4096,1.0,1327,True
001328.jpg,001328,.jpg,434159,JPEG,RGB,1313,984,1,,,,,False,1313,984,1565.1910958587089,138.89349873860678,59.83092561105116,0.061518351236979164,0.0037689208984375,82a935d076c33fc9,True,1.291992,1.3343495934959348,1328,True
001329.jpg,001329,.jpg,58980,JPEG,RGB,640,640,1,,,,,False,640,640,514.2143900178926,99.6512680053711,63.29107651866824,0.20433807373046875,0.0,c1a035d922e76f17,True,0.4096,1.0,1329,True
001330.jpg,001330,.jpg,57621,JPEG,RGB,640,640,1,,,,,False,640,640,331.7907427415339,111.27364349365234,59.85220809272052,0.12484359741210938,0.000713348388671875,d5fd4bc041431e2f,True,0.4096,1.0,1330,True
001331.jpg,001331,.jpg,341035,JPEG,RGB,906,1208,1,,,,,False,906,1208,438.38356838683194,128.7353515625,58.66956587242064,0.06981404622395833,0.0004374186197916667,d5691a5d0f2e34b4,True,1.094448,0.75,1331,True
001332.jpg,001332,.jpg,423500,JPEG,RGB,1020,1360,1,,,,,False,1020,1360,917.2648386247198,109.92959594726562,58.96454557117516,0.050333658854166664,0.011927286783854166,e37512cc36acd668,True,1.3872,0.75,1332,True
001333.jpg,001333,.jpg,55149,JPEG,RGB,640,640,1,,,,,False,640,640,344.3758145509637,93.19804382324219,60.7435349641061,0.14339447021484375,0.0001220703125,e3f212ce3ca496f0,True,0.4096,1.0,1333,True
001334.jpg,001334,.jpg,433535,JPEG,RGB,1032,1246,1,,,,,False,1032,1246,1684.2707015728558,142.38781047317218,55.18464803678142,0.0599987102004717,0.0,84cf10ea77893f8a,True,1.285872,0.8282504012841091,1334,True
001335.jpg,001335,.jpg,58682,JPEG,RGB,640,640,1,,,,,False,640,640,572.2419898998778,151.74608612060547,57.66852899847798,0.0524444580078125,0.000316619873046875,c5ce10ea5ac53b8b,True,0.4096,1.0,1335,True
001336.jpg,001336,.jpg,456257,JPEG,RGB,971,1295,1,,,,,False,971,1295,1769.1692228763268,145.9242960611979,65.6929900782977,0.0613861083984375,0.006490071614583333,d1724bf139f561c0,True,1.257445,0.7498069498069498,1336,True
001337.jpg,001337,.jpg,61776,JPEG,RGB,640,640,1,,,,,False,640,640,581.4294235431007,94.07435607910156,60.43320657815966,0.2249603271484375,0.0,c0624fe379f560d2,True,0.4096,1.0,1337,True
001338.jpg,001338,.jpg,462215,JPEG,RGB,873,1164,1,,,,,False,873,1164,3288.3820287370017,152.32532755533853,65.86650245477071,0.031117757161458332,0.0013834635416666667,95752ae439b171ca,True,1.016172,0.75,1338,True
001339.jpg,001339,.jpg,77074,JPEG,RGB,640,640,1,,,,,False,640,640,1200.1850760348461,118.78499984741211,69.1647918397673,0.15062713623046875,0.0,80622ac67f5775d2,True,0.4096,1.0,1339,True
001340.jpg,001340,.jpg,403753,JPEG,RGB,902,1036,1,,,,,False,902,1036,3106.150784101772,156.02996689321748,49.722626622461455,0.01339598514573991,0.0,9015cb9c6ed683ce,True,0.934472,0.8706563706563707,1340,True
001341.jpg,001341,.jpg,70814,JPEG,RGB,640,640,1,,,,,False,640,640,847.0119768554432,188.06150817871094,58.954627297966155,0.0,0.13967132568359375,901d5b1f6e034f4e,True,0.4096,1.0,1341,True
001342.jpg,001342,.jpg,374973,JPEG,RGB,1305,979,1,,,,,False,1305,979,642.040966027701,117.35206095377605,64.40566572792305,0.058624267578125,0.005269368489583333,c6fb886b698419b5,True,1.277595,1.3329928498467825,1342,True
001343.jpg,001343,.jpg,50007,JPEG,RGB,640,640,1,,,,,False,640,640,215.2273403708241,125.39645385742188,68.38597767364979,0.0699005126953125,0.00916290283203125,c4db98e26b841bb3,True,0.4096,1.0,1343,True
001344.jpg,001344,.jpg,328014,JPEG,RGB,1120,840,1,,,,,False,1120,840,1071.542351709446,121.23064676920573,63.95055783777685,0.0338287353515625,0.0006764729817708334,c47eb06aa5932f94,True,0.9408,1.3333333333333333,1344,True
001345.jpg,001345,.jpg,361827,JPEG,RGB,1189,892,1,,,,,False,1189,892,1038.8386653909045,122.41505940755208,52.04233028702527,0.022043863932291668,0.0003102620442708333,c4f9114fb486789e,True,1.060588,1.3329596412556053,1345,True
001346.jpg,001346,.jpg,54382,JPEG,RGB,640,640,1,,,,,False,640,640,330.6836464115768,115.20519638061523,57.24876666615381,0.07744598388671875,0.000308990478515625,807a1f6eb51e7096,True,0.4096,1.0,1346,True
001347.jpg,001347,.jpg,287380,JPEG,RGB,869,1158,1,,,,,False,869,1158,350.67975547816604,117.81020609537761,54.835610486725024,0.052027384440104164,0.0010477701822916667,a9f290a16ba3932f,True,1.006302,0.7504317789291882,1347,True
001348.jpg,001348,.jpg,44795,JPEG,RGB,640,640,1,,,,,False,640,640,150.74106769890932,77.00354385375977,53.72480040230505,0.2515411376953125,0.0,85fa90686f534774,True,0.4096,1.0,1348,True
001349.jpg,001349,.jpg,317923,JPEG,RGB,905,1207,1,,,,,False,905,1207,528.3053590154484,130.26905822753906,56.20364102049692,0.015858968098958332,0.003977457682291667,b3d8064d12ddd4cd,True,1.092335,0.7497928748964374,1349,True
001350.jpg,001350,.jpg,49703,JPEG,RGB,640,640,1,,,,,False,640,640,220.3011494501843,116.46004104614258,57.99751360036048,0.06879425048828125,0.0,b3d8064517dd446f,True,0.4096,1.0,1350,True
001351.jpg,001351,.jpg,402976,JPEG,RGB,1012,1349,1,,,,,False,1012,1349,575.6538481873771,136.7829132080078,58.33340204951852,0.0396881103515625,0.029261271158854168,92c1aacd17d555d8,True,1.365188,0.7501853224610823,1351,True
001352.jpg,001352,.jpg,431219,JPEG,RGB,974,1298,1,,,,,False,974,1298,1313.817504546605,133.93635050455728,55.163923988208865,0.0037485758463541665,0.0005137125651041666,f13f7a21a03e8768,True,1.264252,0.7503852080123267,1352,True
001353.jpg,001353,.jpg,54465,JPEG,RGB,640,640,1,,,,,False,640,640,455.12724136839097,169.74396133422852,63.9981489492233,0.0,0.118072509765625,c0bf51414b3f17a5,True,0.4096,1.0,1353,True
001354.jpg,001354,.jpg,466913,JPEG,RGB,1357,1018,1,,,,,False,1357,1018,361.2284643177151,138.80481465657553,49.468554993638136,0.01068115234375,0.0,c8e09470c49d777e,True,1.381426,1.3330058939096268,1354,True
001355.jpg,001355,.jpg,391453,JPEG,RGB,1117,939,1,,,,,False,1117,939,1005.0206387738218,132.1093386627907,46.80562919194563,0.004837390988372093,1.3626453488372093e-05,83d097ea837a9678,True,1.048863,1.189563365282215,1355,True
001356.jpg,001356,.jpg,399754,JPEG,RGB,909,1282,1,,,,,False,909,1282,466.50211777897067,103.51582945936639,60.073887166389895,0.005977746212121212,0.0014796401515151515,e85c9568bec5881f,True,1.165338,0.7090483619344774,1356,True
001357.jpg,001357,.jpg,45379,JPEG,RGB,640,640,1,,,,,False,640,640,183.13662293295783,109.08306121826172,60.355203654351456,0.02356719970703125,0.005672454833984375,e05c95a87ec5c03f,True,0.4096,1.0,1357,True
001358.jpg,001358,.jpg,414992,JPEG,RGB,885,1141,1,,,,,False,885,1141,2156.186322762578,142.16001849811084,49.05023196696945,0.008530777707808565,4.919710327455919e-06,809c6789774cf365,True,1.009785,0.775635407537248,1358,True
001359.jpg,001359,.jpg,60177,JPEG,RGB,640,640,1,,,,,False,640,640,570.8070978852338,80.831298828125,47.715597786178286,0.19479751586914062,0.0,d49e63c96f487324,True,0.4096,1.0,1359,True
001360.jpg,001360,.jpg,508241,JPEG,RGB,928,1238,1,,,,,False,928,1238,2406.105302784178,138.5433553059896,58.95472352630352,0.024505615234375,0.0,c0c448d63bbb796c,True,1.148864,0.7495961227786753,1360,True
001361.jpg,001361,.jpg,70758,JPEG,RGB,640,640,1,,,,,False,640,640,648.7152251563384,188.18606567382812,64.83182085244512,0.0,0.22954559326171875,d58568d63bab1a13,True,0.4096,1.0,1361,True
001362.jpg,001362,.jpg,375393,JPEG,RGB,863,1116,1,,,,,False,863,1116,2100.0372912472167,132.86388790246212,57.21500400774088,0.02490234375,0.0,80b86f4a12e7ca77,True,0.963108,0.7732974910394266,1362,True
001363.jpg,001363,.jpg,57546,JPEG,RGB,640,640,1,,,,,False,640,640,630.4256666330039,135.50939559936523,64.59203399043146,0.08525848388671875,0.000797271728515625,95bc6f4a12674a74,True,0.4096,1.0,1363,True
001364.jpg,001364,.jpg,283651,JPEG,RGB,802,1080,1,,,,,False,802,1080,791.7946404368855,104.02310341282895,59.030537819869465,0.07399259868421053,0.0005345394736842106,c3303c3f0a7a6b2b,True,0.86616,0.7425925925925926,1364,True
001365.jpg,001365,.jpg,473523,JPEG,RGB,981,1308,1,,,,,False,981,1308,894.3690942062271,151.90882873535156,58.731833247986714,0.010991414388020834,0.0011749267578125,906c29753e2bd770,True,1.283148,0.75,1365,True
001366.jpg,001366,.jpg,363097,JPEG,RGB,1282,961,1,,,,,False,1282,961,983.1612700633445,130.58880615234375,57.516457386588435,0.0298919677734375,0.0,857a01abd19f338b,True,1.232002,1.3340270551508846,1366,True
001367.jpg,001367,.jpg,51841,JPEG,RGB,640,640,1,,,,,False,640,640,309.08489109924994,88.77463912963867,60.093283342867096,0.21594619750976562,0.0,957e0abdca953143,True,0.4096,1.0,1367,True
001368.jpg,001368,.jpg,336733,JPEG,RGB,966,1288,1,,,,,False,966,1288,185.957686940415,136.00574747721353,64.3702480700161,0.044916788736979164,0.0011749267578125,d8633477ebd0a624,True,1.244208,0.75,1368,True
001369.jpg,001369,.jpg,476785,JPEG,RGB,1348,1011,1,,,,,False,1348,1011,2147.7656066976233,148.3462168375651,63.9572181907401,0.030690511067708332,0.0007731119791666666,e6071106669fbdca,True,1.362828,1.3333333333333333,1369,True
001370.jpg,001370,.jpg,219634,JPEG,RGB,914,1219,1,,,,,False,914,1219,284.9101985612004,140.84420776367188,63.04416808020853,0.033381144205729164,0.0023651123046875,cb7d12b06dedd600,True,1.114166,0.7497949138638228,1370,True
001371.jpg,001371,.jpg,494932,JPEG,RGB,954,1272,1,,,,,False,954,1272,1847.7114795394398,136.73038736979166,55.45693868037762,0.0559539794921875,0.00012715657552083334,d6d62d916d920ae9,True,1.213488,0.75,1371,True
001372.jpg,001372,.jpg,403706,JPEG,RGB,970,1294,1,,,,,False,970,1294,765.6724744214572,113.30924987792969,66.6732339916935,0.0666351318359375,0.0053558349609375,ac7365bd87509c07,True,1.25518,0.749613601236476,1372,True
001373.jpg,001373,.jpg,57118,JPEG,RGB,640,640,1,,,,,False,640,640,289.83854025392793,113.21449661254883,68.02809359530268,0.09238433837890625,0.008327484130859375,bd6b659c43105e5a,True,0.4096,1.0,1373,True
001374.jpg,001374,.jpg,387623,JPEG,RGB,1259,944,1,,,,,False,1259,944,2139.341410345683,125.21577962239583,69.81476949338852,0.010594685872395834,0.0008494059244791666,8ae49f7faec1003a,True,1.188496,1.333686440677966,1374,True
001375.jpg,001375,.jpg,51063,JPEG,RGB,640,640,1,,,,,False,640,640,695.6346331097739,150.68024063110352,70.8492968422859,0.0,0.0764007568359375,c5e09f7acd40127e,True,0.4096,1.0,1375,True
001376.jpg,001376,.jpg,378730,JPEG,RGB,1025,1367,1,,,,,False,1025,1367,263.8115934604364,117.12677510579427,52.46504850613036,0.003911336263020833,0.009389241536458334,a75e3fb030652347,True,1.401175,0.7498171177761521,1376,True
001377.jpg,001377,.jpg,40490,JPEG,RGB,640,640,1,,,,,False,640,640,137.68358694690687,154.31777954101562,56.25320078557137,0.0,0.08020782470703125,855a35b07867436f,True,0.4096,1.0,1377,True
001378.jpg,001378,.jpg,317562,JPEG,RGB,957,1276,1,,,,,False,957,1276,907.7566690805057,145.20324198404947,54.083780530160105,0.004603068033854167,0.0038960774739583335,83785f21a8ddccca,True,1.221132,0.75,1378,True
001379.jpg,001379,.jpg,43912,JPEG,RGB,640,640,1,,,,,False,640,640,302.31777147663524,190.73398208618164,58.598510947228576,0.0,0.25492095947265625,c53e4e352c95ce85,True,0.4096,1.0,1379,True
001380.jpg,001380,.jpg,438743,JPEG,RGB,991,1322,1,,,,,False,991,1322,923.9527129286435,99.81176249186198,66.84575577016057,0.12876383463541666,0.016504923502604168,d4202bd6629f787c,True,1.310102,0.7496217851739788,1380,True
001381.jpg,001381,.jpg,48096,JPEG,RGB,640,640,1,,,,,False,640,640,263.29277202101366,50.07529830932617,55.83270002994746,0.4681816101074219,0.0,d6202be660977ccd,True,0.4096,1.0,1381,True
001382.jpg,001382,.jpg,304280,JPEG,RGB,948,1264,1,,,,,False,948,1264,802.1351860225355,135.36270650227866,68.35947239712614,0.055989583333333336,0.043599446614583336,d778380313dabd58,True,1.198272,0.75,1382,True
001383.jpg,001383,.jpg,41497,JPEG,RGB,640,640,1,,,,,False,640,640,276.3270592754707,155.01147079467773,73.08771717364355,0.0,0.0731201171875,d0e030c63f977572,True,0.4096,1.0,1383,True
001384.jpg,001384,.jpg,221013,JPEG,RGB,878,1127,1,,,,,False,878,1127,423.58104240760656,138.41990718984962,61.58785861195511,0.029365405701754384,0.016437578320802004,b4a4cbde08ad7e12,True,0.989506,0.7790594498669032,1384,True
001385.jpg,001385,.jpg,37477,JPEG,RGB,640,640,1,,,,,False,640,640,172.95462532433157,114.51373672485352,64.70107964978483,0.11597824096679688,0.0,b4b5c99f558e240b,True,0.4096,1.0,1385,True
001386.jpg,001386,.jpg,130897,JPEG,RGB,604,928,1,,,,,False,604,928,279.4078452013769,134.58666478978978,46.90611638900033,0.009794951201201201,0.0,8ff3a065870e9369,True,0.560512,0.6508620689655172,1386,True
001387.jpg,001387,.jpg,267439,JPEG,RGB,698,930,1,,,,,False,698,930,1659.5302337569494,149.07979838053384,55.276723393349364,0.018976847330729168,0.0017445882161458333,c9f72b443b633126,True,0.64914,0.7505376344086021,1387,True
001388.jpg,001388,.jpg,59659,JPEG,RGB,640,640,1,,,,,False,640,640,465.82169332668127,140.18448638916016,65.52111941462057,0.0987548828125,0.00112152099609375,d5aa2ac62eeb0aa5,True,0.4096,1.0,1388,True
001389.jpg,001389,.jpg,361862,JPEG,RGB,849,1131,1,,,,,False,849,1131,1029.397759265344,126.544189453125,56.542024634192565,0.029917399088541668,0.0,9c712d9416d30df9,True,0.960219,0.7506631299734748,1389,True
001390.jpg,001390,.jpg,58480,JPEG,RGB,640,640,1,,,,,False,640,640,302.75593617907725,92.8416976928711,58.654889286242074,0.1768798828125,0.0,94f02d9117d7439d,True,0.4096,1.0,1390,True
001391.jpg,001391,.jpg,337807,JPEG,RGB,1008,756,1,,,,,False,1008,756,1080.7107163524618,125.55225626627605,42.13903364253749,0.023157755533854168,1.52587890625e-05,db9eb4709823cb23,True,0.762048,1.3333333333333333,1391,True
001392.jpg,001392,.jpg,58150,JPEG,RGB,640,640,1,,,,,False,640,640,337.0923864804208,162.45296478271484,51.053326049706605,0.0,0.0330657958984375,88bc347519b25af3,True,0.4096,1.0,1392,True
001393.jpg,001393,.jpg,189814,JPEG,RGB,557,722,1,,,,,False,557,722,1632.8360495030568,134.6206586234177,77.01473130162685,0.15751582278481013,0.0006823575949367088,82907d877b872397,True,0.402154,0.7714681440443213,1393,True
001394.jpg,001394,.jpg,667070,JPEG,RGB,1545,2036,1,2021:03:12 21:10:46,Apple,iPhone 11,14.4,True,1545,2036,695.5741020159682,141.21164042416453,49.041227752424575,0.0,2.5104434447300772e-05,e8aad7817ed72068,True,3.14562,0.7588408644400786,1394,True
001395.jpg,001395,.jpg,51312,JPEG,RGB,640,640,1,,,,,False,640,640,281.567471839895,152.15850830078125,56.72278832093234,0.055774688720703125,0.000209808349609375,f5a5d0853f823c2d,True,0.4096,1.0,1395,True
001396.jpg,001396,.jpg,163082,JPEG,RGB,577,717,1,,,,,False,577,717,723.3992663678196,154.61449958282768,52.94143428953501,0.020066937196601943,0.0,d4f760976017e88e,True,0.413709,0.8047419804741981,1396,True
001397.jpg,001397,.jpg,57089,JPEG,RGB,640,640,1,,,,,False,640,640,255.4275683560263,144.50064849853516,59.617304911649356,0.06430435180664062,0.0,d5a36a93701764ce,True,0.4096,1.0,1397,True
001398.jpg,001398,.jpg,241456,JPEG,RGB,745,819,1,,,,,False,745,819,1834.7167791113513,163.70771023336908,48.19674906819704,0.007284401824034335,0.00398588385193133,d55702c52a3d6f25,True,0.610155,0.9096459096459096,1398,True
001399.jpg,001399,.jpg,67331,JPEG,RGB,640,640,1,,,,,False,640,640,655.2526210896758,181.78678131103516,60.45001231161388,7.2479248046875e-05,0.039997100830078125,d52a424a0b7a2d7f,True,0.4096,1.0,1399,True
001400.jpg,001400,.jpg,164738,JPEG,RGB,664,755,1,,,,,False,664,755,778.6065277774766,111.56180989583333,45.42336866477674,0.05695746527777778,4.340277777777778e-06,83db55887d2ad638,True,0.50132,0.8794701986754967,1400,True
001401.jpg,001401,.jpg,40463,JPEG,RGB,640,640,1,,,,,False,640,640,208.24120835562644,60.06597137451172,40.07008645108801,0.23258209228515625,0.0,82d669496d7c5669,True,0.4096,1.0,1401,True
001402.jpg,001402,.jpg,172519,JPEG,RGB,585,777,1,,,,,False,585,777,1239.6535425705442,124.69615969967532,59.05735294573098,0.02150466720779221,0.0,882fc70145df38fa,True,0.454545,0.752895752895753,1402,True
001403.jpg,001403,.jpg,63794,JPEG,RGB,640,640,1,,,,,False,640,640,457.3798533899244,140.80501174926758,61.03208117802226,0.026691436767578125,0.0308380126953125,8827c70047df38fe,True,0.4096,1.0,1403,True
001404.jpg,001404,.jpg,113406,JPEG,RGB,528,590,1,,,,,False,528,590,541.2021932885625,134.00223457969432,55.15559434913296,0.016921397379912665,0.0,d25af82d6d859670,True,0.31152,0.8949152542372881,1404,True
001405.jpg,001405,.jpg,49287,JPEG,RGB,640,640,1,,,,,False,640,640,232.5962995206355,129.42201614379883,56.00605324917497,0.031280517578125,0.0,825af82d6dc5d670,True,0.4096,1.0,1405,True
001406.jpg,001406,.jpg,222652,JPEG,RGB,693,818,1,,,,,False,693,818,465.9106229395361,91.65446338565668,56.882927960057,0.08536596342165899,0.002029629896313364,aef860d4d8543376,True,0.566874,0.8471882640586798,1406,True
001407.jpg,001407,.jpg,39585,JPEG,RGB,640,640,1,,,,,False,640,640,163.3498415294889,46.0957145690918,49.33225802732463,0.4657936096191406,0.0,befd66105a513351,True,0.4096,1.0,1407,True
001408.jpg,001408,.jpg,328392,JPEG,RGB,756,1008,1,,,,,False,756,1008,2074.9227947847044,127.90380350748698,56.50350939609856,0.0329742431640625,0.0015360514322916667,d1de26ae250a7566,True,0.762048,0.75,1408,True
001409.jpg,001409,.jpg,67239,JPEG,RGB,640,640,1,,,,,False,640,640,616.6567885536788,124.8608512878418,60.54599619046028,0.0775299072265625,0.0019683837890625,d5da32a7280b7666,True,0.4096,1.0,1409,True
001410.jpg,001410,.jpg,206759,JPEG,RGB,723,965,1,,,,,False,723,965,1104.569829958077,136.71158854166666,68.60975292919026,0.07683308919270833,5.086263020833333e-06,cad625d235c07fc2,True,0.697695,0.7492227979274612,1410,True
001411.jpg,001411,.jpg,322014,JPEG,RGB,756,1008,1,,,,,False,756,1008,2876.45306725262,134.96956888834634,61.36808291117265,0.08640034993489583,5.086263020833333e-06,9ee10ee35023671f,True,0.762048,0.75,1411,True
001412.jpg,001412,.jpg,64491,JPEG,RGB,640,640,1,,,,,False,640,640,823.8059472092282,136.31752014160156,64.96002332106455,0.0813446044921875,4.9591064453125e-05,97f146e360136717,True,0.4096,1.0,1412,True
001413.jpg,001413,.jpg,642888,JPEG,RGB,1535,2048,1,2021:03:09 00:19:13,Apple,iPhone 11,14.4,True,1535,2048,1152.4402716345824,127.4729512532552,54.26609496244752,0.00579833984375,0.0009816487630208333,99bc7045b712e2b6,True,3.14368,0.74951171875,1413,True
001414.jpg,001414,.jpg,52837,JPEG,RGB,640,640,1,,,,,False,640,640,413.3182143336162,78.83124160766602,55.53517044465324,0.28131866455078125,0.0,99bd155515374b92,True,0.4096,1.0,1414,True
001415.jpg,001415,.jpg,311926,JPEG,RGB,756,1008,1,,,,,False,756,1008,519.1732392770549,137.42276000976562,42.35855278676299,0.009765625,0.0,9284691f4edb9c6c,True,0.762048,0.75,1415,True
001416.jpg,001416,.jpg,271558,JPEG,RGB,756,1008,1,,,,,False,756,1008,1025.1296919716729,154.00577799479166,60.58117482070188,0.008122762044270834,0.0,a9b7c0f49bc2916c,True,0.762048,0.75,1416,True
001417.jpg,001417,.jpg,42792,JPEG,RGB,640,640,1,,,,,False,640,640,315.7375661944825,86.20275497436523,58.54621706013506,0.17073822021484375,0.0,a8bf40f435ca93e1,True,0.4096,1.0,1417,True
001418.jpg,001418,.jpg,209435,JPEG,RGB,637,839,1,,,,,False,637,839,531.6175818055738,122.85490641066838,45.895973542774136,0.005005824228791774,0.009690311696658098,f8aa2f05484b7637,True,0.534443,0.7592371871275327,1418,True
001419.jpg,001419,.jpg,59851,JPEG,RGB,640,640,1,,,,,False,640,640,268.3212271148659,109.51754760742188,49.06382601093178,0.042568206787109375,2.6702880859375e-05,f0aa2f4149637675,True,0.4096,1.0,1419,True
001420.jpg,001420,.jpg,210854,JPEG,RGB,756,1008,1,,,,,False,756,1008,1012.9718854025831,130.09200541178384,59.83671369210816,0.07692464192708333,0.0003204345703125,b0b44dcb47d27c89,True,0.762048,0.75,1420,True
001421.jpg,001421,.jpg,40682,JPEG,RGB,640,640,1,,,,,False,640,640,383.1809519967064,86.87560653686523,53.38507444743132,0.22288894653320312,0.0,b0344bcb4f726cc9,True,0.4096,1.0,1421,True
001422.jpg,001422,.jpg,177557,JPEG,RGB,640,989,1,,,,,False,640,989,662.7980609696416,111.42604678058912,50.340697678523114,0.05950835536253776,0.005257505664652568,d0d63fc0bcc933c2,True,0.63296,0.647118301314459,1422,True
001423.jpg,001423,.jpg,42957,JPEG,RGB,640,640,1,,,,,False,640,640,187.9816306122666,56.039459228515625,44.28245655141632,0.3419303894042969,0.0,d8d737e02e8c3583,True,0.4096,1.0,1423,True
001424.jpg,001424,.jpg,194031,JPEG,RGB,705,941,1,,,,,False,705,941,1042.2574030208245,142.7342987060547,56.09954365563858,0.042439778645833336,0.0,87c9048b26fbb53a,True,0.663405,0.7492029755579172,1424,True
001425.jpg,001425,.jpg,50848,JPEG,RGB,640,640,1,,,,,False,640,640,417.07982548180735,108.79533386230469,56.651677910394646,0.13409805297851562,0.0,85c305922dfaad3e,True,0.4096,1.0,1425,True
001426.jpg,001426,.jpg,202167,JPEG,RGB,604,936,1,,,,,False,604,936,719.310713817607,116.7429746685606,46.07395557005111,0.04398674242424242,0.0,e1fd32155c92c3a3,True,0.565344,0.6452991452991453,1426,True
001427.jpg,001427,.jpg,249391,JPEG,RGB,679,998,1,,,,,False,679,998,1320.3289380400197,82.39778645833333,76.62024668393457,0.4168799389367816,0.005511404454022989,85c4387ab4e9cb36,True,0.677642,0.6803607214428857,1427,True
001428.jpg,001428,.jpg,57580,JPEG,RGB,640,640,1,,,,,False,640,640,396.5258281351853,103.3197135925293,76.04039211750255,0.00368499755859375,0.010623931884765625,85d4783ab5c9cb34,True,0.4096,1.0,1428,True
001429.jpg,001429,.jpg,226107,JPEG,RGB,756,1008,1,,,,,False,756,1008,748.6841124292047,141.46329243977866,64.41713567032015,0.057912190755208336,0.0004679361979166667,deef78837f8021a0,True,0.762048,0.75,1429,True
001430.jpg,001430,.jpg,45796,JPEG,RGB,640,640,1,,,,,False,640,640,268.9994608613051,149.1738510131836,72.09606429623503,0.09189987182617188,0.008319854736328125,d5ef300f78087c3a,True,0.4096,1.0,1430,True
001431.jpg,001431,.jpg,58132,JPEG,RGB,640,640,1,,,,,False,640,640,588.2029825514182,85.75936126708984,53.28192270797133,0.2086639404296875,0.0,80b53ee47cdc1cd8,True,0.4096,1.0,1431,True
001432.jpg,001432,.jpg,262877,JPEG,RGB,756,1008,1,,,,,False,756,1008,699.2724755678532,109.0255126953125,47.73151225029471,0.067291259765625,5.5948893229166664e-05,d51227d51237373a,True,0.762048,0.75,1432,True
001433.jpg,001433,.jpg,54455,JPEG,RGB,640,640,1,,,,,False,640,640,258.94025159534067,156.97800827026367,50.83828063386797,0.0,0.025997161865234375,c1ba278512b377b2,True,0.4096,1.0,1433,True
001434.jpg,001434,.jpg,315212,JPEG,RGB,756,1008,1,,,,,False,756,1008,915.8273592432961,115.41302490234375,48.64391746570029,0.022435506184895832,0.0003814697265625,85872bc02a59bfd9,True,0.762048,0.75,1434,True
001435.jpg,001435,.jpg,59678,JPEG,RGB,640,640,1,,,,,False,640,640,299.6799721618736,163.81341934204102,50.55444517554753,0.0,0.0501861572265625,800f4c544f717f7c,True,0.4096,1.0,1435,True
001436.jpg,001436,.jpg,227281,JPEG,RGB,739,985,1,,,,,False,739,985,696.05139938328,111.22506713867188,56.43744497051019,0.02020263671875,0.0004628499348958333,bf9606c8193a3b36,True,0.727915,0.750253807106599,1436,True
001437.jpg,001437,.jpg,241837,JPEG,RGB,683,907,1,,,,,False,683,907,585.2518692845874,156.09948793717618,59.19836915628965,0.031118442357512953,2.0239637305699483e-05,886a13e53d2e1f4b,True,0.619481,0.75303197353914,1437,True
001438.jpg,001438,.jpg,53512,JPEG,RGB,640,640,1,,,,,False,640,640,216.35052526205254,190.0118637084961,67.21048988666244,0.0,0.20770263671875,80e215e5793e5b0f,True,0.4096,1.0,1438,True
001439.jpg,001439,.jpg,265911,JPEG,RGB,756,1008,1,,,,,False,756,1008,818.7512829829162,136.51260884602866,58.21175536994289,0.035491943359375,0.00011698404947916667,c275290a1d959fba,True,0.762048,0.75,1439,True
001440.jpg,001440,.jpg,55834,JPEG,RGB,640,640,1,,,,,False,640,640,286.5689268704591,163.9959487915039,62.03547347973415,0.0,0.10021591186523438,d3b1290b58dd959a,True,0.4096,1.0,1440,True
001441.jpg,001441,.jpg,303822,JPEG,RGB,739,985,1,,,,,False,739,985,1373.2165344237194,137.26327006022134,54.076793549715525,0.021728515625,0.0028940836588541665,9dd430b8cf0762e6,True,0.727915,0.750253807106599,1441,True
001442.jpg,001442,.jpg,67131,JPEG,RGB,640,640,1,,,,,False,640,640,419.7753823889507,187.51457977294922,58.14401788080428,0.0,0.18254852294921875,90c031715f5f4fc6,True,0.4096,1.0,1442,True
001443.jpg,001443,.jpg,189014,JPEG,RGB,723,965,1,,,,,False,723,965,617.276594373915,140.22005208333334,65.57723916421216,0.037531534830729164,2.0345052083333332e-05,d645226e13b6c5b3,True,0.697695,0.7492227979274612,1443,True
001444.jpg,001444,.jpg,49988,JPEG,RGB,640,640,1,,,,,False,640,640,254.2285237898468,146.49707794189453,71.24526243719836,0.061016082763671875,0.004062652587890625,d4e0216e39b7c4b3,True,0.4096,1.0,1444,True
001445.jpg,001445,.jpg,201898,JPEG,RGB,731,993,1,,,,,False,731,993,247.65453140132854,124.72953104277188,60.02353505744377,0.03799527519893899,0.0003315649867374005,bbc62a01dbd41bb4,True,0.725883,0.7361530715005036,1445,True
001446.jpg,001446,.jpg,49114,JPEG,RGB,640,640,1,,,,,False,640,640,132.8512743065221,148.55083465576172,65.30843722695954,0.0,0.03203582763671875,81d5012fd99f18bb,True,0.4096,1.0,1446,True
001447.jpg,001447,.jpg,261863,JPEG,RGB,728,981,1,,,,,False,728,981,2162.3287932265175,108.59576994243422,58.180642293978124,0.03749486019736842,0.00023129111842105262,ab7250d13cd334cb,True,0.714168,0.7420998980632009,1447,True
001448.jpg,001448,.jpg,64428,JPEG,RGB,640,640,1,,,,,False,640,640,630.5362656136131,112.92707443237305,59.516060108469674,0.055721282958984375,0.01522064208984375,8a745ac07dd768ca,True,0.4096,1.0,1448,True
001449.jpg,001449,.jpg,148833,JPEG,RGB,710,946,1,,,,,False,710,946,353.0321802718099,148.96912638346353,49.354519492604155,0.0240020751953125,0.0,947c1a603a753af5,True,0.67166,0.7505285412262156,1449,True
001450.jpg,001450,.jpg,323110,JPEG,RGB,756,1008,1,,,,,False,756,1008,1879.160433971944,139.4287872314453,57.01738384472013,0.019922892252604168,5.5948893229166664e-05,80d62dd63dc86a3d,True,0.762048,0.75,1450,True
001451.jpg,001451,.jpg,62769,JPEG,RGB,640,640,1,,,,,False,640,640,534.9708816095808,166.95088577270508,63.664553315566096,0.0,0.0396575927734375,d4ca25cb2c49765d,True,0.4096,1.0,1451,True
001452.jpg,001452,.jpg,226792,JPEG,RGB,680,907,1,,,,,False,680,907,1204.651429010762,120.02001444498698,45.00506598563695,0.012908935546875,0.0,825808dd7dbd3e89,True,0.61676,0.7497243660418964,1452,True
001453.jpg,001453,.jpg,59578,JPEG,RGB,640,640,1,,,,,False,640,640,532.9969146777294,116.43417358398438,47.40570434575603,0.038120269775390625,0.0,8278087d7dad7a89,True,0.4096,1.0,1453,True
001454.jpg,001454,.jpg,269083,JPEG,RGB,680,910,1,,,,,False,680,910,2139.556689767784,131.17972319680158,68.08817336686626,0.044789286879895564,0.0005303524804177546,9cd52bfa69525891,True,0.6188,0.7472527472527473,1454,True
001455.jpg,001455,.jpg,60649,JPEG,RGB,640,640,1,,,,,False,640,640,381.7976956628263,181.79530715942383,60.63068819042291,0.0,0.23195266723632812,9cd629fa69535491,True,0.4096,1.0,1455,True
001456.jpg,001456,.jpg,209437,JPEG,RGB,644,863,1,,,,,False,644,863,1039.3580412473211,133.7520195926047,58.41385143633531,0.025544011780104712,0.00029654777486910994,9a5735a52e7c48c5,True,0.555772,0.746234067207416,1456,True
001457.jpg,001457,.jpg,54209,JPEG,RGB,640,640,1,,,,,False,640,640,256.22169360691623,162.71757888793945,66.14488108697485,0.0,0.0812835693359375,825b75b537b42686,True,0.4096,1.0,1457,True
001458.jpg,001458,.jpg,259838,JPEG,RGB,685,914,1,,,,,False,685,914,700.6335493512194,113.46775817871094,47.188238323929845,0.022343953450520832,0.0007680257161458334,fbd478135a52dc22,True,0.62609,0.74945295404814,1458,True
001459.jpg,001459,.jpg,58786,JPEG,RGB,640,640,1,,,,,False,640,640,246.82022758315725,100.38219833374023,52.02251211728919,0.09307479858398438,7.2479248046875e-05,ddc2449046d51ef7,True,0.4096,1.0,1459,True
001460.jpg,001460,.jpg,164442,JPEG,RGB,645,871,1,,,,,False,645,871,523.4191946114818,122.86200836906332,64.63911050351368,0.0862518552110818,0.00044834267810026383,bee56196c752c461,True,0.561795,0.7405281285878301,1460,True
001461.jpg,001461,.jpg,257166,JPEG,RGB,717,957,1,,,,,False,717,957,1255.837970574283,143.87354532877603,43.6505044287623,0.0021311442057291665,6.612141927083333e-05,c675182972fc333c,True,0.686169,0.7492163009404389,1461,True
001462.jpg,001462,.jpg,399996,JPEG,RGB,756,1008,1,,,,,False,756,1008,1850.0887853834365,127.36622111002605,50.190382142124896,0.012959798177083334,1.52587890625e-05,d2743f2b431a3978,True,0.762048,0.75,1462,True
001463.jpg,001463,.jpg,68543,JPEG,RGB,640,640,1,,,,,False,640,640,431.2387072044512,63.69773483276367,46.1413221313412,0.2791709899902344,0.0,d67e27214a1e3969,True,0.4096,1.0,1463,True
001464.jpg,001464,.jpg,205886,JPEG,RGB,649,866,1,,,,,False,649,866,710.6823972587525,137.45167032877603,51.994647644194316,0.03790283203125,0.0003000895182291667,8ee138e7e2f4c2d0,True,0.562034,0.7494226327944573,1464,True
001465.jpg,001465,.jpg,49855,JPEG,RGB,640,640,1,,,,,False,640,640,233.6042885681236,91.5312385559082,53.40191694195972,0.146697998046875,0.0,956538e772b50ab8,True,0.4096,1.0,1465,True
001466.jpg,001466,.jpg,226569,JPEG,RGB,756,1008,1,,,,,False,756,1008,451.76603060298504,140.13880411783853,57.1925260536321,0.019566853841145832,0.0,9ac57c34493735aa,True,0.762048,0.75,1466,True
001467.jpg,001467,.jpg,45984,JPEG,RGB,640,640,1,,,,,False,640,640,181.80624555703253,174.6365203857422,59.816517158534445,0.0,0.1020660400390625,9ac57d34497728aa,True,0.4096,1.0,1467,True
001468.jpg,001468,.jpg,195662,JPEG,RGB,656,876,1,,,,,False,656,876,1082.441606187763,154.20541469484334,56.041911971042246,0.0005711488250652742,0.0,d0d53d3d5c94383a,True,0.574656,0.7488584474885844,1468,True
001469.jpg,001469,.jpg,45295,JPEG,RGB,640,640,1,,,,,False,640,640,303.31354959658347,146.7739028930664,64.02180977259388,0.054157257080078125,0.0,c0812d3f5d953c3b,True,0.4096,1.0,1469,True
001470.jpg,001470,.jpg,380012,JPEG,RGB,756,1008,1,,,,,False,756,1008,1277.0282180797465,133.83532206217447,48.258153735606555,0.0088348388671875,0.0006306966145833334,87693b3b68c2489f,True,0.762048,0.75,1470,True
001471.jpg,001471,.jpg,67999,JPEG,RGB,640,640,1,,,,,False,640,640,401.3163999206736,146.17126846313477,53.462682153305785,0.0415496826171875,0.02361297607421875,84ed3a3b6a8a489f,True,0.4096,1.0,1471,True
001472.jpg,001472,.jpg,296665,JPEG,RGB,756,1008,1,,,,,False,756,1008,1503.6511992929866,112.4652811686198,58.73417023973253,0.0770111083984375,0.0008494059244791666,b943ceb94b144a5b,True,0.762048,0.75,1472,True
001473.jpg,001473,.jpg,59880,JPEG,RGB,640,640,1,,,,,False,640,640,421.4564326060354,94.8453254699707,61.58208351331801,0.18447113037109375,0.0,f5035e850b346b6b,True,0.4096,1.0,1473,True
001474.jpg,001474,.jpg,251789,JPEG,RGB,756,1008,1,,,,,False,756,1008,400.60175003481305,122.06022644042969,58.80031046617677,0.055714925130208336,0.0010935465494791667,8bd42b9670b6b570,True,0.762048,0.75,1474,True
001475.jpg,001475,.jpg,42821,JPEG,RGB,640,640,1,,,,,False,640,640,128.72126324265264,64.94561004638672,53.32829226103217,0.32393646240234375,0.0,cdce3a8d783394b0,True,0.4096,1.0,1475,True
001476.jpg,001476,.jpg,205216,JPEG,RGB,652,870,1,,,,,False,652,870,922.8583351209915,122.89689127604167,60.86278245919816,0.056238810221354164,0.0,8be92aa55ab69d50,True,0.56724,0.7494252873563219,1476,True
001477.jpg,001477,.jpg,50658,JPEG,RGB,640,640,1,,,,,False,640,640,239.1168973685708,160.76435470581055,64.85965314924823,0.0,0.11926651000976562,82c03f0d5a755c7e,True,0.4096,1.0,1477,True
001478.jpg,001478,.jpg,290019,JPEG,RGB,756,1008,1,,,,,False,756,1008,1519.1695789868372,125.22020467122395,62.67553590516619,0.0478973388671875,0.0,81cc3ec47774cb26,True,0.762048,0.75,1478,True
001479.jpg,001479,.jpg,56846,JPEG,RGB,640,640,1,,,,,False,640,640,426.7571943437215,85.65788650512695,62.331696769727806,0.2509117126464844,0.0,87c5768f36255338,True,0.4096,1.0,1479,True
001480.jpg,001480,.jpg,214774,JPEG,RGB,695,929,1,,,,,False,695,929,915.6466512842393,161.71603704308095,60.23992812370504,0.019923914817232376,0.0001274885770234987,d4fc4a2f0f6c2f20,True,0.645655,0.7481162540365985,1480,True
001481.jpg,001481,.jpg,278196,JPEG,RGB,756,1008,1,,,,,False,756,1008,628.7146607450883,131.72122701009116,68.05586886135971,0.047129313151041664,0.0015106201171875,8bda2e4b35362336,True,0.762048,0.75,1481,True
001482.jpg,001482,.jpg,51608,JPEG,RGB,640,640,1,,,,,False,640,640,215.5986785888672,160.53831481933594,70.00521567303214,0.0,0.17928314208984375,c5ca374b34363336,True,0.4096,1.0,1482,True
001483.jpg,001483,.jpg,234533,JPEG,RGB,756,1008,1,,,,,False,756,1008,307.4255711236554,129.35488891601562,57.753158504134156,0.050282796223958336,0.0003916422526041667,ca513c829dca2ff1,True,0.762048,0.75,1483,True
001484.jpg,001484,.jpg,231565,JPEG,RGB,723,965,1,,,,,False,723,965,1337.483271027372,129.0160675048828,54.58119179176863,0.0143280029296875,8.646647135416667e-05,c15224b43fd23edc,True,0.697695,0.7492227979274612,1484,True
001485.jpg,001485,.jpg,56389,JPEG,RGB,640,640,1,,,,,False,640,640,465.1940949900163,94.12686920166016,54.53858444895152,0.1118316650390625,0.0,c97224b43fc23ed8,True,0.4096,1.0,1485,True
001486.jpg,001486,.jpg,262639,JPEG,RGB,756,1008,1,,,,,False,756,1008,1586.2884399191373,113.47368876139323,57.14109996701215,0.08115641276041667,0.00017801920572916666,bfc13fc0c92a45c3,True,0.762048,0.75,1486,True
001487.jpg,001487,.jpg,54582,JPEG,RGB,640,640,1,,,,,False,640,640,479.5506834080443,99.0802993774414,61.55234897628014,0.16414642333984375,4.9591064453125e-05,b5ea11ca497345e5,True,0.4096,1.0,1487,True
001488.jpg,001488,.jpg,222421,JPEG,RGB,756,1008,1,,,,,False,756,1008,370.72331036417745,123.11623128255208,52.59537418861957,0.028539021809895832,9.663899739583333e-05,c97539f38df21442,True,0.762048,0.75,1488,True
001489.jpg,001489,.jpg,50098,JPEG,RGB,640,640,1,,,,,False,640,640,184.36786714695336,117.9166374206543,57.28416986602147,0.07648468017578125,5.7220458984375e-05,cd6a31f30c72546b,True,0.4096,1.0,1489,True
001490.jpg,001490,.jpg,283330,JPEG,RGB,756,1008,1,,,,,False,756,1008,1036.462926181007,127.28679911295573,55.33622792000116,0.034708658854166664,0.0,c1d32dc2bc2adc6a,True,0.762048,0.75,1490,True
001491.jpg,001491,.jpg,264012,JPEG,RGB,656,873,1,,,,,False,656,873,1726.6396542678037,112.47998173701299,53.99496217781879,0.016609172077922077,0.0,f8f2070f03962b2f,True,0.572688,0.7514318442153494,1491,True
001492.jpg,001492,.jpg,66367,JPEG,RGB,640,640,1,,,,,False,640,640,552.373074619507,129.62902069091797,58.99138792715391,0.004093170166015625,0.0270233154296875,d85f05070b523b7d,True,0.4096,1.0,1492,True
001493.jpg,001493,.jpg,244020,JPEG,RGB,690,922,1,,,,,False,690,922,996.1650610624971,122.93370593994779,52.85481710784988,0.027007180156657963,0.0,9f2c708dd0ceb334,True,0.63618,0.7483731019522777,1493,True
001494.jpg,001494,.jpg,56160,JPEG,RGB,640,640,1,,,,,False,640,640,426.20194096803607,86.78817367553711,50.98243397759561,0.155364990234375,0.0,9f2c708dd1c6b334,True,0.4096,1.0,1494,True
001495.jpg,001495,.jpg,234700,JPEG,RGB,756,1008,1,,,,,False,756,1008,886.3280938727161,149.97722880045572,67.35657637837234,0.055552164713541664,1.0172526041666666e-05,d0d02fc56bc13dc3,True,0.762048,0.75,1495,True
001496.jpg,001496,.jpg,270628,JPEG,RGB,756,1008,1,,,,,False,756,1008,555.1493617590103,119.53125,44.02079466520032,0.034464518229166664,0.0,d4d62b853a0619f7,True,0.762048,0.75,1496,True
001497.jpg,001497,.jpg,46313,JPEG,RGB,640,640,1,,,,,False,640,640,188.60100010641327,65.44027709960938,41.85529872744717,0.24643707275390625,0.0,80c06bd57e363b35,True,0.4096,1.0,1497,True
001498.jpg,001498,.jpg,321046,JPEG,RGB,756,1008,1,,,,,False,756,1008,2737.5422767384184,128.59442138671875,62.44324617055534,0.0381011962890625,0.0016581217447916667,dcd20a0c2af9aec7,True,0.762048,0.75,1498,True
001499.jpg,001499,.jpg,66268,JPEG,RGB,640,640,1,,,,,False,640,640,840.5748784182942,136.80289459228516,67.1850816460316,0.08146286010742188,0.0214080810546875,c4d70a2d6beb0dc2,True,0.4096,1.0,1499,True
001500.jpg,001500,.jpg,192806,JPEG,RGB,699,933,1,,,,,False,699,933,400.60483832150277,137.41079711914062,40.31550575488081,0.008046468098958334,4.0690104166666664e-05,c0c26f9d38ad27ac,True,0.652167,0.7491961414790996,1500,True
001501.jpg,001501,.jpg,51633,JPEG,RGB,640,640,1,,,,,False,640,640,191.5192078948021,169.93035888671875,42.65489292461946,0.0,0.028362274169921875,c4c22b9d38ad67ac,True,0.4096,1.0,1501,True
001502.jpg,001502,.jpg,315547,JPEG,RGB,756,1008,1,,,,,False,756,1008,977.7653493427721,123.21151224772136,54.99505959548718,0.028706868489583332,0.0,95f02e0f6c3b6893,True,0.762048,0.75,1502,True
001503.jpg,001503,.jpg,59760,JPEG,RGB,640,640,1,,,,,False,640,640,280.90114825963974,77.41458129882812,52.83191851393223,0.2618598937988281,0.0,91e02e0d6d3f6a9a,True,0.4096,1.0,1503,True
001504.jpg,001504,.jpg,429198,JPEG,RGB,831,1032,1,,,,,False,831,1032,1118.9795254277556,139.88029524423544,37.87895925882952,0.0023228913834951455,0.002417703276699029,f5d44c3133b8c1ec,True,0.857592,0.8052325581395349,1504,True
001505.jpg,001505,.jpg,67391,JPEG,RGB,640,640,1,,,,,False,640,640,365.8426878293394,145.72579193115234,42.713802221366045,0.02508544921875,0.007732391357421875,f5da4c3033b8c0ed,True,0.4096,1.0,1505,True
001506.jpg,001506,.jpg,347727,JPEG,RGB,793,925,1,,,,,False,793,925,1678.9498593700546,130.21806484908885,55.12910263233716,0.012728680239179955,0.00120123861047836,c4d4021f45f58abf,True,0.733525,0.8572972972972973,1506,True
001507.jpg,001507,.jpg,73622,JPEG,RGB,640,640,1,,,,,False,640,640,717.0961504675797,141.55941772460938,59.590700868981756,0.050556182861328125,0.008441925048828125,c580438f63d54abf,True,0.4096,1.0,1507,True
001508.jpg,001508,.jpg,249022,JPEG,RGB,824,1051,1,,,,,False,824,1051,481.9787561566782,153.58149060941398,52.87555585203926,0.026540095074812968,0.0008523612842892768,d4d2059507be55dc,True,0.866024,0.7840152235965747,1508,True
001509.jpg,001509,.jpg,40601,JPEG,RGB,640,640,1,,,,,False,640,640,181.88278770813486,110.59760284423828,58.28384944188977,0.15494918823242188,0.0,d48d056b0b4f6a6e,True,0.4096,1.0,1509,True
001510.jpg,001510,.jpg,553678,JPEG,RGB,972,1296,1,,,,,False,972,1296,1917.2942324773312,135.76095581054688,54.77116114699241,0.015167236328125,0.0,a8d62bc62f2f990a,True,1.259712,0.75,1510,True
001511.jpg,001511,.jpg,60989,JPEG,RGB,640,640,1,,,,,False,640,640,576.3948261754122,173.62847518920898,64.08888221186484,0.0,0.065765380859375,95955187172f1c37,True,0.4096,1.0,1511,True
001512.jpg,001512,.jpg,279990,JPEG,RGB,767,1023,1,,,,,False,767,1023,1298.447153447791,133.48531087239584,52.27452208358074,0.032704671223958336,0.0001983642578125,de18619e3cde2307,True,0.784641,0.7497556207233627,1512,True
001513.jpg,001513,.jpg,46043,JPEG,RGB,640,640,1,,,,,False,640,640,317.95395666355034,125.59160995483398,61.48120971402058,0.1094207763671875,0.000156402587890625,d88861df3ef40cb1,True,0.4096,1.0,1513,True
001514.jpg,001514,.jpg,219035,JPEG,RGB,781,1041,1,,,,,False,781,1041,359.66605886690223,132.25808715820312,52.48437326247164,0.0138397216796875,0.0004374186197916667,97ca28d9384d3cec,True,0.813021,0.7502401536983669,1514,True
001515.jpg,001515,.jpg,38860,JPEG,RGB,640,640,1,,,,,False,640,640,126.61021364474436,150.74532318115234,60.49528041326015,0.003742218017578125,0.017482757568359375,92c268c17bcd3b6c,True,0.4096,1.0,1515,True
001516.jpg,001516,.jpg,227807,JPEG,RGB,709,945,1,,,,,False,709,945,913.7314259763548,152.4412078857422,69.2325009128477,0.042994181315104164,0.0074462890625,d24b2d2d29553c7c,True,0.670005,0.7502645502645503,1516,True
001517.jpg,001517,.jpg,47447,JPEG,RGB,640,640,1,,,,,False,640,640,269.92518131666293,176.5978660583496,72.87799744623334,0.0,0.21708297729492188,d24b2d2f3546347a,True,0.4096,1.0,1517,True
001518.jpg,001518,.jpg,251834,JPEG,RGB,914,1218,1,,,,,False,914,1218,462.1837405642857,123.46322631835938,62.28170863994542,0.028508504231770832,0.015080769856770834,f50a30cbd5ea96e0,True,1.113252,0.7504105090311987,1518,True
001519.jpg,001519,.jpg,49093,JPEG,RGB,640,640,1,,,,,False,640,640,231.66767773554602,131.57495880126953,65.03393288293472,0.054607391357421875,0.024463653564453125,e00f70cad5e8dad1,True,0.4096,1.0,1519,True
001520.jpg,001520,.jpg,259675,JPEG,RGB,782,1043,1,,,,,False,782,1043,2164.436002247863,139.20606994628906,51.721151721328546,0.03289794921875,9.663899739583333e-05,818d0c892dfd9c6f,True,0.815626,0.7497603068072867,1520,True
001521.jpg,001521,.jpg,55500,JPEG,RGB,640,640,1,,,,,False,640,640,655.2342265266343,141.6234588623047,61.29277209215903,0.088653564453125,0.00299072265625,81ab1b812bbf5837,True,0.4096,1.0,1521,True
001522.jpg,001522,.jpg,403184,JPEG,RGB,860,1146,1,,,,,False,860,1146,2012.9417687107864,138.6200205485026,54.47253845428791,0.021092732747395832,0.0,a435056884aeffd9,True,0.98556,0.7504363001745201,1522,True
001523.jpg,001523,.jpg,59241,JPEG,RGB,640,640,1,,,,,False,640,640,555.0125739486975,98.56141662597656,58.183972349242445,0.188201904296875,0.0,d53614344eb76e94,True,0.4096,1.0,1523,True
001524.jpg,001524,.jpg,365939,JPEG,RGB,835,1113,1,,,,,False,835,1113,1100.3459770975169,108.7219746907552,68.0291327575939,0.09128316243489583,0.004358927408854167,b434d243aa3f4a9d,True,0.929355,0.7502246181491464,1524,True
001525.jpg,001525,.jpg,58337,JPEG,RGB,640,640,1,,,,,False,640,640,451.4684522151947,124.08565139770508,69.24123202757669,0.0348358154296875,0.008945465087890625,b434d243aa3e4b9d,True,0.4096,1.0,1525,True
001526.jpg,001526,.jpg,401405,JPEG,RGB,907,1210,1,,,,,False,907,1210,943.0013901706164,131.78335571289062,55.85958898984884,0.017450968424479168,1.0172526041666666e-05,db8170737a720ba3,True,1.09747,0.7495867768595041,1526,True
001527.jpg,001527,.jpg,49850,JPEG,RGB,640,640,1,,,,,False,640,640,280.92091819265625,124.9003677368164,61.48689712891298,0.070068359375,0.0,dd8070635a7a0fa7,True,0.4096,1.0,1527,True
001528.jpg,001528,.jpg,167822,JPEG,RGB,795,1060,1,,,,,False,795,1060,199.32004103023147,129.029296875,67.63606233776734,0.05517578125,0.0020599365234375,93f63882c5d9c6a9,True,0.8427,0.75,1528,True
001529.jpg,001529,.jpg,214414,JPEG,RGB,773,1009,1,,,,,False,773,1009,709.0084008441424,135.13142737563774,61.07432421898773,0.036386918048469385,9.964923469387754e-06,e9c92c362d1616f6,True,0.779957,0.7661050545094152,1529,True
001530.jpg,001530,.jpg,52048,JPEG,RGB,640,640,1,,,,,False,640,640,285.5660830354318,183.8053855895996,63.742209474047606,0.0,0.272369384765625,c9df2d364d365680,True,0.4096,1.0,1530,True
001531.jpg,001531,.jpg,367807,JPEG,RGB,874,1166,1,,,,,False,874,1166,845.5181466237538,123.54344177246094,61.66101346459548,0.0257415771484375,0.0,a9f448a7cf7c3490,True,1.019084,0.7495711835334476,1531,True
001532.jpg,001532,.jpg,420759,JPEG,RGB,912,1216,1,,,,,False,912,1216,1377.941212473411,133.42532857259116,64.4452793421203,0.029637654622395832,0.0011647542317708333,9fb008d78ed24679,True,1.108992,0.75,1532,True
001533.jpg,001533,.jpg,53311,JPEG,RGB,640,640,1,,,,,False,640,640,397.3704468813812,77.2282600402832,58.93533378184762,0.3104820251464844,0.0,9ca569879ec2565a,True,0.4096,1.0,1533,True
001534.jpg,001534,.jpg,446243,JPEG,RGB,879,1173,1,,,,,False,879,1173,2914.4919303916395,138.00304158528647,62.550024665367495,0.033243815104166664,0.00016276041666666666,dac51ae65f220dd2,True,1.031067,0.7493606138107417,1534,True
001535.jpg,001535,.jpg,63978,JPEG,RGB,640,640,1,,,,,False,640,640,806.5009480183944,126.46206283569336,67.0867934712706,0.1047515869140625,0.0,c0c53fc45f270d47,True,0.4096,1.0,1535,True
001536.jpg,001536,.jpg,335294,JPEG,RGB,883,1177,1,,,,,False,883,1177,493.2899679541588,122.16445922851562,62.929306426308806,0.07049051920572917,6.612141927083333e-05,bb564837e9ca91c2,True,1.039291,0.7502124044180118,1536,True
001537.jpg,001537,.jpg,47978,JPEG,RGB,640,640,1,,,,,False,640,640,169.4197089442605,66.31128311157227,52.71903097033517,0.3314361572265625,0.0,95426c338ccbd6f1,True,0.4096,1.0,1537,True
001538.jpg,001538,.jpg,390613,JPEG,RGB,823,1097,1,,,,,False,823,1097,2744.651749518907,118.05665079752605,54.6702544898949,0.059326171875,0.0,8b2037f6c8fd0bc2,True,0.902831,0.7502278942570647,1538,True
001539.jpg,001539,.jpg,63272,JPEG,RGB,640,640,1,,,,,False,640,640,800.877962474653,142.57275009155273,59.30376819722335,0.0,0.020694732666015625,806f76f45b710b25,True,0.4096,1.0,1539,True
001540.jpg,001540,.jpg,459779,JPEG,RGB,866,1155,1,,,,,False,866,1155,1360.6669980895756,132.7036590576172,50.787108500585354,0.026804606119791668,0.0,87c33de001faf58c,True,1.00023,0.7497835497835498,1540,True
001541.jpg,001541,.jpg,56955,JPEG,RGB,640,640,1,,,,,False,640,640,387.8030225315597,173.3225326538086,59.048200084833375,0.0,0.049709320068359375,858a1ef102477fcd,True,0.4096,1.0,1541,True
001542.jpg,001542,.jpg,389127,JPEG,RGB,911,1215,1,,,,,False,911,1215,502.3953294976512,130.75467936197916,63.71399080406944,0.07388814290364583,0.000152587890625,aaf729a5cc49ccc8,True,1.106865,0.7497942386831276,1542,True
001543.jpg,001543,.jpg,48388,JPEG,RGB,640,640,1,,,,,False,640,640,214.686850300277,118.37003326416016,66.22781766621715,0.13422775268554688,0.0,88f62b27cc5dcc49,True,0.4096,1.0,1543,True
001544.jpg,001544,.jpg,359098,JPEG,RGB,807,1077,1,,,,,False,807,1077,1572.213040894493,112.62471516927083,59.79254202139644,0.06796773274739583,0.0007425944010416666,f609d43f514c346b,True,0.869139,0.7493036211699164,1544,True
001545.jpg,001545,.jpg,59029,JPEG,RGB,640,640,1,,,,,False,640,640,412.21432496966736,67.39178466796875,54.89815712660118,0.3168754577636719,0.0,f711c53f530c394a,True,0.4096,1.0,1545,True
001546.jpg,001546,.jpg,419533,JPEG,RGB,935,1247,1,,,,,False,935,1247,1763.9161083448882,132.62323506673178,57.670437351977206,0.0257720947265625,0.00048828125,cad3eaf14738c328,True,1.165945,0.7497995188452286,1546,True
001547.jpg,001547,.jpg,64729,JPEG,RGB,640,640,1,,,,,False,640,640,595.1158417987026,112.74090957641602,62.92956807670477,0.14690780639648438,0.0,d45a65e86178616f,True,0.4096,1.0,1547,True
001548.jpg,001548,.jpg,195695,JPEG,RGB,775,1034,1,,,,,False,775,1034,258.80598045544076,103.67409769694011,68.52118471517086,0.1361846923828125,5.086263020833333e-06,d8f623cdd7840317,True,0.80135,0.7495164410058027,1548,True
001549.jpg,001549,.jpg,43130,JPEG,RGB,640,640,1,,,,,False,640,640,131.4320593118755,148.1747055053711,69.12865712422666,0.0,0.14479827880859375,d8e727c84f890e1e,True,0.4096,1.0,1549,True
001550.jpg,001550,.jpg,332428,JPEG,RGB,899,1210,1,,,,,False,899,1210,313.31776664604433,111.07872121710527,47.04482003401094,0.05908203125,0.0,83fd07d32ad22867,True,1.08779,0.7429752066115702,1550,True
001551.jpg,001551,.jpg,252977,JPEG,RGB,865,1152,1,,,,,False,865,1152,625.1343536215267,127.2167256673177,70.14382391140943,0.055409749348958336,0.0015716552734375,831f7d25e5839a2a,True,0.99648,0.7508680555555556,1551,True
001552.jpg,001552,.jpg,351039,JPEG,RGB,825,1100,1,,,,,False,825,1100,693.1738787780827,126.24930318196614,54.746808121516096,0.028600056966145832,0.0001068115234375,add079d2dac58835,True,0.9075,0.75,1552,True
001553.jpg,001553,.jpg,46937,JPEG,RGB,640,640,1,,,,,False,640,640,229.6293421865994,134.9436492919922,59.02520819864684,0.05522918701171875,0.00688934326171875,a1f479d25ae0c19b,True,0.4096,1.0,1553,True
001554.jpg,001554,.jpg,462212,JPEG,RGB,968,1290,1,,,,,False,968,1290,677.1025293034553,100.87293497721355,49.41632630589286,0.10472615559895833,0.0,8bd2048715cff6c9,True,1.24872,0.7503875968992249,1554,True
001555.jpg,001555,.jpg,50644,JPEG,RGB,640,640,1,,,,,False,640,640,234.9872667412128,110.65476989746094,54.800073123650606,0.1541595458984375,0.003387451171875,8af00d076f4e796a,True,0.4096,1.0,1555,True
001556.jpg,001556,.jpg,376109,JPEG,RGB,782,1043,1,,,,,False,782,1043,1608.6237235439476,101.59847513834636,54.52689500199499,0.0616302490234375,1.0172526041666666e-05,a01f29c60f3ca79e,True,0.815626,0.7497603068072867,1556,True
001557.jpg,001557,.jpg,69531,JPEG,RGB,640,640,1,,,,,False,640,640,514.8361955424771,86.04261016845703,54.653650937868626,0.139373779296875,0.0,a03a31c7473ce787,True,0.4096,1.0,1557,True
001558.jpg,001558,.jpg,272257,JPEG,RGB,747,995,1,,,,,False,747,995,1304.1978758834302,105.82809956868489,56.715014515614484,0.06282552083333333,0.0,de10a1438b0fdd79,True,0.743265,0.7507537688442211,1558,True
001559.jpg,001559,.jpg,54298,JPEG,RGB,640,640,1,,,,,False,640,640,305.2188602289534,56.26580047607422,46.91721445304685,0.2637596130371094,0.0,d05f810713aedcb5,True,0.4096,1.0,1559,True
001560.jpg,001560,.jpg,228566,JPEG,RGB,690,886,1,,,,,False,690,886,693.5221592236544,125.42975603070175,32.81410426910048,0.005090852130325814,0.0,aeea2cfd2c8e04e4,True,0.61134,0.7787810383747178,1560,True
001561.jpg,001561,.jpg,200884,JPEG,RGB,717,957,1,,,,,False,717,957,392.9998015297783,133.91631062825522,45.17479586531821,0.0173797607421875,7.120768229166667e-05,81f528743c2b69cf,True,0.686169,0.7492163009404389,1561,True
001562.jpg,001562,.jpg,52544,JPEG,RGB,640,640,1,,,,,False,640,640,181.87999706430128,133.0846405029297,51.35411957989431,0.05804443359375,0.00029754638671875,d5f468f036a968c9,True,0.4096,1.0,1562,True
001563.jpg,001563,.jpg,137171,JPEG,RGB,607,844,1,,,,,False,607,844,393.64387743298977,116.68990956182066,37.75361270460026,0.04542607846467391,0.0006740404211956521,9d7b78b13a45b148,True,0.512308,0.7191943127962085,1563,True
001564.jpg,001564,.jpg,37238,JPEG,RGB,640,640,1,,,,,False,640,640,145.61232974937593,80.13784790039062,38.836190957918774,0.13612747192382812,0.0,952a70b17a16396f,True,0.4096,1.0,1564,True
001565.jpg,001565,.jpg,991275,JPEG,RGB,2048,1536,1,,,,,False,2048,1536,1697.2356654389043,130.59625244140625,51.21293818589436,0.031667073567708336,0.0008748372395833334,d3d06a954e9f443a,True,3.145728,1.3333333333333333,1565,True
001566.jpg,001566,.jpg,331716,JPEG,RGB,710,993,1,,,,,False,710,993,1158.608761788753,107.70905374829235,73.46348280032711,0.23033000341530055,0.0014568391393442624,bbcc8462db39193c,True,0.70503,0.7150050352467271,1566,True
001567.jpg,001567,.jpg,56175,JPEG,RGB,640,640,1,,,,,False,640,640,360.84372860047733,60.49241256713867,61.185669569700565,0.43819427490234375,0.0,b25f846b1b391c2d,True,0.4096,1.0,1567,True
001568.jpg,001568,.jpg,153037,JPEG,RGB,675,983,1,,,,,False,675,983,325.00486061186336,114.75846169211648,52.12605673955139,0.054865056818181816,0.0009710138494318181,d28d7b213e7b7024,True,0.663525,0.6866734486266531,1568,True
001569.jpg,001569,.jpg,330568,JPEG,RGB,756,1008,1,,,,,False,756,1008,2213.1098035768505,101.70625813802083,63.23780722602801,0.06522623697916667,0.00014241536458333334,8e627ac96a859793,True,0.762048,0.75,1569,True
001570.jpg,001570,.jpg,68158,JPEG,RGB,640,640,1,,,,,False,640,640,682.8963763704523,111.30486679077148,64.34196677497938,0.04685211181640625,0.0007171630859375,8f6271c16d96959a,True,0.4096,1.0,1570,True
001571.jpg,001571,.jpg,197240,JPEG,RGB,711,949,1,,,,,False,711,949,493.5849240616792,123.00374857584636,57.354578454243736,0.059672037760416664,0.0003662109375,cedb267a2da1234a,True,0.674739,0.7492096944151738,1571,True
001572.jpg,001572,.jpg,52870,JPEG,RGB,640,640,1,,,,,False,640,640,254.00546445486543,110.5404281616211,64.2689567992871,0.14161300659179688,6.4849853515625e-05,c8df27341da3071d,True,0.4096,1.0,1572,True
001573.jpg,001573,.jpg,317795,JPEG,RGB,717,957,1,,,,,False,717,957,2132.2680101822802,112.71143595377605,58.036428416582254,0.07149251302083333,0.0026601155598958335,9f457d912d85b483,True,0.686169,0.7492163009404389,1573,True
001574.jpg,001574,.jpg,73095,JPEG,RGB,640,640,1,,,,,False,640,640,627.4867632522801,121.81189727783203,62.57917874762533,0.08631515502929688,0.007656097412109375,956a34f02b853f95,True,0.4096,1.0,1574,True
001575.jpg,001575,.jpg,216318,JPEG,RGB,702,939,1,,,,,False,702,939,682.1073903198867,118.48067783126632,54.5433333235284,0.0352072454308094,0.0,8fe627835d1b9922,True,0.659178,0.7476038338658147,1575,True
001576.jpg,001576,.jpg,51948,JPEG,RGB,640,640,1,,,,,False,640,640,311.80127735027054,128.00833129882812,59.22863171117937,0.07172775268554688,0.005840301513671875,9de710aa5d1c592d,True,0.4096,1.0,1576,True
001577.jpg,001577,.jpg,214650,JPEG,RGB,607,810,1,,,,,False,607,810,1219.7746478116346,125.96690368652344,49.03681754463522,0.016698201497395832,0.0010325113932291667,9ffc03ac2a8c5d38,True,0.49167,0.7493827160493827,1577,True
001578.jpg,001578,.jpg,58075,JPEG,RGB,640,640,1,,,,,False,640,640,368.4372221545782,131.02907943725586,56.97561228616717,0.08795166015625,0.0058746337890625,94ef4695278e0d36,True,0.4096,1.0,1578,True
001579.jpg,001579,.jpg,172029,JPEG,RGB,622,829,1,,,,,False,622,829,451.13310547328246,117.07991027832031,37.6933051825224,0.002197265625,5.086263020833333e-06,fa84859deeb2a864,True,0.515638,0.7503015681544029,1579,True
001580.jpg,001580,.jpg,42386,JPEG,RGB,640,640,1,,,,,False,640,640,126.69507234537741,56.38373947143555,36.90113347945561,0.19144821166992188,0.0,d6c10595df96922d,True,0.4096,1.0,1580,True
001581.jpg,001581,.jpg,111882,JPEG,RGB,626,847,1,,,,,False,626,847,127.72111776433677,164.03537843088625,46.70742637206791,0.005998883928571429,0.00031001984126984125,81471eca7bf07ab0,True,0.530222,0.7390791027154664,1581,True
001582.jpg,001582,.jpg,35280,JPEG,RGB,640,640,1,,,,,False,640,640,73.90410528465873,141.67040252685547,53.216336928422905,0.05626678466796875,0.0,81c7578a7bb86b88,True,0.4096,1.0,1582,True
001583.jpg,001583,.jpg,161414,JPEG,RGB,700,934,1,,,,,False,700,934,281.4673968966429,133.1753896077474,47.38853976619948,0.013946533203125,0.0003102620442708333,f984a5f04b1e299e,True,0.6538,0.7494646680942184,1583,True
001584.jpg,001584,.jpg,43614,JPEG,RGB,640,640,1,,,,,False,640,640,118.89724501385354,177.19671249389648,51.831663892470026,0.0,0.07385635375976562,dd8625b0639f08af,True,0.4096,1.0,1584,True
001585.jpg,001585,.jpg,281419,JPEG,RGB,756,1008,1,,,,,False,756,1008,1062.2869462579645,146.85297139485678,61.35923196149092,0.0463104248046875,0.0001068115234375,8ad629d37f831465,True,0.762048,0.75,1585,True
001586.jpg,001586,.jpg,234921,JPEG,RGB,756,1008,1,,,,,False,756,1008,553.5706663941965,127.52347819010417,61.16945169778508,0.040715535481770836,0.0004679361979166667,af46c93c09898f97,True,0.762048,0.75,1586,True
001587.jpg,001587,.jpg,44984,JPEG,RGB,640,640,1,,,,,False,640,640,195.269127695341,150.76142501831055,67.36184100402467,0.0,0.06981658935546875,80ed583d0d8bcd9e,True,0.4096,1.0,1587,True
001588.jpg,001588,.jpg,266451,JPEG,RGB,765,1020,1,,,,,False,765,1020,728.6291965637097,125.42404174804688,55.463448325321664,0.020228068033854168,0.0003153483072916667,fed559c94ba12434,True,0.7803,0.75,1588,True
001589.jpg,001589,.jpg,42851,JPEG,RGB,640,640,1,,,,,False,640,640,289.3189297579229,135.3433837890625,58.930285111170626,0.048618316650390625,0.007686614990234375,fc5d586d4b211636,True,0.4096,1.0,1589,True
001590.jpg,001590,.jpg,294704,JPEG,RGB,783,1044,1,,,,,False,783,1044,713.1419267231182,127.15950012207031,69.16399628667284,0.13605753580729166,0.0011545817057291667,ea15997ec0c1962f,True,0.817452,0.75,1590,True
001591.jpg,001591,.jpg,51307,JPEG,RGB,640,640,1,,,,,False,640,640,230.21372083056485,85.32609558105469,65.03060339501376,0.2880973815917969,0.0,c8179b7ed4c194aa,True,0.4096,1.0,1591,True
001592.jpg,001592,.jpg,332044,JPEG,RGB,777,1036,1,,,,,False,777,1036,1560.0529597218458,118.9829610188802,60.354946764917614,0.031768798828125,0.00018819173177083334,8f7458a7011f7cb2,True,0.804972,0.75,1592,True
001593.jpg,001593,.jpg,65223,JPEG,RGB,640,640,1,,,,,False,640,640,575.2206588885165,98.08845520019531,63.25507249661154,0.176483154296875,0.0,87725cf30b1d3632,True,0.4096,1.0,1593,True
001594.jpg,001594,.jpg,325026,JPEG,RGB,785,1047,1,,,,,False,785,1047,1465.847647746404,126.77649943033855,49.518618845393775,0.0218353271484375,0.0,cbf5212754e644b3,True,0.821895,0.7497612225405922,1594,True
001595.jpg,001595,.jpg,58254,JPEG,RGB,640,640,1,,,,,False,640,640,402.89874711999437,166.85817337036133,56.52960476069367,0.0,0.03375244140625,c2e5222f1cf64cb3,True,0.4096,1.0,1595,True
001596.jpg,001596,.jpg,257408,JPEG,RGB,890,1185,1,,,,,False,890,1185,293.28073029949036,135.22857650162337,54.52335774989916,0.0022879464285714287,0.0001268262987012987,ead52e294e991738,True,1.05465,0.7510548523206751,1596,True
001597.jpg,001597,.jpg,265781,JPEG,RGB,797,1062,1,,,,,False,797,1062,361.28940426796254,135.25721740722656,61.8663146942844,0.014180501302083334,0.00014750162760416666,835c6e347e097e0d,True,0.846414,0.7504708097928436,1597,True
001598.jpg,001598,.jpg,45843,JPEG,RGB,640,640,1,,,,,False,640,640,132.15359272072965,176.6264419555664,66.73169571449807,0.0,0.230712890625,c14a75787d4832bd,True,0.4096,1.0,1598,True
001599.jpg,001599,.jpg,330841,JPEG,RGB,815,1086,1,,,,,False,815,1086,732.0288686799662,115.39769999186198,54.42243689857906,0.058858235677083336,0.0,afd62e3561e0303e,True,0.88509,0.7504604051565378,1599,True
001600.jpg,001600,.jpg,297333,JPEG,RGB,845,1126,1,,,,,False,845,1126,692.4151102155447,133.6158447265625,67.87389759348271,0.049870808919270836,0.0015716552734375,8bd62936e83c362d,True,0.95147,0.7504440497335702,1600,True
001601.jpg,001601,.jpg,297114,JPEG,RGB,767,1023,1,,,,,False,767,1023,969.7329703451186,136.03726704915366,58.52690518466568,0.0233306884765625,0.003875732421875,e51226b62c955aed,True,0.784641,0.7497556207233627,1601,True
001602.jpg,001602,.jpg,55831,JPEG,RGB,640,640,1,,,,,False,640,640,311.1752650667331,74.5491943359375,53.30241850004952,0.2523918151855469,0.0,c53a24326d5b49d7,True,0.4096,1.0,1602,True
001603.jpg,001603,.jpg,383990,JPEG,RGB,875,1166,1,,,,,False,875,1166,945.1047589505453,136.41805013020834,52.838399985035565,0.01031494140625,0.0006917317708333334,ea456efdd4ad0209,True,1.02025,0.7504288164665524,1603,True
001604.jpg,001604,.jpg,59907,JPEG,RGB,640,640,1,,,,,False,640,640,336.7082547181635,132.30864715576172,61.01403226199936,0.07738113403320312,0.0039520263671875,c54a05dad8eb43dc,True,0.4096,1.0,1604,True
001605.jpg,001605,.jpg,338742,JPEG,RGB,766,1021,1,,,,,False,766,1021,1561.1397020514635,140.07381184895834,53.21778340854706,0.009394327799479166,0.0,d0673a1f63948eb4,True,0.782086,0.7502448579823702,1605,True
001606.jpg,001606,.jpg,500461,JPEG,RGB,961,1281,1,,,,,False,961,1281,1576.7168605693666,125.93323262532552,66.86417420774663,0.041859944661458336,1.52587890625e-05,90a86aff5f454742,True,1.231041,0.7501951600312255,1606,True
001607.jpg,001607,.jpg,66944,JPEG,RGB,640,640,1,,,,,False,640,640,511.75887207056803,151.91753387451172,69.71181422410953,0.0,0.11977386474609375,95e860575e6d2366,True,0.4096,1.0,1607,True
001608.jpg,001608,.jpg,234916,JPEG,RGB,839,1118,1,,,,,False,839,1118,115.88864480114232,137.8856201171875,59.094997063230444,0.03936767578125,0.0004781087239583333,8bd43a3c162b34b7,True,0.938002,0.7504472271914132,1608,True
001609.jpg,001609,.jpg,38077,JPEG,RGB,640,640,1,,,,,False,640,640,58.80026206221373,81.68451309204102,55.56996999797286,0.22652816772460938,0.0,8bd45c3e149b7833,True,0.4096,1.0,1609,True
001610.jpg,001610,.jpg,458647,JPEG,RGB,873,1164,1,,,,,False,873,1164,2217.984733203633,136.65340169270834,48.26027628805953,0.020411173502604168,0.0003814697265625,816b5037170f8ff8,True,1.016172,0.75,1610,True
001611.jpg,001611,.jpg,66589,JPEG,RGB,640,640,1,,,,,False,640,640,589.9237184738158,117.85794067382812,55.81389824496855,0.10539627075195312,0.0,817f533c074eec2a,True,0.4096,1.0,1611,True
001612.jpg,001612,.jpg,253263,JPEG,RGB,765,1021,1,,,,,False,765,1021,449.6722004834769,132.66885375976562,64.46142459161501,0.039148966471354164,3.5603841145833336e-05,bbf4592e5d2024e3,True,0.781065,0.7492654260528894,1612,True
001613.jpg,001613,.jpg,42776,JPEG,RGB,640,640,1,,,,,False,640,640,187.11866932269186,164.65019989013672,69.33564882283451,0.0,0.11024093627929688,88f459765f3304cb,True,0.4096,1.0,1613,True
001614.jpg,001614,.jpg,286943,JPEG,RGB,789,1053,1,,,,,False,789,1053,669.1516570018139,141.41512044270834,52.43753916384438,0.024943033854166668,5.0862630208333336e-05,8ce442af36a986f5,True,0.830817,0.7492877492877493,1614,True
001615.jpg,001615,.jpg,47875,JPEG,RGB,640,640,1,,,,,False,640,640,216.64530124944577,110.69119644165039,55.09490564141589,0.08422470092773438,0.0,cce7408b74b1aab5,True,0.4096,1.0,1615,True
001616.jpg,001616,.jpg,305884,JPEG,RGB,766,1021,1,,,,,False,766,1021,1092.2713989863532,133.12725830078125,64.9699804382042,0.032480875651041664,0.0006357828776041666,aed039c7ce4bc431,True,0.782086,0.7502448579823702,1616,True
001617.jpg,001617,.jpg,52967,JPEG,RGB,640,640,1,,,,,False,640,640,345.8024535141885,131.53456115722656,70.649520664949,0.07716751098632812,0.002323150634765625,95fa11c2cecdc664,True,0.4096,1.0,1617,True
001618.jpg,001618,.jpg,276319,JPEG,RGB,759,1012,1,,,,,False,759,1012,1186.4147494483943,127.01599629720052,55.90896367030211,0.046381632486979164,0.000152587890625,e0d74a2b3c93c993,True,0.768108,0.75,1618,True
001619.jpg,001619,.jpg,50572,JPEG,RGB,640,640,1,,,,,False,640,640,375.2909109031316,99.85647583007812,55.2546301941541,0.10086441040039062,0.0,e0d74e2b7c93c891,True,0.4096,1.0,1619,True
001620.jpg,001620,.jpg,326682,JPEG,RGB,794,1059,1,,,,,False,794,1059,676.3123797556749,120.79478963216145,60.2610576009424,0.04254150390625,0.0003000895182291667,9be51896cd3adc30,True,0.840846,0.7497639282341831,1620,True
001621.jpg,001621,.jpg,50254,JPEG,RGB,640,640,1,,,,,False,640,640,195.84501843940234,69.22046279907227,53.49524517119212,0.3120307922363281,0.0,9fe51896cd2e9c11,True,0.4096,1.0,1621,True
001622.jpg,001622,.jpg,295641,JPEG,RGB,763,1018,1,,,,,False,763,1018,1035.082526817814,129.97110493977866,67.25438133620005,0.10070292154947917,0.0005137125651041666,b6d323844a3cd85f,True,0.776734,0.74950884086444,1622,True
001623.jpg,001623,.jpg,49576,JPEG,RGB,640,640,1,,,,,False,640,640,317.4838525736559,142.39375686645508,73.56687824822758,0.07937240600585938,0.01172637939453125,b4c023a65e3dd49d,True,0.4096,1.0,1623,True
001624.jpg,001624,.jpg,269142,JPEG,RGB,810,1080,1,,,,,False,810,1080,652.495922382921,145.15560913085938,55.69917675778528,0.0193939208984375,7.120768229166667e-05,aaf5488db4e187b4,True,0.8748,0.75,1624,True
001625.jpg,001625,.jpg,40853,JPEG,RGB,640,640,1,,,,,False,640,640,213.80491022672504,93.25822830200195,53.13728383487344,0.13535308837890625,0.0,aaf5488db4e0c7a6,True,0.4096,1.0,1625,True
001626.jpg,001626,.jpg,225594,JPEG,RGB,806,1074,1,,,,,False,806,1074,247.4583049332723,133.74200439453125,57.694930223592344,0.041742960611979164,0.0011189778645833333,8d721319e66999e6,True,0.865644,0.750465549348231,1626,True
001627.jpg,001627,.jpg,36807,JPEG,RGB,640,640,1,,,,,False,640,640,100.06481145379075,73.79576873779297,53.75887604518746,0.23566055297851562,0.0,847a170c56cdb967,True,0.4096,1.0,1627,True
001628.jpg,001628,.jpg,218278,JPEG,RGB,782,1043,1,,,,,False,782,1043,209.90189264256819,145.6447957356771,50.28767199833362,0.012944539388020834,0.0,ae14cbb339c1c6c9,True,0.815626,0.7497603068072867,1628,True
001629.jpg,001629,.jpg,40635,JPEG,RGB,640,640,1,,,,,False,640,640,121.90241387729475,144.04967498779297,60.0512134417429,0.06933212280273438,0.00025177001953125,f5864f9138a1c6cd,True,0.4096,1.0,1629,True
001630.jpg,001630,.jpg,386105,JPEG,RGB,887,1182,1,,,,,False,887,1182,621.8659709091817,128.63589477539062,54.43036251413882,0.0098114013671875,0.0011088053385416667,bdd748350b238cb3,True,1.048434,0.7504230118443317,1630,True
001631.jpg,001631,.jpg,54736,JPEG,RGB,640,640,1,,,,,False,640,640,263.64904758705234,161.49198532104492,57.987340438737036,0.0,0.12099456787109375,b0bd502c536a5d3e,True,0.4096,1.0,1631,True
001632.jpg,001632,.jpg,332676,JPEG,RGB,781,1040,1,,,,,False,781,1040,2514.4430959756332,123.06637573242188,55.525242185134815,0.032094319661458336,0.0009714762369791666,c13634eae46a2b3d,True,0.81224,0.7509615384615385,1632,True
001633.jpg,001633,.jpg,241494,JPEG,RGB,754,1006,1,,,,,False,754,1006,1763.8872768615838,150.84637451171875,54.58702963526599,0.0098724365234375,0.0,9bd52152261da5db,True,0.758524,0.7495029821073559,1633,True
001634.jpg,001634,.jpg,55250,JPEG,RGB,640,640,1,,,,,False,640,640,546.1766501706443,150.89548110961914,62.37584229435867,0.06859207153320312,8.7738037109375e-05,95e2615a251d375b,True,0.4096,1.0,1634,True
001635.jpg,001635,.jpg,233996,JPEG,RGB,762,1016,1,,,,,False,762,1016,572.614547583973,138.25006103515625,60.224322871615435,0.043482462565104164,0.0,a540f7d5255f7023,True,0.774192,0.75,1635,True
001636.jpg,001636,.jpg,42514,JPEG,RGB,640,640,1,,,,,False,640,640,217.17777986614965,183.0685272216797,64.47325493467389,0.0,0.14575958251953125,b540df6d255e620b,True,0.4096,1.0,1636,True
001637.jpg,001637,.jpg,193995,JPEG,RGB,759,1011,1,,,,,False,759,1011,393.68983919080347,121.29271443684895,60.92425212749779,0.034510294596354164,0.0,a95bd83759c32135,True,0.767349,0.7507418397626113,1637,True
001638.jpg,001638,.jpg,46468,JPEG,RGB,640,640,1,,,,,False,640,640,192.45831136312336,150.2191162109375,66.00410662402392,0.0,0.0126190185546875,95695a3768895b35,True,0.4096,1.0,1638,True
001639.jpg,001639,.jpg,141669,JPEG,RGB,577,738,1,,,,,False,577,738,427.16158829412467,121.11353515625,35.53283487014399,0.0097265625,0.0022607421875,82c27fcc7cd515a8,True,0.425826,0.7818428184281843,1639,True
001640.jpg,001640,.jpg,46356,JPEG,RGB,640,640,1,,,,,False,640,640,129.1118785166036,62.00431823730469,32.36913615329186,0.15094375610351562,0.0,82c27f6c7cd32b48,True,0.4096,1.0,1640,True
001641.jpg,001641,.jpg,339790,JPEG,RGB,804,1072,1,,,,,False,804,1072,3406.230997073128,125.11893717447917,62.97446076468995,0.06868489583333333,0.0,ace413bb32f28762,True,0.861888,0.75,1641,True
001642.jpg,001642,.jpg,175958,JPEG,RGB,767,1022,1,,,,,False,767,1022,195.04752302573374,136.12337748209634,64.29814741521825,0.008906046549479166,0.0005391438802083334,d0da354bc4dac96a,True,0.783874,0.7504892367906066,1642,True
001643.jpg,001643,.jpg,179700,JPEG,RGB,765,1020,1,,,,,False,765,1020,437.13444253054666,146.5720672607422,62.41837129034284,0.0387420654296875,0.0003916422526041667,d5c64bde294a3529,True,0.7803,0.75,1643,True
001644.jpg,001644,.jpg,41050,JPEG,RGB,640,640,1,,,,,False,640,640,190.08535423594003,144.2060661315918,71.53186342905144,0.101593017578125,0.000576019287109375,90c04ace2bde2d5f,True,0.4096,1.0,1644,True
001645.jpg,001645,.jpg,150363,JPEG,RGB,771,1028,1,,,,,False,771,1028,118.28781399782747,149.95650227864584,71.98713230039765,0.0033009847005208335,0.006037394205729167,af7990c00bcaf678,True,0.792588,0.75,1645,True
001646.jpg,001646,.jpg,29551,JPEG,RGB,640,640,1,,,,,False,640,640,72.4072762112919,116.9513053894043,74.24454540968979,0.07852554321289062,0.0,a87895c15ade6978,True,0.4096,1.0,1646,True
001647.jpg,001647,.jpg,225568,JPEG,RGB,772,899,1,,,,,False,772,899,544.1847423293177,123.83829456676136,40.398160961346086,0.016281960227272727,0.0,b9cfa0a5d6f80b28,True,0.694028,0.8587319243604005,1647,True
001648.jpg,001648,.jpg,41479,JPEG,RGB,640,640,1,,,,,False,640,640,144.01697651714494,62.25249099731445,39.76391112817758,0.20440673828125,0.0,dde3808443ff6b90,True,0.4096,1.0,1648,True
001649.jpg,001649,.jpg,330810,JPEG,RGB,716,1136,1,,,,,False,716,1136,1427.3579691730674,122.69493759674923,53.16048666813657,0.029254547213622292,0.0003265286377708978,e8540485dfc8cbf6,True,0.813376,0.6302816901408451,1649,True
001650.jpg,001650,.jpg,68332,JPEG,RGB,640,640,1,,,,,False,640,640,510.3858106088446,72.84659957885742,49.96757112998763,0.23409271240234375,0.0,805e05afdcc9cba6,True,0.4096,1.0,1650,True
001651.jpg,001651,.jpg,362275,JPEG,RGB,861,1316,1,,,,,False,861,1316,1091.466247769035,106.28241604477611,67.28682487192842,0.14287546641791044,6.413246268656716e-05,e97632cd4f155e20,True,1.133076,0.6542553191489362,1651,True
001652.jpg,001652,.jpg,45404,JPEG,RGB,640,640,1,,,,,False,640,640,413.97745001454314,78.39538955688477,64.7593450472565,0.3330726623535156,0.0,e976328d4f155f20,True,0.4096,1.0,1652,True
001653.jpg,001653,.jpg,244900,JPEG,RGB,1001,1316,1,,,,,False,1001,1316,255.00503872033002,159.70862789203085,56.80240488203597,0.01854213528277635,0.0006778197300771208,d5d34aaa2b953d14,True,1.317316,0.7606382978723404,1653,True
001654.jpg,001654,.jpg,33543,JPEG,RGB,640,640,1,,,,,False,640,640,98.24301139492309,122.63619232177734,59.87142556693971,0.12231063842773438,0.0,80d35fea2b872d15,True,0.4096,1.0,1654,True
001655.jpg,001655,.jpg,761159,JPEG,RGB,1004,1320,1,,,,,False,1004,1320,3161.4189173406335,143.72072320854755,47.897197021353506,0.002415046593830334,2.5104434447300772e-05,8beaf7c28180ce2f,True,1.32528,0.7606060606060606,1655,True
001656.jpg,001656,.jpg,256345,JPEG,RGB,717,1197,1,,,,,False,717,1197,289.9480317768064,120.90452590594462,27.070669385102825,0.01778807003257329,0.0,80ff502b55ad56a3,True,0.858249,0.5989974937343359,1656,True
001657.jpg,001657,.jpg,36286,JPEG,RGB,640,640,1,,,,,False,640,640,121.02143430424621,124.88430786132812,40.04823148105546,0.07902908325195312,0.0,84df152a5f0a1f17,True,0.4096,1.0,1657,True
001658.jpg,001658,.jpg,312294,JPEG,RGB,717,1134,1,,,,,False,717,1134,1154.2003275082436,127.57267554012346,54.79349625429057,0.0016456886574074073,0.0,eaef45c2e0059a5b,True,0.813078,0.6322751322751323,1658,True
001659.jpg,001659,.jpg,422080,JPEG,RGB,875,1167,1,,,,,False,875,1167,2930.514917908831,103.97391764322917,62.31564927120776,0.09431966145833333,0.0019632975260416665,acf00bb5762289d7,True,1.021125,0.7497857754927164,1659,True
001660.jpg,001660,.jpg,60444,JPEG,RGB,640,640,1,,,,,False,640,640,768.2849455401156,60.30195999145508,56.411967022246955,0.39586639404296875,0.0,f57a01147a35ce72,True,0.4096,1.0,1660,True
001661.jpg,001661,.jpg,317771,JPEG,RGB,907,1209,1,,,,,False,907,1209,480.73986550976747,130.4727986653646,42.70994875116309,0.0005442301432291666,0.0006154378255208334,998c24dffcb22a23,True,1.096563,0.750206782464847,1661,True
001662.jpg,001662,.jpg,37128,JPEG,RGB,640,640,1,,,,,False,640,640,172.83318944642087,161.76313018798828,49.83818182117499,0.0,0.02724456787109375,952e364f7e606263,True,0.4096,1.0,1662,True
001663.jpg,001663,.jpg,419864,JPEG,RGB,978,1304,1,,,,,False,978,1304,1296.5197503082193,147.3291219075521,59.471877824835474,0.044133504231770836,0.0,d6da2ad12bd42c93,True,1.275312,0.75,1663,True
001664.jpg,001664,.jpg,52422,JPEG,RGB,640,640,1,,,,,False,640,640,394.15393594243506,188.6925277709961,63.063045113676075,0.0,0.2492523193359375,d5da2f312b842d1b,True,0.4096,1.0,1664,True
001665.jpg,001665,.jpg,338426,JPEG,RGB,909,1212,1,,,,,False,909,1212,714.6287400619025,139.24597676595053,66.31743767411973,0.034525553385416664,4.0690104166666664e-05,974565c2cab78972,True,1.101708,0.75,1665,True
001666.jpg,001666,.jpg,47366,JPEG,RGB,640,640,1,,,,,False,640,640,250.34592558530858,105.46000671386719,68.62929324731482,0.14937210083007812,0.0,d70165c5cb9689b9,True,0.4096,1.0,1666,True
001667.jpg,001667,.jpg,303816,JPEG,RGB,949,1266,1,,,,,False,949,1266,871.2535749888824,145.1629435221354,44.2845861723407,0.010035196940104166,2.0345052083333332e-05,d49d4ac663c3e31c,True,1.201434,0.7496050552922591,1667,True
001668.jpg,001668,.jpg,47774,JPEG,RGB,640,640,1,,,,,False,640,640,314.57557621388696,130.29846954345703,53.58791390794987,0.07475662231445312,0.0,d59868d640c3735f,True,0.4096,1.0,1668,True
001669.jpg,001669,.jpg,382519,JPEG,RGB,928,1237,1,,,,,False,928,1237,400.2863293600322,125.71414693196614,45.85490054897627,0.036107381184895836,0.0003662109375,c0772f212d2b2b73,True,1.147936,0.7502021018593371,1669,True
001670.jpg,001670,.jpg,380970,JPEG,RGB,896,1195,1,,,,,False,896,1195,1593.4928040892507,129.89603169759116,58.63745747374838,0.0349273681640625,0.0,a9f64035ced154f1,True,1.07072,0.7497907949790795,1670,True
001671.jpg,001671,.jpg,56074,JPEG,RGB,640,640,1,,,,,False,640,640,537.3021968164103,173.4137954711914,62.89385703403078,0.0,0.185546875,89f5532c4f3a1c33,True,0.4096,1.0,1671,True
001672.jpg,001672,.jpg,229173,JPEG,RGB,930,1257,1,,,,,False,930,1257,418.0875272208092,136.20435665402374,57.70279593671086,0.06231447889182058,0.0,847b2658a799077d,True,1.16901,0.7398568019093079,1672,True
001673.jpg,001673,.jpg,43453,JPEG,RGB,640,640,1,,,,,False,640,640,190.29436883237213,122.92743301391602,62.81872547657296,0.130859375,0.0,847a3758e718631f,True,0.4096,1.0,1673,True
001674.jpg,001674,.jpg,329034,JPEG,RGB,933,1243,1,,,,,False,933,1243,605.7711122855286,112.90951029459636,52.80897968774882,0.058659871419270836,0.0014088948567708333,cb562bda2946ace2,True,1.159719,0.7506033789219629,1674,True
001675.jpg,001675,.jpg,558120,JPEG,RGB,1023,1364,1,,,,,False,1023,1364,1848.159798795047,125.53163655598958,65.51856359692844,0.048314412434895836,0.0011088053385416667,d4233ff03c160b8f,True,1.395372,0.75,1675,True
001676.jpg,001676,.jpg,67594,JPEG,RGB,640,640,1,,,,,False,640,640,532.4506358761428,164.53429412841797,68.98823108913415,0.0,0.14052581787109375,906f7bf478070b64,True,0.4096,1.0,1676,True
001677.jpg,001677,.jpg,471964,JPEG,RGB,973,1298,1,,,,,False,973,1298,1322.9500231252102,112.42491658528645,47.84631793212331,0.026336669921875,1.52587890625e-05,eb7506c7543c14b3,True,1.262954,0.7496147919876733,1677,True
001678.jpg,001678,.jpg,63157,JPEG,RGB,640,640,1,,,,,False,640,640,416.79960125043,106.7287483215332,54.03629796491206,0.09196853637695312,2.6702880859375e-05,c5ba04c746fc1ed1,True,0.4096,1.0,1678,True
001679.jpg,001679,.jpg,455866,JPEG,RGB,991,1321,1,,,,,False,991,1321,991.1561171113408,123.71425882975261,62.405266923692295,0.040064493815104164,5.5948893229166664e-05,aa552ad27d0a1e8f,True,1.309111,0.7501892505677517,1679,True
001680.jpg,001680,.jpg,59693,JPEG,RGB,640,640,1,,,,,False,640,640,348.0621543535817,172.72959518432617,62.20671498872955,0.0,0.21436691284179688,807d3ad07a0e1f8f,True,0.4096,1.0,1680,True
001681.jpg,001681,.jpg,350535,JPEG,RGB,917,1223,1,,,,,False,917,1223,449.43561636315036,138.28033955891928,61.82816117683529,0.043706258138020836,0.0003306070963541667,c2fc7ad537980c83,True,1.121491,0.749795584627964,1681,True
001682.jpg,001682,.jpg,44035,JPEG,RGB,640,640,1,,,,,False,640,640,160.59821889310842,175.90800094604492,67.53853045091908,0.0,0.19888687133789062,82ec70e57f695843,True,0.4096,1.0,1682,True
001683.jpg,001683,.jpg,439819,JPEG,RGB,993,1324,1,,,,,False,993,1324,486.1953359175629,137.9627227783203,63.52296996674036,0.07007344563802083,0.0008036295572916666,aae112ae37e2691e,True,1.314732,0.75,1683,True
001684.jpg,001684,.jpg,47448,JPEG,RGB,640,640,1,,,,,False,640,640,190.99465755208803,100.29900360107422,61.92383430069841,0.18589019775390625,0.0,d5ea0a377ac05d1a,True,0.4096,1.0,1684,True
001685.jpg,001685,.jpg,430593,JPEG,RGB,1054,1405,1,,,,,False,1054,1405,1366.7415423488449,127.98033142089844,69.86356321368777,0.09543355305989583,0.00019327799479166666,a9d6c1e54ad85669,True,1.48087,0.7501779359430605,1685,True
001686.jpg,001686,.jpg,494010,JPEG,RGB,989,1318,1,,,,,False,989,1318,1601.0141203452113,152.96224975585938,40.55428665261097,0.0060272216796875,3.5603841145833336e-05,91e4e4d517d91437,True,1.303502,0.7503793626707133,1686,True
001687.jpg,001687,.jpg,49256,JPEG,RGB,640,640,1,,,,,False,640,640,456.39165066856367,158.05474090576172,53.33366263690065,0.06723403930664062,0.003643035888671875,d5a6e68503950cbf,True,0.4096,1.0,1687,True
001688.jpg,001688,.jpg,458110,JPEG,RGB,1025,1367,1,,,,,False,1025,1367,469.3104745694954,118.2846171061198,61.33211262065787,0.087371826171875,0.0034993489583333335,d0afadd2e4db8094,True,1.401175,0.7498171177761521,1688,True
001689.jpg,001689,.jpg,49691,JPEG,RGB,640,640,1,,,,,False,640,640,185.0157367534557,108.27873229980469,64.29614374834298,0.15650558471679688,0.001773834228515625,c0ff6bd4458b0f88,True,0.4096,1.0,1689,True
001690.jpg,001690,.jpg,245714,JPEG,RGB,711,1030,1,,,,,False,711,1030,1803.0819623209807,106.2549796388102,63.98218292772468,0.23981387216713881,0.00010512570821529745,b8ec338be91b6889,True,0.73233,0.6902912621359223,1690,True
001691.jpg,001691,.jpg,54227,JPEG,RGB,640,640,1,,,,,False,640,640,632.515903881751,137.11404418945312,64.99580752819514,0.0,0.000560760498046875,b0dd1709791f4b8c,True,0.4096,1.0,1691,True
001692.jpg,001692,.jpg,398744,JPEG,RGB,1046,1395,1,,,,,False,1046,1395,500.2808065686583,126.00484212239583,55.885926700132906,0.018458048502604168,8.138020833333333e-05,942aad5234ef9a72,True,1.45917,0.749820788530466,1692,True
001693.jpg,001693,.jpg,49007,JPEG,RGB,640,640,1,,,,,False,640,640,195.7631186387589,125.92695617675781,64.22640793652171,0.0946197509765625,0.002742767333984375,d534255a72cd1b6a,True,0.4096,1.0,1693,True
001694.jpg,001694,.jpg,575402,JPEG,RGB,1058,1411,1,,,,,False,1058,1411,1509.2329524482032,130.45537312825522,58.96741859457597,0.00012715657552083334,0.0005035400390625,c58787523a5dc16e,True,1.492838,0.7498228206945429,1694,True
001695.jpg,001695,.jpg,56410,JPEG,RGB,640,640,1,,,,,False,640,640,449.7383522056043,83.68750381469727,61.694397255701254,0.20320510864257812,0.0,808f56707c5d4f6a,True,0.4096,1.0,1695,True
001696.jpg,001696,.jpg,412787,JPEG,RGB,950,1267,1,,,,,False,950,1267,548.3028657113254,118.67816162109375,59.67286073247466,0.061604817708333336,0.0013478597005208333,fe40d0587ca19de3,True,1.20365,0.749802683504341,1696,True
001697.jpg,001697,.jpg,46918,JPEG,RGB,640,640,1,,,,,False,640,640,199.2040426669264,166.92219161987305,60.334194442344355,0.0,0.1085357666015625,f4bf509a7c662981,True,0.4096,1.0,1697,True
001698.jpg,001698,.jpg,365538,JPEG,RGB,874,1166,1,,,,,False,874,1166,1009.1921485525867,116.10891723632812,53.86803576644604,0.014536539713541666,0.0,dc01215f5a52cef3,True,1.019084,0.7495711835334476,1698,True
001699.jpg,001699,.jpg,48719,JPEG,RGB,640,640,1,,,,,False,640,640,299.33344508870505,103.10430526733398,57.74526247949275,0.0825042724609375,0.0,c80d21575e3a8fe5,True,0.4096,1.0,1699,True
001700.jpg,001700,.jpg,504320,JPEG,RGB,943,1258,1,,,,,False,943,1258,3514.952307206242,132.85145060221353,62.441426714587806,0.044682820638020836,2.5431315104166668e-05,9f5021f458f61b1d,True,1.186294,0.7496025437201908,1700,True
001701.jpg,001701,.jpg,69185,JPEG,RGB,640,640,1,,,,,False,640,640,966.4123565241316,171.41513061523438,65.14026829914428,0.0,0.18223190307617188,d57a01a74cf25396,True,0.4096,1.0,1701,True
001702.jpg,001702,.jpg,387327,JPEG,RGB,1000,1334,1,,,,,False,1000,1334,636.7201379071663,137.02633158365884,56.63005247417758,0.055430094401041664,0.0,9b7629e709941c1f,True,1.334,0.7496251874062968,1702,True
001703.jpg,001703,.jpg,362095,JPEG,RGB,917,1223,1,,,,,False,917,1223,567.4619199769935,123.09066772460938,51.491816676411325,0.0340576171875,0.0,9c6638e116f6e932,True,1.121491,0.749795584627964,1703,True
001704.jpg,001704,.jpg,53311,JPEG,RGB,640,640,1,,,,,False,640,640,223.29898113175295,149.92452239990234,55.26127366572148,0.0,0.008686065673828125,907738c317f64935,True,0.4096,1.0,1704,True
001705.jpg,001705,.jpg,362395,JPEG,RGB,985,1314,1,,,,,False,985,1314,673.1017144644219,120.62273661295573,58.512245580802016,0.033665974934895836,0.0,a956a9f22c539c71,True,1.29429,0.7496194824961948,1705,True
001706.jpg,001706,.jpg,50524,JPEG,RGB,640,640,1,,,,,False,640,640,260.495843805591,95.10386657714844,58.88660959258765,0.149383544921875,0.0,9166adf248d3cc71,True,0.4096,1.0,1706,True
001707.jpg,001707,.jpg,329929,JPEG,RGB,795,1060,1,,,,,False,795,1060,949.7333677373827,121.93703206380208,62.954030232953016,0.037322998046875,0.0004781087239583333,da9563633d5036cc,True,0.8427,0.75,1707,True
001708.jpg,001708,.jpg,60971,JPEG,RGB,640,640,1,,,,,False,640,640,333.81648421287537,102.09309387207031,63.21881221591744,0.1250152587890625,0.0,d89463633d523ecc,True,0.4096,1.0,1708,True
001709.jpg,001709,.jpg,463644,JPEG,RGB,1024,1365,1,,,,,False,1024,1365,413.6619012296821,112.402587890625,51.76823019976985,0.011128743489583334,1.0172526041666666e-05,8b54333cc0f934cf,True,1.39776,0.7501831501831502,1709,True
001710.jpg,001710,.jpg,332876,JPEG,RGB,965,1285,1,,,,,False,965,1285,405.25287588271823,124.96261596679688,54.23904468779847,0.0130462646484375,7.120768229166667e-05,80152b8cd83ed3fb,True,1.240025,0.7509727626459144,1710,True
001711.jpg,001711,.jpg,54182,JPEG,RGB,640,640,1,,,,,False,640,640,169.67786931559385,138.24454879760742,61.98174299218056,0.07660675048828125,0.00820159912109375,805f3bdc583d1ee0,True,0.4096,1.0,1711,True
001712.jpg,001712,.jpg,405112,JPEG,RGB,939,1253,1,,,,,False,939,1253,2275.2899626785015,107.90821329752605,64.95942687852776,0.09781901041666667,0.0010884602864583333,8ddbfc348815c5b1,True,1.176567,0.7494014365522745,1712,True
001713.jpg,001713,.jpg,606633,JPEG,RGB,1535,2048,1,,,,,False,1535,2048,146.53403672068896,117.11798604329427,53.5677389426208,0.0437469482421875,0.005167643229166667,92ce2f65128ad65e,True,3.14368,0.74951171875,1713,True
001714.jpg,001714,.jpg,35625,JPEG,RGB,640,640,1,,,,,False,640,640,74.33996327774366,106.2797737121582,59.20245546571721,0.12290191650390625,0.004405975341796875,90c82f2d52aadf96,True,0.4096,1.0,1714,True
001715.jpg,001715,.jpg,263278,JPEG,RGB,900,1201,1,,,,,False,900,1201,429.6815436318672,136.0918935139974,53.68117607082331,0.041376749674479164,0.0035247802734375,891228f2672fcd6b,True,1.0809,0.7493755203996669,1715,True
001716.jpg,001716,.jpg,46614,JPEG,RGB,640,640,1,,,,,False,640,640,168.97268069906568,70.66397094726562,47.87132746592923,0.22628402709960938,0.0,89560dd0656ecdcb,True,0.4096,1.0,1716,True
001717.jpg,001717,.jpg,411088,JPEG,RGB,949,1266,1,,,,,False,949,1266,465.48411893182333,116.88140869140625,57.8827291503086,0.036590576171875,0.0,a54fea264dc54f82,True,1.201434,0.7496050552922591,1717,True
001718.jpg,001718,.jpg,55921,JPEG,RGB,640,640,1,,,,,False,640,640,180.3738155276369,137.08678817749023,64.48489423249272,0.0,0.022251129150390625,d56a427044dd0fd7,True,0.4096,1.0,1718,True
001719.jpg,001719,.jpg,499023,JPEG,RGB,1041,1387,1,,,,,False,1041,1387,915.6005656014507,126.55313110351562,57.68796777967421,0.041554768880208336,0.0001678466796875,af5261f08eb64ab1,True,1.443867,0.7505407354001442,1719,True
001720.jpg,001720,.jpg,58154,JPEG,RGB,640,640,1,,,,,False,640,640,304.28296528657665,84.74983596801758,55.39974538052389,0.19079208374023438,0.0,89566be01cb64eab,True,0.4096,1.0,1720,True
001721.jpg,001721,.jpg,328132,JPEG,RGB,889,1185,1,,,,,False,889,1185,1112.1685300493973,142.5740966796875,57.602124468141426,0.038213094075520836,0.0002288818359375,c8530ffc873c6196,True,1.053465,0.750210970464135,1721,True
001722.jpg,001722,.jpg,54331,JPEG,RGB,640,640,1,,,,,False,640,640,355.7385215564718,155.2781219482422,67.3822596978286,0.08890914916992188,0.005687713623046875,d5ca00ee41d57cd3,True,0.4096,1.0,1722,True
001723.jpg,001723,.jpg,420403,JPEG,RGB,1012,1350,1,,,,,False,1012,1350,389.98159887328643,126.08934020996094,62.094722940040455,0.043482462565104164,0.00016276041666666666,ab577b246dcb12c0,True,1.3662,0.7496296296296296,1723,True
001724.jpg,001724,.jpg,51389,JPEG,RGB,640,640,1,,,,,False,640,640,145.2537475374993,91.32177352905273,61.85979806919023,0.21387481689453125,0.0,855f7b264dca10dc,True,0.4096,1.0,1724,True
001725.jpg,001725,.jpg,449101,JPEG,RGB,1000,1333,1,,,,,False,1000,1333,462.44470717879545,133.09362284342447,43.16829917016229,0.008870442708333334,5.5948893229166664e-05,e2d5d0a56d9582b3,True,1.333,0.7501875468867217,1725,True
001726.jpg,001726,.jpg,54186,JPEG,RGB,640,640,1,,,,,False,640,640,192.696093263512,129.4882698059082,48.75831556282108,0.047637939453125,6.103515625e-05,e3d6508165bd14bb,True,0.4096,1.0,1726,True
001727.jpg,001727,.jpg,309991,JPEG,RGB,827,1103,1,,,,,False,827,1103,434.84930795431137,125.98617045084636,56.07222401888688,0.06501261393229167,0.0005544026692708334,88f32d33428d63cf,True,0.912181,0.7497733454215775,1727,True
001728.jpg,001728,.jpg,51652,JPEG,RGB,640,640,1,,,,,False,640,640,174.63893336207548,159.89441299438477,59.03706716369589,0.0,0.0153350830078125,89f32d334e2d621e,True,0.4096,1.0,1728,True
001729.jpg,001729,.jpg,434051,JPEG,RGB,988,1317,1,,,,,False,988,1317,592.7627924661824,129.39837137858072,61.102315982165315,0.057072957356770836,0.0,c35c3a3b4e1d41b3,True,1.301196,0.7501898253606681,1729,True
001730.jpg,001730,.jpg,329065,JPEG,RGB,917,1223,1,,,,,False,917,1223,390.83492420613766,147.76233927408853,60.92727833378545,0.0375518798828125,0.00019327799479166666,b9d649724c693e31,True,1.121491,0.749795584627964,1730,True
001731.jpg,001731,.jpg,43816,JPEG,RGB,640,640,1,,,,,False,640,640,156.77024277053715,111.86267471313477,63.50074375428892,0.14886093139648438,0.0,a2dd4b605d6a3c35,True,0.4096,1.0,1731,True
001732.jpg,001732,.jpg,392245,JPEG,RGB,959,1278,1,,,,,False,959,1278,526.3145461881068,131.7311248779297,52.21318387442461,0.027104695638020832,8.138020833333333e-05,b895431f1ca35c73,True,1.225602,0.7503912363067292,1732,True
001733.jpg,001733,.jpg,43909,JPEG,RGB,640,640,1,,,,,False,640,640,172.45520770543953,73.16658782958984,49.34963867571125,0.23852920532226562,0.0,98d4439f1cf15ce1,True,0.4096,1.0,1733,True
001734.jpg,001734,.jpg,328819,JPEG,RGB,999,1333,1,,,,,False,999,1333,571.499684207038,118.58522542317708,61.639496763462425,0.07061767578125,0.0003611246744791667,b6695a85173f4d60,True,1.331667,0.7494373593398349,1734,True
001735.jpg,001735,.jpg,48215,JPEG,RGB,640,640,1,,,,,False,640,640,191.52646103674488,145.56864166259766,63.761090824397584,0.0,0.0214691162109375,b7685a850f3b6c70,True,0.4096,1.0,1735,True
001736.jpg,001736,.jpg,327705,JPEG,RGB,1051,1402,1,,,,,False,1051,1402,227.96807230882234,133.83309427897134,53.192614274945534,0.017522176106770832,1.52587890625e-05,cb347d743093618f,True,1.473502,0.7496433666191156,1736,True
001737.jpg,001737,.jpg,37003,JPEG,RGB,640,640,1,,,,,False,640,640,102.03996024274966,101.31100845336914,58.83571941636475,0.16131210327148438,0.0,d275787632530b0f,True,0.4096,1.0,1737,True
001738.jpg,001738,.jpg,301469,JPEG,RGB,856,1141,1,,,,,False,856,1141,396.4100664864139,141.7385457356771,53.27355666202111,0.0122833251953125,0.0,bfd4c8393bc8b0c2,True,0.976696,0.7502191060473269,1738,True
001739.jpg,001739,.jpg,44340,JPEG,RGB,640,640,1,,,,,False,640,640,182.3248548767151,182.22040176391602,56.50063556034448,0.0,0.08478164672851562,bfd640bb33a830c5,True,0.4096,1.0,1739,True
001740.jpg,001740,.jpg,461417,JPEG,RGB,1009,1345,1,,,,,False,1009,1345,618.2269605199238,120.26959228515625,60.2326014777257,0.039372762044270836,0.0,aff4a2fb8304d914,True,1.357105,0.7501858736059479,1740,True
001741.jpg,001741,.jpg,47565,JPEG,RGB,640,640,1,,,,,False,640,640,235.30242320522666,111.28338623046875,64.30886287221027,0.0994110107421875,0.0,85f4d2f98b145f30,True,0.4096,1.0,1741,True
001742.jpg,001742,.jpg,436071,JPEG,RGB,904,1206,1,,,,,False,904,1206,1468.8722384248913,111.38108825683594,53.10251678241715,0.0375823974609375,0.0003712972005208333,aa550f33254f22f6,True,1.090224,0.7495854063018242,1742,True
001743.jpg,001743,.jpg,58250,JPEG,RGB,640,640,1,,,,,False,640,640,446.9192595644272,118.4250602722168,56.47141858883693,0.07806777954101562,0.002086639404296875,a0704d7a2d5f36d1,True,0.4096,1.0,1743,True
001744.jpg,001744,.jpg,229836,JPEG,RGB,916,1223,1,,,,,False,916,1223,352.1882280768769,140.3419294631201,58.793684295061446,0.02222890828981723,0.00020908126631853785,c09748f97f382786,True,1.120268,0.7489779231398201,1744,True
001745.jpg,001745,.jpg,40092,JPEG,RGB,640,640,1,,,,,False,640,640,154.96238506189547,124.32041931152344,67.99723294348932,0.12703323364257812,3.0517578125e-05,c1ad55fb2e112aca,True,0.4096,1.0,1745,True
001746.jpg,001746,.jpg,511310,JPEG,RGB,956,1275,1,,,,,False,956,1275,2604.772485175067,127.04013061523438,64.64102760630601,0.057708740234375,0.0003000895182291667,8fe6b97e04934c91,True,1.2189,0.7498039215686274,1746,True
001747.jpg,001747,.jpg,62729,JPEG,RGB,640,640,1,,,,,False,640,640,717.0497473468422,82.87208938598633,59.28501559282804,0.23407363891601562,0.0,8ee4397e49925c96,True,0.4096,1.0,1747,True
001748.jpg,001748,.jpg,508580,JPEG,RGB,927,1033,1,,,,,False,927,1033,1357.0539770499925,143.16102856072985,53.18721835556523,0.004280705337690632,0.0,8a6ae19736d2b634,True,0.957591,0.8973862536302033,1748,True
001749.jpg,001749,.jpg,69129,JPEG,RGB,640,640,1,,,,,False,640,640,439.4612462692312,160.13399124145508,61.36330675530453,8.0108642578125e-05,0.026119232177734375,807f4b95758217b9,True,0.4096,1.0,1749,True
001750.jpg,001750,.jpg,421456,JPEG,RGB,992,1323,1,,,,,False,992,1323,1877.9548531572025,136.85008748372397,54.03984217623258,0.032923380533854164,0.0,e3542396e996e98a,True,1.312416,0.7498110355253212,1750,True
001751.jpg,001751,.jpg,58338,JPEG,RGB,640,640,1,,,,,False,640,640,583.2321778880287,114.46615982055664,61.99722553948065,0.13156509399414062,0.0,826c23565be65bd4,True,0.4096,1.0,1751,True
001752.jpg,001752,.jpg,246508,JPEG,RGB,778,1037,1,,,,,False,778,1037,720.0469113364557,130.7735137939453,62.20002997279005,0.07114156087239583,0.0010986328125,96e934ad49976c58,True,0.806786,0.7502410800385728,1752,True
001753.jpg,001753,.jpg,44889,JPEG,RGB,640,640,1,,,,,False,640,640,262.3560469067743,112.2960433959961,67.3502742219767,0.16622543334960938,2.288818359375e-05,95e51e9709972d2c,True,0.4096,1.0,1753,True
001754.jpg,001754,.jpg,415035,JPEG,RGB,963,1284,1,,,,,False,963,1284,1494.878195313504,136.4253387451172,50.85019308595258,0.0360260009765625,0.00128173828125,8e2129def9d7034c,True,1.236492,0.75,1754,True
001755.jpg,001755,.jpg,49296,JPEG,RGB,640,640,1,,,,,False,640,640,483.21466290146054,130.93255615234375,63.12754727782658,0.12008285522460938,0.003597259521484375,d7206d9f6883429f,True,0.4096,1.0,1755,True
001756.jpg,001756,.jpg,370885,JPEG,RGB,1024,1365,1,,,,,False,1024,1365,851.7656236485473,145.53448486328125,59.84406175944086,0.041356404622395836,0.000885009765625,88f728d3c6e1d651,True,1.39776,0.7501831501831502,1756,True
001757.jpg,001757,.jpg,427335,JPEG,RGB,999,1331,1,,,,,False,999,1331,1697.9465981298642,112.34906005859375,69.8193277608933,0.07208760579427083,0.000701904296875,9b76a552e2cac9c8,True,1.329669,0.7505634861006761,1757,True
001758.jpg,001758,.jpg,48512,JPEG,RGB,640,640,1,,,,,False,640,640,816.5850420044153,83.19947052001953,68.5846596831104,0.26703643798828125,0.0,8f722572e28ec9c9,True,0.4096,1.0,1758,True
001759.jpg,001759,.jpg,179028,JPEG,RGB,1006,560,1,,,,,False,1006,560,1609.5376435424673,143.09731359649123,54.13632003415317,0.08570449561403509,0.0,85ba4f952a9563b1,True,0.56336,1.7964285714285715,1759,True
001760.jpg,001760,.jpg,45844,JPEG,RGB,640,640,1,,,,,False,640,640,474.5361608786043,122.76205444335938,56.73177767387131,0.15338897705078125,0.0,85bf4e953e812761,True,0.4096,1.0,1760,True
001761.jpg,001761,.jpg,214240,JPEG,RGB,1008,756,1,,,,,False,1008,756,559.600233230714,108.71669514973958,63.70465948528339,0.035334269205729164,0.0,adc9924b74a67a94,True,0.762048,1.3333333333333333,1761,True
001762.jpg,001762,.jpg,41365,JPEG,RGB,640,640,1,,,,,False,640,640,234.44950860366225,110.06794738769531,65.41478298412017,0.051502227783203125,9.5367431640625e-05,a5c9974a76e27a14,True,0.4096,1.0,1762,True
001763.jpg,001763,.jpg,288355,JPEG,RGB,1008,756,1,,,,,False,1008,756,819.7658426008032,140.4740447998047,53.534625274344,0.009501139322916666,0.0,de6532c923a36a8d,True,0.762048,1.3333333333333333,1763,True
001764.jpg,001764,.jpg,59651,JPEG,RGB,640,640,1,,,,,False,640,640,270.39571163035,79.20917129516602,51.94160724325528,0.2388153076171875,0.0,d66f338923a26e89,True,0.4096,1.0,1764,True
001765.jpg,001765,.jpg,270438,JPEG,RGB,1008,756,1,,,,,False,1008,756,1130.5838724755579,126.80498758951823,61.78660719640645,0.022974650065104168,0.0,93f5a863871ed4d0,True,0.762048,1.3333333333333333,1765,True
001766.jpg,001766,.jpg,56164,JPEG,RGB,640,640,1,,,,,False,640,640,410.8039155708975,118.60888290405273,62.10023659417696,0.050167083740234375,0.0,97f5a865873ed0c0,True,0.4096,1.0,1766,True
001767.jpg,001767,.jpg,129461,JPEG,RGB,770,578,1,,,,,False,770,578,906.1652315829155,102.68544006347656,74.38055570277814,0.10869344075520833,0.0,b1c3a649e16e1eb1,True,0.44506,1.3321799307958477,1767,True
001768.jpg,001768,.jpg,40338,JPEG,RGB,640,640,1,,,,,False,640,640,301.65964961703867,56.35854721069336,59.043354101310285,0.5341453552246094,0.0,b1c38649e57e1cd1,True,0.4096,1.0,1768,True
001769.jpg,001769,.jpg,264291,JPEG,RGB,1008,756,1,,,,,False,1008,756,1172.4548423810759,146.28270975748697,60.725835115658384,0.029510498046875,1.52587890625e-05,b0d136913bb1c9b6,True,0.762048,1.3333333333333333,1769,True
001770.jpg,001770,.jpg,267539,JPEG,RGB,979,759,1,,,,,False,979,759,545.4678541392748,118.83952888853904,68.35166049950811,0.0330801322418136,4.427739294710327e-05,c83737ccbbd0342a,True,0.743061,1.289855072463768,1770,True
001771.jpg,001771,.jpg,52846,JPEG,RGB,640,640,1,,,,,False,640,640,236.43491718520818,111.95319747924805,71.08573687402229,0.08469390869140625,0.0,cc3337cc4fc194b4,True,0.4096,1.0,1771,True
001772.jpg,001772,.jpg,200839,JPEG,RGB,964,789,1,,,,,False,964,789,692.5739711127846,148.0139981727327,67.72372798900005,0.0013937574582338903,0.00041020286396181385,90362aef6f242db1,True,0.760596,1.2217997465145753,1772,True
001773.jpg,001773,.jpg,45738,JPEG,RGB,640,640,1,,,,,False,640,640,268.85590870560554,194.86527252197266,69.28177472126877,0.0,0.4519691467285156,d52a2a6d6f242cb5,True,0.4096,1.0,1773,True
001774.jpg,001774,.jpg,182700,JPEG,RGB,943,859,1,,,,,False,943,859,243.0923894698701,139.86595527092274,53.9276141802481,0.0005322894313304721,7.963385193133047e-05,cb4078e1a2f4df32,True,0.810037,1.0977881257275903,1774,True
001775.jpg,001775,.jpg,37443,JPEG,RGB,640,640,1,,,,,False,640,640,110.53725899358687,104.68475723266602,57.967099877178086,0.09373855590820312,0.0,c3607ce0f2b4cdb2,True,0.4096,1.0,1775,True
001776.jpg,001776,.jpg,353895,JPEG,RGB,1112,800,1,,,,,False,1112,800,947.235947173546,118.155517578125,57.59113663669318,0.03891389266304348,0.0,88fcdd7a61684b1c,True,0.8896,1.39,1776,True
001777.jpg,001777,.jpg,62502,JPEG,RGB,640,640,1,,,,,False,640,640,313.4712975234579,150.5353126525879,62.36283511595797,0.0,0.09218978881835938,8162557a636a773c,True,0.4096,1.0,1777,True
001778.jpg,001778,.jpg,91473,JPEG,RGB,650,466,1,,,,,False,650,466,421.2408314730746,134.35687904461852,73.24323220024773,0.025103244209809264,0.006700229904632152,cfe9cc672404dcc3,True,0.3029,1.3948497854077253,1778,True
001779.jpg,001779,.jpg,41008,JPEG,RGB,640,640,1,,,,,False,640,640,161.76293480530148,86.05521011352539,71.73702912121153,0.3092842102050781,0.0,c9e2d967340fd0c6,True,0.4096,1.0,1779,True
001780.jpg,001780,.jpg,252890,JPEG,RGB,1110,602,1,,,,,False,1110,602,2221.645303925313,134.46003821942446,36.93671661116926,0.0007306654676258993,0.009856958183453238,c36f3a160769313e,True,0.66822,1.8438538205980066,1780,True
001781.jpg,001781,.jpg,60746,JPEG,RGB,640,640,1,,,,,False,640,640,698.0733785794437,83.33612823486328,42.3929902272749,0.12041854858398438,0.0,81ff19940769393e,True,0.4096,1.0,1781,True
001782.jpg,001782,.jpg,39725,JPEG,RGB,640,640,1,,,,,False,640,640,129.2549413703382,112.21194458007812,37.22115383423533,0.052379608154296875,0.0,d1bf09b906830d9f,True,0.4096,1.0,1782,True
001783.jpg,001783,.jpg,405913,JPEG,RGB,1307,980,1,,,,,False,1307,980,344.9958814578907,119.31571960449219,55.54182261991013,0.040863037109375,0.0,86d022314fbd6fcc,True,1.28086,1.333673469387755,1783,True
001784.jpg,001784,.jpg,51639,JPEG,RGB,640,640,1,,,,,False,640,640,182.10271845333045,172.8561248779297,57.32284088546811,0.0,0.11445236206054688,87d022b143bc73ee,True,0.4096,1.0,1784,True
001785.jpg,001785,.jpg,114908,JPEG,RGB,605,604,1,,,,,False,605,604,193.0913845806011,128.38644737646771,54.47423353246862,0.007327085371819961,0.021728993395303327,958f4a3c98ba3875,True,0.36542,1.0016556291390728,1785,True
001786.jpg,001786,.jpg,44718,JPEG,RGB,640,640,1,,,,,False,640,640,105.17458695895039,64.55316925048828,52.33474323917798,0.29959869384765625,0.0,958a4a709eb95975,True,0.4096,1.0,1786,True
001787.jpg,001787,.jpg,105704,JPEG,RGB,946,675,1,,,,,False,946,675,56.83969760919831,143.97310573630136,33.533706880703015,0.0009096746575342465,0.0004013270547945205,ff8a05aa15ea2e2a,True,0.63855,1.4014814814814816,1787,True
001788.jpg,001788,.jpg,26667,JPEG,RGB,640,640,1,,,,,False,640,640,67.13833566562971,182.04497146606445,50.266428936103885,0.0,0.046642303466796875,f503443b1e4b3e2b,True,0.4096,1.0,1788,True
001789.jpg,001789,.jpg,81608,JPEG,RGB,750,519,1,,,,,False,750,519,198.16451273336162,136.6463464424435,39.41368269591816,0.0003310381355932203,0.0,d4ab8b5434a48beb,True,0.38925,1.4450867052023122,1789,True
001790.jpg,001790,.jpg,26050,JPEG,RGB,640,640,1,,,,,False,640,640,94.7379564812727,88.9101676940918,41.56232742797031,0.13817977905273438,0.0,d4abc95674494b53,True,0.4096,1.0,1790,True
001791.jpg,001791,.jpg,156301,JPEG,RGB,864,628,1,,,,,False,864,628,473.9192392060296,116.49025012600806,41.7859559143642,0.015709005376344086,0.0,c8c40addb4a556ed,True,0.542592,1.375796178343949,1791,True
001792.jpg,001792,.jpg,45349,JPEG,RGB,640,640,1,,,,,False,640,640,213.75316817533167,118.57090377807617,50.053286276727675,0.08196258544921875,0.0,c5fd17499587160e,True,0.4096,1.0,1792,True
001793.jpg,001793,.jpg,212975,JPEG,RGB,964,644,1,,,,,False,964,644,759.9696636675468,158.38775242141813,47.54118315180842,0.010302448830409356,0.0007138614766081871,bc7a7a3ad0c0c1f1,True,0.620816,1.4968944099378882,1793,True
001794.jpg,001794,.jpg,43210,JPEG,RGB,640,640,1,,,,,False,640,640,275.7361490073963,163.70076370239258,54.258818090170806,0.037067413330078125,0.00249481201171875,dd3a7a3ad0c0d1b1,True,0.4096,1.0,1794,True
001795.jpg,001795,.jpg,180509,JPEG,RGB,968,672,1,,,,,False,968,672,655.8230313305892,200.43299955985916,46.15936363480214,0.009204445422535212,0.004434419014084507,d5293d5b19393136,True,0.650496,1.4404761904761905,1795,True
001796.jpg,001796,.jpg,39211,JPEG,RGB,640,640,1,,,,,False,640,640,262.112605539849,170.37694931030273,48.53336290834176,0.035518646240234375,0.0,d57f3d0919393134,True,0.4096,1.0,1796,True
001797.jpg,001797,.jpg,153071,JPEG,RGB,1134,576,1,,,,,False,1134,576,726.6176918156189,86.96742037259615,77.70247558672669,0.3981219951923077,0.015474759615384616,94e50a37487dfa49,True,0.653184,1.96875,1797,True
001798.jpg,001798,.jpg,145462,JPEG,RGB,822,616,1,,,,,False,822,616,267.4171746306949,136.0892791748047,41.45107697076836,0.004740397135416667,0.0,aa853e2d9c685cec,True,0.506352,1.3344155844155845,1798,True
001799.jpg,001799,.jpg,42509,JPEG,RGB,640,640,1,,,,,False,640,640,124.13105425512185,160.65930557250977,47.41582938869023,0.0,0.010402679443359375,808f3e7d184c5e5e,True,0.4096,1.0,1799,True
001800.jpg,001800,.jpg,283502,JPEG,RGB,948,705,1,,,,,False,948,705,1131.425693438329,129.10972358923885,50.64225971719812,0.007535679133858267,0.009945045931758531,d08123d03ddeac6f,True,0.66834,1.3446808510638297,1800,True
001801.jpg,001801,.jpg,259094,JPEG,RGB,965,724,1,,,,,False,965,724,2105.8607901010873,96.77066548665364,56.0656269512075,0.0032704671223958335,0.0016225179036458333,e2ea383d6af0e0d4,True,0.69866,1.3328729281767955,1801,True
001802.jpg,001802,.jpg,62469,JPEG,RGB,640,640,1,,,,,False,640,640,654.9265434503177,52.376609802246094,47.42135642239332,0.38732147216796875,0.0,e0e21a3d5bd5c0d5,True,0.4096,1.0,1802,True
001803.jpg,001803,.jpg,131634,JPEG,RGB,745,729,1,,,,,False,745,729,117.132939124207,108.83481474550898,35.62010587521798,0.006767714570858284,0.0,e0cc87751891e7cb,True,0.543105,1.0219478737997256,1803,True
001804.jpg,001804,.jpg,38056,JPEG,RGB,640,640,1,,,,,False,640,640,73.9393544257473,137.74193572998047,40.802745825434826,0.0,0.020450592041015625,a0dd97251993e7c2,True,0.4096,1.0,1804,True
001805.jpg,001805,.jpg,238582,JPEG,RGB,1082,799,1,,,,,False,1082,799,881.5183466209986,125.97660383597884,58.757376604673425,0.03277426421957672,3.1001984126984125e-05,d5c97b23663d2328,True,0.864518,1.3541927409261576,1805,True
001806.jpg,001806,.jpg,49329,JPEG,RGB,640,640,1,,,,,False,640,640,358.02993530638923,131.84435653686523,67.38929703261222,0.09560775756835938,0.000225067138671875,c0c07a6e653d37d4,True,0.4096,1.0,1806,True
001807.jpg,001807,.jpg,257677,JPEG,RGB,1019,799,1,,,,,False,1019,799,832.7059006244126,135.2724292783666,42.940518707679935,0.008586931109725686,0.012863349438902744,d1912dbedca8a8b2,True,0.814181,1.2753441802252816,1807,True
001808.jpg,001808,.jpg,242750,JPEG,RGB,1016,912,1,,,,,False,1016,912,715.2509906595552,106.54049762228261,56.83142829522889,0.06649116847826086,0.0066788383152173916,9cc844d9b5482fdd,True,0.926592,1.1140350877192982,1808,True
001809.jpg,001809,.jpg,48881,JPEG,RGB,640,640,1,,,,,False,640,640,302.28240616223775,93.71197509765625,59.69727533687648,0.13597488403320312,0.00252532958984375,95df449b18266aad,True,0.4096,1.0,1809,True
001810.jpg,001810,.jpg,252220,JPEG,RGB,756,734,1,,,,,False,756,734,522.6981724033842,109.07284723968813,51.22684115951652,0.030016033702213278,0.002291090291750503,faa9f0b5c0b4c332,True,0.554904,1.0299727520435968,1810,True
001811.jpg,001811,.jpg,52031,JPEG,RGB,640,640,1,,,,,False,640,640,181.54909049201524,79.09619140625,52.68696271547748,0.17889022827148438,0.0,e0bfd53543340736,True,0.4096,1.0,1811,True
001812.jpg,001812,.jpg,117406,JPEG,RGB,893,637,1,,,,,False,893,637,249.24764870195324,157.81258561643835,46.50994206658605,0.008711472602739726,0.0032587756849315067,80d437af296f9266,True,0.568841,1.401883830455259,1812,True
001813.jpg,001813,.jpg,31055,JPEG,RGB,640,640,1,,,,,False,640,640,109.9259446584474,119.70938110351562,52.03466358577839,0.07017135620117188,0.0,85d0372f296e526e,True,0.4096,1.0,1813,True
001814.jpg,001814,.jpg,323896,JPEG,RGB,1008,756,1,,,,,False,1008,756,2305.4206421884146,92.72721862792969,51.56717374761017,0.028559366861979168,0.0,fa197582b1c23d69,True,0.762048,1.3333333333333333,1814,True
001815.jpg,001815,.jpg,59476,JPEG,RGB,640,640,1,,,,,False,640,640,651.2090699784312,62.99458312988281,48.2541216066523,0.18238449096679688,0.0,f49d65c638c31a35,True,0.4096,1.0,1815,True
001816.jpg,001816,.jpg,357376,JPEG,RGB,1066,800,1,,,,,False,1066,800,1150.7235550147534,135.94073994954428,55.084772545114554,0.027069091796875,0.00042724609375,9c9e57aa5af40f01,True,0.8528,1.3325,1816,True
001817.jpg,001817,.jpg,65679,JPEG,RGB,640,640,1,,,,,False,640,640,516.9111279378994,142.86965560913086,59.67053260342119,0.046051025390625,0.003509521484375,949e5b895bfe2501,True,0.4096,1.0,1817,True
001818.jpg,001818,.jpg,224290,JPEG,RGB,1049,787,1,,,,,False,1049,787,1052.3688950678334,133.31298319498697,59.71660135261568,0.022572835286458332,0.00018819173177083334,ad0374da1fd35a60,True,0.825563,1.3329097839898347,1818,True
001819.jpg,001819,.jpg,45511,JPEG,RGB,640,640,1,,,,,False,640,640,326.1715586663777,181.2596893310547,63.6952933768689,0.0,0.29193878173828125,ad4234da1e5b1e74,True,0.4096,1.0,1819,True
001820.jpg,001820,.jpg,365063,JPEG,RGB,1039,911,1,,,,,False,1039,911,1236.2925942452969,120.59709510718262,59.54698266266095,0.11717445016703786,0.002296770601336303,d6c619e64837dd22,True,0.946529,1.1405049396267837,1820,True
001821.jpg,001821,.jpg,57606,JPEG,RGB,640,640,1,,,,,False,640,640,452.5857091310754,87.91898345947266,55.43927719452528,0.23247146606445312,0.0,c4c609e64837df36,True,0.4096,1.0,1821,True
001822.jpg,001822,.jpg,198894,JPEG,RGB,915,1220,1,,,,,False,915,1220,207.0146518678456,125.67855326334636,65.3733386045693,0.021036783854166668,0.0335693359375,87b8e61d0338a7d9,True,1.1163,0.75,1822,True
001823.jpg,001823,.jpg,33067,JPEG,RGB,640,640,1,,,,,False,640,640,93.04320521559566,172.03118515014648,64.01654876083887,0.0,0.18775177001953125,80b1c4bd4f38ecab,True,0.4096,1.0,1823,True
001824.jpg,001824,.jpg,412366,JPEG,RGB,1338,904,1,,,,,False,1338,904,2017.1761342154468,121.1949907424133,61.245628522834004,0.024910811054913294,0.0,aad591001ae5d97f,True,1.209552,1.4800884955752212,1824,True
001825.jpg,001825,.jpg,57923,JPEG,RGB,640,640,1,,,,,False,640,640,601.0918244686327,77.48283004760742,56.47622013869775,0.23027801513671875,0.0,88d51f2b1747507b,True,0.4096,1.0,1825,True
001826.jpg,001826,.jpg,197340,JPEG,RGB,1099,744,1,,,,,False,1099,744,673.8808332433623,152.86527940381845,51.313541107414935,0.009664310158501442,0.0002814301152737752,e89385787c96c339,True,0.817656,1.4771505376344085,1826,True
001827.jpg,001827,.jpg,423773,JPEG,RGB,1095,1460,1,,,,,False,1095,1460,382.3263430321177,133.37337239583334,58.687228189438606,0.031855265299479164,1.0172526041666666e-05,aae5d5c04a729772,True,1.5987,0.75,1827,True
001828.jpg,001828,.jpg,40773,JPEG,RGB,640,640,1,,,,,False,640,640,176.68435267043242,113.9548454284668,63.660962761515925,0.10735702514648438,0.0,85fd54871a2b9b31,True,0.4096,1.0,1828,True
001829.jpg,001829,.jpg,387685,JPEG,RGB,1019,1359,1,,,,,False,1019,1359,1053.9472126091262,139.57103474934897,60.824596426108904,0.046620686848958336,0.0,9e5618e1393513f6,True,1.384821,0.7498160412067697,1829,True
001830.jpg,001830,.jpg,361481,JPEG,RGB,1027,1370,1,,,,,False,1027,1370,167.97680982696411,136.0540974934896,49.81086423192747,0.014958699544270834,0.00018819173177083334,945a8a3a2a7bd745,True,1.40699,0.7496350364963503,1830,True
001831.jpg,001831,.jpg,34469,JPEG,RGB,640,640,1,,,,,False,640,640,87.52183703234186,149.16934204101562,59.597890663203216,0.003749847412109375,0.003093719482421875,905f8b2b2b7b540e,True,0.4096,1.0,1831,True
001832.jpg,001832,.jpg,379831,JPEG,RGB,987,1316,1,,,,,False,987,1316,211.8309413243292,125.90054829915364,45.682959873226196,0.06746927897135417,0.0,80d57dd93ccd23c8,True,1.298892,0.75,1832,True
001833.jpg,001833,.jpg,35924,JPEG,RGB,640,640,1,,,,,False,640,640,78.05278331819864,174.19380950927734,53.67618333390984,0.0,0.0757293701171875,d0d77d855e861685,True,0.4096,1.0,1833,True
001834.jpg,001834,.jpg,329820,JPEG,RGB,912,1216,1,,,,,False,912,1216,398.95807950322825,109.05916341145833,43.89899629916621,0.029485066731770832,0.009221394856770834,d7cc2a5e812b3387,True,1.108992,0.75,1834,True
001835.jpg,001835,.jpg,43602,JPEG,RGB,640,640,1,,,,,False,640,640,152.71853795844072,93.9776496887207,45.0588496810131,0.06688308715820312,0.0,d7cc2a5ad1293a87,True,0.4096,1.0,1835,True
001836.jpg,001836,.jpg,477078,JPEG,RGB,1112,1483,1,,,,,False,1112,1483,493.4831643882726,133.81107584635416,58.396055405414295,0.07502237955729167,0.0,994b078e16fab4ac,True,1.649096,0.7498314227916386,1836,True
001837.jpg,001837,.jpg,41199,JPEG,RGB,640,640,1,,,,,False,640,640,179.91438108473085,181.06003952026367,61.133825559384825,0.0,0.11000442504882812,985b07de1e687469,True,0.4096,1.0,1837,True
001838.jpg,001838,.jpg,496676,JPEG,RGB,1060,1414,1,,,,,False,1060,1414,653.0449707094168,123.12729899088542,52.060270445264756,0.0674896240234375,0.00067138671875,df4007cf36da305c,True,1.49884,0.7496463932107497,1838,True
001839.jpg,001839,.jpg,47181,JPEG,RGB,640,640,1,,,,,False,640,640,194.82319247629493,139.92709732055664,58.118737710163806,0.003269195556640625,0.00531768798828125,ddca038d16df5a14,True,0.4096,1.0,1839,True
001840.jpg,001840,.jpg,421981,JPEG,RGB,979,1305,1,,,,,False,979,1305,448.3937906597018,118.31723531087239,56.97981068471019,0.0647125244140625,0.0023701985677083335,b84027af3bf88cf0,True,1.277595,0.750191570881226,1840,True
001841.jpg,001841,.jpg,45824,JPEG,RGB,640,640,1,,,,,False,640,640,164.59751432569465,121.15813446044922,59.64339499774201,0.07358932495117188,0.003238677978515625,f04d05af77d28ca2,True,0.4096,1.0,1841,True
001842.jpg,001842,.jpg,375347,JPEG,RGB,913,1218,1,,,,,False,913,1218,343.45781316597845,130.55508931477866,43.40719792129336,0.018656412760416668,0.0004018147786458333,89482f66357e3639,True,1.112034,0.7495894909688013,1842,True
001843.jpg,001843,.jpg,41853,JPEG,RGB,640,640,1,,,,,False,640,640,118.40245284489356,173.54375076293945,49.0777231582178,0.0,0.014492034912109375,80596f74377a345a,True,0.4096,1.0,1843,True
001844.jpg,001844,.jpg,362220,JPEG,RGB,824,1003,1,,,,,False,824,1003,2095.2379439434526,111.81997383461996,57.51653292844738,0.032057229809976245,4.1753266033254154e-05,8b5734319d6d02cf,True,0.826472,0.8215353938185443,1844,True
001845.jpg,001845,.jpg,62345,JPEG,RGB,640,640,1,,,,,False,640,640,678.1256980518228,77.26914596557617,57.311574860851636,0.17248153686523438,0.0,8b5e343b4d6d5644,True,0.4096,1.0,1845,True
001846.jpg,001846,.jpg,389349,JPEG,RGB,940,1253,1,,,,,False,940,1253,622.9533081054688,132.68938700358072,48.545137260475386,0.013804117838541666,0.00017293294270833334,e51b6e9831069b6e,True,1.17782,0.7501995211492418,1846,True
001847.jpg,001847,.jpg,46171,JPEG,RGB,640,640,1,,,,,False,640,640,199.65057806274854,172.32898712158203,51.89574161077411,0.0,0.01741790771484375,c50b66d974423b6e,True,0.4096,1.0,1847,True
001848.jpg,001848,.jpg,507727,JPEG,RGB,1073,1431,1,,,,,False,1073,1431,484.5000966315209,133.62510681152344,55.72421679979382,0.0175018310546875,0.00079345703125,866d3ea0f776c023,True,1.535463,0.7498252969951084,1848,True
001849.jpg,001849,.jpg,47786,JPEG,RGB,640,640,1,,,,,False,640,640,180.2455173078779,131.63323974609375,64.03865333014902,0.0743408203125,0.002094268798828125,857f74a3fe520033,True,0.4096,1.0,1849,True
001850.jpg,001850,.jpg,534876,JPEG,RGB,1122,1496,1,,,,,False,1122,1496,547.0477579430575,138.42608642578125,55.99028402637827,0.009730021158854166,7.62939453125e-05,c11b6f1c3442b3cf,True,1.678512,0.75,1850,True
001851.jpg,001851,.jpg,49665,JPEG,RGB,640,640,1,,,,,False,640,640,184.9215245207306,151.80438232421875,60.730102380156715,0.03302001953125,0.007129669189453125,801f6f3c345632cf,True,0.4096,1.0,1851,True
001852.jpg,001852,.jpg,246337,JPEG,RGB,856,1188,1,,,,,False,856,1188,564.1647626249118,129.67376460873984,44.24783210952366,0.012772061314363144,0.0008310044037940379,865b2d9ac2d26bd8,True,1.016928,0.7205387205387206,1852,True
001853.jpg,001853,.jpg,41622,JPEG,RGB,640,640,1,,,,,False,640,640,208.8606189750135,121.56870651245117,54.4235434624025,0.08808135986328125,0.000499725341796875,84492d5b574b6be8,True,0.4096,1.0,1853,True
001854.jpg,001854,.jpg,483488,JPEG,RGB,1008,1344,1,,,,,False,1008,1344,1830.7206115420493,115.46209208170573,63.99335236485681,0.0627288818359375,0.0009206136067708334,ac54238e377b4a35,True,1.354752,0.75,1854,True
001855.jpg,001855,.jpg,333593,JPEG,RGB,936,1248,1,,,,,False,936,1248,726.9949472893236,133.5366973876953,63.1205260744218,0.08815511067708333,0.0026041666666666665,9fdb13c334ccd301,True,1.168128,0.75,1855,True
001856.jpg,001856,.jpg,45348,JPEG,RGB,640,640,1,,,,,False,640,640,335.4473354230722,92.35789108276367,60.771131192495545,0.21567916870117188,0.0,9fd9119a3c8c523d,True,0.4096,1.0,1856,True
001857.jpg,001857,.jpg,368677,JPEG,RGB,971,1377,1,,,,,False,971,1377,409.1409117561335,122.81333318905817,52.43410639505902,0.029226540858725763,0.0,8bcf367836307932,True,1.337067,0.7051561365286856,1857,True
001858.jpg,001858,.jpg,46222,JPEG,RGB,640,640,1,,,,,False,640,640,174.68728939420544,145.4974021911621,58.20078815801202,3.814697265625e-06,0.00555419921875,95ca126c36366d75,True,0.4096,1.0,1858,True
001859.jpg,001859,.jpg,404750,JPEG,RGB,983,1311,1,,,,,False,983,1311,1407.5615782778866,145.49749755859375,49.18543633087034,0.0042877197265625,1.52587890625e-05,9ad87bc823671a5c,True,1.288713,0.7498093058733791,1859,True
001860.jpg,001860,.jpg,44396,JPEG,RGB,640,640,1,,,,,False,640,640,280.44007145216165,196.87092971801758,47.99685658283017,0.0,0.18008804321289062,985a6bc867575664,True,0.4096,1.0,1860,True
001861.jpg,001861,.jpg,598381,JPEG,RGB,1084,1445,1,,,,,False,1084,1445,1645.09392008144,113.2030537923177,52.918755774875706,0.052968343098958336,0.0,ae561cda16cfec02,True,1.56638,0.7501730103806228,1861,True
001862.jpg,001862,.jpg,66424,JPEG,RGB,640,640,1,,,,,False,640,640,557.6182850119512,94.13398742675781,52.5430245015766,0.09433746337890625,0.0,ee5609da17ce2507,True,0.4096,1.0,1862,True
001863.jpg,001863,.jpg,503353,JPEG,RGB,1114,1485,1,,,,,False,1114,1485,589.0380631063341,121.06434122721355,59.08472372839953,0.022974650065104168,0.0,b25e3ec0697e3cc0,True,1.65429,0.7501683501683502,1863,True
001864.jpg,001864,.jpg,49597,JPEG,RGB,640,640,1,,,,,False,640,640,213.63469386607176,96.21127319335938,63.67648345469717,0.16126632690429688,0.0,a03f1fa55fac58a0,True,0.4096,1.0,1864,True
001865.jpg,001865,.jpg,313010,JPEG,RGB,1049,1399,1,,,,,False,1049,1399,110.71964858635329,129.07001241048178,57.292036247587376,0.07766215006510417,0.0012359619140625,bfc922eb0fd82099,True,1.467551,0.7498213009292352,1865,True
001866.jpg,001866,.jpg,34037,JPEG,RGB,640,640,1,,,,,False,640,640,69.95724600319227,72.54723358154297,49.00527097237285,0.1945037841796875,0.0,9f6a32c30ff93411,True,0.4096,1.0,1866,True
001867.jpg,001867,.jpg,349145,JPEG,RGB,884,1179,1,,,,,False,884,1179,525.4391322548812,124.59841918945312,49.309567522364,0.005482991536458333,1.52587890625e-05,be61888ffc68a54a,True,1.042236,0.7497879558948262,1867,True
001868.jpg,001868,.jpg,51191,JPEG,RGB,640,640,1,,,,,False,640,640,188.5720551553968,173.72319412231445,54.40138832505412,0.0,0.06489181518554688,8c618b9a7978555e,True,0.4096,1.0,1868,True
001869.jpg,001869,.jpg,344602,JPEG,RGB,1037,1383,1,,,,,False,1037,1383,168.95372026123937,123.41932678222656,60.456279518389415,0.075897216796875,0.0009714762369791666,a9d42cd3e51d6b24,True,1.434171,0.749819233550253,1869,True
001870.jpg,001870,.jpg,38534,JPEG,RGB,640,640,1,,,,,False,640,640,92.91854335855169,171.59489822387695,61.521780707381865,0.0,0.12064743041992188,e4d522d22d2b4a3f,True,0.4096,1.0,1870,True
001871.jpg,001871,.jpg,504450,JPEG,RGB,1056,1408,1,,,,,False,1056,1408,642.0504787687421,133.04945373535156,38.80427593785842,0.023111979166666668,0.0,e2d825de76c8694a,True,1.486848,0.75,1871,True
001872.jpg,001872,.jpg,388368,JPEG,RGB,1040,1387,1,,,,,False,1040,1387,648.4743526223789,153.43212890625,43.92762157383922,0.018168131510416668,1.0172526041666666e-05,80c733f239e42f65,True,1.44248,0.7498197548666186,1872,True
001873.jpg,001873,.jpg,44159,JPEG,RGB,640,640,1,,,,,False,640,640,232.53406637324952,186.8512306213379,56.17004847051957,0.0,0.08880233764648438,d4a237f228e529e5,True,0.4096,1.0,1873,True
001874.jpg,001874,.jpg,514229,JPEG,RGB,916,1222,1,,,,,False,916,1222,2148.7631607304015,135.65873209635416,44.65807963839719,0.006128946940104167,0.000640869140625,d5552d9729866e92,True,1.119352,0.7495908346972177,1874,True
001875.jpg,001875,.jpg,72917,JPEG,RGB,640,640,1,,,,,False,640,640,659.744318556448,129.1252670288086,56.71572682901771,0.09342193603515625,0.0008392333984375,d5974b8722a7460f,True,0.4096,1.0,1875,True
001876.jpg,001876,.jpg,606356,JPEG,RGB,1019,1359,1,,,,,False,1019,1359,1943.7110969519447,123.3616434733073,58.177789089653395,0.0334320068359375,0.0003763834635416667,a5432a73a7682bb5,True,1.384821,0.7498160412067697,1876,True
001877.jpg,001877,.jpg,568422,JPEG,RGB,975,1300,1,,,,,False,975,1300,3599.6368401013315,95.55359395345052,45.57063848177597,0.035664876302083336,0.00010172526041666667,bde6a9241cc69b1a,True,1.2675,0.75,1877,True
001878.jpg,001878,.jpg,70584,JPEG,RGB,640,640,1,,,,,False,640,640,993.9538232000632,123.01800537109375,46.994485532193224,0.0,0.006732940673828125,d5d5112f5e861b1a,True,0.4096,1.0,1878,True
001879.jpg,001879,.jpg,464157,JPEG,RGB,1083,1444,1,,,,,False,1083,1444,487.9583725580533,80.15061442057292,46.11767255303628,0.018513997395833332,0.0029296875,b754eb4a59933449,True,1.563852,0.75,1879,True
001880.jpg,001880,.jpg,35725,JPEG,RGB,640,640,1,,,,,False,640,640,140.1873785906937,44.440032958984375,36.82117702211372,0.21937942504882812,0.0,956b4c4b16d5136d,True,0.4096,1.0,1880,True
001881.jpg,001881,.jpg,390145,JPEG,RGB,1121,1495,1,,,,,False,1121,1495,194.8901821547705,132.99388122558594,49.557489560313286,0.016474405924479168,0.0004933675130208334,cb42296e2d2f687c,True,1.675895,0.7498327759197324,1881,True
001882.jpg,001882,.jpg,40770,JPEG,RGB,640,640,1,,,,,False,640,640,105.38386812800309,181.91659927368164,51.11041714404637,0.0,0.032833099365234375,c342256e2d6f50fc,True,0.4096,1.0,1882,True
001883.jpg,001883,.jpg,373494,JPEG,RGB,894,1185,1,,,,,False,894,1185,1489.0033026089777,158.98270017001295,57.18513250411192,0.02265827396373057,0.0003592535621761658,845a7ffc68e22a89,True,1.05939,0.7544303797468355,1883,True
001884.jpg,001884,.jpg,56600,JPEG,RGB,640,640,1,,,,,False,640,640,460.43366535915993,125.09971618652344,61.979397316793474,0.10032272338867188,0.0,95485dfb68e061d5,True,0.4096,1.0,1884,True
001885.jpg,001885,.jpg,439826,JPEG,RGB,955,1301,1,,,,,False,955,1301,2146.7057373176985,127.35391040558511,68.98586758253445,0.14276512632978725,1.558344414893617e-05,b5d89b2f82c225c7,True,1.242455,0.7340507302075326,1885,True
001886.jpg,001886,.jpg,53554,JPEG,RGB,640,640,1,,,,,False,640,640,703.3747934540152,166.25030136108398,71.61211582895648,0.0,0.15213394165039062,a4d5162b63c06fae,True,0.4096,1.0,1886,True
001887.jpg,001887,.jpg,1012635,JPEG,RGB,1536,2048,1,,,,,False,1536,2048,806.8100135369588,129.8517049153646,54.350392835356644,0.024943033854166668,3.0517578125e-05,aa7838d48983b5d7,True,3.145728,0.75,1887,True
001888.jpg,001888,.jpg,51499,JPEG,RGB,640,640,1,,,,,False,640,640,333.1113196344668,95.43143463134766,57.17009317957524,0.15530776977539062,0.0,8e6f24c44f83718f,True,0.4096,1.0,1888,True
001889.jpg,001889,.jpg,486414,JPEG,RGB,1026,1368,1,,,,,False,1026,1368,1637.57296201253,135.26600138346353,49.678037634307145,0.0098876953125,0.0007883707682291666,995be156459a2c5e,True,1.403568,0.75,1889,True
001890.jpg,001890,.jpg,55137,JPEG,RGB,640,640,1,,,,,False,640,640,532.847884444287,183.69216537475586,55.76340743082673,0.0,0.12005615234375,917dc56e0b1a2a76,True,0.4096,1.0,1890,True
001891.jpg,001891,.jpg,364858,JPEG,RGB,1116,1489,1,,,,,False,1116,1489,537.814457540685,124.45294698079427,66.79831392793005,0.06795756022135417,0.00079345703125,f86689122ef19cba,True,1.661724,0.7494963062458025,1891,True
001892.jpg,001892,.jpg,38812,JPEG,RGB,640,640,1,,,,,False,640,640,251.34976170375012,112.12667846679688,68.90129723459845,0.11915206909179688,2.288818359375e-05,dd6ac45a26b0b6b8,True,0.4096,1.0,1892,True
001893.jpg,001893,.jpg,355248,JPEG,RGB,1251,938,1,,,,,False,1251,938,524.7954664876064,140.8976084391276,67.61810240313424,0.053949991861979164,0.0002695719401041667,c21c6f85f88f501f,True,1.173438,1.3336886993603412,1893,True
001894.jpg,001894,.jpg,45345,JPEG,RGB,640,640,1,,,,,False,640,640,223.11248104808328,148.46985244750977,75.25411488745785,0.10181045532226562,0.046783447265625,d54a3581ded34a69,True,0.4096,1.0,1894,True
001895.jpg,001895,.jpg,364622,JPEG,RGB,1373,947,1,,,,,False,1373,947,350.75249014901885,143.89817745219545,58.24287187270232,0.024112517705382436,3.873052407932011e-05,81543f74ff0dc02d,True,1.300231,1.4498416050686378,1895,True
001896.jpg,001896,.jpg,43400,JPEG,RGB,640,640,1,,,,,False,640,640,136.53988145006588,104.28861999511719,60.125623386860404,0.14652633666992188,0.0,827577e55e25c02b,True,0.4096,1.0,1896,True
001897.jpg,001897,.jpg,452763,JPEG,RGB,1126,1501,1,,,,,False,1126,1501,386.27998797719675,135.5577392578125,53.94236008167758,0.0149078369140625,0.0,af7800da96d7da84,True,1.690126,0.7501665556295802,1897,True
001898.jpg,001898,.jpg,50152,JPEG,RGB,640,640,1,,,,,False,640,640,214.65943429525942,124.26209259033203,62.27133262572249,0.08980560302734375,0.0,856a10d916d5d9fc,True,0.4096,1.0,1898,True
001899.jpg,001899,.jpg,425152,JPEG,RGB,1061,1415,1,,,,,False,1061,1415,387.84484307506744,131.74385579427084,56.48426949053112,0.040308634440104164,0.0,b86327d42797c315,True,1.501315,0.7498233215547703,1899,True
001900.jpg,001900,.jpg,50722,JPEG,RGB,640,640,1,,,,,False,640,640,166.77044852817198,118.73867797851562,63.994570036740754,0.12684249877929688,0.0,807f57957a83523a,True,0.4096,1.0,1900,True
001901.jpg,001901,.jpg,454634,JPEG,RGB,922,1230,1,,,,,False,922,1230,1516.785463690344,141.66974385579428,55.55764192645074,0.02203369140625,0.0002848307291666667,cf52225e36fc02bc,True,1.13406,0.7495934959349594,1901,True
001902.jpg,001902,.jpg,60176,JPEG,RGB,640,640,1,,,,,False,640,640,468.2764579629875,103.09745788574219,55.33864439065763,0.101165771484375,0.0,cb56225e36fc122d,True,0.4096,1.0,1902,True
001903.jpg,001903,.jpg,499565,JPEG,RGB,991,1322,1,,,,,False,991,1322,661.9286517082559,140.53794860839844,64.71181375800741,0.041631062825520836,0.0011444091796875,b2461df61fcc2499,True,1.310102,0.7496217851739788,1903,True
001904.jpg,001904,.jpg,504999,JPEG,RGB,937,1279,1,,,,,False,937,1279,1437.6312199587403,111.83463020833334,51.501975303124745,0.010026041666666667,0.0005364583333333333,ef6ca0631d1b8a6a,True,1.198423,0.7326035965598123,1904,True
001905.jpg,001905,.jpg,63257,JPEG,RGB,640,640,1,,,,,False,640,640,466.4068635750882,146.12597274780273,53.496829678799514,0.0,0.0173797607421875,e87da1565d5a4a68,True,0.4096,1.0,1905,True
001906.jpg,001906,.jpg,44596,JPEG,RGB,640,640,1,,,,,False,640,640,179.02168737998,133.20056915283203,72.17257719753583,0.08333206176757812,0.002178192138671875,85dd6f811d275887,True,0.4096,1.0,1906,True
001907.jpg,001907,.jpg,315015,JPEG,RGB,934,1245,1,,,,,False,934,1245,866.3569005559872,138.98824564615884,62.9876771949269,0.054356892903645836,8.646647135416667e-05,89d72fd16a8d9286,True,1.16283,0.7502008032128514,1907,True
001908.jpg,001908,.jpg,46799,JPEG,RGB,640,640,1,,,,,False,640,640,324.57383382214175,113.09808731079102,66.21356929460725,0.17591476440429688,0.0,89d26dd86b8cd346,True,0.4096,1.0,1908,True
001909.jpg,001909,.jpg,403401,JPEG,RGB,1213,910,1,,,,,False,1213,910,1474.3210919236299,161.7581024169922,55.47024043409377,0.011174519856770834,9.663899739583333e-05,dca303381d7863fc,True,1.10383,1.332967032967033,1909,True
001910.jpg,001910,.jpg,503063,JPEG,RGB,918,1223,1,,,,,False,918,1223,3977.938098958357,119.00003560384114,68.03413398316724,0.07028706868489583,0.0017242431640625,c2bd2de43de05cd0,True,1.122714,0.7506132461161079,1910,True
001911.jpg,001911,.jpg,426112,JPEG,RGB,957,1280,1,,,,,False,957,1280,1205.0662404844757,131.0713273090731,52.071372735150824,0.024982661553524806,0.0016267542428198434,d3da43bc439270d3,True,1.22496,0.74765625,1911,True
001912.jpg,001912,.jpg,58988,JPEG,RGB,640,640,1,,,,,False,640,640,431.6499158250954,137.8476219177246,59.15006911006909,0.07639312744140625,0.016021728515625,d1db413d4e3a740b,True,0.4096,1.0,1912,True
001913.jpg,001913,.jpg,322385,JPEG,RGB,990,1320,1,,,,,False,990,1320,548.6035722773264,125.12812805175781,52.32817949609804,0.038355509440104164,0.0011749267578125,adf24fdbb919200c,True,1.3068,0.75,1913,True
001914.jpg,001914,.jpg,43547,JPEG,RGB,640,640,1,,,,,False,640,640,216.4962471029139,133.32097625732422,60.668774731455244,0.09087371826171875,0.00844573974609375,c5e247d95a955a85,True,0.4096,1.0,1914,True
001915.jpg,001915,.jpg,439914,JPEG,RGB,1132,1509,1,,,,,False,1132,1509,475.07826699150945,110.3699239095052,61.8147630291924,0.14849853515625,0.0,d2432c6d7aa30d79,True,1.708188,0.7501656726308814,1915,True
001916.jpg,001916,.jpg,41996,JPEG,RGB,640,640,1,,,,,False,640,640,171.4822158179595,87.50507354736328,63.953444334072,0.3135986328125,0.0,d257296c3ecc0f32,True,0.4096,1.0,1916,True
001917.jpg,001917,.jpg,404409,JPEG,RGB,1051,1402,1,,,,,False,1051,1402,238.21090063263867,106.85043334960938,48.3254243457753,0.0344696044921875,0.004750569661458333,a0c63e87dc843e37,True,1.473502,0.7496433666191156,1917,True
001918.jpg,001918,.jpg,44528,JPEG,RGB,640,640,1,,,,,False,640,640,102.34906554222107,100.56501770019531,53.014672815608556,0.08660125732421875,0.00353240966796875,80cf3e57d844343f,True,0.4096,1.0,1918,True
001919.jpg,001919,.jpg,369361,JPEG,RGB,895,1198,1,,,,,False,895,1198,735.8185071853716,118.84770724543081,65.35025026219907,0.06943537859007833,0.002055115861618799,aff688d3c88387a8,True,1.07221,0.7470784641068448,1919,True
001920.jpg,001920,.jpg,398713,JPEG,RGB,994,1325,1,,,,,False,994,1325,1206.3841966315847,139.87741088867188,67.72885839332669,0.08122762044270833,4.0690104166666664e-05,89d43d857a8d349d,True,1.31705,0.750188679245283,1920,True
001921.jpg,001921,.jpg,51626,JPEG,RGB,640,640,1,,,,,False,640,640,333.87384010013193,182.3890609741211,68.96100763255339,0.0,0.2804222106933594,c1d61e857e89329e,True,0.4096,1.0,1921,True
001922.jpg,001922,.jpg,480112,JPEG,RGB,1074,1433,1,,,,,False,1074,1433,2988.5959191852144,117.95901489257812,58.62827150336493,0.0026499430338541665,0.0,8b5380af7ed3123c,True,1.539042,0.749476622470342,1922,True
001923.jpg,001923,.jpg,59106,JPEG,RGB,640,640,1,,,,,False,640,640,889.8098800273146,170.68149185180664,53.835880713171264,0.0,0.16253662109375,8f5380bd7e53123c,True,0.4096,1.0,1923,True
001924.jpg,001924,.jpg,448320,JPEG,RGB,934,1245,1,,,,,False,934,1245,854.3366189892921,134.99661254882812,57.957352655964236,0.018854777018229168,0.00012715657552083334,bed574a1b08ad2d1,True,1.16283,0.7502008032128514,1924,True
001925.jpg,001925,.jpg,56720,JPEG,RGB,640,640,1,,,,,False,640,640,286.2572833262384,71.32345962524414,55.093766752226315,0.2721519470214844,0.0,9ad570a370d856e9,True,0.4096,1.0,1925,True
001926.jpg,001926,.jpg,446701,JPEG,RGB,1052,1403,1,,,,,False,1052,1403,742.6444699365853,109.37927754720052,52.452003490320884,0.033259073893229164,0.000274658203125,aa7529861bf374c4,True,1.475956,0.7498218104062723,1926,True
001927.jpg,001927,.jpg,46964,JPEG,RGB,640,640,1,,,,,False,640,640,264.6241398563143,142.6413688659668,53.47184921945134,0.0,0.043060302734375,8a752b871f93718c,True,0.4096,1.0,1927,True
001928.jpg,001928,.jpg,373015,JPEG,RGB,1004,1338,1,,,,,False,1004,1338,787.7679185850752,126.55653889973958,62.28539570032066,0.045008341471354164,0.0003102620442708333,adc73a998ba526c8,True,1.343352,0.750373692077728,1928,True
001929.jpg,001929,.jpg,44537,JPEG,RGB,640,640,1,,,,,False,640,640,286.45264860842144,80.6279067993164,61.36040282171373,0.24521636962890625,0.0,adc230b90bec269f,True,0.4096,1.0,1929,True
001930.jpg,001930,.jpg,359122,JPEG,RGB,934,1245,1,,,,,False,934,1245,1095.0655032064144,127.1655985514323,66.75762272784104,0.049402872721354164,0.0002644856770833333,ebd6389aa8268d9c,True,1.16283,0.7502008032128514,1930,True
001931.jpg,001931,.jpg,48691,JPEG,RGB,640,640,1,,,,,False,640,640,337.1406869081402,172.08731842041016,62.12827620224625,0.0,0.18726348876953125,caf53112032ec7bd,True,0.4096,1.0,1931,True
001932.jpg,001932,.jpg,242902,JPEG,RGB,994,1325,1,,,,,False,994,1325,153.2590072278917,153.47178649902344,61.67077890378818,0.012334187825520834,0.0007120768229166666,d0492ab5d2d273e5,True,1.31705,0.750188679245283,1932,True
001933.jpg,001933,.jpg,30379,JPEG,RGB,640,640,1,,,,,False,640,640,93.5337041378807,116.2827033996582,64.48781003672322,0.12524032592773438,0.0,d04a0b955bc26be7,True,0.4096,1.0,1933,True
001934.jpg,001934,.jpg,501586,JPEG,RGB,883,1222,1,,,,,False,883,1222,1910.5933580263418,104.71219383445946,67.33813849262256,0.13816511824324323,0.0001266891891891892,ab7d16c9146575c1,True,1.079026,0.7225859247135843,1934,True
001935.jpg,001935,.jpg,64889,JPEG,RGB,640,640,1,,,,,False,640,640,579.5643415187951,68.04518508911133,63.26959111416997,0.414031982421875,0.0,8b7c34c157693aca,True,0.4096,1.0,1935,True
001936.jpg,001936,.jpg,529974,JPEG,RGB,1055,1407,1,,,,,False,1055,1407,1286.5866512165453,121.01235961914062,49.37082017503953,0.044830322265625,0.0011393229166666667,95c5529153ed3ab2,True,1.484385,0.749822316986496,1936,True
001937.jpg,001937,.jpg,57391,JPEG,RGB,640,640,1,,,,,False,640,640,342.8050727685768,61.72502136230469,43.1109200063876,0.25301361083984375,0.0,95c442117be53bb3,True,0.4096,1.0,1937,True
001938.jpg,001938,.jpg,212270,JPEG,RGB,791,1026,1,,,,,False,791,1026,417.0807834842476,113.00750098892405,65.48560721924188,0.08073575949367089,0.003471123417721519,a5d26b64ca8f1a69,True,0.811566,0.7709551656920078,1938,True
001939.jpg,001939,.jpg,310222,JPEG,RGB,1236,927,1,,,,,False,1236,927,731.0039367671643,139.96949768066406,58.27421440152884,0.051798502604166664,0.008092244466145834,80951e95371e9f1e,True,1.145772,1.3333333333333333,1939,True
001940.jpg,001940,.jpg,41367,JPEG,RGB,640,640,1,,,,,False,640,640,229.80907262157416,81.32552719116211,50.05575848118935,0.1559906005859375,0.0,95950e94161f1f1f,True,0.4096,1.0,1940,True
001941.jpg,001941,.jpg,342994,JPEG,RGB,919,1225,1,,,,,False,919,1225,427.52742443210445,123.07365417480469,51.13568975533247,0.025655110677083332,0.0002492268880208333,c770a797d8704aa5,True,1.125775,0.7502040816326531,1941,True
001942.jpg,001942,.jpg,51731,JPEG,RGB,640,640,1,,,,,False,640,640,158.6859589777887,91.0164680480957,53.57065059675669,0.158660888671875,0.0,80f4a59fd8692ba5,True,0.4096,1.0,1942,True
001943.jpg,001943,.jpg,808245,JPEG,RGB,2048,1536,1,2021:03:13 18:21:22,Apple,iPhone 11,14.4,True,2048,1536,339.927993375394,113.22134908040364,47.23137490716725,0.015650431315104168,0.0017445882161458333,a056b2ff40eae661,True,3.145728,1.3333333333333333,1943,True
001944.jpg,001944,.jpg,46538,JPEG,RGB,640,640,1,,,,,False,640,640,166.1742928265012,126.48943328857422,53.45031266045934,4.9591064453125e-05,0.01265716552734375,d50052fd4af40bf6,True,0.4096,1.0,1944,True
001945.jpg,001945,.jpg,321307,JPEG,RGB,957,1276,1,,,,,False,957,1276,436.5690038452546,117.61858622233073,62.00272212306895,0.04925537109375,0.0008494059244791666,86d929d67c6ec834,True,1.221132,0.75,1945,True
001946.jpg,001946,.jpg,38966,JPEG,RGB,640,640,1,,,,,False,640,640,143.45120833977126,60.34069061279297,52.99744909090598,0.385345458984375,0.0,855a2d967e2d4a35,True,0.4096,1.0,1946,True
001947.jpg,001947,.jpg,378842,JPEG,RGB,924,1232,1,,,,,False,924,1232,1064.655453135337,108.71144612630208,61.413010346104166,0.0884246826171875,0.0,85bb2ad0776b852a,True,1.138368,0.75,1947,True
001948.jpg,001948,.jpg,56821,JPEG,RGB,640,640,1,,,,,False,640,640,338.9385829199455,76.82373046875,59.232473137102815,0.26276397705078125,0.0,85b922d0376a85bf,True,0.4096,1.0,1948,True
001949.jpg,001949,.jpg,372613,JPEG,RGB,977,1302,1,,,,,False,977,1302,534.2794340302547,116.06390889485677,52.647715155897856,0.026835123697916668,0.000213623046875,bad2b2dcb0d89531,True,1.272054,0.7503840245775729,1949,True
001950.jpg,001950,.jpg,49421,JPEG,RGB,640,640,1,,,,,False,640,640,190.4988176199695,62.952911376953125,47.47302270010953,0.2620391845703125,0.0,91e601df9711cd5a,True,0.4096,1.0,1950,True
001951.jpg,001951,.jpg,215214,JPEG,RGB,816,1124,1,,,,,False,816,1124,65.47712582601316,111.53794942876344,58.357007921216564,0.07851352486559139,0.002094884072580645,b6cd2cd44abb5aa0,True,0.917184,0.7259786476868327,1951,True
001952.jpg,001952,.jpg,32014,JPEG,RGB,640,640,1,,,,,False,640,640,37.94789478344319,53.393306732177734,47.490676040897796,0.38846588134765625,0.0,b75f2cd44b3b5820,True,0.4096,1.0,1952,True
001953.jpg,001953,.jpg,517642,JPEG,RGB,1277,958,1,,,,,False,1277,958,2903.6544993144926,120.06261698404948,66.86108550764615,0.10139973958333333,5.086263020833333e-06,f094aa278ea66f92,True,1.223366,1.3329853862212944,1953,True
001954.jpg,001954,.jpg,76072,JPEG,RGB,640,640,1,,,,,False,640,640,1504.4828099510487,88.40072631835938,64.26224530272391,0.2707061767578125,0.0,f080ab278e866f9b,True,0.4096,1.0,1954,True
001955.jpg,001955,.jpg,396326,JPEG,RGB,1210,907,1,,,,,False,1210,907,1738.1245935455797,115.67815653483073,63.65990260455039,0.0772705078125,0.0002543131510416667,e3955c6e8898e61b,True,1.09747,1.3340683572216097,1955,True
001956.jpg,001956,.jpg,56832,JPEG,RGB,640,640,1,,,,,False,640,640,528.8138382122706,95.8705825805664,64.59317895954123,0.23112106323242188,0.0,f3915c6e8098e65e,True,0.4096,1.0,1956,True
001957.jpg,001957,.jpg,356375,JPEG,RGB,1227,860,1,,,,,False,1227,860,1581.0033256798388,118.02312739380223,68.50195149625529,0.13650113161559888,0.0009248781337047354,e4b50b648c377c69,True,1.05522,1.4267441860465115,1957,True
001958.jpg,001958,.jpg,477791,JPEG,RGB,881,1175,1,,,,,False,881,1175,747.9507864564657,113.39271545410156,41.11934152478381,0.0075225830078125,0.000579833984375,ba4503fc359565a3,True,1.035175,0.7497872340425532,1958,True
001959.jpg,001959,.jpg,63273,JPEG,RGB,640,640,1,,,,,False,640,640,264.10572942340514,97.23966217041016,43.906598267587086,0.056396484375,0.0,aa4401fd35746a7e,True,0.4096,1.0,1959,True
001960.jpg,001960,.jpg,446095,JPEG,RGB,1023,1365,1,,,,,False,1023,1365,1719.7034615164157,113.96815999348958,68.49744704495362,0.06252034505208333,0.033274332682291664,e26789f51e291ca9,True,1.396395,0.7494505494505495,1960,True
001961.jpg,001961,.jpg,364880,JPEG,RGB,1310,982,1,,,,,False,1310,982,274.7198282774123,142.3813273111979,62.617703422151685,0.054219563802083336,0.0008392333984375,c0952b0f3d2d75a6,True,1.28642,1.3340122199592668,1961,True
001962.jpg,001962,.jpg,38858,JPEG,RGB,640,640,1,,,,,False,640,640,120.38808193708246,173.69175338745117,70.11327116098818,0.0,0.17279815673828125,c015297e3d7c513e,True,0.4096,1.0,1962,True
001963.jpg,001963,.jpg,395276,JPEG,RGB,965,1286,1,,,,,False,965,1286,756.8060480769878,120.91075642903645,59.9894268524683,0.060750325520833336,0.0021718343098958335,b449a51fdda10f86,True,1.24099,0.750388802488336,1963,True
001964.jpg,001964,.jpg,50835,JPEG,RGB,640,640,1,,,,,False,640,640,234.0395221276558,64.99360656738281,54.37600627396378,0.3198280334472656,0.0,945e849f48859ef5,True,0.4096,1.0,1964,True
001965.jpg,001965,.jpg,300877,JPEG,RGB,942,1256,1,,,,,False,942,1256,379.607063779297,131.41906229654947,57.300171659713996,0.03973388671875,0.0025736490885416665,cc45329637a8b5ab,True,1.183152,0.75,1965,True
001966.jpg,001966,.jpg,43246,JPEG,RGB,640,640,1,,,,,False,640,640,138.76321792356612,87.70084762573242,59.0677778898158,0.222442626953125,0.0,d56831961abdb4a5,True,0.4096,1.0,1966,True
001967.jpg,001967,.jpg,360926,JPEG,RGB,951,1269,1,,,,,False,951,1269,824.3800225480354,118.05814107259114,63.6946336015589,0.041402180989583336,7.120768229166667e-05,ae4c2384793bd572,True,1.206819,0.7494089834515366,1967,True
001968.jpg,001968,.jpg,52634,JPEG,RGB,640,640,1,,,,,False,640,640,306.6807046592585,112.0943603515625,67.40800304447808,0.094024658203125,0.00055694580078125,956e11967a3d8473,True,0.4096,1.0,1968,True
001969.jpg,001969,.jpg,489888,JPEG,RGB,1068,1423,1,,,,,False,1068,1423,2445.353624353703,134.99942016601562,67.10295651110785,0.062413533528645836,0.0277557373046875,81742f975bc0c4de,True,1.519764,0.7505270555165144,1969,True
001970.jpg,001970,.jpg,263575,JPEG,RGB,942,1256,1,,,,,False,942,1256,175.96165783537757,106.74993387858073,60.98044862776468,0.07323710123697917,0.0001983642578125,8bfc828a6d8f94c5,True,1.183152,0.75,1970,True
001971.jpg,001971,.jpg,37699,JPEG,RGB,640,640,1,,,,,False,640,640,126.19494394626236,78.18976974487305,57.161072025260225,0.2720832824707031,0.0,8fec838a65879cc5,True,0.4096,1.0,1971,True
001972.jpg,001972,.jpg,381698,JPEG,RGB,1018,1383,1,,,,,False,1018,1383,587.3987252994488,80.64711124005305,55.061274618012966,0.12523313163129973,0.0001295175729442971,c3c03c4b796f2b2c,True,1.407894,0.7360809833694866,1972,True
001973.jpg,001973,.jpg,32376,JPEG,RGB,640,640,1,,,,,False,640,640,173.23355843819445,43.5054931640625,47.66168466425741,0.508270263671875,0.0,c7c53a4a786f2525,True,0.4096,1.0,1973,True
001974.jpg,001974,.jpg,431531,JPEG,RGB,935,1126,1,,,,,False,935,1126,870.0251973040622,111.56528492647058,35.1080242473832,0.0040211397058823525,4.595588235294117e-06,fce063cc01e23dc7,True,1.05281,0.8303730017761989,1974,True
001975.jpg,001975,.jpg,662286,JPEG,RGB,1086,1448,1,,,,,False,1086,1448,2410.285663132763,133.31802876790366,58.87986160217262,0.01934814453125,0.0,80cf2fee213df0c4,True,1.572528,0.75,1975,True
001976.jpg,001976,.jpg,71829,JPEG,RGB,640,640,1,,,,,False,640,640,721.671500805518,99.75972366333008,59.5328419778981,0.15385818481445312,0.0,80cc6fe43bb8919d,True,0.4096,1.0,1976,True
001977.jpg,001977,.jpg,707873,JPEG,RGB,1090,1454,1,,,,,False,1090,1454,3118.57751352089,139.84517415364584,59.002690705458456,0.019307454427083332,0.0,d1c459c63b3bd20b,True,1.58486,0.749656121045392,1977,True
001978.jpg,001978,.jpg,296233,JPEG,RGB,1258,944,1,,,,,False,1258,944,63.07663661148399,116.53721110026042,54.72693498953088,0.0333251953125,0.0,e9063aed533485d3,True,1.187552,1.3326271186440677,1978,True
001979.jpg,001979,.jpg,33116,JPEG,RGB,640,640,1,,,,,False,640,640,44.33154999148974,83.83176040649414,55.962696427652425,0.20303726196289062,0.0,cd221ded533584cb,True,0.4096,1.0,1979,True
001980.jpg,001980,.jpg,409128,JPEG,RGB,1133,1510,1,,,,,False,1133,1510,235.49033698499102,82.68677266438802,46.69009622451274,0.028920491536458332,0.0,ff072b92c43aa2b1,True,1.71083,0.7503311258278146,1980,True
001981.jpg,001981,.jpg,26984,JPEG,RGB,640,640,1,,,,,False,640,640,85.06382598704658,104.74222183227539,48.199180429871554,0.0,6.866455078125e-05,fd2308c2d63aa1bd,True,0.4096,1.0,1981,True
001982.jpg,001982,.jpg,455655,JPEG,RGB,1343,1007,1,,,,,False,1343,1007,559.8712291127434,115.37847391764323,52.89714916877935,0.021555582682291668,0.0003255208333333333,c83dcb1d5a0b559c,True,1.352401,1.3336643495531282,1982,True
001983.jpg,001983,.jpg,53570,JPEG,RGB,640,640,1,,,,,False,640,640,183.92198893950263,63.18552780151367,50.014975168918276,0.2895355224609375,0.0,d01acf1a19fb01de,True,0.4096,1.0,1983,True
001984.jpg,001984,.jpg,306445,JPEG,RGB,900,1200,1,,,,,False,900,1200,2062.4401389211416,151.0598602294922,60.40590808027473,0.038503011067708336,9.663899739583333e-05,90d529a32fd229d7,True,1.08,0.75,1984,True
001985.jpg,001985,.jpg,55191,JPEG,RGB,640,640,1,,,,,False,640,640,656.5178011243697,178.33603286743164,64.95178025108171,0.0,0.08347320556640625,d4d649b72f8209d3,True,0.4096,1.0,1985,True
001986.jpg,001986,.jpg,448920,JPEG,RGB,919,1225,1,,,,,False,919,1225,961.1410115920007,106.95217895507812,57.23191698439657,0.09737650553385417,0.0003458658854166667,a0bb7a8e448e57d2,True,1.125775,0.7502040816326531,1986,True
001987.jpg,001987,.jpg,462380,JPEG,RGB,983,1310,1,,,,,False,983,1310,807.9288119598187,117.32822672526042,51.617311799488625,0.010899861653645834,0.0,eee26b422a6d348b,True,1.28773,0.750381679389313,1987,True
001988.jpg,001988,.jpg,70141,JPEG,RGB,640,640,1,,,,,False,640,640,355.9934081516549,151.60662460327148,57.1949029764197,0.0,0.031513214111328125,d5a745216e2f348d,True,0.4096,1.0,1988,True
001989.jpg,001989,.jpg,363727,JPEG,RGB,927,1236,1,,,,,False,927,1236,974.9725942015648,145.11554463704428,44.00776685727929,0.007603963216145833,1.52587890625e-05,94d12b7256336c6e,True,1.145772,0.75,1989,True
001990.jpg,001990,.jpg,45906,JPEG,RGB,640,640,1,,,,,False,640,640,295.1005430746445,196.0926856994629,54.81925879242006,0.0,0.119873046875,94d519aa5793539c,True,0.4096,1.0,1990,True
001991.jpg,001991,.jpg,591693,JPEG,RGB,1068,1425,1,,,,,False,1068,1425,2437.830602881163,118.62263997395833,57.195948549540724,0.042592366536458336,0.00016276041666666666,9813ad13a4d33e6b,True,1.5219,0.7494736842105263,1991,True
001992.jpg,001992,.jpg,67709,JPEG,RGB,640,640,1,,,,,False,640,640,686.3275420649297,76.9652099609375,55.06601556524492,0.23560714721679688,0.0,d89b0c93e4955ea5,True,0.4096,1.0,1992,True
001993.jpg,001993,.jpg,416418,JPEG,RGB,1025,1367,1,,,,,False,1025,1367,716.8580047238825,118.58047993977864,45.31847575123021,0.017618815104166668,0.00022379557291666666,87ce5ef82078b558,True,1.401175,0.7498171177761521,1993,True
001994.jpg,001994,.jpg,52071,JPEG,RGB,640,640,1,,,,,False,640,640,310.2307039836742,115.69812393188477,52.73817166734039,0.0828857421875,0.0013427734375,85875e9e2c3d15a3,True,0.4096,1.0,1994,True
001995.jpg,001995,.jpg,547307,JPEG,RGB,1094,1458,1,,,,,False,1094,1458,730.3920079120952,113.68239339192708,59.73301497384361,0.0752410888671875,5.086263020833333e-06,8bf47cdc0d4a6075,True,1.595052,0.7503429355281207,1995,True
001996.jpg,001996,.jpg,64097,JPEG,RGB,640,640,1,,,,,False,640,640,285.0272278982302,82.39249801635742,56.60404551867604,0.22232818603515625,0.0,8bf478dc0d4a7455,True,0.4096,1.0,1996,True
001997.jpg,001997,.jpg,431181,JPEG,RGB,955,1273,1,,,,,False,955,1273,1722.1714706801706,140.0986073811849,67.10476113491035,0.06988525390625,0.00021870930989583334,c66325b306d18f9b,True,1.215715,0.7501963864886095,1997,True
001998.jpg,001998,.jpg,64210,JPEG,RGB,640,640,1,,,,,False,640,640,559.3001613254746,141.51288604736328,72.5824644362684,0.09749984741210938,0.003582000732421875,806a25f357d18f1b,True,0.4096,1.0,1998,True
001999.jpg,001999,.jpg,403160,JPEG,RGB,939,1252,1,,,,,False,939,1252,424.09281513651104,117.9225565592448,35.66379658065987,0.018910725911458332,7.120768229166667e-05,d2d5290e269bf9d0,True,1.175628,0.75,1999,True
002000.jpg,002000,.jpg,44498,JPEG,RGB,640,640,1,,,,,False,640,640,136.1907358229946,75.3820686340332,36.36592131127605,0.08478164672851562,0.0,80d52b1e2edb79d0,True,0.4096,1.0,2000,True
002001.jpg,002001,.jpg,448833,JPEG,RGB,1050,1400,1,,,,,False,1050,1400,759.1215458642431,128.81793212890625,53.8718616110675,0.019261678059895832,0.00016276041666666666,a05552f54ab53f8a,True,1.47,0.75,2001,True
002002.jpg,002002,.jpg,49539,JPEG,RGB,640,640,1,,,,,False,640,640,243.49952308750653,90.55196762084961,54.325701656983775,0.13507461547851562,0.0,a05456e94a355e7b,True,0.4096,1.0,2002,True
002003.jpg,002003,.jpg,449420,JPEG,RGB,1025,1367,1,,,,,False,1025,1367,534.5049319583665,110.49253845214844,43.96182300111271,0.028040568033854168,0.001617431640625,805728775d3ba84f,True,1.401175,0.7498171177761521,2003,True
002004.jpg,002004,.jpg,43106,JPEG,RGB,640,640,1,,,,,False,640,640,178.45200358331203,121.40941619873047,47.30053426578146,0.05963134765625,0.009368896484375,82d53abe5f220dac,True,0.4096,1.0,2004,True
002005.jpg,002005,.jpg,280347,JPEG,RGB,861,1148,1,,,,,False,861,1148,654.9994894116084,153.43919372558594,58.07304811829655,0.0156707763671875,0.0005086263020833334,da562d053e69a92d,True,0.988428,0.75,2005,True
002006.jpg,002006,.jpg,43353,JPEG,RGB,640,640,1,,,,,False,640,640,239.28467772073054,173.74070739746094,70.28539156690016,0.0,0.17101669311523438,c07d2d0e3c493dad,True,0.4096,1.0,2006,True
002007.jpg,002007,.jpg,452951,JPEG,RGB,1077,1435,1,,,,,False,1077,1435,1655.6879982053204,147.44056193033853,64.05953806536874,0.038686116536458336,2.5431315104166668e-05,92423be51d2b2f27,True,1.545495,0.7505226480836237,2007,True
002008.jpg,002008,.jpg,55629,JPEG,RGB,640,640,1,,,,,False,640,640,576.1514235099312,157.20568084716797,69.06904823985361,0.05889129638671875,0.013248443603515625,d1622cf51c29273f,True,0.4096,1.0,2008,True
002009.jpg,002009,.jpg,320140,JPEG,RGB,942,1256,1,,,,,False,942,1256,271.40168084038623,111.80371602376302,55.56797775334676,0.006800333658854167,0.008763631184895834,bd622aa9a63d320f,True,1.183152,0.75,2009,True
002010.jpg,002010,.jpg,38317,JPEG,RGB,640,640,1,,,,,False,640,640,115.22543122839124,98.33731460571289,59.72824485768746,0.09270858764648438,0.004634857177734375,806a2aa9e2bd76a7,True,0.4096,1.0,2010,True
002011.jpg,002011,.jpg,279128,JPEG,RGB,927,1236,1,,,,,False,927,1236,135.94490098580718,133.32183837890625,51.67438536487697,0.015345255533854166,0.035029093424479164,a14371e97ac169ea,True,1.145772,0.75,2011,True
002012.jpg,002012,.jpg,38363,JPEG,RGB,640,640,1,,,,,False,640,640,86.65850749924721,152.85756301879883,56.18546674384507,4.9591064453125e-05,0.0655670166015625,815d71693e4d6d2a,True,0.4096,1.0,2012,True
002013.jpg,002013,.jpg,268930,JPEG,RGB,1041,1388,1,,,,,False,1041,1388,128.76036439688565,136.03138732910156,57.66943161535842,0.016866048177083332,0.0343170166015625,95d580b566b9d28d,True,1.444908,0.75,2013,True
002014.jpg,002014,.jpg,355733,JPEG,RGB,931,1241,1,,,,,False,931,1241,1726.1928253173828,150.77969360351562,64.18556038193864,0.025121053059895832,0.031275431315104164,d59216806ddcd63e,True,1.155371,0.750201450443191,2014,True
002015.jpg,002015,.jpg,54410,JPEG,RGB,640,640,1,,,,,False,640,640,617.458316520424,164.34890365600586,71.3129872959859,0.07455825805664062,0.033000946044921875,d58116c94bde4a7c,True,0.4096,1.0,2015,True
002016.jpg,002016,.jpg,327731,JPEG,RGB,1031,1374,1,,,,,False,1031,1374,143.43288502404985,128.64737955729166,60.67146252396338,0.0038706461588541665,0.0110015869140625,b667cd32e6c866c0,True,1.416594,0.7503639010189228,2016,True
002017.jpg,002017,.jpg,223821,JPEG,RGB,913,1282,1,,,,,False,913,1282,85.45828803565136,158.74224101027397,56.60675715717304,0.0030447345890410957,0.006126926369863014,90d8fac862adc5f4,True,1.170466,0.7121684867394695,2017,True
002018.jpg,002018,.jpg,32974,JPEG,RGB,640,640,1,,,,,False,640,640,71.03810993964726,104.62601852416992,58.796802626438016,0.130615234375,0.0,91f852c86aad4dcd,True,0.4096,1.0,2018,True
002019.jpg,002019,.jpg,148017,JPEG,RGB,715,844,1,,,,,False,715,844,135.93712149102015,141.62794768865209,53.63429862753872,0.0014535930299539172,0.0004725302419354839,d54b6a2de095311f,True,0.60346,0.8471563981042654,2019,True
002020.jpg,002020,.jpg,44683,JPEG,RGB,640,640,1,,,,,False,640,640,144.90934967197245,116.73223876953125,54.94582276312121,0.079681396484375,0.0,dada1a0b11ac2bbb,True,0.4096,1.0,2020,True
002021.jpg,002021,.jpg,222982,JPEG,RGB,756,1008,1,,,,,False,756,1008,403.9677635157844,155.00006612141928,64.11598301793892,0.050537109375,0.0,95ea6ad70f800fc6,True,0.762048,0.75,2021,True
002022.jpg,002022,.jpg,41826,JPEG,RGB,640,640,1,,,,,False,640,640,177.06709559935553,154.01221084594727,71.22414788266542,0.10309982299804688,0.0,95fd6a120a0a6f73,True,0.4096,1.0,2022,True
002023.jpg,002023,.jpg,103623,JPEG,RGB,534,726,1,,,,,False,534,726,282.30360115737346,113.88556863395226,58.76178905822959,0.0,0.11160788295755968,891676e95637c932,True,0.387684,0.7355371900826446,2023,True
002024.jpg,002024,.jpg,37255,JPEG,RGB,640,640,1,,,,,False,640,640,110.26937482749054,84.65475082397461,61.84119628516915,0.0728912353515625,0.0,88363ec95637c972,True,0.4096,1.0,2024,True
002025.jpg,002025,.jpg,228769,JPEG,RGB,716,884,1,,,,,False,716,884,699.2805770961293,137.92126317771084,35.47403788888902,0.017695783132530122,0.0,b0ba43c3c5c575e2,True,0.632944,0.8099547511312217,2025,True
002026.jpg,002026,.jpg,45376,JPEG,RGB,640,640,1,,,,,False,640,640,166.47227069617657,74.71974182128906,35.930382277056744,0.12493896484375,0.0,907d47c54c3f724a,True,0.4096,1.0,2026,True
002027.jpg,002027,.jpg,166712,JPEG,RGB,727,782,1,,,,,False,727,782,577.2382227518524,157.39802307641807,45.06382063485888,0.012740447741596638,0.0,80d70ad411ca1fff,True,0.568514,0.9296675191815856,2027,True
002028.jpg,002028,.jpg,44702,JPEG,RGB,640,640,1,,,,,False,640,640,194.20731209538644,99.58842468261719,47.13291505739833,0.12166976928710938,0.0,80d45fc063c27f6b,True,0.4096,1.0,2028,True
002029.jpg,002029,.jpg,129216,JPEG,RGB,598,856,1,,,,,False,598,856,417.9007993917899,108.19680734986034,51.24774649139171,0.0781850122206704,1.0911312849162012e-05,95d65a8a685778aa,True,0.511888,0.6985981308411215,2029,True
002030.jpg,002030,.jpg,147824,JPEG,RGB,521,846,1,,,,,False,521,846,816.828759374986,130.7229972718254,74.716695989702,0.17530381944444445,0.0004836309523809524,809d17d37ba27a92,True,0.440766,0.6158392434988179,2030,True
002031.jpg,002031,.jpg,49460,JPEG,RGB,640,640,1,,,,,False,640,640,250.8057433240465,145.45817947387695,77.37920725688674,0.07946014404296875,0.039836883544921875,80d91f437f6a58ca,True,0.4096,1.0,2031,True
002032.jpg,002032,.jpg,148009,JPEG,RGB,655,957,1,,,,,False,655,957,232.772226003966,92.05321986607143,69.64254625671775,0.3271986607142857,0.0007924107142857142,8fd778d09450d6c3,True,0.626835,0.6844305120167189,2032,True
002033.jpg,002033,.jpg,34487,JPEG,RGB,640,640,1,,,,,False,640,640,86.46077497210354,72.361083984375,66.44034657835134,0.42395782470703125,0.0,8fd778d09550d683,True,0.4096,1.0,2033,True
002034.jpg,002034,.jpg,168096,JPEG,RGB,775,793,1,,,,,False,775,793,425.4202773106537,132.0816796875,68.58435773048873,0.01996484375,0.00147265625,90c4d07f6a1e2f5c,True,0.614575,0.9773013871374527,2034,True
002035.jpg,002035,.jpg,40358,JPEG,RGB,640,640,1,,,,,False,640,640,187.95451704201696,126.7348861694336,74.58226712015946,0.07509613037109375,0.001140594482421875,d5d5951f6a066aa8,True,0.4096,1.0,2035,True
002036.jpg,002036,.jpg,126170,JPEG,RGB,601,633,1,,,,,False,601,633,273.288931288197,133.3578840342078,45.99691855961371,0.0,0.004669817386831276,a09e296bb5edd260,True,0.380433,0.9494470774091627,2036,True
002037.jpg,002037,.jpg,42578,JPEG,RGB,640,640,1,,,,,False,640,640,133.19503074412933,155.12854385375977,53.59409284415098,7.62939453125e-06,0.024608612060546875,9595052f75ad52a5,True,0.4096,1.0,2037,True
002038.jpg,002038,.jpg,107862,JPEG,RGB,616,720,1,,,,,False,616,720,94.40585312336567,118.69751088042237,39.5117420467888,0.040694563356164386,0.0,83956aa47b544db3,True,0.44352,0.8555555555555555,2038,True
002039.jpg,002039,.jpg,258824,JPEG,RGB,657,847,1,,,,,False,657,847,1345.2679014355328,133.4486234650504,61.23633121730461,0.018842490554156172,0.00019186870277078085,d034353c62eee8ea,True,0.556479,0.7756788665879575,2039,True
002040.jpg,002040,.jpg,63992,JPEG,RGB,640,640,1,,,,,False,640,640,546.6669137173885,114.82931900024414,62.82752391149205,0.11692428588867188,0.0,c036352a63ece9ce,True,0.4096,1.0,2040,True
002041.jpg,002041,.jpg,199236,JPEG,RGB,641,873,1,,,,,False,641,873,750.6951630926068,121.57188123337765,35.09586727205427,0.022372631316489363,0.0,96eb152f392d6238,True,0.559593,0.7342497136311569,2041,True
002042.jpg,002042,.jpg,52006,JPEG,RGB,640,640,1,,,,,False,640,640,235.34341952925024,93.72273254394531,39.367611393102585,0.0842437744140625,0.0,80ff173c35894f31,True,0.4096,1.0,2042,True
002043.jpg,002043,.jpg,187723,JPEG,RGB,678,903,1,,,,,False,678,903,272.8447406364139,109.80971272786458,47.8891487680186,0.059117635091145836,0.0032958984375,ebab70b4c52540de,True,0.612234,0.7508305647840532,2043,True
002044.jpg,002044,.jpg,43051,JPEG,RGB,640,640,1,,,,,False,640,640,118.11706307726854,82.98386764526367,50.25185078780596,0.17660140991210938,0.0,c0fd351c862f5a1d,True,0.4096,1.0,2044,True
002045.jpg,002045,.jpg,239639,JPEG,RGB,642,856,1,,,,,False,642,856,1591.961918718259,143.09022521972656,54.66892962671295,0.0328369140625,0.001953125,85d13bd03b9b2dd0,True,0.549552,0.75,2045,True
002046.jpg,002046,.jpg,62794,JPEG,RGB,640,640,1,,,,,False,640,640,453.9715864041209,130.0289306640625,62.1425023617834,0.10579681396484375,3.814697265625e-05,80df589d3e9728c5,True,0.4096,1.0,2046,True
002047.jpg,002047,.jpg,136032,JPEG,RGB,541,721,1,,,,,False,541,721,1382.5458322260267,125.96016438802083,46.76698786112416,0.0023345947265625,0.0,907d6e506efe900d,True,0.390061,0.7503467406380028,2047,True
002048.jpg,002048,.jpg,53422,JPEG,RGB,640,640,1,,,,,False,640,640,407.5816186261218,73.9716567993164,46.00925739721359,0.1805419921875,0.0,957f08627eea103d,True,0.4096,1.0,2048,True
002049.jpg,002049,.jpg,162899,JPEG,RGB,567,824,1,,,,,False,567,824,667.038776226742,111.24668190696023,50.842075733635,0.05745627663352273,0.0,82d77dc0740bf02f,True,0.467208,0.6881067961165048,2049,True
002050.jpg,002050,.jpg,48638,JPEG,RGB,640,640,1,,,,,False,640,640,206.2463818804681,76.68822860717773,49.62822008561209,0.19668960571289062,0.0,95d67dc0500fc07f,True,0.4096,1.0,2050,True
002051.jpg,002051,.jpg,119102,JPEG,RGB,551,851,1,,,,,False,551,851,106.53157515462831,142.23243952371988,65.56384481448903,0.06168815888554217,0.022719785391566265,99f5676a60a16a2d,True,0.468901,0.6474735605170387,2051,True
002052.jpg,002052,.jpg,36603,JPEG,RGB,640,640,1,,,,,False,640,640,57.68994036107324,173.20196533203125,63.07757083243898,0.0,0.16947555541992188,95f5676a60316a1d,True,0.4096,1.0,2052,True
002053.jpg,002053,.jpg,160731,JPEG,RGB,653,674,1,,,,,False,653,674,353.7216890711691,131.00466623613912,40.03189732163012,0.017578125,7.875504032258064e-06,8af451ea17e2f924,True,0.440122,0.9688427299703264,2053,True
002054.jpg,002054,.jpg,272848,JPEG,RGB,736,887,1,,,,,False,736,887,4666.203823402505,82.52783088235294,75.20850525177784,0.20701746323529413,0.06824908088235294,9cd4bc6b6121ecaa,True,0.652832,0.8297632468996617,2054,True
002055.jpg,002055,.jpg,68706,JPEG,RGB,640,640,1,,,,,False,640,640,1456.233743818244,61.864768981933594,70.84932996209359,0.4683418273925781,0.0,9cde956b61214cab,True,0.4096,1.0,2055,True
002056.jpg,002056,.jpg,158148,JPEG,RGB,710,962,1,,,,,False,710,962,232.35019736603547,136.58757027116403,54.38803940852768,0.006980613425925926,4.650297619047619e-05,be976a390003c777,True,0.68302,0.738045738045738,2056,True
002057.jpg,002057,.jpg,38417,JPEG,RGB,640,640,1,,,,,False,640,640,84.01812647283077,74.43456649780273,50.98273256553038,0.22680282592773438,0.0,be974a38000b2f7f,True,0.4096,1.0,2057,True
002058.jpg,002058,.jpg,188883,JPEG,RGB,643,859,1,,,,,False,643,859,1416.144193891987,151.66416449086162,59.101886345963116,0.012488781005221931,0.0006782392297650131,b55c7af5d4d58006,True,0.552337,0.7485448195576252,2058,True
002059.jpg,002059,.jpg,56262,JPEG,RGB,640,640,1,,,,,False,640,640,463.89179886784405,187.18693161010742,59.33207145918092,0.0,0.24090194702148438,b45f7aefd4c50006,True,0.4096,1.0,2059,True
002060.jpg,002060,.jpg,144750,JPEG,RGB,556,818,1,,,,,False,556,818,585.3215686020628,116.59299793462644,52.00257987339705,0.03989313936781609,0.003967986709770115,d5522a7f6d74b050,True,0.454808,0.6797066014669927,2060,True
002061.jpg,002061,.jpg,48315,JPEG,RGB,640,640,1,,,,,False,640,640,190.57840036577545,161.44293212890625,56.27667052534943,0.0,0.0068359375,d5ca2bfd643430f0,True,0.4096,1.0,2061,True
002062.jpg,002062,.jpg,140521,JPEG,RGB,593,794,1,,,,,False,593,794,481.90045155140695,123.28615837696336,58.563895504612546,0.05164021596858639,0.0004806119109947644,bea95087c31a1e9e,True,0.470842,0.7468513853904282,2062,True
002063.jpg,002063,.jpg,44335,JPEG,RGB,640,640,1,,,,,False,640,640,214.68743910058402,159.5579948425293,60.19568329806787,0.0,0.06353759765625,bf295087c31a1f96,True,0.4096,1.0,2063,True
002064.jpg,002064,.jpg,143329,JPEG,RGB,523,791,1,,,,,False,523,791,1550.6440821864974,131.1830291297935,56.52321744235096,0.014224972345132744,0.0,a07f3ff07c803d90,True,0.413693,0.661188369152971,2064,True
002065.jpg,002065,.jpg,54376,JPEG,RGB,640,640,1,,,,,False,640,640,492.1815746952634,114.66115951538086,61.01345012447704,0.0871124267578125,0.0,a0bf7fe07a803da0,True,0.4096,1.0,2065,True
002066.jpg,002066,.jpg,164294,JPEG,RGB,609,700,1,,,,,False,609,700,514.6583826424092,139.81134129213484,43.69252618800725,0.008624473314606742,0.0,b58dcac1cee25874,True,0.4263,0.87,2066,True
002067.jpg,002067,.jpg,45700,JPEG,RGB,640,640,1,,,,,False,640,640,176.00016641191905,129.97552490234375,53.30345075103609,0.0709686279296875,0.0,958f4a4a4b62787e,True,0.4096,1.0,2067,True
002068.jpg,002068,.jpg,117902,JPEG,RGB,482,592,1,,,,,False,482,592,395.72434170811607,118.75318026828538,35.67794723441167,0.0018172961630695443,0.0010819469424460432,86b1d8c43de0ec3b,True,0.285344,0.8141891891891891,2068,True
002069.jpg,002069,.jpg,165196,JPEG,RGB,650,867,1,,,,,False,650,867,636.8675638420715,126.57799784342448,56.83811636283316,0.023824055989583332,0.0,8fcd23655d72314a,True,0.56355,0.7497116493656286,2069,True
002070.jpg,002070,.jpg,109584,JPEG,RGB,511,710,1,,,,,False,511,710,665.6918185842286,126.0472942849864,41.98165938930655,0.017280910326086956,0.0,d4f465c7b48035e9,True,0.36281,0.719718309859155,2070,True
002071.jpg,002071,.jpg,42385,JPEG,RGB,640,640,1,,,,,False,640,640,206.01238270377507,71.46969223022461,42.526424011606835,0.20572662353515625,0.0,d4ec28c21fd81b7a,True,0.4096,1.0,2071,True
002072.jpg,002072,.jpg,182078,JPEG,RGB,669,892,1,,,,,False,669,892,632.112585600776,121.77260335286458,45.500922647180346,0.0316314697265625,0.0,80532ad137e43b3f,True,0.596748,0.75,2072,True
002073.jpg,002073,.jpg,50364,JPEG,RGB,640,640,1,,,,,False,640,640,197.38170941684803,129.2598876953125,51.23931395131335,0.057178497314453125,0.00096893310546875,80d76ac156e0573f,True,0.4096,1.0,2073,True
002074.jpg,002074,.jpg,173054,JPEG,RGB,686,917,1,,,,,False,686,917,428.9739280508868,139.921686316906,60.457178958348955,0.030010811031331592,0.00027027578328981723,cce508c62a7272ef,True,0.629062,0.7480916030534351,2074,True
002075.jpg,002075,.jpg,40729,JPEG,RGB,640,640,1,,,,,False,640,640,165.6431623564422,116.73322677612305,61.58579412948634,0.09681320190429688,0.0,cde10996297272af,True,0.4096,1.0,2075,True
002076.jpg,002076,.jpg,268424,JPEG,RGB,644,1121,1,,,,,False,644,1121,948.2748042508285,92.29967846513605,53.15324126200414,0.08259592899659864,0.011134141156462584,92c17d9add2e4c83,True,0.721924,0.5744870651204282,2076,True
002077.jpg,002077,.jpg,175284,JPEG,RGB,614,939,1,,,,,False,614,939,382.2099472098246,110.79766208022389,47.96238924005303,0.06949626865671642,0.0,8720fcbb54bf11a1,True,0.576546,0.6538871139510117,2077,True
002078.jpg,002078,.jpg,42722,JPEG,RGB,640,640,1,,,,,False,640,640,138.16252757048642,138.05828475952148,54.450514155261246,0.0,0.0,c5607f015e9f182f,True,0.4096,1.0,2078,True
002079.jpg,002079,.jpg,234911,JPEG,RGB,783,1032,1,,,,,False,783,1032,439.90763126816825,132.1106334568299,42.112756699481515,0.01445715206185567,0.0,e57fdca0143c4cca,True,0.808056,0.7587209302325582,2079,True
002080.jpg,002080,.jpg,48326,JPEG,RGB,640,640,1,,,,,False,640,640,240.0165057574486,191.15647888183594,42.996207280065754,0.0,0.046413421630859375,e57fdca0143c4cca,True,0.4096,1.0,2080,True
002081.jpg,002081,.jpg,458781,JPEG,RGB,956,1047,1,,,,,False,956,1047,1522.892382935864,149.84414731664882,53.38351860210966,0.011952957708779443,8.36456102783726e-06,9c9c55585e4a19f3,True,1.000932,0.9130850047755492,2081,True
002082.jpg,002082,.jpg,740561,JPEG,RGB,1548,2032,1,2021:03:12 21:30:10,Apple,iPhone 11,14.4,True,1548,2032,371.5759264803402,123.10828325320513,52.60965610001109,0.004547275641025641,0.0002904647435897436,aefffca094818e88,True,3.145536,0.7618110236220472,2082,True
002083.jpg,002083,.jpg,265121,JPEG,RGB,715,1147,1,,,,,False,715,1147,1151.8551659052623,99.04437695924764,46.087343070997214,0.0791842182601881,0.0,dad275dd50d58870,True,0.820105,0.6233653007846556,2083,True
002084.jpg,002084,.jpg,45916,JPEG,RGB,640,640,1,,,,,False,640,640,328.27260225167265,132.4516143798828,49.65761327685553,0.0,0.004852294921875,d0d425fb50f9cb60,True,0.4096,1.0,2084,True
002085.jpg,002085,.jpg,146894,JPEG,RGB,723,965,1,,,,,False,723,965,275.1321091791615,153.40485636393228,52.71556243543105,0.014506022135416666,2.0345052083333332e-05,e0e63dfb81999254,True,0.697695,0.7492227979274612,2085,True
002086.jpg,002086,.jpg,36910,JPEG,RGB,640,640,1,,,,,False,640,640,159.34349303679483,193.6430892944336,63.96944928316574,0.0,0.25147247314453125,c46a5ef95058527e,True,0.4096,1.0,2086,True
002087.jpg,002087,.jpg,207355,JPEG,RGB,672,889,1,,,,,False,672,889,892.7943374862463,120.56678980943153,36.6509405763223,0.00505188145994832,0.0117843588501292,cecada9e2c6b1131,True,0.597408,0.7559055118110236,2087,True
002088.jpg,002088,.jpg,54119,JPEG,RGB,640,640,1,,,,,False,640,640,307.0304869925603,112.71513748168945,48.80054161879059,0.09067535400390625,0.012126922607421875,c5874f9f46a56898,True,0.4096,1.0,2088,True
002089.jpg,002089,.jpg,314093,JPEG,RGB,756,1008,1,,,,,False,756,1008,1430.2386062141095,130.24760945638022,52.762143820918105,0.0417633056640625,2.5431315104166668e-05,c1f6376d1660546d,True,0.762048,0.75,2089,True
002090.jpg,002090,.jpg,62544,JPEG,RGB,640,640,1,,,,,False,640,640,462.19417550879007,140.58015060424805,57.059572843137225,0.0512237548828125,0.0009002685546875,c0e205ed37207e7d,True,0.4096,1.0,2090,True
002091.jpg,002091,.jpg,277815,JPEG,RGB,756,1008,1,,,,,False,756,1008,457.10325700541335,126.59445190429688,40.62942546684804,0.016815185546875,0.0,c5f5a7227a25d2c4,True,0.762048,0.75,2091,True
002092.jpg,002092,.jpg,53403,JPEG,RGB,640,640,1,,,,,False,640,640,157.4304532455135,172.1075897216797,47.143033714653214,0.0,0.018390655517578125,80732f627d5552cd,True,0.4096,1.0,2092,True
002093.jpg,002093,.jpg,230323,JPEG,RGB,700,934,1,,,,,False,700,934,1128.4544469638622,135.8312733968099,39.85850318113077,0.0089263916015625,0.0,a8f4647d257828db,True,0.6538,0.7494646680942184,2093,True
002094.jpg,002094,.jpg,210551,JPEG,RGB,646,864,1,,,,,False,646,864,679.4180663453351,140.44154903720627,55.691864627354974,0.03313683093994778,0.00020908126631853785,95d638807bb26baa,True,0.558144,0.7476851851851852,2094,True
002095.jpg,002095,.jpg,51070,JPEG,RGB,640,640,1,,,,,False,640,640,262.9117514628306,105.33864974975586,59.56682332790215,0.15290069580078125,0.0,80c178c17bd66fc5,True,0.4096,1.0,2095,True
002096.jpg,002096,.jpg,225254,JPEG,RGB,756,1008,1,,,,,False,756,1008,799.2439244836569,163.08080037434897,59.10689780619654,0.0346527099609375,9.1552734375e-05,d5d52ad31fc13c82,True,0.762048,0.75,2096,True
002097.jpg,002097,.jpg,44641,JPEG,RGB,640,640,1,,,,,False,640,640,262.53366973623633,157.68612670898438,68.056146680883,0.09110260009765625,0.000179290771484375,d5d70ad20f8a2fc2,True,0.4096,1.0,2097,True
002098.jpg,002098,.jpg,268484,JPEG,RGB,756,1008,1,,,,,False,756,1008,689.439060712854,133.9089101155599,52.49160019643865,0.0142364501953125,0.0002899169921875,c2c920d97ce07eae,True,0.762048,0.75,2098,True
002099.jpg,002099,.jpg,49993,JPEG,RGB,640,640,1,,,,,False,640,640,197.92537761419953,79.75199890136719,53.18841648598977,0.21548843383789062,0.0,c2ce21c13d617c7d,True,0.4096,1.0,2099,True
002100.jpg,002100,.jpg,199940,JPEG,RGB,756,1008,1,,,,,False,756,1008,361.2073270413611,129.43182881673178,61.00917852592773,0.0421142578125,0.0,81722eb43505fece,True,0.762048,0.75,2100,True
002101.jpg,002101,.jpg,41657,JPEG,RGB,640,640,1,,,,,False,640,640,134.89738306379877,92.77972793579102,62.58338187452201,0.20663070678710938,0.0,81776ea017d5ee0a,True,0.4096,1.0,2101,True
002102.jpg,002102,.jpg,443326,JPEG,RGB,955,1274,1,,,,,False,955,1274,456.6464999578634,122.19313049316406,46.7610422318379,0.041966756184895836,0.003082275390625,a9f53a63196a58cc,True,1.21667,0.749607535321821,2102,True
002103.jpg,002103,.jpg,47499,JPEG,RGB,640,640,1,,,,,False,640,640,235.67992124747252,120.54372787475586,51.00462083816659,0.06970596313476562,0.00467681884765625,e5ea2af119694acc,True,0.4096,1.0,2103,True
002104.jpg,002104,.jpg,255625,JPEG,RGB,802,1069,1,,,,,False,802,1069,496.89255625917576,143.93173217773438,65.46276766797435,0.01922607421875,0.001708984375,83c17e5c4e5c0eb3,True,0.857338,0.7502338634237605,2104,True
002105.jpg,002105,.jpg,44921,JPEG,RGB,640,640,1,,,,,False,640,640,199.01800556607486,87.03109741210938,62.917957669737206,0.2761077880859375,0.0,91d07a5c48ceadb3,True,0.4096,1.0,2105,True
002106.jpg,002106,.jpg,282882,JPEG,RGB,822,1096,1,,,,,False,822,1096,827.5609635908364,106.89517211914062,59.318388903374284,0.099639892578125,6.612141927083333e-05,970ff84f902ad1a9,True,0.900912,0.75,2106,True
002107.jpg,002107,.jpg,215198,JPEG,RGB,676,1022,1,,,,,False,676,1022,862.4036461741699,115.68211306231564,44.939226799057586,0.05243478060471976,0.0,d2ac13bc7b85aa54,True,0.690872,0.6614481409001957,2107,True
002108.jpg,002108,.jpg,48228,JPEG,RGB,640,640,1,,,,,False,640,640,293.125571652723,165.55231475830078,52.150542098046934,0.0,0.0,d4dd15394e892a1f,True,0.4096,1.0,2108,True
002109.jpg,002109,.jpg,189379,JPEG,RGB,656,1015,1,,,,,False,656,1015,893.485237188781,122.4855492352719,38.74848182891156,0.047441465256797585,0.0,80fe0be15d25d03f,True,0.66584,0.6463054187192119,2109,True
002110.jpg,002110,.jpg,46752,JPEG,RGB,640,640,1,,,,,False,640,640,257.973089158535,73.68148422241211,36.91974947348011,0.15502548217773438,0.0,95df496c3c261a2b,True,0.4096,1.0,2110,True
002111.jpg,002111,.jpg,168386,JPEG,RGB,739,985,1,,,,,False,739,985,152.43277516454046,117.20659891764323,56.40209919328392,0.0040740966796875,0.0002695719401041667,acd18030423fdfbb,True,0.727915,0.750253807106599,2111,True
002112.jpg,002112,.jpg,42079,JPEG,RGB,640,640,1,,,,,False,640,640,110.13694965849572,113.02053833007812,59.48363857899851,0.048427581787109375,0.0002593994140625,bdd180706b775e05,True,0.4096,1.0,2112,True
002113.jpg,002113,.jpg,217344,JPEG,RGB,715,932,1,,,,,False,715,932,522.4264899689784,108.51898457379134,52.89639227053197,0.030603928117048346,0.00018388199745547073,80833f4b5f7f2870,True,0.66638,0.7671673819742489,2113,True
002114.jpg,002114,.jpg,139594,JPEG,RGB,640,951,1,,,,,False,640,951,219.40104701378098,126.3213768115942,51.513811228535324,0.10236073369565217,0.0,80800bb707ff3e6d,True,0.60864,0.6729758149316509,2114,True
002115.jpg,002115,.jpg,37012,JPEG,RGB,640,640,1,,,,,False,640,640,105.83148568845354,138.84700393676758,54.330598606653695,0.07826995849609375,0.0,85800b973adf2a7d,True,0.4096,1.0,2115,True
002116.jpg,002116,.jpg,266190,JPEG,RGB,885,928,1,,,,,False,885,928,1209.2526001677627,118.69154232838115,49.72751616928869,0.047943615522540985,0.00303374743852459,92957fc2a51d919c,True,0.82128,0.9536637931034483,2116,True
002117.jpg,002117,.jpg,57307,JPEG,RGB,640,640,1,,,,,False,640,640,456.3290413469076,107.2707748413086,52.87107974767973,0.09965896606445312,0.00067901611328125,959d7fc2090cd19d,True,0.4096,1.0,2117,True
002118.jpg,002118,.jpg,266003,JPEG,RGB,712,831,1,,,,,False,712,831,1577.8428056701,116.78502722807517,45.98780502483897,0.06639735193621868,3.114322323462415e-05,94d02ed52ad37f82,True,0.591672,0.8567990373044525,2118,True
002119.jpg,002119,.jpg,58617,JPEG,RGB,640,640,1,,,,,False,640,640,401.0018942763563,97.70126342773438,48.02039314591889,0.1317596435546875,0.0,80d47fc43bc77d02,True,0.4096,1.0,2119,True
002120.jpg,002120,.jpg,215443,JPEG,RGB,716,1024,1,,,,,False,716,1024,262.41819602837967,113.89461854050279,46.185022516382695,0.07000152758379888,0.0,c0cc01f4456f6f4f,True,0.733184,0.69921875,2120,True
002121.jpg,002121,.jpg,38108,JPEG,RGB,640,640,1,,,,,False,640,640,85.74374289995467,81.29596328735352,45.62630131319362,0.18670272827148438,0.0,c0c80f754d4f4e4f,True,0.4096,1.0,2121,True
002122.jpg,002122,.jpg,244992,JPEG,RGB,697,947,1,,,,,False,697,947,1880.838872937526,112.13545983919099,67.00411896257769,0.0738871850132626,0.004823234416445624,b1f8c6f10d748467,True,0.660059,0.7360084477296727,2122,True
002123.jpg,002123,.jpg,253971,JPEG,RGB,756,1008,1,,,,,False,756,1008,997.5461379649738,138.6715291341146,47.785995223233556,0.0189971923828125,5.086263020833333e-06,d5d63ae208c21fb9,True,0.762048,0.75,2123,True
002124.jpg,002124,.jpg,51758,JPEG,RGB,640,640,1,,,,,False,640,640,341.64226607557794,140.81756210327148,57.05852862933591,0.07581329345703125,9.1552734375e-05,84d238e25dd20f7d,True,0.4096,1.0,2124,True
002125.jpg,002125,.jpg,239194,JPEG,RGB,686,959,1,,,,,False,686,959,1218.450146441796,125.89436048497268,57.206310302250515,0.01563567281420765,0.00028282957650273223,99e346c29fa5c961,True,0.657874,0.7153284671532847,2125,True
002126.jpg,002126,.jpg,59758,JPEG,RGB,640,640,1,,,,,False,640,640,386.23563077277504,81.28822708129883,56.14184866005659,0.18866729736328125,0.0,91e445c75e87c9a5,True,0.4096,1.0,2126,True
002127.jpg,002127,.jpg,417531,JPEG,RGB,923,1231,1,,,,,False,923,1231,695.0452263491592,118.92630513509114,53.83579848788005,0.0214385986328125,0.0009104410807291666,bfd421b95684886f,True,1.136213,0.7497969130787977,2127,True
002128.jpg,002128,.jpg,261029,JPEG,RGB,873,1163,1,,,,,False,873,1163,625.1428815050881,139.88189188639322,66.05403562395074,0.06441243489583333,5.086263020833333e-06,b48a11f0c9f66dc3,True,1.015299,0.7506448839208942,2128,True
002129.jpg,002129,.jpg,40307,JPEG,RGB,640,640,1,,,,,False,640,640,250.4402845948789,115.87566375732422,71.03839774555787,0.19415664672851562,0.0,b4ca1178c9747ec3,True,0.4096,1.0,2129,True
002130.jpg,002130,.jpg,230430,JPEG,RGB,756,1008,1,,,,,False,756,1008,821.2177122896537,114.20609029134114,68.54519337256438,0.06291707356770833,0.00011189778645833333,aaf56dc97c104275,True,0.762048,0.75,2130,True
002131.jpg,002131,.jpg,43961,JPEG,RGB,640,640,1,,,,,False,640,640,314.48067185758555,79.21576309204102,66.14960768140713,0.30478668212890625,0.0,aaf57dc079125269,True,0.4096,1.0,2131,True
002132.jpg,002132,.jpg,258056,JPEG,RGB,910,1067,1,,,,,False,910,1067,210.21556458687618,102.25171624713958,62.52564717416986,0.02569454376430206,0.00047822511441647595,9ac1962e2d3c71d6,True,0.97097,0.8528584817244611,2132,True
002133.jpg,002133,.jpg,38823,JPEG,RGB,640,640,1,,,,,False,640,640,103.05568720208248,95.16238021850586,66.96883433159965,0.10023880004882812,0.000263214111328125,94c5953e2f3c65a4,True,0.4096,1.0,2133,True
002134.jpg,002134,.jpg,342971,JPEG,RGB,756,1008,1,,,,,False,756,1008,3117.8331378809835,146.3804931640625,63.62851620203944,0.046966552734375,0.0005391438802083334,bed601d60ba4ad35,True,0.762048,0.75,2134,True
002135.jpg,002135,.jpg,63649,JPEG,RGB,640,640,1,,,,,False,640,640,762.3760688779294,192.11548614501953,64.09891012793035,0.0,0.2684783935546875,d5c209c65aaf0eb5,True,0.4096,1.0,2135,True
002136.jpg,002136,.jpg,281420,JPEG,RGB,697,950,1,,,,,False,697,950,2128.971681399467,142.01206678025267,57.86901174197535,0.029359208776595744,0.0,d5d75b9c07c21d50,True,0.66215,0.7336842105263158,2136,True
002137.jpg,002137,.jpg,69363,JPEG,RGB,640,640,1,,,,,False,640,640,693.3207278870395,114.37057113647461,57.619490705027815,0.10875320434570312,0.0,d5d75b9c06c21f60,True,0.4096,1.0,2137,True
002138.jpg,002138,.jpg,450880,JPEG,RGB,947,1262,1,,,,,False,947,1262,1428.9052251935161,127.06532796223958,61.356106728871474,0.044520060221354164,0.0,aa95eba71a52293a,True,1.195114,0.7503961965134707,2138,True
002139.jpg,002139,.jpg,66083,JPEG,RGB,640,640,1,,,,,False,640,640,484.7753146884497,128.26658248901367,67.04608992813671,0.09576034545898438,5.340576171875e-05,80924be63ef26579,True,0.4096,1.0,2139,True
002140.jpg,002140,.jpg,278666,JPEG,RGB,763,1017,1,,,,,False,763,1017,1095.66689545224,118.66719055175781,62.40174268096072,0.06650288899739583,0.0015462239583333333,9894667f4d722c4d,True,0.775971,0.7502458210422812,2140,True
002141.jpg,002141,.jpg,377219,JPEG,RGB,817,1089,1,,,,,False,817,1089,484.6966424087425,114.84520467122395,56.38620594056967,0.039113362630208336,0.00010172526041666667,a7d8c3388958dcf1,True,0.889713,0.7502295684113865,2141,True
002142.jpg,002142,.jpg,53411,JPEG,RGB,640,640,1,,,,,False,640,640,179.9615332600515,86.1455307006836,57.64835425601899,0.18184661865234375,0.0,a5d84b3c4b7a5e05,True,0.4096,1.0,2142,True
002143.jpg,002143,.jpg,274995,JPEG,RGB,756,1008,1,,,,,False,756,1008,636.0574934445322,132.15535481770834,51.673181144076885,0.005213419596354167,0.0006561279296875,aa553b142d3a2d3e,True,0.762048,0.75,2143,True
002144.jpg,002144,.jpg,354762,JPEG,RGB,828,1104,1,,,,,False,828,1104,1486.4735444783907,134.76622517903647,54.10004967620501,0.030710856119791668,0.0019073486328125,d4d52ad56aecd218,True,0.914112,0.75,2144,True
002145.jpg,002145,.jpg,58571,JPEG,RGB,640,640,1,,,,,False,640,640,428.1146721466066,124.50727081298828,60.0108019369248,0.08951950073242188,0.00083160400390625,c0d75a914eea971a,True,0.4096,1.0,2145,True
002146.jpg,002146,.jpg,260118,JPEG,RGB,842,1122,1,,,,,False,842,1122,1258.610962245587,139.77698262532553,55.631541868888576,0.014556884765625,5.5948893229166664e-05,9b7423b59e929c92,True,0.944724,0.750445632798574,2146,True
002147.jpg,002147,.jpg,48860,JPEG,RGB,640,640,1,,,,,False,640,640,392.20361261405924,124.58042526245117,61.253704609664375,0.085906982421875,0.0,907d33ad1ed69862,True,0.4096,1.0,2147,True
002148.jpg,002148,.jpg,372694,JPEG,RGB,696,990,1,,,,,False,696,990,887.9770083342362,137.4665310329861,44.379374877869445,0.006890190972222222,0.0,a1f0de45d9c3709a,True,0.68904,0.703030303030303,2148,True
002149.jpg,002149,.jpg,234085,JPEG,RGB,678,1216,1,,,,,False,678,1216,410.2777736627421,115.30904605263157,43.68544746289051,2.055921052631579e-05,0.0,8aea7dd229da2d41,True,0.824448,0.5575657894736842,2149,True
002150.jpg,002150,.jpg,45090,JPEG,RGB,640,640,1,,,,,False,640,640,146.97807678900426,92.33961486816406,48.38377142218546,0.15694046020507812,0.0,8ac475ca654b6d1b,True,0.4096,1.0,2150,True
002151.jpg,002151,.jpg,126172,JPEG,RGB,658,889,1,,,,,False,658,889,136.62675788713094,113.3032445580475,60.55594851802286,0.004406126319261214,0.0004225758575197889,a997923000efd6f6,True,0.584962,0.7401574803149606,2151,True
002152.jpg,002152,.jpg,356941,JPEG,RGB,892,1189,1,,,,,False,892,1189,405.58804488016494,136.09455362955728,45.26181130424218,0.004460652669270833,0.0,a4b3713c7134d2f4,True,1.060588,0.7502102607232969,2152,True
002153.jpg,002153,.jpg,48659,JPEG,RGB,640,640,1,,,,,False,640,640,145.98737766638806,90.7304916381836,46.61205765564114,0.12747955322265625,0.0,a4a3713478753cf4,True,0.4096,1.0,2153,True
002154.jpg,002154,.jpg,313576,JPEG,RGB,756,1008,1,,,,,False,756,1008,1781.193637010926,123.8662618001302,64.97393884726606,0.032623291015625,0.0,827d28177f2a3ad1,True,0.762048,0.75,2154,True
002155.jpg,002155,.jpg,63788,JPEG,RGB,640,640,1,,,,,False,640,640,542.1121198774781,170.52687072753906,68.46218537576722,0.0,0.15431976318359375,d57902367b3d5ac0,True,0.4096,1.0,2155,True
002156.jpg,002156,.jpg,317778,JPEG,RGB,787,1050,1,,,,,False,787,1050,2157.262540077066,118.55106099446614,73.25436306432806,0.030517578125,0.023061116536458332,ab2d64a0cfa9b478,True,0.82635,0.7495238095238095,2156,True
002157.jpg,002157,.jpg,63553,JPEG,RGB,640,640,1,,,,,False,640,640,690.9421297637164,129.81145477294922,74.46365137837842,0.057743072509765625,0.07957839965820312,852d64a3cf39b632,True,0.4096,1.0,2157,True
002158.jpg,002158,.jpg,237170,JPEG,RGB,664,1081,1,,,,,False,664,1081,393.88784765521103,109.60918839570064,50.52247135317414,0.06952876194267515,0.0,d0af57ca2f402e2b,True,0.717784,0.6142460684551342,2158,True
002159.jpg,002159,.jpg,43245,JPEG,RGB,640,640,1,,,,,False,640,640,137.71362989336194,72.68496322631836,46.74900660507092,0.2446441650390625,0.0,c0814bda2fd86fc9,True,0.4096,1.0,2159,True
002160.jpg,002160,.jpg,431980,JPEG,RGB,892,1189,1,,,,,False,892,1189,2950.5052729633685,145.30787658691406,66.98757336979526,0.038299560546875,0.0019785563151041665,85276603b6f6e88b,True,1.060588,0.7502102607232969,2160,True
002161.jpg,002161,.jpg,60341,JPEG,RGB,640,640,1,,,,,False,640,640,653.1145197268925,186.63643264770508,65.7649774495162,0.0,0.29981231689453125,d52a4701b6fdc949,True,0.4096,1.0,2161,True
002162.jpg,002162,.jpg,465941,JPEG,RGB,928,1238,1,,,,,False,928,1238,1381.7208430379785,121.54872639973958,61.077095932500455,0.025873819986979168,0.0010223388671875,cb6961863d738a96,True,1.148864,0.7495961227786753,2162,True
002163.jpg,002163,.jpg,62763,JPEG,RGB,640,640,1,,,,,False,640,640,488.08061931072734,94.07305526733398,64.46261121947995,0.16349411010742188,0.0,c06d45963ea74d87,True,0.4096,1.0,2163,True
002164.jpg,002164,.jpg,327118,JPEG,RGB,908,1210,1,,,,,False,908,1210,496.701476986106,126.70393371582031,47.312524364479025,0.004038492838541667,0.0003865559895833333,82e8f5588bd53dc4,True,1.09868,0.7504132231404959,2164,True
002165.jpg,002165,.jpg,48048,JPEG,RGB,640,640,1,,,,,False,640,640,199.00045026837324,148.57596969604492,55.232014799107745,0.0,0.007709503173828125,80ec517a85753eea,True,0.4096,1.0,2165,True
002166.jpg,002166,.jpg,404646,JPEG,RGB,1032,1376,1,,,,,False,1032,1376,659.311370700184,123.13271586100261,70.05238910606376,0.059722900390625,0.0,c0f03fdb2a39c8b1,True,1.420032,0.75,2166,True
002167.jpg,002167,.jpg,387251,JPEG,RGB,1012,1350,1,,,,,False,1012,1350,292.81800991286417,139.274658203125,58.40641443468558,0.023991902669270832,0.0,bb55cb313c112f0e,True,1.3662,0.7496296296296296,2167,True
002168.jpg,002168,.jpg,40271,JPEG,RGB,640,640,1,,,,,False,640,640,121.56836702871078,179.69404983520508,63.35848563789599,0.0,0.14160919189453125,b5424b323f586f0e,True,0.4096,1.0,2168,True
002169.jpg,002169,.jpg,278169,JPEG,RGB,972,1203,1,,,,,False,972,1203,367.87435682700885,149.19460012832127,46.096676345089236,0.003717542270531401,5.1894625603864734e-05,b9c2c4ace73dc883,True,1.169316,0.8079800498753117,2169,True
002170.jpg,002170,.jpg,41090,JPEG,RGB,640,640,1,,,,,False,640,640,203.43312062037876,154.6642303466797,53.501095254511306,0.037899017333984375,0.014972686767578125,b9c0c44d677c5857,True,0.4096,1.0,2170,True
002171.jpg,002171,.jpg,592341,JPEG,RGB,1004,1257,1,,,,,False,1004,1257,1938.3480253308828,140.42981165953546,45.37254970351661,0.03135505806845966,0.0,e54f59d5302cc6cc,True,1.262028,0.7987271280827367,2171,True
002172.jpg,002172,.jpg,67242,JPEG,RGB,640,640,1,,,,,False,640,640,722.9010645926319,139.74798202514648,47.753724814028224,0.04360198974609375,0.0,d56a59d530ac46cd,True,0.4096,1.0,2172,True
002173.jpg,002173,.jpg,431470,JPEG,RGB,865,1344,1,,,,,False,865,1344,758.0997711265362,105.35954663825757,57.67730234345506,0.05407788825757576,0.0,8fd84b2d242fd2f0,True,1.16256,0.6436011904761905,2173,True
002174.jpg,002174,.jpg,372355,JPEG,RGB,884,1179,1,,,,,False,884,1179,1216.0649587353691,123.29024251302083,59.108590905257756,0.07701619466145833,6.103515625e-05,bc8f7034703bd2c3,True,1.042236,0.7497879558948262,2174,True
002175.jpg,002175,.jpg,52304,JPEG,RGB,640,640,1,,,,,False,640,640,395.2093077539321,94.01816940307617,61.1760807610396,0.20633697509765625,0.0,a19f5034747be187,True,0.4096,1.0,2175,True
002176.jpg,002176,.jpg,353285,JPEG,RGB,914,1219,1,,,,,False,914,1219,515.3861531910952,138.5054473876953,59.89166355641771,0.046351114908854164,0.0018056233723958333,ead42df454b97620,True,1.114166,0.7497949138638228,2176,True
002177.jpg,002177,.jpg,53187,JPEG,RGB,640,640,1,,,,,False,640,640,226.80161937627418,143.2788848876953,64.07170842032467,0.0588531494140625,0.002727508544921875,c5da25f44ad96235,True,0.4096,1.0,2177,True
002178.jpg,002178,.jpg,333496,JPEG,RGB,936,1248,1,,,,,False,936,1248,949.9115132782348,119.33777872721355,63.04509465885876,0.07506815592447917,0.00022379557291666666,976d24c826dbe1d2,True,1.168128,0.75,2178,True
002179.jpg,002179,.jpg,471798,JPEG,RGB,746,1267,1,,,,,False,746,1267,5526.264429120218,90.09489851536544,62.51464379471158,0.14929401993355482,0.0,97e53ac692956a38,True,0.945182,0.5887924230465666,2179,True
002180.jpg,002180,.jpg,82535,JPEG,RGB,640,640,1,,,,,False,640,640,1742.144652087576,89.4279556274414,61.78353679617587,0.14231491088867188,1.9073486328125e-05,97693b6690d56a68,True,0.4096,1.0,2180,True
002181.jpg,002181,.jpg,535936,JPEG,RGB,920,1344,1,,,,,False,920,1344,1045.7126410532112,119.61510602678571,43.048711359455815,0.0041350446428571426,0.0,f980806f426f9b6b,True,1.23648,0.6845238095238095,2181,True
002182.jpg,002182,.jpg,507456,JPEG,RGB,1004,1344,1,,,,,False,1004,1344,1114.1768797117415,125.6970764479712,39.127870673712025,0.0063757771596858635,0.0,f5e980b122e66ec5,True,1.349376,0.7470238095238095,2182,True
002183.jpg,002183,.jpg,60455,JPEG,RGB,640,640,1,,,,,False,640,640,409.4715868480125,108.60421752929688,46.395517454056204,0.07349014282226562,0.0,f5fd15b003a46a95,True,0.4096,1.0,2183,True
002184.jpg,002184,.jpg,592131,JPEG,RGB,1007,1322,1,,,,,False,1007,1322,2009.516396155323,103.95154246794871,57.69459152338527,0.042958733974358974,0.00033052884615384617,c63d6f9f6d24c030,True,1.331254,0.7617246596066566,2184,True
002185.jpg,002185,.jpg,69626,JPEG,RGB,640,640,1,,,,,False,640,640,864.726066723335,60.473262786865234,55.07214730273843,0.3548088073730469,0.0,c02c389e6d3c8ff8,True,0.4096,1.0,2185,True
002186.jpg,002186,.jpg,340094,JPEG,RGB,831,1147,1,,,,,False,831,1147,2116.2373779787927,165.46439100404314,45.46729375873763,0.0050486438679245285,2.6322439353099732e-05,ff8623c5311e2339,True,0.953157,0.7244986922406277,2186,True
002187.jpg,002187,.jpg,60085,JPEG,RGB,640,640,1,,,,,False,640,640,632.3768343811389,197.0310935974121,56.246437521333526,0.0,0.15216064453125,ddaa22853e9732b1,True,0.4096,1.0,2187,True
002188.jpg,002188,.jpg,511081,JPEG,RGB,1001,1302,1,,,,,False,1001,1302,619.7476037997901,104.2894045447335,57.48539196238306,0.02499900856598985,5.948604060913706e-05,afa02dd7c1282bcb,True,1.303302,0.7688172043010753,2188,True
002189.jpg,002189,.jpg,553568,JPEG,RGB,1036,1381,1,,,,,False,1036,1381,912.4892067110371,86.99905395507812,55.76949371255991,0.100128173828125,0.004221598307291667,bd42c079cbfcc087,True,1.430716,0.7501810282404056,2189,True
002190.jpg,002190,.jpg,55143,JPEG,RGB,640,640,1,,,,,False,640,640,274.7397193468496,35.17789840698242,44.59108972486962,0.5615959167480469,0.0,ad5645788f2790c7,True,0.4096,1.0,2190,True
002191.jpg,002191,.jpg,90454,JPEG,RGB,641,452,1,,,,,False,641,452,134.6913624633955,103.07775168801939,40.376842456552104,0.015652051592797783,0.0,ad3f01e3d33066d2,True,0.289732,1.418141592920354,2191,True
002192.jpg,002192,.jpg,34839,JPEG,RGB,640,640,1,,,,,False,640,640,65.73545903566992,149.64488220214844,42.41836333795819,0.0,0.001682281494140625,a83f07a25f907792,True,0.4096,1.0,2192,True
002193.jpg,002193,.jpg,77025,JPEG,RGB,787,585,1,,,,,False,787,585,98.62795257920499,156.3539462352362,38.366192337468405,0.002824598097112861,0.0,ead5d5222adcd225,True,0.460395,1.3452991452991454,2193,True
002194.jpg,002194,.jpg,22406,JPEG,RGB,640,640,1,,,,,False,640,640,114.85537938865309,183.9573211669922,52.21317342330623,0.0,9.5367431640625e-05,d5ead56a00d46575,True,0.4096,1.0,2194,True
002195.jpg,002195,.jpg,132210,JPEG,RGB,936,563,1,,,,,False,936,563,444.3466452220416,144.96304915787337,48.131287122489155,0.0009385146103896104,0.0,efb81615e00f68ce,True,0.526968,1.6625222024866786,2195,True
002196.jpg,002196,.jpg,34224,JPEG,RGB,640,640,1,,,,,False,640,640,171.89321237191325,109.7519302368164,55.053945408082335,0.11034774780273438,0.0,cdd11672e10f690f,True,0.4096,1.0,2196,True
002197.jpg,002197,.jpg,126452,JPEG,RGB,787,597,1,,,,,False,787,597,257.9066551936801,136.044921875,56.49541712096702,0.01658142719072165,0.004218347293814433,d5da6d450f099699,True,0.469839,1.3182579564489112,2197,True
002198.jpg,002198,.jpg,37001,JPEG,RGB,640,640,1,,,,,False,640,640,97.92991135921329,135.8813133239746,63.54026323851253,0.062076568603515625,0.003597259521484375,d5ca6c1e2d1e932c,True,0.4096,1.0,2198,True
002199.jpg,002199,.jpg,119236,JPEG,RGB,792,638,1,,,,,False,792,638,558.0804977927584,97.72570919296116,68.21225191082266,0.005845153216019417,0.001355810072815534,d2f52a6a689a8597,True,0.505296,1.2413793103448276,2199,True
002200.jpg,002200,.jpg,30463,JPEG,RGB,640,640,1,,,,,False,640,640,273.38232705729024,48.33363342285156,63.03206873185336,0.5992965698242188,0.0,d6f5151e696bc0c1,True,0.4096,1.0,2200,True
002201.jpg,002201,.jpg,191353,JPEG,RGB,832,600,1,,,,,False,832,600,1797.8278330011892,110.7184800558943,65.36612120023612,0.02636454098915989,0.0017625762195121952,9e2124f65bfb3052,True,0.4992,1.3866666666666667,2201,True
002202.jpg,002202,.jpg,57228,JPEG,RGB,640,640,1,,,,,False,640,640,578.5307149155851,141.39976119995117,66.49270658795923,0.0,0.0781097412109375,9f2124f65bf97012,True,0.4096,1.0,2202,True
002203.jpg,002203,.jpg,220743,JPEG,RGB,913,677,1,,,,,False,913,677,1354.286889768479,143.22836143092104,64.86757250659973,0.05353618421052632,0.0007247121710526316,916b7b68c2918d9d,True,0.618101,1.3485967503692762,2203,True
002204.jpg,002204,.jpg,57434,JPEG,RGB,640,640,1,,,,,False,640,640,471.3125125285587,109.49330139160156,66.14256414593078,0.16722488403320312,0.0,817e6b284e870f97,True,0.4096,1.0,2204,True
002205.jpg,002205,.jpg,120117,JPEG,RGB,749,594,1,,,,,False,749,594,411.43239501748644,147.94319100215517,43.79874121985399,0.004589362684729064,2.8863916256157634e-05,807ff7005e139736,True,0.444906,1.260942760942761,2205,True
002206.jpg,002206,.jpg,40670,JPEG,RGB,640,640,1,,,,,False,640,640,143.3219978394336,84.07209014892578,48.88931242964994,0.19503402709960938,0.0,817c0f0a5b1b3a77,True,0.4096,1.0,2206,True
002207.jpg,002207,.jpg,200485,JPEG,RGB,1063,731,1,,,,,False,1063,731,499.2147011224888,114.34588068181819,52.35528277704877,0.10445889559659091,0.0,d5d2629d0a9969e3,True,0.777053,1.454172366621067,2207,True
002208.jpg,002208,.jpg,180064,JPEG,RGB,896,578,1,,,,,False,896,578,1013.2806181661922,122.39565577651516,54.724592205130904,0.032155539772727275,0.0005030776515151515,a42355a726f5da34,True,0.517888,1.5501730103806228,2208,True
002209.jpg,002209,.jpg,54559,JPEG,RGB,640,640,1,,,,,False,640,640,271.3870204398263,59.53373718261719,48.21050941637919,0.2993812561035156,0.0,972947f60648dbb4,True,0.4096,1.0,2209,True
002210.jpg,002210,.jpg,293261,JPEG,RGB,1246,723,1,,,,,False,1246,723,1356.0753216980404,132.54066051136363,45.26282838537818,0.000611584595959596,0.0,f1e50bd82b721a8b,True,0.900858,1.723374827109267,2210,True
002211.jpg,002211,.jpg,51365,JPEG,RGB,640,640,1,,,,,False,640,640,397.2505865758285,80.0561637878418,43.16112812161255,0.0993194580078125,0.0,f0ed0f912a621bea,True,0.4096,1.0,2211,True
002212.jpg,002212,.jpg,323359,JPEG,RGB,1200,851,1,,,,,False,1200,851,1253.8129376147842,130.33723420282368,29.504692905925246,0.00295389979338843,0.0,bff9081cf0ab8a54,True,1.0212,1.4101057579318448,2212,True
002213.jpg,002213,.jpg,56560,JPEG,RGB,640,640,1,,,,,False,640,640,417.475603474988,119.60497283935547,38.84914003485311,0.05506134033203125,0.0,80ff5d9c51bf0aa0,True,0.4096,1.0,2213,True
002214.jpg,002214,.jpg,186323,JPEG,RGB,928,904,1,,,,,False,928,904,246.5294424985223,133.38144648672343,66.9243881439625,0.045779058116232466,0.0,82d85d36cb7b055c,True,0.838912,1.0265486725663717,2214,True
002215.jpg,002215,.jpg,37041,JPEG,RGB,640,640,1,,,,,False,640,640,122.98928820899164,86.95904541015625,66.27171362291726,0.32097625732421875,0.0,80c0513e5bd3f15f,True,0.4096,1.0,2215,True
002216.jpg,002216,.jpg,205939,JPEG,RGB,1008,756,1,,,,,False,1008,756,194.45116156836352,139.98385111490884,50.92327913145071,0.039204915364583336,0.0003611246744791667,a2e726c09774c6b9,True,0.762048,1.3333333333333333,2216,True
002217.jpg,002217,.jpg,202304,JPEG,RGB,1008,756,1,,,,,False,1008,756,188.38942624377606,137.82235717773438,50.81222521076492,0.048578898111979164,0.0002695719401041667,a0e73bc216f6c895,True,0.762048,1.3333333333333333,2217,True
002218.jpg,002218,.jpg,34445,JPEG,RGB,640,640,1,,,,,False,640,640,90.39138748099504,77.04957580566406,44.01852857921914,0.17629623413085938,0.0,91e23742156ecd5d,True,0.4096,1.0,2218,True
002219.jpg,002219,.jpg,1043831,JPEG,RGB,1535,2048,1,,,,,False,1535,2048,2133.6444148171904,122.3302001953125,60.02142567734276,0.074127197265625,0.0028839111328125,9e456dd037688b3c,True,3.14368,0.74951171875,2219,True
002220.jpg,002220,.jpg,217765,JPEG,RGB,1270,750,1,,,,,False,1270,750,515.2828025009376,129.1216758071192,61.24977028057029,0.025287148178807946,0.018910389072847682,d7c687562861f961,True,0.9525,1.6933333333333334,2220,True
002221.jpg,002221,.jpg,248965,JPEG,RGB,1008,756,1,,,,,False,1008,756,545.3898968496877,154.20164998372397,50.924797680926616,0.011876424153645834,1.52587890625e-05,e59280ffa7821f91,True,0.762048,1.3333333333333333,2221,True
002222.jpg,002222,.jpg,388099,JPEG,RGB,1236,926,1,,,,,False,1236,926,1215.3046466906603,127.69565327962239,46.198369850655716,0.0033009847005208335,0.0025126139322916665,818ff4e65175e650,True,1.144536,1.3347732181425487,2222,True
002223.jpg,002223,.jpg,60094,JPEG,RGB,640,640,1,,,,,False,640,640,416.7237313119549,130.9402198791504,56.12998672406788,0.09469985961914062,0.00325775146484375,81dd758453b345b5,True,0.4096,1.0,2223,True
002224.jpg,002224,.jpg,343523,JPEG,RGB,984,1312,1,,,,,False,984,1312,285.9888119595901,115.94637552897136,47.464575887052725,0.042032877604166664,6.103515625e-05,d8587158b6a79a36,True,1.291008,0.75,2224,True
002225.jpg,002225,.jpg,36643,JPEG,RGB,640,640,1,,,,,False,640,640,116.18438201372919,92.32609176635742,50.24487527924764,0.15615081787109375,0.0,d8d86058a7a79f26,True,0.4096,1.0,2225,True
002226.jpg,002226,.jpg,649814,JPEG,RGB,972,1296,1,,,,,False,972,1296,2174.1782107232916,132.54121907552084,52.090852254827794,0.032343546549479164,0.0014546712239583333,b1e228f02f9673cc,True,1.259712,0.75,2226,True
002227.jpg,002227,.jpg,78971,JPEG,RGB,640,640,1,,,,,False,640,640,655.6271688960114,166.02617263793945,56.36705314397627,0.0,0.03887176513671875,80ea50f13f576a4d,True,0.4096,1.0,2227,True
002228.jpg,002228,.jpg,398997,JPEG,RGB,995,1327,1,,,,,False,995,1327,411.3930790980812,114.26809183756511,66.8548587935392,0.103546142578125,0.0013427734375,b65142d26dea6ce8,True,1.320365,0.7498116051243406,2228,True
002229.jpg,002229,.jpg,44505,JPEG,RGB,640,640,1,,,,,False,640,640,148.30519644822925,69.82386016845703,60.813287019705584,0.36150360107421875,0.0,b43149927fea4a6c,True,0.4096,1.0,2229,True
002230.jpg,002230,.jpg,479950,JPEG,RGB,1110,1480,1,,,,,False,1110,1480,559.0196555511149,132.9000244140625,52.006189069938394,0.042933146158854164,0.00115966796875,a9d027ed34e32a95,True,1.6428,0.75,2230,True
002231.jpg,002231,.jpg,47526,JPEG,RGB,640,640,1,,,,,False,640,640,189.40049404813908,168.22458267211914,57.966449147566706,0.0,0.0638885498046875,ddc037ad3cb50aa4,True,0.4096,1.0,2231,True
002232.jpg,002232,.jpg,403829,JPEG,RGB,974,1298,1,,,,,False,974,1298,669.8767237626016,129.2941691080729,53.58076348764843,0.0541229248046875,0.0003814697265625,bcc3238f3cb314d2,True,1.264252,0.7503852080123267,2232,True
002233.jpg,002233,.jpg,441053,JPEG,RGB,1104,1473,1,,,,,False,1104,1473,266.7249258904614,133.55608113606772,45.52908790773447,0.026865641276041668,7.120768229166667e-05,bf722cca06cf88b4,True,1.626192,0.7494908350305499,2233,True
002234.jpg,002234,.jpg,45094,JPEG,RGB,640,640,1,,,,,False,640,640,161.78337305173045,149.98768615722656,50.89725295453583,0.03803253173828125,0.0071563720703125,b57204c9174fbc74,True,0.4096,1.0,2234,True
002235.jpg,002235,.jpg,462660,JPEG,RGB,1114,1485,1,,,,,False,1114,1485,375.3838636079391,119.04386393229167,49.430679112712845,0.040059407552083336,0.0003102620442708333,b95284d90ef903af,True,1.65429,0.7501683501683502,2235,True
002236.jpg,002236,.jpg,476768,JPEG,RGB,1000,1333,1,,,,,False,1000,1333,2324.561888031559,138.12610371907553,48.80919458614262,0.0031636555989583335,0.00020853678385416666,95d570843bbfe8c0,True,1.333,0.7501875468867217,2236,True
002237.jpg,002237,.jpg,58147,JPEG,RGB,640,640,1,,,,,False,640,640,701.6329381307442,146.0848617553711,53.180370894440635,0.0352783203125,0.001018524169921875,95bc70841adf6dd0,True,0.4096,1.0,2237,True
002238.jpg,002238,.jpg,561392,JPEG,RGB,1082,1442,1,,,,,False,1082,1442,1044.6828625934559,132.49963887532553,33.94580470898122,0.0011240641276041667,8.138020833333333e-05,bb7701765d1e1816,True,1.560244,0.7503467406380028,2238,True
002239.jpg,002239,.jpg,63881,JPEG,RGB,640,640,1,,,,,False,640,640,354.4035301785334,153.7978172302246,42.65316321351865,0.000217437744140625,0.006275177001953125,90f201765d1f1d97,True,0.4096,1.0,2239,True
002240.jpg,002240,.jpg,375456,JPEG,RGB,910,1213,1,,,,,False,910,1213,510.18972560753014,106.52854919433594,58.56328156411178,0.049672444661458336,0.0004628499348958333,e75152f7e8c918c2,True,1.10383,0.7502061005770816,2240,True
002241.jpg,002241,.jpg,49420,JPEG,RGB,640,640,1,,,,,False,640,640,193.55613123589137,68.09134292602539,56.02383977372563,0.25423431396484375,0.0,e03350f7648c1dcf,True,0.4096,1.0,2241,True
002242.jpg,002242,.jpg,354409,JPEG,RGB,953,1271,1,,,,,False,953,1271,701.9410624621797,147.772216796875,67.14758583654596,0.08261617024739583,0.0,d2562b223f3b2c2b,True,1.211263,0.7498033044846577,2242,True
002243.jpg,002243,.jpg,45349,JPEG,RGB,640,640,1,,,,,False,640,640,232.8191588767222,99.58295440673828,64.63733034758164,0.21365737915039062,0.0,d4d22dbd2e2d222d,True,0.4096,1.0,2243,True
002244.jpg,002244,.jpg,417212,JPEG,RGB,982,1309,1,,,,,False,982,1309,855.5857112790303,136.43033854166666,65.3398525041168,0.0883636474609375,0.0009613037109375,b1c52aca94d956d9,True,1.285438,0.7501909854851031,2244,True
002245.jpg,002245,.jpg,50816,JPEG,RGB,640,640,1,,,,,False,640,640,280.7188387771457,170.04716110229492,66.83689099567604,0.0,0.2010040283203125,95820fcb96ed42dc,True,0.4096,1.0,2245,True
002246.jpg,002246,.jpg,378019,JPEG,RGB,1046,1395,1,,,,,False,1046,1395,571.365972897012,115.76828511555989,68.65752268891158,0.13493855794270834,0.0013173421223958333,add292d07d859077,True,1.45917,0.749820788530466,2246,True
002247.jpg,002247,.jpg,331909,JPEG,RGB,979,1306,1,,,,,False,979,1306,503.11370192468166,129.3823496500651,60.721236951261574,0.0657806396484375,0.000518798828125,89f60c95b6b9c269,True,1.278574,0.7496171516079633,2247,True
002248.jpg,002248,.jpg,41401,JPEG,RGB,640,640,1,,,,,False,640,640,196.53810691874241,90.52895736694336,61.142347317803875,0.20073318481445312,0.0,8df74e8856b0c2b6,True,0.4096,1.0,2248,True
002249.jpg,002249,.jpg,486323,JPEG,RGB,1035,1379,1,,,,,False,1035,1379,1036.1245716540918,150.43790181477866,55.38920517118594,0.015004475911458334,5.0862630208333336e-05,80d54fe26a6a6f70,True,1.427265,0.7505438723712835,2249,True
002250.jpg,002250,.jpg,433446,JPEG,RGB,956,1265,1,,,,,False,956,1265,1150.9366645886855,125.83149628552971,54.567046470849306,0.025804465439276485,0.001821907299741602,9bc32d6c42257cec,True,1.20934,0.7557312252964427,2250,True
002251.jpg,002251,.jpg,58342,JPEG,RGB,640,640,1,,,,,False,640,640,377.68252379189653,166.2585563659668,60.41749686106209,0.0,0.06784439086914062,80462d746f7d78b4,True,0.4096,1.0,2251,True
002252.jpg,002252,.jpg,455371,JPEG,RGB,916,1221,1,,,,,False,916,1221,1176.562325904353,127.43703715006511,67.43259546047666,0.0923919677734375,0.0013173421223958333,8ff43083728f878d,True,1.118436,0.7502047502047502,2252,True
002253.jpg,002253,.jpg,54502,JPEG,RGB,640,640,1,,,,,False,640,640,276.5395158171741,170.36916732788086,67.78741584143305,0.0,0.16852951049804688,c5f232c17b85074f,True,0.4096,1.0,2253,True
002254.jpg,002254,.jpg,488541,JPEG,RGB,1076,1434,1,,,,,False,1076,1434,1826.726180676138,143.4683837890625,59.4414492252219,0.028544108072916668,0.00738525390625,f4c00bd42db61dda,True,1.542984,0.7503486750348675,2254,True
002255.jpg,002255,.jpg,56281,JPEG,RGB,640,640,1,,,,,False,640,640,541.4110200367868,188.23755264282227,62.74005473333863,0.0,0.18359375,95c002df2cd2779d,True,0.4096,1.0,2255,True
002256.jpg,002256,.jpg,449859,JPEG,RGB,1030,1374,1,,,,,False,1030,1374,613.9711738567179,125.66725667317708,61.27129590370151,0.028284708658854168,0.000152587890625,aef4bbf24095d04a,True,1.41522,0.7496360989810772,2256,True
002257.jpg,002257,.jpg,47718,JPEG,RGB,640,640,1,,,,,False,640,640,233.88570034677105,148.6082305908203,63.68108108058348,0.0,0.08564376831054688,a4f4b1f241c75a4b,True,0.4096,1.0,2257,True
002258.jpg,002258,.jpg,463575,JPEG,RGB,939,1252,1,,,,,False,939,1252,692.9083653687395,112.19607543945312,50.665974894626814,0.005177815755208333,0.0003560384114583333,84dd5a2028877f7d,True,1.175628,0.75,2258,True
002259.jpg,002259,.jpg,540851,JPEG,RGB,1116,1488,1,,,,,False,1116,1488,683.7690325676359,130.0382283528646,56.324034967834834,0.026153564453125,0.00013224283854166666,8fd900a14f23ad3f,True,1.660608,0.75,2259,True
002260.jpg,002260,.jpg,52169,JPEG,RGB,640,640,1,,,,,False,640,640,274.34452126920223,87.54141998291016,55.0573516850435,0.16031265258789062,0.0,8fd820a54f252d77,True,0.4096,1.0,2260,True
002261.jpg,002261,.jpg,401604,JPEG,RGB,927,1236,1,,,,,False,927,1236,1444.3568894002176,125.31735738118489,56.150653438607876,0.0247039794921875,0.00011698404947916667,cf571aa569b224b8,True,1.145772,0.75,2261,True
002262.jpg,002262,.jpg,54303,JPEG,RGB,640,640,1,,,,,False,640,640,425.6661668544257,92.53219604492188,57.47825982025287,0.16024398803710938,0.0,cfd750a66d7a2448,True,0.4096,1.0,2262,True
002263.jpg,002263,.jpg,571268,JPEG,RGB,1113,1484,1,,,,,False,1113,1484,1236.8721500765273,124.31300862630208,64.07859138961166,0.07123819986979167,0.0014139811197916667,83c8757b49e92cc3,True,1.651692,0.75,2263,True
002264.jpg,002264,.jpg,57718,JPEG,RGB,640,640,1,,,,,False,640,640,407.0327982639428,92.9532470703125,60.862787827154726,0.140167236328125,0.0,82d97d784da0d4d3,True,0.4096,1.0,2264,True
002265.jpg,002265,.jpg,310802,JPEG,RGB,969,1292,1,,,,,False,969,1292,177.69391935691237,147.33698527018228,67.60657868954814,0.057159423828125,0.0,d5ab2f8c3d507530,True,1.251948,0.75,2265,True
002266.jpg,002266,.jpg,30127,JPEG,RGB,640,640,1,,,,,False,640,640,75.56336546443345,174.85916137695312,73.26829368693363,0.0,0.0473480224609375,85af2f157d507072,True,0.4096,1.0,2266,True
002267.jpg,002267,.jpg,386079,JPEG,RGB,847,1194,1,,,,,False,847,1194,1828.915882201585,103.57256693353995,57.15768923036663,0.06283897210743801,8.070764462809918e-05,ba75d007f97cc144,True,1.011318,0.7093802345058626,2267,True
002268.jpg,002268,.jpg,57837,JPEG,RGB,640,640,1,,,,,False,640,640,612.0942109933676,124.1346664428711,58.52286545675942,0.003337860107421875,0.003753662109375,f9f5500779be6180,True,0.4096,1.0,2268,True
002269.jpg,002269,.jpg,247408,JPEG,RGB,874,1165,1,,,,,False,874,1165,202.95886714753905,140.28475952148438,69.55806033959206,0.065185546875,0.0010274251302083333,c22c255a3f6b8979,True,1.01821,0.7502145922746781,2269,True
002270.jpg,002270,.jpg,36141,JPEG,RGB,640,640,1,,,,,False,640,640,96.56426343366911,168.2166976928711,75.94378571469642,0.0,0.2213897705078125,c0bf2554742653af,True,0.4096,1.0,2270,True
002271.jpg,002271,.jpg,358952,JPEG,RGB,932,1242,1,,,,,False,932,1242,756.839421939079,128.32371520996094,63.531018954461935,0.0401153564453125,0.0038197835286458335,8d762995dad45a4a,True,1.157544,0.750402576489533,2271,True
002272.jpg,002272,.jpg,51677,JPEG,RGB,640,640,1,,,,,False,640,640,368.2265012690332,105.00043869018555,65.36557309250865,0.12591552734375,0.0,95fa2d85dbd45242,True,0.4096,1.0,2272,True
002273.jpg,002273,.jpg,552382,JPEG,RGB,1132,1509,1,,,,,False,1132,1509,787.8983328230421,131.6991170247396,60.55073261260742,0.038441975911458336,0.00335693359375,817e2d85c3d5565a,True,1.708188,0.7501656726308814,2273,True
002274.jpg,002274,.jpg,51515,JPEG,RGB,640,640,1,,,,,False,640,640,296.54927427983785,130.2842254638672,64.43134210888057,0.06801986694335938,0.004535675048828125,80fe2d8547a554fa,True,0.4096,1.0,2274,True
002275.jpg,002275,.jpg,168100,JPEG,RGB,771,1006,1,,,,,False,771,1006,95.2856232652263,133.98465900031889,59.593032469565735,0.09135841836734694,0.0,e19d788f78033e32,True,0.775626,0.7664015904572564,2275,True
002276.jpg,002276,.jpg,25401,JPEG,RGB,640,640,1,,,,,False,640,640,87.21239432039147,110.07795715332031,63.11190626462726,0.16973114013671875,0.0,e5ca58c15a50177f,True,0.4096,1.0,2276,True
002277.jpg,002277,.jpg,280437,JPEG,RGB,934,1237,1,,,,,False,934,1237,173.0929190101672,143.43174156169252,51.37733484126578,0.0036690487726098193,0.00020187338501291988,d21d3d9030cb2ddd,True,1.155358,0.7550525464834277,2277,True
002278.jpg,002278,.jpg,33609,JPEG,RGB,640,640,1,,,,,False,640,640,115.7911338154081,171.94429397583008,57.06976798610235,0.0,0.036518096923828125,c07f7894309b2dd5,True,0.4096,1.0,2278,True
002279.jpg,002279,.jpg,492354,JPEG,RGB,1077,1435,1,,,,,False,1077,1435,1236.5098129061516,118.65432230631511,51.20316690480045,0.0152130126953125,0.0,870efcda68770e60,True,1.545495,0.7505226480836237,2279,True
002280.jpg,002280,.jpg,52976,JPEG,RGB,640,640,1,,,,,False,640,640,443.44133895005507,95.91845703125,53.28728075324638,0.10584259033203125,0.0,8507ff92682f5a64,True,0.4096,1.0,2280,True
002281.jpg,002281,.jpg,503225,JPEG,RGB,1007,1343,1,,,,,False,1007,1343,1545.370746188694,114.99147033691406,63.52176894644085,0.040659586588541664,0.00128173828125,a752cc5117dc2ef0,True,1.352401,0.7498138495904692,2281,True
002282.jpg,002282,.jpg,59911,JPEG,RGB,640,640,1,,,,,False,640,640,475.9666410725913,148.84385681152344,66.10115641758247,0.0,0.0756072998046875,a45748731fe82ed8,True,0.4096,1.0,2282,True
002283.jpg,002283,.jpg,438384,JPEG,RGB,909,1212,1,,,,,False,909,1212,1843.9114990482474,111.09658813476562,63.427649575791754,0.031041463216145832,0.006098429361979167,82d6211aed3ffc41,True,1.101708,0.75,2283,True
002284.jpg,002284,.jpg,606254,JPEG,RGB,1006,1342,1,,,,,False,1006,1342,2568.2014002278192,129.84319051106772,47.8619933127201,0.0268096923828125,0.0,96d4a89e4ab540f7,True,1.350052,0.7496274217585693,2284,True
002285.jpg,002285,.jpg,78655,JPEG,RGB,640,640,1,,,,,False,640,640,721.8431041294243,88.82685852050781,47.991665730714594,0.12517166137695312,0.0,957a28da5f9549c2,True,0.4096,1.0,2285,True
002286.jpg,002286,.jpg,607274,JPEG,RGB,989,1319,1,,,,,False,989,1319,1267.6655862281461,107.83888244628906,58.292765199513106,0.0477142333984375,0.0005594889322916666,d452bf33ac42e0d3,True,1.304491,0.7498104624715694,2286,True
002287.jpg,002287,.jpg,76848,JPEG,RGB,640,640,1,,,,,False,640,640,447.4988311035413,157.24338150024414,58.04846379868282,0.0,0.07129287719726562,c4d67a3f6c837083,True,0.4096,1.0,2287,True
002288.jpg,002288,.jpg,672297,JPEG,RGB,1089,1453,1,,,,,False,1089,1453,946.7540614667038,116.96028137207031,62.78491564147158,0.056396484375,0.0030110677083333335,9ac128a6137695fd,True,1.582317,0.7494838265657261,2288,True
002289.jpg,002289,.jpg,70887,JPEG,RGB,640,640,1,,,,,False,640,640,411.2186761197954,134.8770637512207,65.3782239635694,0.003597259521484375,0.01970672607421875,87d4247761674d5a,True,0.4096,1.0,2289,True
002290.jpg,002290,.jpg,365903,JPEG,RGB,996,1328,1,,,,,False,996,1328,614.1620322705712,141.3138885498047,46.14976910159269,0.006398518880208333,0.0005645751953125,81d6aed12acdcb8a,True,1.322688,0.75,2290,True
002291.jpg,002291,.jpg,49246,JPEG,RGB,640,640,1,,,,,False,640,640,265.5106501154951,183.92776107788086,50.220324166258216,0.0,0.12160110473632812,81d24d516a4f575d,True,0.4096,1.0,2291,True
002292.jpg,002292,.jpg,540672,JPEG,RGB,1060,1414,1,,,,,False,1060,1414,1397.5178798287845,103.52828979492188,59.11718967897889,0.0225982666015625,0.0010884602864583333,926d318f3aa58b9a,True,1.49884,0.7496463932107497,2292,True
002293.jpg,002293,.jpg,59271,JPEG,RGB,640,640,1,,,,,False,640,640,440.39966356508376,46.020809173583984,51.381501224497434,0.5341720581054688,0.0,9a6c91c73401dadf,True,0.4096,1.0,2293,True
002294.jpg,002294,.jpg,386637,JPEG,RGB,890,1197,1,,,,,False,890,1197,717.0797806809176,128.04846928313648,52.171018972716,0.03565862860892388,0.0019941354986876643,97d210cd3fe8b82c,True,1.06533,0.7435254803675856,2294,True
002295.jpg,002295,.jpg,47690,JPEG,RGB,640,640,1,,,,,False,640,640,234.5696310987114,152.65664672851562,57.89173589372049,0.0,0.060672760009765625,95e210853ffbe831,True,0.4096,1.0,2295,True
002296.jpg,002296,.jpg,476602,JPEG,RGB,1086,1448,1,,,,,False,1086,1448,970.6188757847732,113.82261657714844,60.980483419522464,0.08672078450520833,9.663899739583333e-05,f249a4263f2561db,True,1.572528,0.75,2296,True
002297.jpg,002297,.jpg,58962,JPEG,RGB,640,640,1,,,,,False,640,640,441.12835746978817,129.88336944580078,62.162508109508465,0.02713775634765625,0.015254974365234375,f05b852e3e2561d3,True,0.4096,1.0,2297,True
002298.jpg,002298,.jpg,483302,JPEG,RGB,952,1270,1,,,,,False,952,1270,724.9507930262221,109.15103658040364,45.38140100810261,0.020375569661458332,0.0,adff895594ce0581,True,1.20904,0.7496062992125985,2298,True
002299.jpg,002299,.jpg,55382,JPEG,RGB,640,640,1,,,,,False,640,640,211.56871387663705,71.27121353149414,45.68325992771762,0.12739944458007812,0.0,a0ea8b71b58e4e8d,True,0.4096,1.0,2299,True
002300.jpg,002300,.jpg,485622,JPEG,RGB,918,1223,1,,,,,False,918,1223,941.2487187369003,106.02881368001302,55.299622670220664,0.0221099853515625,0.0010833740234375,b4d5854af21f03c7,True,1.122714,0.7506132461161079,2300,True
002301.jpg,002301,.jpg,54693,JPEG,RGB,640,640,1,,,,,False,640,640,280.30763893481344,58.514034271240234,47.273368359772945,0.3435859680175781,0.0,b594950ad29f0bc7,True,0.4096,1.0,2301,True
002302.jpg,002302,.jpg,458290,JPEG,RGB,969,1292,1,,,,,False,969,1292,808.1755675001897,129.43881225585938,64.63399731381149,0.0938873291015625,0.005274454752604167,ae7324fd2c49d28a,True,1.251948,0.75,2302,True
002303.jpg,002303,.jpg,60358,JPEG,RGB,640,640,1,,,,,False,640,640,346.9487276213331,127.03789901733398,70.00097362585787,0.10435867309570312,0.012432098388671875,b97605562f4ac91b,True,0.4096,1.0,2303,True
002304.jpg,002304,.jpg,432281,JPEG,RGB,1026,1368,1,,,,,False,1026,1368,539.5205162896051,127.44860331217448,46.602754586055156,0.003570556640625,0.0014088948567708333,a5d5a1d35a33ad28,True,1.403568,0.75,2304,True
002305.jpg,002305,.jpg,41118,JPEG,RGB,640,640,1,,,,,False,640,640,213.3620862205862,106.42367172241211,51.60709374435524,0.0672760009765625,0.0,a1d522525b2b6d7c,True,0.4096,1.0,2305,True
002306.jpg,002306,.jpg,328408,JPEG,RGB,1056,1408,1,,,,,False,1056,1408,87.99378258724595,139.86495463053384,61.79775309383892,0.0177764892578125,0.0032958984375,9a4d32a6dec20d7c,True,1.486848,0.75,2306,True
002307.jpg,002307,.jpg,685581,JPEG,RGB,1090,1454,1,,,,,False,1090,1454,1860.5606519871442,157.46159871419272,56.15141697923119,0.050760904947916664,0.0,d5d228db68cb2c69,True,1.58486,0.749656121045392,2307,True
002308.jpg,002308,.jpg,62762,JPEG,RGB,640,640,1,,,,,False,640,640,528.3881328571006,155.02063751220703,62.41985059683791,0.08892440795898438,3.814697265625e-06,c1d64bde69cc2d60,True,0.4096,1.0,2308,True
002309.jpg,002309,.jpg,232685,JPEG,RGB,887,1183,1,,,,,False,887,1183,222.97597950107107,153.27482096354166,47.74009832932204,0.0,0.00014241536458333334,82a21f07bd5da578,True,1.049321,0.7497886728655959,2309,True
002310.jpg,002310,.jpg,28199,JPEG,RGB,640,640,1,,,,,False,640,640,118.4480870684929,170.39289093017578,58.907730710196205,0.004138946533203125,0.00440216064453125,81951f070d3f54bd,True,0.4096,1.0,2310,True
002311.jpg,002311,.jpg,395608,JPEG,RGB,1096,1462,1,,,,,False,1096,1462,387.7885485916243,125.21738179524739,64.2290402402684,0.055353800455729164,0.0122528076171875,aba263655386db4c,True,1.602352,0.7496580027359782,2311,True
002312.jpg,002312,.jpg,44065,JPEG,RGB,640,640,1,,,,,False,640,640,206.81684578343993,160.9164161682129,67.55421371799315,0.0,0.17900466918945312,95f541615e8e5a4d,True,0.4096,1.0,2312,True
002313.jpg,002313,.jpg,390945,JPEG,RGB,1050,1400,1,,,,,False,1050,1400,502.66879065169246,178.3144276936849,67.28305649520611,0.020838419596354168,0.020533243815104168,a24bb4698e8c2ddb,True,1.47,0.75,2313,True
002314.jpg,002314,.jpg,44114,JPEG,RGB,640,640,1,,,,,False,640,640,304.12610137717274,139.6762466430664,69.41779946978127,0.08582305908203125,0.0,f36ab6608a8c3ccb,True,0.4096,1.0,2314,True
002315.jpg,002315,.jpg,500006,JPEG,RGB,1026,1368,1,,,,,False,1026,1368,1756.7440940573968,108.03651428222656,56.98826062693694,0.017435709635416668,0.0035502115885416665,ad509a7f80689f65,True,1.403568,0.75,2315,True
002316.jpg,002316,.jpg,65112,JPEG,RGB,640,640,1,,,,,False,640,640,550.1768378596607,128.58549880981445,56.5538508835231,0.0,0.055389404296875,e55a1f4f807f9520,True,0.4096,1.0,2316,True
002317.jpg,002317,.jpg,124128,JPEG,RGB,620,710,1,,,,,False,620,710,267.3563113992124,126.90906389821029,42.3195544587596,0.03491593260626398,0.00064667225950783,d4ea513c42d95b66,True,0.4402,0.8732394366197183,2317,True
002318.jpg,002318,.jpg,34548,JPEG,RGB,640,640,1,,,,,False,640,640,98.14229023047665,98.61179733276367,46.221133716515226,0.10485076904296875,0.0,d4e0403543d57df3,True,0.4096,1.0,2318,True
002319.jpg,002319,.jpg,145165,JPEG,RGB,567,714,1,,,,,False,567,714,440.66563570326923,120.07212166001229,36.59927531946436,0.0022410549754299756,0.0,e8bb848e5ad18de2,True,0.404838,0.7941176470588235,2319,True
002320.jpg,002320,.jpg,54122,JPEG,RGB,640,640,1,,,,,False,640,640,176.92693080937897,60.49131774902344,34.55087610390969,0.23902130126953125,0.0,d5bf448e5ac94523,True,0.4096,1.0,2320,True
002321.jpg,002321,.jpg,161247,JPEG,RGB,593,726,1,,,,,False,593,726,365.46163561518745,105.62295342404306,60.65887360332811,0.04069321919856459,0.03487122458133971,954350266e9f6f34,True,0.430518,0.8168044077134986,2321,True
002322.jpg,002322,.jpg,196097,JPEG,RGB,687,738,1,,,,,False,687,738,581.8859280272634,123.60773306472747,52.45672349345743,0.022536687631027254,7.370283018867924e-05,d16a78e5718273c5,True,0.507006,0.9308943089430894,2322,True
002323.jpg,002323,.jpg,50436,JPEG,RGB,640,640,1,,,,,False,640,640,217.7478356424108,172.77524948120117,58.237038324451774,0.0,0.109161376953125,d52a48f56ac263e5,True,0.4096,1.0,2323,True
002324.jpg,002324,.jpg,124925,JPEG,RGB,656,866,1,,,,,False,656,866,159.36955533345412,115.76743214400773,44.65379672952229,0.056867147229381444,0.0,c941592f608f71ee,True,0.568096,0.7575057736720554,2324,True
002325.jpg,002325,.jpg,32019,JPEG,RGB,640,640,1,,,,,False,640,640,75.01581397443078,101.48699188232422,48.502187291888895,0.10717010498046875,0.0,c0517b6f209e70ee,True,0.4096,1.0,2325,True
002326.jpg,002326,.jpg,238332,JPEG,RGB,702,815,1,,,,,False,702,815,1422.9971142533186,101.19408570719955,46.05767344102757,0.0031267715419501132,0.005558212868480726,c3c33a728b479c66,True,0.57213,0.8613496932515338,2326,True
002327.jpg,002327,.jpg,55397,JPEG,RGB,640,640,1,,,,,False,640,640,512.2565722316504,128.13887405395508,46.39228582095501,0.0,0.0388641357421875,c3c73830c3835cbf,True,0.4096,1.0,2327,True
002328.jpg,002328,.jpg,263354,JPEG,RGB,712,948,1,,,,,False,712,948,1043.6770274666233,131.85725953733765,42.14350223220312,0.017867288961038962,0.0005986201298701299,d0d524cc3bdb3166,True,0.674976,0.7510548523206751,2328,True
002329.jpg,002329,.jpg,149839,JPEG,RGB,667,826,1,,,,,False,667,826,291.761243211081,140.07282366071428,54.20302723689254,0.038797669491525424,0.004213642554479419,c0ff3f585a06a436,True,0.550942,0.8075060532687651,2329,True
002330.jpg,002330,.jpg,40324,JPEG,RGB,640,640,1,,,,,False,640,640,131.31301533890655,189.38008499145508,60.34586114326054,0.0,0.16262435913085938,c1ff3f805a0256b6,True,0.4096,1.0,2330,True
002331.jpg,002331,.jpg,220120,JPEG,RGB,756,1008,1,,,,,False,756,1008,339.9519510871162,115.14664204915364,62.168460380159274,0.028645833333333332,5.5948893229166664e-05,ad4af030d2ab857e,True,0.762048,0.75,2331,True
002332.jpg,002332,.jpg,43339,JPEG,RGB,640,640,1,,,,,False,640,640,199.7899632935878,130.74919509887695,66.55761870862388,0.000133514404296875,0.02605438232421875,c54f503bd60fc934,True,0.4096,1.0,2332,True
002333.jpg,002333,.jpg,207397,JPEG,RGB,756,1008,1,,,,,False,756,1008,137.19589192327112,128.32725524902344,50.145870747423324,0.0031178792317708335,0.0002899169921875,8ebda0558fcc543c,True,0.762048,0.75,2333,True
002334.jpg,002334,.jpg,39722,JPEG,RGB,640,640,1,,,,,False,640,640,75.02897528908215,88.61612319946289,52.744429274955,0.15650558471679688,0.0,87bd3035cd8b5616,True,0.4096,1.0,2334,True
002335.jpg,002335,.jpg,224839,JPEG,RGB,756,1008,1,,,,,False,756,1008,485.1035578942133,122.95278422037761,48.93733093549086,0.02728271484375,0.0,adca299548f85d78,True,0.762048,0.75,2335,True
002336.jpg,002336,.jpg,45763,JPEG,RGB,640,640,1,,,,,False,640,640,182.1516664637602,114.13995742797852,53.73505900476658,0.07757949829101562,0.0,c56a29564cf8547e,True,0.4096,1.0,2336,True
002337.jpg,002337,.jpg,248517,JPEG,RGB,756,1008,1,,,,,False,756,1008,490.15666555851294,143.4322255452474,51.79551137407119,0.03271484375,0.0,f4cb606acd96619c,True,0.762048,0.75,2337,True
002338.jpg,002338,.jpg,39871,JPEG,RGB,640,640,1,,,,,False,640,640,194.64685016426665,185.1296157836914,59.67369256746488,0.0,0.007904052734375,f08a04674f962bdd,True,0.4096,1.0,2338,True
002339.jpg,002339,.jpg,284011,JPEG,RGB,756,1008,1,,,,,False,756,1008,1630.2562698094546,131.2769775390625,55.83916113859749,0.07406107584635417,0.0003407796223958333,81c51bfc3ad27a19,True,0.762048,0.75,2339,True
002340.jpg,002340,.jpg,55740,JPEG,RGB,640,640,1,,,,,False,640,640,454.13366694735305,88.29291534423828,52.39150304707134,0.18799209594726562,0.0,80c30bfc7d9272b9,True,0.4096,1.0,2340,True
002341.jpg,002341,.jpg,293290,JPEG,RGB,756,1008,1,,,,,False,756,1008,870.2458333969116,96.0015869140625,49.90294736796966,0.013651529947916666,0.0002492268880208333,bde8609561af8875,True,0.762048,0.75,2341,True
002342.jpg,002342,.jpg,58491,JPEG,RGB,640,640,1,,,,,False,640,640,314.38632863387465,110.49678802490234,52.048198857709316,0.0692901611328125,0.004543304443359375,88ff45b457159c25,True,0.4096,1.0,2342,True
002343.jpg,002343,.jpg,162416,JPEG,RGB,717,957,1,,,,,False,717,957,369.7740264100333,161.70282999674478,62.949072605636836,0.030263264973958332,0.0,84fd2edb1f880ed0,True,0.686169,0.7492163009404389,2343,True
002344.jpg,002344,.jpg,39199,JPEG,RGB,640,640,1,,,,,False,640,640,151.15091194944398,106.44649505615234,62.428505297625,0.21462631225585938,0.0,85f47e8b0c892e9b,True,0.4096,1.0,2344,True
002345.jpg,002345,.jpg,236851,JPEG,RGB,702,869,1,,,,,False,702,869,931.7040567429897,143.48850298158212,52.14675549673325,0.003349562198067633,7.076539855072464e-05,bc812e78e48ff4a8,True,0.610038,0.807825086306099,2345,True
002346.jpg,002346,.jpg,49219,JPEG,RGB,640,640,1,,,,,False,640,640,312.7805622470187,94.79618835449219,55.763530261163226,0.12224197387695312,0.0,989f4f78c5afd008,True,0.4096,1.0,2346,True
002347.jpg,002347,.jpg,220019,JPEG,RGB,775,1033,1,,,,,False,775,1033,583.4133051409283,138.46439615885416,62.1337636689786,0.0439605712890625,0.007929484049479166,c2ef68827f90d4a9,True,0.800575,0.750242013552759,2347,True
002348.jpg,002348,.jpg,40973,JPEG,RGB,640,640,1,,,,,False,640,640,218.26025000907248,183.32153701782227,64.60419018286822,0.0,0.242095947265625,d5ad68c26bc0d6d4,True,0.4096,1.0,2348,True
002349.jpg,002349,.jpg,327805,JPEG,RGB,999,1131,1,,,,,False,999,1131,286.6910017179205,146.73825964463495,62.96676082882789,0.09469199391592921,0.0,d5f42ac147c67616,True,1.129869,0.883289124668435,2349,True
002350.jpg,002350,.jpg,37288,JPEG,RGB,640,640,1,,,,,False,640,640,185.14318367745727,135.53875350952148,69.81194008907401,0.153533935546875,0.0,84f57fa24dc4a866,True,0.4096,1.0,2350,True
002351.jpg,002351,.jpg,287554,JPEG,RGB,756,1008,1,,,,,False,756,1008,1325.2521918598147,144.23383585611978,48.208331027872276,0.040374755859375,0.0,d72871ac070a77f4,True,0.762048,0.75,2351,True
002352.jpg,002352,.jpg,50322,JPEG,RGB,640,640,1,,,,,False,640,640,427.0417241621617,129.42047119140625,58.89763742262869,0.11898422241210938,0.0,80ac71b8178f3bd5,True,0.4096,1.0,2352,True
002353.jpg,002353,.jpg,293762,JPEG,RGB,900,1200,1,,,,,False,900,1200,291.68694174124136,109.65409342447917,54.5732809076188,0.051442464192708336,0.0,c1e54a66eabee411,True,1.08,0.75,2353,True
002354.jpg,002354,.jpg,32700,JPEG,RGB,640,640,1,,,,,False,640,640,121.7928070181515,132.7428970336914,57.78276017205596,4.9591064453125e-05,0.000141143798828125,c0e55a67e27d5119,True,0.4096,1.0,2354,True
002355.jpg,002355,.jpg,413774,JPEG,RGB,1013,1351,1,,,,,False,1013,1351,695.9690783557534,144.02225748697916,65.16587746904051,0.0369720458984375,0.0020955403645833335,8f972a30612937af,True,1.368563,0.7498149518874907,2355,True
002356.jpg,002356,.jpg,54241,JPEG,RGB,640,640,1,,,,,False,640,640,292.0018786112196,148.14062118530273,75.50407907143592,0.103759765625,0.030666351318359375,809f5130753a7dd5,True,0.4096,1.0,2356,True
002357.jpg,002357,.jpg,297238,JPEG,RGB,595,1274,1,,,,,False,595,1274,915.8386879960345,96.75184688807532,49.85784795596154,0.022432335251046025,0.0027866762552301253,91916f6b077c388e,True,0.75803,0.46703296703296704,2357,True
002358.jpg,002358,.jpg,45877,JPEG,RGB,640,640,1,,,,,False,640,640,206.46054253085458,42.02862548828125,46.04624211862936,0.45532989501953125,0.0,93936b6a662772b0,True,0.4096,1.0,2358,True
002359.jpg,002359,.jpg,146524,JPEG,RGB,482,835,1,,,,,False,482,835,1054.6646499125252,122.02383340371621,34.981233460623386,0.02957400760135135,0.0,bf8310bf31912b2b,True,0.40247,0.577245508982036,2359,True
002360.jpg,002360,.jpg,56455,JPEG,RGB,640,640,1,,,,,False,640,640,338.41132740057947,162.28919982910156,41.92627090149943,0.0,0.0,9f2a507751506a5f,True,0.4096,1.0,2360,True
002361.jpg,002361,.jpg,120524,JPEG,RGB,597,775,1,,,,,False,597,775,430.951816108061,132.44715161008884,51.104601409775206,0.03331713991116751,0.0,bfc54432136d646d,True,0.462675,0.7703225806451612,2361,True
002362.jpg,002362,.jpg,37337,JPEG,RGB,640,640,1,,,,,False,640,640,155.64416588317545,106.70272064208984,56.369042905039954,0.16228485107421875,0.0,b560563a296c647f,True,0.4096,1.0,2362,True
002363.jpg,002363,.jpg,180670,JPEG,RGB,520,925,1,,,,,False,520,925,2070.6210913452105,108.01985677083333,62.8385055050757,0.0,0.016757541232638888,8980b692d6d7c95d,True,0.481,0.5621621621621622,2363,True
002364.jpg,002364,.jpg,62966,JPEG,RGB,640,640,1,,,,,False,640,640,642.9461629071739,145.53477478027344,59.02768791418931,0.0,0.11379241943359375,c982f6d4d44b497a,True,0.4096,1.0,2364,True
002365.jpg,002365,.jpg,178641,JPEG,RGB,673,860,1,,,,,False,673,860,579.8168744954601,115.34568364245636,55.02764014772377,0.021766871882793016,0.00032146197007481295,e2fa82401ffc70e9,True,0.57878,0.7825581395348837,2365,True
002366.jpg,002366,.jpg,109165,JPEG,RGB,574,845,1,,,,,False,574,845,225.26700810441758,110.6985003591954,64.71475803133501,0.08512931034482758,7.857399425287356e-05,c2c0863f2f2f8cd6,True,0.48503,0.6792899408284023,2366,True
002367.jpg,002367,.jpg,32397,JPEG,RGB,640,640,1,,,,,False,640,640,76.4192306958139,56.05575180053711,55.47426902930415,0.41483306884765625,0.0,d1c2d23f2f2d0cd2,True,0.4096,1.0,2367,True
002368.jpg,002368,.jpg,227823,JPEG,RGB,716,927,1,,,,,False,716,927,239.69078814897264,121.86272745253164,26.16783432009689,0.012811511075949368,0.0,80f75be55aa5d025,True,0.663732,0.7723840345199569,2368,True
002369.jpg,002369,.jpg,41326,JPEG,RGB,640,640,1,,,,,False,640,640,91.60945045662811,161.65164184570312,38.14564690175494,0.0,0.0,807f5f455945506f,True,0.4096,1.0,2369,True
002370.jpg,002370,.jpg,272221,JPEG,RGB,813,1084,1,,,,,False,813,1084,489.10175492177297,109.72012837727864,73.93854930414372,0.1350860595703125,0.10092671712239583,b549307ed0b43f25,True,0.881292,0.75,2370,True
002371.jpg,002371,.jpg,286801,JPEG,RGB,756,1008,1,,,,,False,756,1008,1075.0137655912743,158.0930938720703,62.390509689981776,0.0350189208984375,0.0,bdd03d5e481fa189,True,0.762048,0.75,2371,True
002372.jpg,002372,.jpg,51815,JPEG,RGB,640,640,1,,,,,False,640,640,366.10800679527165,204.43906784057617,62.27141557270236,0.0,0.48401641845703125,b5da3c19681fa989,True,0.4096,1.0,2372,True
002373.jpg,002373,.jpg,287529,JPEG,RGB,724,966,1,,,,,False,724,966,856.633447783042,142.85778299967447,49.96046026078698,0.0032958984375,0.00011698404947916667,908d876b48734f37,True,0.699384,0.7494824016563147,2373,True
002374.jpg,002374,.jpg,57236,JPEG,RGB,640,640,1,,,,,False,640,640,278.9241334874532,168.0600700378418,60.71183988294733,0.0,0.09952926635742188,94dd151a5b2f0f38,True,0.4096,1.0,2374,True
002375.jpg,002375,.jpg,223507,JPEG,RGB,623,1172,1,,,,,False,623,1172,1317.5143686251965,113.49745806525735,50.350888423601035,0.052626665900735295,0.00022977941176470588,87226c053f16c7de,True,0.730156,0.5315699658703071,2375,True
002376.jpg,002376,.jpg,54011,JPEG,RGB,640,640,1,,,,,False,640,640,428.452459028922,131.13316345214844,56.217757195560694,0.002964019775390625,0.003269195556640625,806a682f3f3e17ca,True,0.4096,1.0,2376,True
002377.jpg,002377,.jpg,324900,JPEG,RGB,756,1008,1,,,,,False,756,1008,883.1244291712841,126.1324462890625,50.59220586859635,0.00543212890625,0.005961100260416667,93f788cd0d8316b6,True,0.762048,0.75,2377,True
002378.jpg,002378,.jpg,63685,JPEG,RGB,640,640,1,,,,,False,640,640,304.45809073536657,78.49071884155273,49.01409442447357,0.13814163208007812,0.0,93d509ed49827ea6,True,0.4096,1.0,2378,True
002379.jpg,002379,.jpg,298513,JPEG,RGB,756,1008,1,,,,,False,756,1008,1754.8213906221915,148.57242838541666,53.878908120088795,0.0379638671875,0.0003255208333333333,8bf8257b0a87d782,True,0.762048,0.75,2379,True
002380.jpg,002380,.jpg,55655,JPEG,RGB,640,640,1,,,,,False,640,640,484.9974130290648,191.67618942260742,59.15785973082438,0.0,0.19403457641601562,82f82f435a87d696,True,0.4096,1.0,2380,True
002381.jpg,002381,.jpg,285874,JPEG,RGB,730,973,1,,,,,False,730,973,2773.2988329182067,109.51974995930989,55.3959088055859,0.012481689453125,1.52587890625e-05,af7ea5d23a812e50,True,0.71029,0.750256937307297,2381,True
002382.jpg,002382,.jpg,74152,JPEG,RGB,640,640,1,,,,,False,640,640,803.5237082839012,160.18439483642578,53.457033844737445,0.0,0.10241317749023438,95ea14c83fc44f56,True,0.4096,1.0,2382,True
002383.jpg,002383,.jpg,344979,JPEG,RGB,965,1290,1,,,,,False,965,1290,259.41008602102,125.21732212793734,35.608640960771396,0.019143684725848563,0.0,ba2e1ff1c08fd860,True,1.24485,0.748062015503876,2383,True
002384.jpg,002384,.jpg,45729,JPEG,RGB,640,640,1,,,,,False,640,640,148.39175259483454,169.7101173400879,44.6161405825702,0.0,0.0,807f5ef1c35e5860,True,0.4096,1.0,2384,True
002385.jpg,002385,.jpg,428128,JPEG,RGB,854,1200,1,,,,,False,854,1200,2939.244560846282,173.90419492616758,47.49966700742286,0.005022321428571429,0.0,d4d575d300f45ee0,True,1.0248,0.7116666666666667,2385,True
002386.jpg,002386,.jpg,64674,JPEG,RGB,640,640,1,,,,,False,640,640,1008.7283592764143,197.8875961303711,52.10657956638379,0.000156402587890625,0.040340423583984375,90d454d341fc7af4,True,0.4096,1.0,2386,True
002387.jpg,002387,.jpg,95863,JPEG,RGB,891,544,1,,,,,False,891,544,108.72674345170226,112.17408396565496,60.23162220945213,0.026819588658146966,0.00029328075079872206,cfc021a8da15f9d3,True,0.484704,1.6378676470588236,2387,True
002388.jpg,002388,.jpg,31101,JPEG,RGB,640,640,1,,,,,False,640,640,46.79073691739177,63.702030181884766,54.79979181039682,0.3214836120605469,0.0,cdc124b8da15fbc2,True,0.4096,1.0,2388,True
002389.jpg,002389,.jpg,128536,JPEG,RGB,940,566,1,,,,,False,940,566,352.12912827383354,98.22377866274351,62.55050567269635,0.043583857548701296,0.0,81543ecf816f4d2b,True,0.53204,1.6607773851590106,2389,True
002390.jpg,002390,.jpg,107468,JPEG,RGB,951,502,1,,,,,False,951,502,897.0759966712396,156.27858796296297,45.33821755981946,0.005085358796296296,0.01482204861111111,ccce13b1d5d61296,True,0.477402,1.8944223107569722,2390,True
002391.jpg,002391,.jpg,42173,JPEG,RGB,640,640,1,,,,,False,640,640,502.7445072973933,136.92443084716797,59.34999810824058,0.10042572021484375,0.00356292724609375,c4af51b155961e93,True,0.4096,1.0,2391,True
002392.jpg,002392,.jpg,166404,JPEG,RGB,898,542,1,,,,,False,898,542,1234.8607960341203,127.6314345671521,37.82227207883427,0.0078125,0.0017761427993527507,c756fc457e026c0d,True,0.486716,1.6568265682656826,2392,True
002393.jpg,002393,.jpg,301203,JPEG,RGB,1256,714,1,,,,,False,1256,714,278.4813008876407,110.20608489046391,39.47358631559302,0.025283236683848798,0.0,da9d1dec54e53520,True,0.896784,1.7591036414565826,2393,True
002394.jpg,002394,.jpg,42445,JPEG,RGB,640,640,1,,,,,False,640,640,115.01734657719499,133.49301528930664,46.91353970728119,0.0,0.000316619873046875,d19a19e55ae568a3,True,0.4096,1.0,2394,True
002395.jpg,002395,.jpg,348288,JPEG,RGB,838,1117,1,,,,,False,838,1117,1912.3479601267934,152.84437561035156,59.44743548597296,0.0247344970703125,0.000152587890625,80d23d813f791f78,True,0.936046,0.7502238137869293,2395,True
002396.jpg,002396,.jpg,368129,JPEG,RGB,1001,1335,1,,,,,False,1001,1335,228.79910786737068,133.4872029622396,48.71810207573901,0.062103271484375,0.0007476806640625,adf625cb14ec328c,True,1.336335,0.749812734082397,2396,True
002397.jpg,002397,.jpg,42113,JPEG,RGB,640,640,1,,,,,False,640,640,120.72744995704852,154.6695671081543,56.80910746442443,0.0,0.020111083984375,84e215cb5f497a4d,True,0.4096,1.0,2397,True
002398.jpg,002398,.jpg,355707,JPEG,RGB,1058,1410,1,,,,,False,1058,1410,376.653165375581,134.7652587890625,49.37972931429536,0.006693522135416667,0.0,8f720bc410f6e96d,True,1.49178,0.750354609929078,2398,True
002399.jpg,002399,.jpg,48492,JPEG,RGB,640,640,1,,,,,False,640,640,156.5104124210775,158.82870483398438,57.74611278057495,0.0,0.046722412109375,8a780f4517e8697b,True,0.4096,1.0,2399,True
002400.jpg,002400,.jpg,334947,JPEG,RGB,958,1277,1,,,,,False,958,1277,950.6764967705434,117.93716430664062,55.059438583953956,0.06334940592447917,2.5431315104166668e-05,a6a12eea835a788f,True,1.223366,0.750195771339076,2400,True
002401.jpg,002401,.jpg,599733,JPEG,RGB,1082,1443,1,,,,,False,1082,1443,1528.4140671398236,106.33493041992188,49.07735149753141,0.029195149739583332,0.0,a4c6efb7a870f090,True,1.561326,0.7498267498267498,2401,True
002402.jpg,002402,.jpg,66350,JPEG,RGB,640,640,1,,,,,False,640,640,462.3185253672855,75.82275009155273,49.147926982381584,0.161529541015625,0.0,808d4dbe2f7075e1,True,0.4096,1.0,2402,True
002403.jpg,002403,.jpg,386706,JPEG,RGB,1010,1346,1,,,,,False,1010,1346,392.19534557185966,110.4448954264323,59.611195627583534,0.0116424560546875,0.0,8bc19ad13d86745e,True,1.35946,0.75037147102526,2403,True
002404.jpg,002404,.jpg,44482,JPEG,RGB,640,640,1,,,,,False,640,640,147.96036738692783,53.734825134277344,53.05911393735252,0.4800987243652344,0.0,85ea83823ec5765d,True,0.4096,1.0,2404,True
002405.jpg,002405,.jpg,376134,JPEG,RGB,981,1308,1,,,,,False,981,1308,1095.715614401399,126.02788798014323,63.92797629845917,0.07280985514322917,0.0072784423828125,8e40d38f7ad05d2b,True,1.283148,0.75,2405,True
002406.jpg,002406,.jpg,50760,JPEG,RGB,640,640,1,,,,,False,640,640,356.68367324676365,137.74286651611328,69.22131215223762,0.07924652099609375,0.03575897216796875,c56a51c76af0e169,True,0.4096,1.0,2406,True
002407.jpg,002407,.jpg,392788,JPEG,RGB,966,1288,1,,,,,False,966,1288,570.0878156671662,121.8573506673177,51.13003205655884,0.033330281575520836,6.612141927083333e-05,8bd428a5df978552,True,1.244208,0.75,2407,True
002408.jpg,002408,.jpg,312770,JPEG,RGB,937,1249,1,,,,,False,937,1249,174.93544216443675,133.11164347330728,65.16359361038373,0.035135904947916664,5.086263020833333e-06,a82e9dc4718e99e9,True,1.170313,0.7502001601281025,2408,True
002409.jpg,002409,.jpg,36336,JPEG,RGB,640,640,1,,,,,False,640,640,125.65349491393135,107.03555679321289,71.81279592096512,0.1502227783203125,0.0,952f53956b864a95,True,0.4096,1.0,2409,True
002410.jpg,002410,.jpg,419690,JPEG,RGB,987,1316,1,,,,,False,987,1316,1119.0580107029266,120.2678731282552,64.57487349799014,0.026173909505208332,0.00015767415364583334,a053fcad24db2f0a,True,1.298892,0.75,2410,True
002411.jpg,002411,.jpg,454983,JPEG,RGB,1386,1039,1,,,,,False,1386,1039,972.5004854297472,126.11524963378906,55.45456141698916,0.047129313151041664,0.0031890869140625,9af542b580edc5a6,True,1.440054,1.3339749759384023,2411,True
002412.jpg,002412,.jpg,334351,JPEG,RGB,825,1114,1,,,,,False,825,1114,867.6107354456352,137.62811778529024,51.88344878585296,0.017047328496042215,0.0021953331134564645,8778aff8027dd02c,True,0.91905,0.7405745062836625,2412,True
002413.jpg,002413,.jpg,476398,JPEG,RGB,975,1300,1,,,,,False,975,1300,3336.242944016405,87.88023376464844,51.61606429380933,0.045155843098958336,0.0,bc52a80bfd23dc92,True,1.2675,0.75,2413,True
002414.jpg,002414,.jpg,457130,JPEG,RGB,1080,1439,1,,,,,False,1080,1439,908.0528910321236,140.34402974446616,40.68626285027228,0.0030314127604166665,0.0002950032552083333,8e5c1a6b2d75d194,True,1.55412,0.7505211952744962,2414,True
002415.jpg,002415,.jpg,55791,JPEG,RGB,640,640,1,,,,,False,640,640,321.50046809896594,112.40498352050781,47.130360805034854,0.0605926513671875,0.0,849c12aa3f7f5991,True,0.4096,1.0,2415,True
002416.jpg,002416,.jpg,431855,JPEG,RGB,1245,934,1,,,,,False,1245,934,799.5434081278896,110.04783630371094,53.2838983516141,0.0237579345703125,0.0009816487630208333,8a939591d86a556f,True,1.16283,1.3329764453961457,2416,True
002417.jpg,002417,.jpg,51518,JPEG,RGB,640,640,1,,,,,False,640,640,208.8620657869469,56.24527359008789,43.83909388159073,0.27153778076171875,0.0,829bd791d84b5467,True,0.4096,1.0,2417,True
002418.jpg,002418,.jpg,471846,JPEG,RGB,1127,1502,1,,,,,False,1127,1502,865.025603063301,119.84963989257812,70.15053455856962,0.10228474934895833,0.0020650227864583335,fc94c79c689e209d,True,1.692754,0.7503328894806924,2418,True
002419.jpg,002419,.jpg,53306,JPEG,RGB,640,640,1,,,,,False,640,640,374.0758089812007,90.25826263427734,68.27911010749841,0.24289703369140625,0.0,f09cc73d4a9e6219,True,0.4096,1.0,2419,True
002420.jpg,002420,.jpg,69280,JPEG,RGB,516,608,1,,,,,False,516,608,59.269484673297335,145.15848150143677,49.93406046546948,0.019261853448275863,0.0013380028735632183,c5d00a482f6b6d6f,True,0.313728,0.8486842105263158,2420,True
002421.jpg,002421,.jpg,26291,JPEG,RGB,640,640,1,,,,,False,640,640,38.41179246432148,166.29909133911133,55.74362655075291,0.0034332275390625,0.00640106201171875,d5c00a5a2f2a7f2d,True,0.4096,1.0,2421,True
002422.jpg,002422,.jpg,251019,JPEG,RGB,695,1154,1,,,,,False,695,1154,842.5048490698573,120.63110034496754,53.65591882538801,0.010368049918831168,0.0,d5959c6a3994c738,True,0.80203,0.6022530329289428,2422,True
002423.jpg,002423,.jpg,49609,JPEG,RGB,640,640,1,,,,,False,640,640,234.67549093042908,63.46029281616211,46.91809512681965,0.2745094299316406,0.0,d595954a3b94866b,True,0.4096,1.0,2423,True
002424.jpg,002424,.jpg,113795,JPEG,RGB,665,886,1,,,,,False,665,886,93.05137089629555,135.83238220214844,59.111839938785934,0.0037027994791666665,0.00011189778645833333,c2dc7ed5f08ec228,True,0.58919,0.7505643340857788,2424,True
002425.jpg,002425,.jpg,32985,JPEG,RGB,640,640,1,,,,,False,640,640,55.702337205410004,84.81698226928711,57.11667404963225,0.21229171752929688,0.0,c27c7fd4f08ec02c,True,0.4096,1.0,2425,True
002426.jpg,002426,.jpg,183547,JPEG,RGB,585,760,1,,,,,False,585,760,2533.6700258560204,97.61540291878173,55.426905125993684,0.023977831535532994,0.005284343274111675,94c4f42b5c25de27,True,0.4446,0.7697368421052632,2426,True
002427.jpg,002427,.jpg,65206,JPEG,RGB,640,640,1,,,,,False,640,640,843.2419297909364,139.8574447631836,54.32042537799346,0.0,0.0270538330078125,80c17c6b5c6b5e2d,True,0.4096,1.0,2427,True
002428.jpg,002428,.jpg,188920,JPEG,RGB,1083,665,1,,,,,False,1083,665,386.90914948435704,112.89055035828025,52.92111365774465,0.009908688296178345,0.0,ffc0fb641015a276,True,0.720195,1.6285714285714286,2428,True
002429.jpg,002429,.jpg,232226,JPEG,RGB,1008,756,1,,,,,False,1008,756,474.409580778641,156.01698303222656,51.303184852297925,0.014912923177083334,1.0172526041666666e-05,a8fb94c13c8b689d,True,0.762048,1.3333333333333333,2429,True
002430.jpg,002430,.jpg,232506,JPEG,RGB,857,1143,1,,,,,False,857,1143,274.3585436679164,96.04453023274739,60.90893941820761,0.06504313151041667,0.035517374674479164,dbd2702dc2eda854,True,0.979551,0.7497812773403325,2430,True
002431.jpg,002431,.jpg,30336,JPEG,RGB,640,640,1,,,,,False,640,640,86.37873980750737,49.5758171081543,46.41403493133226,0.3620643615722656,0.0,9a5f756ac7a42505,True,0.4096,1.0,2431,True
002432.jpg,002432,.jpg,222863,JPEG,RGB,777,991,1,,,,,False,777,991,745.4687328881527,132.66605459008727,49.697995581224816,0.00459788029925187,0.00024840243142144636,864e39d93124277f,True,0.770007,0.7840565085771948,2432,True
002433.jpg,002433,.jpg,38608,JPEG,RGB,640,640,1,,,,,False,640,640,243.83232939097797,112.43568801879883,54.700861431511704,0.07387924194335938,0.0,864e78d979252766,True,0.4096,1.0,2433,True
002434.jpg,002434,.jpg,406212,JPEG,RGB,1004,1285,1,,,,,False,1004,1285,1082.8931604194402,145.6144189453125,57.53420156490576,0.0309033203125,0.0,81562a227df6b9d2,True,1.29014,0.7813229571984436,2434,True
002435.jpg,002435,.jpg,298759,JPEG,RGB,756,1008,1,,,,,False,756,1008,2328.2823888112066,144.06671651204428,66.9843369534419,0.0384979248046875,5.086263020833333e-06,878568857d8a6dd6,True,0.762048,0.75,2435,True
002436.jpg,002436,.jpg,61639,JPEG,RGB,640,640,1,,,,,False,640,640,782.0747273436136,187.52910614013672,65.31235614144286,0.0,0.3430290222167969,874f6807738e7954,True,0.4096,1.0,2436,True
002437.jpg,002437,.jpg,222411,JPEG,RGB,1009,613,1,,,,,False,1009,613,1269.3177079503557,115.33424186093248,40.23825597480181,0.02412203577170418,0.0,80e9354a4627ff8d,True,0.618517,1.6460032626427405,2437,True
002438.jpg,002438,.jpg,59400,JPEG,RGB,640,640,1,,,,,False,640,640,445.1420311017282,162.0991439819336,47.29387267864613,0.0,0.0092926025390625,808a55c24ee57df5,True,0.4096,1.0,2438,True
002439.jpg,002439,.jpg,694429,JPEG,RGB,1131,1507,1,,,,,False,1131,1507,2037.3952081981636,113.99359639485677,56.894942655793365,0.0529632568359375,1.52587890625e-05,d0462f7d613a32ec,True,1.704417,0.7504976775049768,2439,True
002440.jpg,002440,.jpg,75792,JPEG,RGB,640,640,1,,,,,False,640,640,638.700722763082,160.27391052246094,57.89481392362593,0.0,0.08126068115234375,d44a2d6f60bf32b0,True,0.4096,1.0,2440,True
002441.jpg,002441,.jpg,447085,JPEG,RGB,1455,1092,1,,,,,False,1455,1092,561.041365772072,135.05359903971353,62.42179022491927,0.029429117838541668,2.5431315104166668e-05,e668645ed08e7ac5,True,1.58886,1.3324175824175823,2441,True
002442.jpg,002442,.jpg,40532,JPEG,RGB,640,640,1,,,,,False,640,640,213.6670678378432,72.84983444213867,56.55327740025992,0.3224830627441406,0.0,f5a9246eda865a61,True,0.4096,1.0,2442,True
002443.jpg,002443,.jpg,382126,JPEG,RGB,1350,1802,1,,,,,False,1350,1802,296.7821390453932,132.91523234049478,61.350124324482415,0.0520782470703125,0.0003153483072916667,cad629f225c334e3,True,2.4327,0.7491675915649278,2443,True
002444.jpg,002444,.jpg,39396,JPEG,RGB,640,640,1,,,,,False,640,640,129.84460969921201,106.01835250854492,65.2387766545178,0.19162368774414062,0.0,d0d62de935c16627,True,0.4096,1.0,2444,True
002445.jpg,002445,.jpg,419316,JPEG,RGB,1318,925,1,,,,,False,1318,925,565.5675217757699,114.4121583391365,64.40492329379643,0.03294198293871866,0.0002665825208913649,aad4f5a1e5618c96,True,1.21915,1.424864864864865,2445,True
002446.jpg,002446,.jpg,48619,JPEG,RGB,640,640,1,,,,,False,640,640,208.29684984590858,61.425621032714844,59.575078631020475,0.4275245666503906,0.0,8d9af548e371465a,True,0.4096,1.0,2446,True
002447.jpg,002447,.jpg,378057,JPEG,RGB,1071,1429,1,,,,,False,1071,1429,219.6564115078654,123.66412862141927,51.03833759605683,0.0105438232421875,0.0,94a529da65d5e1e1,True,1.530459,0.7494751574527642,2447,True
002448.jpg,002448,.jpg,41966,JPEG,RGB,640,640,1,,,,,False,640,640,89.20035462029045,104.49214172363281,56.0743731021729,0.1018524169921875,0.0,90a9299a7f9d61e1,True,0.4096,1.0,2448,True
002449.jpg,002449,.jpg,520200,JPEG,RGB,1082,1442,1,,,,,False,1082,1442,671.457783259348,114.32802327473958,55.9661447332013,0.051081339518229164,3.5603841145833336e-05,c8ffe185d3209f48,True,1.560244,0.7503467406380028,2449,True
002450.jpg,002450,.jpg,52436,JPEG,RGB,640,640,1,,,,,False,640,640,233.38648742437363,93.18232345581055,61.96997773479641,0.17286300659179688,0.0,d5ef400c52778f94,True,0.4096,1.0,2450,True
002451.jpg,002451,.jpg,317500,JPEG,RGB,938,1251,1,,,,,False,938,1251,338.93512820162704,118.19740804036458,57.85921070972467,0.055048624674479164,0.00016276041666666666,f0364bbf7a88524a,True,1.173438,0.7498001598721024,2451,True
002452.jpg,002452,.jpg,633799,JPEG,RGB,958,1277,1,,,,,False,958,1277,1776.2702199514542,103.23680114746094,49.134835369195066,0.033167521158854164,0.0004069010416666667,b4d92a627f38686a,True,1.223366,0.750195771339076,2452,True
002453.jpg,002453,.jpg,71778,JPEG,RGB,640,640,1,,,,,False,640,640,515.257557666846,128.662353515625,54.33814705004264,0.0,0.020603179931640625,959f41277f184e34,True,0.4096,1.0,2453,True
002454.jpg,002454,.jpg,471977,JPEG,RGB,948,1264,1,,,,,False,948,1264,1935.337433497706,134.3761444091797,60.298754960740354,0.033945719401041664,0.0,90df3f5e80825ea3,True,1.198272,0.75,2454,True
002455.jpg,002455,.jpg,60698,JPEG,RGB,640,640,1,,,,,False,640,640,597.4462863570079,173.13274383544922,64.3119705157643,0.0,0.16796875,909f375642a65697,True,0.4096,1.0,2455,True
002456.jpg,002456,.jpg,556764,JPEG,RGB,1004,1338,1,,,,,False,1004,1338,1284.0350200897083,120.57495625813802,52.68757430256961,0.0038248697916666665,0.0004628499348958333,cb897a728ec55552,True,1.343352,0.750373692077728,2456,True
002457.jpg,002457,.jpg,65680,JPEG,RGB,640,640,1,,,,,False,640,640,417.4927100813802,93.10845184326172,57.54416283118414,0.10681915283203125,0.0,c59d7e3a8d05564a,True,0.4096,1.0,2457,True
002458.jpg,002458,.jpg,376517,JPEG,RGB,851,1135,1,,,,,False,851,1135,1682.5853508843318,115.63209533691406,59.07428488956292,0.0057373046875,0.0,e4a47ada52c9574a,True,0.965885,0.7497797356828194,2458,True
002459.jpg,002459,.jpg,465366,JPEG,RGB,1028,1274,1,,,,,False,1028,1274,1531.5965181528986,125.97775896640435,68.87411392100748,0.05548672064164649,0.00024118492736077481,caedd2c44b6bc05c,True,1.309672,0.8069073783359497,2459,True
002460.jpg,002460,.jpg,60314,JPEG,RGB,640,640,1,,,,,False,640,640,468.31568492925726,81.36377716064453,65.20253267934405,0.26078033447265625,0.0,d4ed62c41f6ae01d,True,0.4096,1.0,2460,True
002461.jpg,002461,.jpg,481168,JPEG,RGB,1067,1422,1,,,,,False,1067,1422,395.151801143152,97.58467102050781,43.19427831467471,0.036783854166666664,0.0,80b83fa1f805d9dd,True,1.517274,0.750351617440225,2461,True
002462.jpg,002462,.jpg,394396,JPEG,RGB,897,1196,1,,,,,False,897,1196,1316.3259887788186,129.35171508789062,54.98797036142501,0.0208892822265625,0.0015767415364583333,be40020f22af9f3f,True,1.072812,0.75,2462,True
002463.jpg,002463,.jpg,57642,JPEG,RGB,640,640,1,,,,,False,640,640,510.55167765110673,157.96334838867188,60.44201971000975,0.0,0.037548065185546875,b4c8408f2ba71f97,True,0.4096,1.0,2463,True
002464.jpg,002464,.jpg,433775,JPEG,RGB,983,1311,1,,,,,False,983,1311,692.3375335875639,131.76859537760416,49.27375367872322,0.013102213541666666,0.0,decb647736c93420,True,1.288713,0.7498093058733791,2464,True
002465.jpg,002465,.jpg,621474,JPEG,RGB,1132,1510,1,,,,,False,1132,1510,1324.1817386973805,126.8885498046875,59.92010018079811,0.050303141276041664,0.0001068115234375,d6d92e31fd020fb0,True,1.70932,0.7496688741721854,2465,True
002466.jpg,002466,.jpg,59529,JPEG,RGB,640,640,1,,,,,False,640,640,419.4459763314662,140.60822677612305,64.34107588420555,0.05960845947265625,0.00901031494140625,d7582e39dd020ff0,True,0.4096,1.0,2466,True
002467.jpg,002467,.jpg,523757,JPEG,RGB,1042,1389,1,,,,,False,1042,1389,1096.7600071823429,124.47190348307292,62.513188826327884,0.0432891845703125,0.0,bdca41ebd0e8c26c,True,1.447338,0.750179985601152,2467,True
002468.jpg,002468,.jpg,59359,JPEG,RGB,640,640,1,,,,,False,640,640,388.7593392981071,176.13893508911133,62.92941068075171,0.0,0.2146148681640625,bdd545fa500f060f,True,0.4096,1.0,2468,True
002469.jpg,002469,.jpg,296612,JPEG,RGB,947,1263,1,,,,,False,947,1263,133.4965953950822,135.7460683186849,52.83234868111714,0.022654215494791668,0.00048828125,8a58369cdd8ff0c2,True,1.196061,0.7498020585906572,2469,True
002470.jpg,002470,.jpg,37850,JPEG,RGB,640,640,1,,,,,False,640,640,95.22131042437104,168.6774787902832,58.45957667829092,0.0,0.10023117065429688,914a179d99c756d2,True,0.4096,1.0,2470,True
002471.jpg,002471,.jpg,440292,JPEG,RGB,944,1259,1,,,,,False,944,1259,499.90355255866115,113.26252746582031,43.78152653179608,0.014155069986979166,9.1552734375e-05,9c097a736fa0ab52,True,1.188496,0.749801429706116,2471,True
002472.jpg,002472,.jpg,55038,JPEG,RGB,640,640,1,,,,,False,640,640,173.96113014873117,100.59255981445312,50.683953896264626,0.09453201293945312,0.0,801f71375ad12faa,True,0.4096,1.0,2472,True
002473.jpg,002473,.jpg,1295799,JPEG,RGB,1536,2048,1,,,,,False,1536,2048,822.3750471571046,129.991455078125,41.432506393924776,0.011082967122395834,0.0038248697916666665,afd41ca1e6e07592,True,3.145728,0.75,2473,True
002474.jpg,002474,.jpg,62758,JPEG,RGB,640,640,1,,,,,False,640,640,352.45721654720546,150.98489379882812,47.65932119728303,4.9591064453125e-05,0.01241302490234375,a5ca1ca162e570f7,True,0.4096,1.0,2474,True
002475.jpg,002475,.jpg,558445,JPEG,RGB,1066,1422,1,,,,,False,1066,1422,975.6222150574127,142.69786071777344,38.27569920296958,0.0017293294270833333,0.0003865559895833333,8af1e51e9d34d960,True,1.515852,0.749648382559775,2475,True
002476.jpg,002476,.jpg,56828,JPEG,RGB,640,640,1,,,,,False,640,640,333.55486196767015,111.17953872680664,47.92656880587752,0.08011627197265625,0.0,80ff67541e6d5069,True,0.4096,1.0,2476,True
002477.jpg,002477,.jpg,372386,JPEG,RGB,1440,1080,1,,,,,False,1440,1080,186.3718477783259,126.5496317545573,59.63342932289515,0.0813446044921875,5.086263020833333e-06,b0c4d9abfe3711c0,True,1.5552,1.3333333333333333,2477,True
002478.jpg,002478,.jpg,28541,JPEG,RGB,640,640,1,,,,,False,640,640,86.94124786600878,106.91898345947266,62.099146273812586,0.17557144165039062,0.0,90c459abee3735c1,True,0.4096,1.0,2478,True
002479.jpg,002479,.jpg,160879,JPEG,RGB,784,1046,1,,,,,False,784,1046,176.3848662736515,115.91492716471355,56.86074805121787,0.07814534505208333,0.00146484375,a3ae639c899cc732,True,0.820064,0.7495219885277247,2479,True
002480.jpg,002480,.jpg,34766,JPEG,RGB,640,640,1,,,,,False,640,640,107.8306334529625,104.84481048583984,59.80680906449859,0.1547698974609375,0.000762939453125,d1b7739c0d1e423a,True,0.4096,1.0,2480,True
002481.jpg,002481,.jpg,345949,JPEG,RGB,873,1096,1,,,,,False,873,1096,635.3793893058178,124.36400888480392,46.97222620935079,0.004456763174019608,0.0014073988970588235,8863351b53276b6e,True,0.956808,0.7965328467153284,2481,True
002482.jpg,002482,.jpg,54069,JPEG,RGB,640,640,1,,,,,False,640,640,219.11333359497075,87.28671646118164,50.82923743391225,0.18378067016601562,0.0,956a160d7a270db7,True,0.4096,1.0,2482,True
002483.jpg,002483,.jpg,135456,JPEG,RGB,673,770,1,,,,,False,673,770,424.317526393532,145.52787126813615,37.8454041307186,0.0213623046875,2.1798270089285715e-05,87f8789f87f09520,True,0.51821,0.874025974025974,2483,True
002484.jpg,002484,.jpg,29977,JPEG,RGB,640,640,1,,,,,False,640,640,146.75855702474655,179.79707717895508,51.28519569185338,0.0,0.019947052001953125,857860574f705f69,True,0.4096,1.0,2484,True
002485.jpg,002485,.jpg,433056,JPEG,RGB,1016,1355,1,,,,,False,1016,1355,671.5169511101883,118.82893371582031,57.573819286147156,0.022099812825520832,0.0006663004557291666,c5719a8027e92efc,True,1.37668,0.7498154981549815,2485,True
002486.jpg,002486,.jpg,50171,JPEG,RGB,640,640,1,,,,,False,640,640,250.91696551977657,126.12563705444336,62.30354234423495,0.061428070068359375,0.000774383544921875,c17f588275a52e96,True,0.4096,1.0,2486,True
002487.jpg,002487,.jpg,328466,JPEG,RGB,981,1244,1,,,,,False,981,1244,626.5472627296108,124.28003171410892,59.14611046564027,0.024157835705445545,0.00025622679455445546,d2283d963e9496e6,True,1.220364,0.7885852090032154,2487,True
002488.jpg,002488,.jpg,44383,JPEG,RGB,640,640,1,,,,,False,640,640,227.5809098424943,78.92419052124023,57.67705167464541,0.25507354736328125,0.0,d26034963ddc4a6f,True,0.4096,1.0,2488,True
002489.jpg,002489,.jpg,376097,JPEG,RGB,886,1181,1,,,,,False,886,1181,765.8751490310664,107.41939290364583,58.144296268259815,0.0042724609375,8.138020833333333e-05,ba600dad2a91a5bf,True,1.046366,0.7502116850127011,2489,True
002490.jpg,002490,.jpg,58164,JPEG,RGB,640,640,1,,,,,False,640,640,267.1567822562065,118.36372375488281,61.39437758171229,0.0919647216796875,0.00392913818359375,905f55b56d8252b5,True,0.4096,1.0,2490,True
002491.jpg,002491,.jpg,339038,JPEG,RGB,910,1235,1,,,,,False,910,1235,375.2603839150696,131.2235058852785,39.22307893042534,0.0018028846153846155,0.00014505968169761273,f95138f1ed52a84c,True,1.12385,0.7368421052631579,2491,True
002492.jpg,002492,.jpg,43356,JPEG,RGB,640,640,1,,,,,False,640,640,146.92586698936066,146.86098861694336,50.32465625257779,9.5367431640625e-05,0.003414154052734375,d54201f0667b0d7f,True,0.4096,1.0,2492,True
002493.jpg,002493,.jpg,472101,JPEG,RGB,1096,1462,1,,,,,False,1096,1462,411.97542054940845,119.02663675944011,66.38500730635458,0.08943684895833333,0.0007781982421875,f8afc0d20d706f38,True,1.602352,0.7496580027359782,2493,True
002494.jpg,002494,.jpg,46440,JPEG,RGB,640,640,1,,,,,False,640,640,192.6730395078048,164.3151741027832,66.40703770788711,0.0,0.13199234008789062,d1afc19619623f29,True,0.4096,1.0,2494,True
002495.jpg,002495,.jpg,436843,JPEG,RGB,1055,1406,1,,,,,False,1055,1406,429.20327986525893,134.6439971923828,50.35898167150402,0.032857259114583336,0.00014750162760416666,fbc0412f51266a77,True,1.48333,0.7503556187766715,2495,True
002496.jpg,002496,.jpg,47590,JPEG,RGB,640,640,1,,,,,False,640,640,174.80990012302937,87.25076293945312,49.19251594405601,0.15729522705078125,0.0,b8c5412f532e7b45,True,0.4096,1.0,2496,True
002497.jpg,002497,.jpg,402564,JPEG,RGB,981,1308,1,,,,,False,981,1308,1347.7436833335862,113.21029663085938,50.86288545730122,0.010793050130208334,3.0517578125e-05,f8467c4b4d49a393,True,1.283148,0.75,2497,True
002498.jpg,002498,.jpg,451066,JPEG,RGB,1303,977,1,,,,,False,1303,977,1040.6855723050473,116.82461547851562,57.39851895285463,0.050364176432291664,0.0,f253c21b1a9bb89a,True,1.273031,1.3336745138178097,2498,True
002499.jpg,002499,.jpg,58937,JPEG,RGB,640,640,1,,,,,False,640,640,341.99028000723047,96.60324478149414,61.12096941493678,0.16082763671875,0.0,c257431a1b3d3d5c,True,0.4096,1.0,2499,True
002500.jpg,002500,.jpg,531968,JPEG,RGB,1384,1038,1,,,,,False,1384,1038,925.565531636045,138.45182291666666,41.624700606920605,0.022125244140625,5.086263020833333e-06,beee436f40706e41,True,1.436592,1.3333333333333333,2500,True
002501.jpg,002501,.jpg,59856,JPEG,RGB,640,640,1,,,,,False,640,640,299.57939229905605,83.12720489501953,40.48272347067524,0.12611770629882812,0.0,a0ee476f41716c63,True,0.4096,1.0,2501,True
002502.jpg,002502,.jpg,713111,JPEG,RGB,1077,1436,1,,,,,False,1077,1436,2376.2193449145548,104.9801534016927,51.01122736590011,0.036046346028645836,0.0010426839192708333,a1791ec294d85dcd,True,1.546572,0.75,2502,True
002503.jpg,002503,.jpg,76451,JPEG,RGB,640,640,1,,,,,False,640,640,857.8178612104966,125.68788146972656,54.310184212951626,0.0001220703125,0.021167755126953125,c1681cf612df59c9,True,0.4096,1.0,2503,True
002504.jpg,002504,.jpg,560607,JPEG,RGB,1017,1356,1,,,,,False,1017,1356,2106.135106618102,115.07060241699219,57.22285232959457,0.036310831705729164,0.0005747477213541666,ff46281eaeb2cc90,True,1.379052,0.75,2504,True
002505.jpg,002505,.jpg,59283,JPEG,RGB,640,640,1,,,,,False,640,640,595.9517135617789,82.91105651855469,58.76328975254019,0.24321365356445312,0.0,e07f031c27a7c837,True,0.4096,1.0,2505,True
002506.jpg,002506,.jpg,331480,JPEG,RGB,899,1198,1,,,,,False,899,1198,563.1657347068345,125.61727396647136,45.43781331911107,0.0092620849609375,0.0,8f787a687a26a2e2,True,1.077002,0.7504173622704507,2506,True
002507.jpg,002507,.jpg,45548,JPEG,RGB,640,640,1,,,,,False,640,640,240.47162277261668,168.21855545043945,48.586791702127776,0.0,0.0021514892578125,85fc74605a1770f3,True,0.4096,1.0,2507,True
002508.jpg,002508,.jpg,501328,JPEG,RGB,1487,1115,1,,,,,False,1487,1115,358.083298898302,125.84973653157552,45.860036560387414,0.018732706705729168,0.0004374186197916667,875e873a60f5f130,True,1.658005,1.3336322869955157,2508,True
002509.jpg,002509,.jpg,38176,JPEG,RGB,640,640,1,,,,,False,640,640,123.92288572013786,63.13383102416992,42.07697299069823,0.22290802001953125,0.0,c53ec33b68d5d430,True,0.4096,1.0,2509,True
002510.jpg,002510,.jpg,435560,JPEG,RGB,946,1261,1,,,,,False,946,1261,1075.8052616733796,94.32177225748698,37.23368875817192,0.025578816731770832,0.00023396809895833334,a2dd68374772ec06,True,1.192906,0.7501982553528945,2510,True
002511.jpg,002511,.jpg,46703,JPEG,RGB,640,640,1,,,,,False,640,640,299.48354301227664,41.53730773925781,32.28031106890616,0.20925140380859375,0.0,d7dd4c3601974f03,True,0.4096,1.0,2511,True
002512.jpg,002512,.jpg,384850,JPEG,RGB,953,1242,1,,,,,False,953,1242,557.2226197107678,124.7329536418575,50.35951707885641,0.0462885655216285,0.002315919211195929,bf4cb7c000c39ae7,True,1.183626,0.7673107890499195,2512,True
002513.jpg,002513,.jpg,44515,JPEG,RGB,640,640,1,,,,,False,640,640,188.61888200690737,65.43127822875977,46.360176039999665,0.25139617919921875,0.0,95ea95e46091ca9f,True,0.4096,1.0,2513,True
002514.jpg,002514,.jpg,621543,JPEG,RGB,1062,1416,1,,,,,False,1062,1416,2977.221526541642,98.49073791503906,51.31630654610769,0.053426106770833336,0.000823974609375,aac1379aa8eb156c,True,1.503792,0.75,2514,True
002515.jpg,002515,.jpg,66954,JPEG,RGB,640,640,1,,,,,False,640,640,825.0164394801832,43.109676361083984,42.75792927047445,0.4672050476074219,0.0,a0cb2595abab9da4,True,0.4096,1.0,2515,True
002516.jpg,002516,.jpg,486816,JPEG,RGB,1105,1474,1,,,,,False,1105,1474,270.985394726171,138.75611368815103,46.58808467892006,0.0154876708984375,0.0,da5025b5313f354b,True,1.62877,0.7496607869742198,2516,True
002517.jpg,002517,.jpg,40163,JPEG,RGB,640,640,1,,,,,False,640,640,119.21126505522989,115.25178146362305,54.32253281294038,0.1110076904296875,0.0,d54225b570bd72e1,True,0.4096,1.0,2517,True
002518.jpg,002518,.jpg,406588,JPEG,RGB,1036,1381,1,,,,,False,1036,1381,1607.4440895910896,157.87694803873697,63.288849450611856,0.0660858154296875,0.0,94d40bd62e892f9e,True,1.430716,0.7501810282404056,2518,True
002519.jpg,002519,.jpg,47554,JPEG,RGB,640,640,1,,,,,False,640,640,492.0735115205025,150.33396530151367,69.30010537968637,0.10972976684570312,0.0,d4c00dfa2aca2f5e,True,0.4096,1.0,2519,True
002520.jpg,002520,.jpg,319324,JPEG,RGB,815,1109,1,,,,,False,815,1109,695.6337834859177,126.17369826296543,53.72717174647491,0.022736245013297872,0.0,d6050a7a4e72e97a,True,0.903835,0.7348963029756538,2520,True
002521.jpg,002521,.jpg,51699,JPEG,RGB,640,640,1,,,,,False,640,640,278.4122155803343,176.1185760498047,57.17535605583089,0.0,0.09838104248046875,90ed0a724f35e972,True,0.4096,1.0,2521,True
002522.jpg,002522,.jpg,438841,JPEG,RGB,1040,1387,1,,,,,False,1040,1387,546.3587576763239,139.1408894856771,48.5496111712482,0.004450480143229167,9.663899739583333e-05,c2942c7f2f9b6419,True,1.44248,0.7498197548666186,2522,True
002523.jpg,002523,.jpg,44323,JPEG,RGB,640,640,1,,,,,False,640,640,207.78396166789753,168.94062423706055,53.92349796303382,0.0,0.08395004272460938,c7b42c2f2e8b6619,True,0.4096,1.0,2523,True
002524.jpg,002524,.jpg,471246,JPEG,RGB,1105,1473,1,,,,,False,1105,1473,447.45878950589236,136.21890767415366,58.01458256266355,0.06902058919270833,0.0,95567b5e288a555c,True,1.627665,0.7501697216564833,2524,True
002525.jpg,002525,.jpg,41470,JPEG,RGB,640,640,1,,,,,False,640,640,159.86162903880177,154.5695343017578,67.02022226042187,0.0,0.02127838134765625,d462727b2d492da9,True,0.4096,1.0,2525,True
002526.jpg,002526,.jpg,314070,JPEG,RGB,972,1296,1,,,,,False,972,1296,156.6337242448289,127.03140258789062,54.82658235466239,0.036651611328125,0.0,a195387d63856bc6,True,1.259712,0.75,2526,True
002527.jpg,002527,.jpg,32240,JPEG,RGB,640,640,1,,,,,False,640,640,94.2509059025324,175.2355728149414,54.03431404163319,0.0,0.0134124755859375,f194343c63b475c6,True,0.4096,1.0,2527,True
002528.jpg,002528,.jpg,511408,JPEG,RGB,994,1326,1,,,,,False,994,1326,1557.0109302268054,136.70624287923178,60.861840511605074,0.044764200846354164,0.0,d3562e697ed26860,True,1.318044,0.7496229260935143,2528,True
002529.jpg,002529,.jpg,55724,JPEG,RGB,640,640,1,,,,,False,640,640,428.38567830574175,184.03082656860352,64.10027581363853,0.0,0.251068115234375,c0742a4b7f6369f0,True,0.4096,1.0,2529,True
002530.jpg,002530,.jpg,592387,JPEG,RGB,1109,1478,1,,,,,False,1109,1478,1357.0535226079066,130.45274861653647,61.325377751408794,0.069610595703125,0.0,c0470fef3ce032f4,True,1.639102,0.7503382949932341,2530,True
002531.jpg,002531,.jpg,58522,JPEG,RGB,640,640,1,,,,,False,640,640,466.036503839714,134.6750946044922,63.88705465430331,0.07886123657226562,5.7220458984375e-05,c00f0fcf3f802bf2,True,0.4096,1.0,2531,True
002532.jpg,002532,.jpg,345077,JPEG,RGB,923,1231,1,,,,,False,923,1231,588.4904031204836,123.02006022135417,64.39442098088288,0.09601338704427083,1.52587890625e-05,99c827c1262fb637,True,1.136213,0.7497969130787977,2532,True
002533.jpg,002533,.jpg,39299,JPEG,RGB,640,640,1,,,,,False,640,640,170.8537643784075,167.712646484375,64.59518725517619,0.0,0.14642715454101562,ddea304527075e6c,True,0.4096,1.0,2533,True
002534.jpg,002534,.jpg,439169,JPEG,RGB,1006,1341,1,,,,,False,1006,1341,648.4285499188636,125.8231709798177,53.38256183752157,0.049830118815104164,3.0517578125e-05,8a427e7600df8f6c,True,1.349046,0.750186428038777,2534,True
002535.jpg,002535,.jpg,51676,JPEG,RGB,640,640,1,,,,,False,640,640,238.16696880734526,109.05241394042969,59.6553895493992,0.13727951049804688,0.0,88421dfe11cb4d7e,True,0.4096,1.0,2535,True
002536.jpg,002536,.jpg,672557,JPEG,RGB,1113,1484,1,,,,,False,1113,1484,2342.498192305263,147.29586791992188,53.932388333996364,0.026936848958333332,0.00017293294270833334,d25c2b296b292f6a,True,1.651692,0.75,2536,True
002537.jpg,002537,.jpg,64614,JPEG,RGB,640,640,1,,,,,False,640,640,611.3947151079192,176.44765090942383,57.326566165650355,0.0,0.012981414794921875,d25469696b686e6a,True,0.4096,1.0,2537,True
002538.jpg,002538,.jpg,626440,JPEG,RGB,1059,1412,1,,,,,False,1059,1412,2358.0252389559887,131.55611673990884,45.23597991090049,0.010655721028645834,4.0690104166666664e-05,87dd3881232fc717,True,1.495308,0.75,2538,True
002539.jpg,002539,.jpg,62172,JPEG,RGB,640,640,1,,,,,False,640,640,627.4974286556244,187.38337326049805,50.61047472777664,0.0,0.10443115234375,81dd3881233fc7a7,True,0.4096,1.0,2539,True
002540.jpg,002540,.jpg,639852,JPEG,RGB,1103,1471,1,,,,,False,1103,1471,3056.766672733524,129.57062784830728,60.137697831802036,0.024190266927083332,5.086263020833333e-06,f1d30e69680eee0d,True,1.622513,0.7498300475866757,2540,True
002541.jpg,002541,.jpg,58183,JPEG,RGB,640,640,1,,,,,False,640,640,1188.5248444455065,174.43284606933594,59.415417017909554,0.0,0.24417877197265625,f1f30e686a0e9d1c,True,0.4096,1.0,2541,True
002542.jpg,002542,.jpg,512759,JPEG,RGB,1075,1433,1,,,,,False,1075,1433,654.7760416119257,122.84728495279948,58.91752436396565,0.06103515625,0.000152587890625,d5446a2d3db635c2,True,1.540475,0.7501744591765527,2542,True
002543.jpg,002543,.jpg,49138,JPEG,RGB,640,640,1,,,,,False,640,640,220.4508950849995,95.23592758178711,62.630846236822144,0.20575332641601562,0.0,d5420a273df435da,True,0.4096,1.0,2543,True
002544.jpg,002544,.jpg,678215,JPEG,RGB,947,1263,1,,,,,False,947,1263,2099.7599222713616,114.00693257649739,53.72799518678573,0.08501180013020833,0.00115966796875,90774c0950366f7f,True,1.196061,0.7498020585906572,2544,True
002545.jpg,002545,.jpg,82229,JPEG,RGB,640,640,1,,,,,False,640,640,570.2898795520887,132.27545166015625,57.042480105086305,0.0042266845703125,0.013584136962890625,803f458951367f3e,True,0.4096,1.0,2545,True
002546.jpg,002546,.jpg,618062,JPEG,RGB,981,1309,1,,,,,False,981,1309,3391.7536564432085,119.86887105305989,54.09874430294413,0.021143595377604168,0.0,bfcd30c87a7da810,True,1.284129,0.7494270435446906,2546,True
002547.jpg,002547,.jpg,70235,JPEG,RGB,640,640,1,,,,,False,640,640,1001.1851753200754,142.6584243774414,58.69435843746465,0.0,0.0240325927734375,d7cb10857a3f48a9,True,0.4096,1.0,2547,True
002548.jpg,002548,.jpg,1208361,JPEG,RGB,2048,1536,1,,,,,False,2048,1536,896.089840322319,129.9788614908854,52.586951636732394,0.024424235026041668,6.103515625e-05,da032c47843fded2,True,3.145728,1.3333333333333333,2548,True
002549.jpg,002549,.jpg,54655,JPEG,RGB,640,640,1,,,,,False,640,640,384.4128388403333,149.17504501342773,58.11710626335533,0.003997802734375,0.0153045654296875,d0831c5f857f1fc0,True,0.4096,1.0,2549,True
002550.jpg,002550,.jpg,369138,JPEG,RGB,940,1253,1,,,,,False,940,1253,518.3364157310119,121.02817789713542,53.64000647340006,0.058344523111979164,2.0345052083333332e-05,92152bbe7186cf46,True,1.17782,0.7501995211492418,2550,True
002551.jpg,002551,.jpg,44430,JPEG,RGB,640,640,1,,,,,False,640,640,179.2180195711553,84.80966186523438,51.47161464030063,0.16483306884765625,0.0,92112bfc7084cf5f,True,0.4096,1.0,2551,True
002552.jpg,002552,.jpg,380042,JPEG,RGB,903,1202,1,,,,,False,903,1202,1117.44669083792,119.59118810876623,55.14403921868796,0.0034293831168831167,0.0,c2c07d7d743c37a0,True,1.085406,0.7512479201331115,2552,True
002553.jpg,002553,.jpg,54341,JPEG,RGB,640,640,1,,,,,False,640,640,344.2303791644372,125.83829879760742,62.005539881874085,0.08362960815429688,0.000396728515625,c0dd7d3f123e0319,True,0.4096,1.0,2553,True
002554.jpg,002554,.jpg,382443,JPEG,RGB,980,1307,1,,,,,False,980,1307,807.9396111232278,128.0287068684896,42.750390241209814,0.0014088948567708333,3.5603841145833336e-05,90c22ff5616fd541,True,1.28086,0.7498087222647284,2554,True
002555.jpg,002555,.jpg,46830,JPEG,RGB,640,640,1,,,,,False,640,640,251.32916230423143,159.43080139160156,48.19964417833723,0.0,0.03864288330078125,d56a2ff5606f5240,True,0.4096,1.0,2555,True
002556.jpg,002556,.jpg,582750,JPEG,RGB,1099,1465,1,,,,,False,1099,1465,631.2694809817606,114.58516947428386,48.3878349126213,0.012827555338541666,0.00016276041666666666,974202df96960bcf,True,1.610035,0.7501706484641638,2556,True
002557.jpg,002557,.jpg,55317,JPEG,RGB,640,640,1,,,,,False,640,640,210.2827292932052,151.7925567626953,51.93557545597184,0.0,0.022304534912109375,905703df560b5b4d,True,0.4096,1.0,2557,True
002558.jpg,002558,.jpg,340861,JPEG,RGB,878,1171,1,,,,,False,878,1171,1301.8040456025756,137.00823465983072,52.324254846133,0.032811482747395836,5.086263020833333e-06,81c13bc2226b777b,True,1.028138,0.7497865072587532,2558,True
002559.jpg,002559,.jpg,62099,JPEG,RGB,640,640,1,,,,,False,640,640,412.32738408596197,92.53461456298828,53.080658407269375,0.16552352905273438,0.0,85c20f6e6027377b,True,0.4096,1.0,2559,True
002560.jpg,002560,.jpg,552792,JPEG,RGB,1052,1403,1,,,,,False,1052,1403,2243.2166249820084,139.63951110839844,57.76493535969393,0.043599446614583336,0.0002950032552083333,859566d76f945087,True,1.475956,0.7498218104062723,2560,True
002561.jpg,002561,.jpg,64344,JPEG,RGB,640,640,1,,,,,False,640,640,663.3965525270905,127.98022842407227,65.31719540666569,0.13480758666992188,3.814697265625e-06,d503224a6fde6a6a,True,0.4096,1.0,2561,True
002562.jpg,002562,.jpg,565145,JPEG,RGB,1033,1377,1,,,,,False,1033,1377,1390.8949599736889,135.23014322916666,54.4076071524949,0.033289591471354164,7.120768229166667e-05,d6da39802ab92f1b,True,1.422441,0.7501815541031227,2562,True
002563.jpg,002563,.jpg,64838,JPEG,RGB,640,640,1,,,,,False,640,640,427.49425261501165,107.3375015258789,58.03855475790669,0.12908935546875,0.0,d0df29952d8b2f12,True,0.4096,1.0,2563,True
002564.jpg,002564,.jpg,700010,JPEG,RGB,1085,1447,1,,,,,False,1085,1447,2971.651159969857,120.75111897786458,54.87593279434958,0.0448455810546875,3.5603841145833336e-05,95552b3b236b3c68,True,1.569995,0.7498272287491361,2564,True
002565.jpg,002565,.jpg,74156,JPEG,RGB,640,640,1,,,,,False,640,640,852.5633490575565,94.11268997192383,55.74066638308458,0.1600341796875,0.0,d5624a6a623f9e68,True,0.4096,1.0,2565,True
002566.jpg,002566,.jpg,432880,JPEG,RGB,1013,1351,1,,,,,False,1013,1351,1000.5894871899444,111.53458150227864,58.8958669079291,0.08458964029947917,0.0008697509765625,e82a3b06de9e1457,True,1.368563,0.7498149518874907,2566,True
002567.jpg,002567,.jpg,45195,JPEG,RGB,640,640,1,,,,,False,640,640,275.99480801237223,150.81803131103516,60.39796493492165,0.0,0.06672286987304688,e06a105714dd1dfd,True,0.4096,1.0,2567,True
002568.jpg,002568,.jpg,320245,JPEG,RGB,916,1221,1,,,,,False,916,1221,209.4013232588768,112.70308939615886,52.510637487797666,0.08100382486979167,0.00013224283854166666,93253c61c3796f70,True,1.118436,0.7502047502047502,2568,True
002569.jpg,002569,.jpg,36908,JPEG,RGB,640,640,1,,,,,False,640,640,79.32014268264174,152.7274513244629,58.46797419315505,0.0,0.04683685302734375,802d3ce20f9b6bf2,True,0.4096,1.0,2569,True
002570.jpg,002570,.jpg,509797,JPEG,RGB,1473,1105,1,,,,,False,1473,1105,792.2782913731771,125.62223815917969,58.603967002038864,0.039825439453125,0.0002593994140625,cf18685235cff330,True,1.627665,1.3330316742081447,2570,True
002571.jpg,002571,.jpg,50944,JPEG,RGB,640,640,1,,,,,False,640,640,280.04072063951753,130.38369369506836,65.2999301021216,0.07631683349609375,0.007389068603515625,c59a605a14c70ff7,True,0.4096,1.0,2571,True
002572.jpg,002572,.jpg,579377,JPEG,RGB,1098,1464,1,,,,,False,1098,1464,1516.5018306308327,118.68443806966145,62.35659189817144,0.07660929361979167,0.00262451171875,827529df0fd204f5,True,1.607472,0.75,2572,True
002573.jpg,002573,.jpg,63877,JPEG,RGB,640,640,1,,,,,False,640,640,435.9587891652336,140.82962799072266,66.11081290528499,3.814697265625e-06,0.08198165893554688,82f579cf4b8056b8,True,0.4096,1.0,2573,True
002574.jpg,002574,.jpg,558726,JPEG,RGB,978,1304,1,,,,,False,978,1304,2230.172165352438,135.5412851969401,58.55148253647136,0.01483154296875,0.0005035400390625,a95597c239c2376a,True,1.275312,0.75,2574,True
002575.jpg,002575,.jpg,71814,JPEG,RGB,640,640,1,,,,,False,640,640,714.4306769817485,136.00069427490234,60.409220279537244,0.038082122802734375,0.0030517578125,a855d7d229ce316a,True,0.4096,1.0,2575,True
002576.jpg,002576,.jpg,597095,JPEG,RGB,1093,1458,1,,,,,False,1093,1458,1233.9411158615258,133.19043477376303,61.26318719528457,0.0086822509765625,0.00017293294270833334,817e6b84629b38cf,True,1.593594,0.7496570644718793,2576,True
002577.jpg,002577,.jpg,56141,JPEG,RGB,640,640,1,,,,,False,640,640,373.2737709902576,170.59895706176758,65.51391316799746,0.0,0.17023468017578125,803e6b876e823ee9,True,0.4096,1.0,2577,True
002578.jpg,002578,.jpg,504760,JPEG,RGB,991,1322,1,,,,,False,991,1322,1230.6782173462368,136.26476033528647,59.59001117973597,0.031346638997395836,9.663899739583333e-05,8fd528a23fa117d4,True,1.310102,0.7496217851739788,2578,True
002579.jpg,002579,.jpg,55434,JPEG,RGB,640,640,1,,,,,False,640,640,403.47090885735815,99.17300796508789,64.59025116367292,0.1717987060546875,0.0,d5ca3ca02ab503f7,True,0.4096,1.0,2579,True
002580.jpg,002580,.jpg,270043,JPEG,RGB,719,1015,1,,,,,False,719,1015,1821.857798457147,136.25188317837467,60.88839682751824,0.02089251893939394,0.002787103994490358,8fd47d09357c842d,True,0.729785,0.7083743842364532,2580,True
002581.jpg,002581,.jpg,62334,JPEG,RGB,640,640,1,,,,,False,640,640,575.1470695793978,92.2064323425293,63.325020727184594,0.22563934326171875,0.0,83d7781f347e052a,True,0.4096,1.0,2581,True
002582.jpg,002582,.jpg,476774,JPEG,RGB,1126,1501,1,,,,,False,1126,1501,489.265488455279,126.45440673828125,63.13482880781198,0.07567342122395833,0.0011698404947916667,8f72a1cb6978614b,True,1.690126,0.7501665556295802,2582,True
002583.jpg,002583,.jpg,44296,JPEG,RGB,640,640,1,,,,,False,640,640,176.9196557575924,154.51203536987305,68.2287685928362,0.0,0.14686203002929688,907713cb59284f5b,True,0.4096,1.0,2583,True
002584.jpg,002584,.jpg,167321,JPEG,RGB,676,903,1,,,,,False,676,903,577.4140262714152,140.00924547160574,51.997045625139705,0.0036410737597911227,0.00019888218015665795,d217779680739ab4,True,0.610428,0.7486157253599114,2584,True
002585.jpg,002585,.jpg,44196,JPEG,RGB,640,640,1,,,,,False,640,640,213.8582674227655,150.75138092041016,58.31539496036481,0.041683197021484375,0.02292633056640625,d10f7796807a9d34,True,0.4096,1.0,2585,True
002586.jpg,002586,.jpg,358721,JPEG,RGB,833,1109,1,,,,,False,833,1109,2064.5020799141357,109.66409293831168,48.15959807155206,0.015569196428571429,0.0,fff08a37b0d220ca,True,0.923797,0.7511271415689811,2586,True
002587.jpg,002587,.jpg,61233,JPEG,RGB,640,640,1,,,,,False,640,640,649.3966779968323,80.17612838745117,48.25370280140438,0.0894012451171875,0.0,daf081175dd322cb,True,0.4096,1.0,2587,True
002588.jpg,002588,.jpg,439431,JPEG,RGB,1053,1405,1,,,,,False,1053,1405,968.6138250361869,130.17135111490884,70.27828472896043,0.13329569498697916,0.0005645751953125,8ddd03c915eb3127,True,1.479465,0.7494661921708186,2588,True
002589.jpg,002589,.jpg,48460,JPEG,RGB,640,640,1,,,,,False,640,640,414.3053161350399,71.48910522460938,57.51395654505068,0.3187980651855469,0.0,cdd803c9526b6a37,True,0.4096,1.0,2589,True
002590.jpg,002590,.jpg,512463,JPEG,RGB,1038,1385,1,,,,,False,1038,1385,1355.303296878287,119.68618774414062,66.52836735850546,0.10356648763020833,0.00015767415364583334,bc5926f26272728b,True,1.43763,0.7494584837545126,2590,True
002591.jpg,002591,.jpg,53334,JPEG,RGB,640,640,1,,,,,False,640,640,460.8298745674547,129.53777313232422,68.38547286340862,0.078460693359375,0.012607574462890625,b8df36a067f05298,True,0.4096,1.0,2591,True
002592.jpg,002592,.jpg,491547,JPEG,RGB,1016,1355,1,,,,,False,1016,1355,1337.8513811027838,127.66324361165364,68.52220052808728,0.08629862467447917,0.0010477701822916667,ad702023838fafbd,True,1.37668,0.7498154981549815,2592,True
002593.jpg,002593,.jpg,53682,JPEG,RGB,640,640,1,,,,,False,640,640,373.3770865811821,162.9476089477539,70.72656947016429,0.0,0.16961288452148438,887524438f8f2f7c,True,0.4096,1.0,2593,True
002594.jpg,002594,.jpg,469349,JPEG,RGB,1017,1356,1,,,,,False,1017,1356,1643.567402080943,135.97402954101562,62.58267982550788,0.06580607096354167,5.0862630208333336e-05,9ad021c67947639f,True,1.379052,0.75,2594,True
002595.jpg,002595,.jpg,54316,JPEG,RGB,640,640,1,,,,,False,640,640,555.5003185801761,128.25751876831055,67.39678276489776,0.11855697631835938,3.0517578125e-05,9c51252e3b66730f,True,0.4096,1.0,2595,True
002596.jpg,002596,.jpg,419435,JPEG,RGB,941,1255,1,,,,,False,941,1255,1279.8838196794193,126.29550679524739,63.99584050771053,0.088409423828125,0.0,9e4025f775d62ac2,True,1.180955,0.749800796812749,2596,True
002597.jpg,002597,.jpg,54876,JPEG,RGB,640,640,1,,,,,False,640,640,395.101488273227,107.2035140991211,66.94578256016217,0.18915176391601562,0.0,9d60256776d616d2,True,0.4096,1.0,2597,True
002598.jpg,002598,.jpg,458989,JPEG,RGB,1008,1344,1,,,,,False,1008,1344,1211.3501178407005,115.94019063313802,60.597215451332374,0.057581583658854164,0.0,ed7020d51dcf50b5,True,1.354752,0.75,2598,True
002599.jpg,002599,.jpg,54060,JPEG,RGB,640,640,1,,,,,False,640,640,418.1173213528091,143.58355331420898,63.021827123740096,0.0,0.00984954833984375,c57021c71dcd5ab5,True,0.4096,1.0,2599,True
002600.jpg,002600,.jpg,411083,JPEG,RGB,971,1294,1,,,,,False,971,1294,515.6044653275102,132.01968383789062,57.25717574873044,0.041188557942708336,0.0013834635416666667,84c21bf82fda9a2b,True,1.256474,0.750386398763524,2600,True
002601.jpg,002601,.jpg,53402,JPEG,RGB,640,640,1,,,,,False,640,640,204.07209503916965,123.96982192993164,62.582259656503446,0.09055328369140625,0.000637054443359375,80d31bbd2d8b192f,True,0.4096,1.0,2601,True
002602.jpg,002602,.jpg,415826,JPEG,RGB,861,1255,1,,,,,False,861,1255,2030.161377145561,126.94413283475784,67.81759728722425,0.08330551103988604,2.225783475783476e-05,9fd77c828568d066,True,1.080555,0.6860557768924302,2602,True
002603.jpg,002603,.jpg,54806,JPEG,RGB,640,640,1,,,,,False,640,640,568.7059410750953,78.28573226928711,62.881173129866205,0.3360786437988281,0.0,d3c27c8a963cdc25,True,0.4096,1.0,2603,True
002604.jpg,002604,.jpg,465379,JPEG,RGB,917,1109,1,,,,,False,917,1109,4856.854812078398,100.32748781028369,68.79005235769331,0.06076388888888889,0.0002770390070921986,9468dc4b6f9c6a15,True,1.016953,0.8268710550045085,2604,True
002605.jpg,002605,.jpg,74981,JPEG,RGB,640,640,1,,,,,False,640,640,1531.4340741874184,58.795989990234375,60.30616793567096,0.4117317199707031,0.0,806dd86b379e6790,True,0.4096,1.0,2605,True
002606.jpg,002606,.jpg,333717,JPEG,RGB,744,993,1,,,,,False,744,993,2390.242413508292,118.90724182128906,53.61291203429973,0.018712361653645832,0.0001068115234375,8fd884fdaea02574,True,0.738792,0.7492447129909365,2606,True
002607.jpg,002607,.jpg,69734,JPEG,RGB,640,640,1,,,,,False,640,640,698.5459058748093,102.33470153808594,53.90893255352113,0.08504486083984375,0.0,9dca84bdafa52126,True,0.4096,1.0,2607,True
002608.jpg,002608,.jpg,737128,JPEG,RGB,1536,2048,1,,,,,False,1536,2048,295.6813346838785,128.32910664876303,65.07806584171183,0.058217366536458336,0.0016530354817708333,cab53b24d0da45cb,True,3.145728,0.75,2608,True
002609.jpg,002609,.jpg,42187,JPEG,RGB,640,640,1,,,,,False,640,640,142.47055793460459,170.00436401367188,67.50754581257222,0.0,0.2659454345703125,80862b3f53d25dcb,True,0.4096,1.0,2609,True
002610.jpg,002610,.jpg,49072,JPEG,RGB,640,640,1,,,,,False,640,640,132.7153962829616,136.34828186035156,56.61289359743296,0.0,0.0216522216796875,a0d7348e68d3f2a5,True,0.4096,1.0,2610,True
002611.jpg,002611,.jpg,340960,JPEG,RGB,911,1215,1,,,,,False,911,1215,823.668897781495,137.19428507486978,56.37125028213879,0.043711344401041664,0.00042724609375,8f50208f36d77af0,True,1.106865,0.7497942386831276,2611,True
002612.jpg,002612,.jpg,50718,JPEG,RGB,640,640,1,,,,,False,640,640,344.1166835870681,123.05276489257812,63.69415135133366,0.11796951293945312,4.57763671875e-05,9d4a30cb36de60b6,True,0.4096,1.0,2612,True
002613.jpg,002613,.jpg,394571,JPEG,RGB,1058,1411,1,,,,,False,1058,1411,726.8972130218104,139.36149088541666,62.8364135413444,0.051050821940104164,0.0006663004557291666,a44b2e80fbd48fe2,True,1.492838,0.7498228206945429,2613,True
002614.jpg,002614,.jpg,48268,JPEG,RGB,640,640,1,,,,,False,640,640,385.4588976841769,134.2265968322754,66.17240210303174,0.07982254028320312,0.000335693359375,a15e6881f8d59ee2,True,0.4096,1.0,2614,True
002615.jpg,002615,.jpg,414255,JPEG,RGB,1077,1436,1,,,,,False,1077,1436,561.2851345435613,124.63191223144531,61.83941687049812,0.0522003173828125,0.0001373291015625,a75b30810d93bfc6,True,1.546572,0.75,2615,True
002616.jpg,002616,.jpg,44454,JPEG,RGB,640,640,1,,,,,False,640,640,200.76917573330866,89.07703018188477,62.617929985556295,0.18408203125,0.0,847a30cb1f534fcc,True,0.4096,1.0,2616,True
002617.jpg,002617,.jpg,493214,JPEG,RGB,1019,1358,1,,,,,False,1019,1358,1704.3049109643325,125.15789286295573,54.54963880475212,0.0111083984375,0.00042724609375,c2542d7fea2cd2c2,True,1.383802,0.7503681885125184,2617,True
002618.jpg,002618,.jpg,59141,JPEG,RGB,640,640,1,,,,,False,640,640,531.1545075932372,84.63558578491211,55.80721760747611,0.11419677734375,0.0,c2552d3f552c6792,True,0.4096,1.0,2618,True
002619.jpg,002619,.jpg,436676,JPEG,RGB,1062,1416,1,,,,,False,1062,1416,554.6043207243914,128.66439310709634,60.649551911168146,0.0744781494140625,0.0003560384114583333,b9523ec5c5c1166d,True,1.503792,0.75,2619,True
002620.jpg,002620,.jpg,45295,JPEG,RGB,640,640,1,,,,,False,640,640,188.61601710923424,67.51435089111328,52.624968033079014,0.2932548522949219,0.0,d56a36ccc1c4436f,True,0.4096,1.0,2620,True
002621.jpg,002621,.jpg,288292,JPEG,RGB,1051,1401,1,,,,,False,1051,1401,189.8076044990577,123.99562581380208,36.18334207848562,0.005671183268229167,0.0,f71420a8383f3eb6,True,1.472451,0.7501784439685939,2621,True
002622.jpg,002622,.jpg,29647,JPEG,RGB,640,640,1,,,,,False,640,640,73.37630908354186,74.39905166625977,37.51008798861191,0.12957000732421875,0.0,d71660a838ad3fb4,True,0.4096,1.0,2622,True
002623.jpg,002623,.jpg,367226,JPEG,RGB,916,1221,1,,,,,False,916,1221,755.0203823520698,125.47576904296875,48.44659769252289,0.0032755533854166665,0.0,bc53c306da581ebc,True,1.118436,0.7502047502047502,2623,True
002624.jpg,002624,.jpg,47280,JPEG,RGB,640,640,1,,,,,False,640,640,242.9427772751078,79.96803665161133,47.73309151346666,0.15046310424804688,0.0,a0df430f5d0b5c1b,True,0.4096,1.0,2624,True
002625.jpg,002625,.jpg,319035,JPEG,RGB,1270,882,1,,,,,False,1270,882,1020.2774580728977,147.3408971207865,57.823202111483866,0.06796984726123595,0.00017007549157303372,c89f239c38ad696c,True,1.12014,1.439909297052154,2625,True
002626.jpg,002626,.jpg,43156,JPEG,RGB,640,640,1,,,,,False,640,640,327.22839680592006,197.53759002685547,63.81875282574881,0.0,0.2877349853515625,d51f201e6fcd6a48,True,0.4096,1.0,2626,True
002627.jpg,002627,.jpg,377214,JPEG,RGB,903,1204,1,,,,,False,903,1204,1246.7818343779072,130.58577982584634,57.4857942729216,0.041407267252604164,0.0006001790364583334,93d4316c97de2471,True,1.087212,0.75,2627,True
002628.jpg,002628,.jpg,59871,JPEG,RGB,640,640,1,,,,,False,640,640,587.6306748685893,110.08987808227539,58.011768771024194,0.08907318115234375,0.0,95c430ec9bd724f1,True,0.4096,1.0,2628,True
002629.jpg,002629,.jpg,628555,JPEG,RGB,1095,1460,1,,,,,False,1095,1460,1004.7854003259498,101.85518391927083,44.723150274482975,0.0035451253255208335,0.0013224283854166667,ff952a62c039539a,True,1.5987,0.75,2629,True
002630.jpg,002630,.jpg,59642,JPEG,RGB,640,640,1,,,,,False,640,640,362.84478951279016,101.64640045166016,47.430752821187745,0.041828155517578125,0.001705169677734375,80bf6e73c1391798,True,0.4096,1.0,2630,True
002631.jpg,002631,.jpg,574401,JPEG,RGB,1025,1367,1,,,,,False,1025,1367,2537.742267284128,117.57037353515625,59.49536799982575,0.0699462890625,0.0010477701822916667,87532cf2cd916d0b,True,1.401175,0.7498171177761521,2631,True
002632.jpg,002632,.jpg,72096,JPEG,RGB,640,640,1,,,,,False,640,640,777.0282191222068,159.8711166381836,64.201926315581,0.0,0.061374664306640625,95135ab34e93362d,True,0.4096,1.0,2632,True
002633.jpg,002633,.jpg,529137,JPEG,RGB,1006,1342,1,,,,,False,1006,1342,1537.9460453414877,118.17630004882812,49.3821079510775,0.024973551432291668,0.0010121663411458333,92423c9877cfe4d4,True,1.350052,0.7496274217585693,2633,True
002634.jpg,002634,.jpg,61402,JPEG,RGB,640,640,1,,,,,False,640,640,461.7966446417704,96.03499603271484,51.107670052953516,0.08579635620117188,0.0,925b299c674f641e,True,0.4096,1.0,2634,True
002635.jpg,002635,.jpg,614630,JPEG,RGB,997,1330,1,,,,,False,997,1330,2191.469732040229,125.00113932291667,48.49082538804555,0.039667765299479164,0.000244140625,a74a34cb7edaa4c0,True,1.32601,0.749624060150376,2635,True
002636.jpg,002636,.jpg,63860,JPEG,RGB,640,640,1,,,,,False,640,640,671.4740809264913,142.99261093139648,51.04113100847274,0.02978515625,0.001556396484375,834a34cd7adbb4c8,True,0.4096,1.0,2636,True
002637.jpg,002637,.jpg,637382,JPEG,RGB,1004,1338,1,,,,,False,1004,1338,2760.488543132087,113.15087890625,58.75739571101833,0.08348592122395833,0.00079345703125,b2582d95fd812ec6,True,1.343352,0.750373692077728,2637,True
002638.jpg,002638,.jpg,72557,JPEG,RGB,640,640,1,,,,,False,640,640,806.7367252297117,103.74887466430664,60.72718047033038,0.13108062744140625,0.00029754638671875,d16a0dd5f5046667,True,0.4096,1.0,2638,True
002639.jpg,002639,.jpg,501981,JPEG,RGB,1044,1392,1,,,,,False,1044,1392,739.9534097933728,109.20324198404948,46.73063106951617,0.00604248046875,0.0009562174479166666,af85700dab0fccc9,True,1.453248,0.75,2639,True
002640.jpg,002640,.jpg,56412,JPEG,RGB,640,640,1,,,,,False,640,640,256.8381924425339,63.38903045654297,41.480095738784236,0.1699371337890625,0.0,ab85708dab1f8ac9,True,0.4096,1.0,2640,True
002641.jpg,002641,.jpg,468688,JPEG,RGB,970,1294,1,,,,,False,970,1294,2474.5931938886392,123.22292582194011,61.484947797528676,0.026402791341145832,0.0004984537760416666,9fd785682ad02dd8,True,1.25518,0.749613601236476,2641,True
002642.jpg,002642,.jpg,66171,JPEG,RGB,640,640,1,,,,,False,640,640,783.4192924422532,76.63275527954102,58.160429363617695,0.23867416381835938,0.0,93c7c5b86a922cf4,True,0.4096,1.0,2642,True
002643.jpg,002643,.jpg,466449,JPEG,RGB,1312,984,1,,,,,False,1312,984,2230.0920697573783,123.04711405436198,68.22537620359691,0.057001749674479164,0.0008443196614583334,8354ee9ec69740d6,True,1.291008,1.3333333333333333,2643,True
002644.jpg,002644,.jpg,54421,JPEG,RGB,640,640,1,,,,,False,640,640,697.7957392246317,94.64471054077148,70.41060507197113,0.20760726928710938,0.0,825d6cb8dc871dc6,True,0.4096,1.0,2644,True
002645.jpg,002645,.jpg,419256,JPEG,RGB,923,1230,1,,,,,False,923,1230,1454.549209483356,150.2376708984375,45.12379123491149,0.009785970052083334,0.0002644856770833333,b84c4c7dfefa2c00,True,1.13529,0.7504065040650406,2645,True
002646.jpg,002646,.jpg,59455,JPEG,RGB,640,640,1,,,,,False,640,640,435.8041345648817,116.14051055908203,49.70603159427582,0.07598114013671875,0.0,807f4c7f74b60c26,True,0.4096,1.0,2646,True
002647.jpg,002647,.jpg,328376,JPEG,RGB,1251,938,1,,,,,False,1251,938,696.9390874070426,128.81156412760416,60.33513609837334,0.058685302734375,0.0008494059244791666,ea1dc695666e9194,True,1.173438,1.3336886993603412,2647,True
002648.jpg,002648,.jpg,41207,JPEG,RGB,640,640,1,,,,,False,640,640,248.19890129494888,138.76968383789062,65.01323595798891,0.06388473510742188,0.01219940185546875,c07fc5977e6a1214,True,0.4096,1.0,2648,True
002649.jpg,002649,.jpg,284511,JPEG,RGB,1250,837,1,,,,,False,1250,837,701.0264494561908,116.45766900510205,52.778052756483646,0.043378735422740525,0.0,f207e30364be6f12,True,1.04625,1.4934289127837514,2649,True
002650.jpg,002650,.jpg,51043,JPEG,RGB,640,640,1,,,,,False,640,640,311.69372758915415,127.37313079833984,59.1782767398399,0.004711151123046875,0.0088043212890625,c1bfc1956c97252a,True,0.4096,1.0,2650,True
002651.jpg,002651,.jpg,535800,JPEG,RGB,1009,1345,1,,,,,False,1009,1345,653.1553756201174,128.47870381673178,57.8389684110132,0.038065592447916664,6.612141927083333e-05,bb432ade9cd0154e,True,1.357105,0.7501858736059479,2651,True
002652.jpg,002652,.jpg,61461,JPEG,RGB,640,640,1,,,,,False,640,640,238.88146619811596,149.8518409729004,64.13638848948561,0.0,0.02208709716796875,d5ea02c59cd95c87,True,0.4096,1.0,2652,True
002653.jpg,002653,.jpg,829001,JPEG,RGB,1536,2048,1,2022:01:15 17:20:59,Apple,iPhone 11,15.1,True,1536,2048,2843.9953675641573,132.80977884928384,67.09193083844205,0.013219197591145834,5.086263020833333e-06,d22f29d0c0742f3f,True,3.145728,0.75,2653,True
002654.jpg,002654,.jpg,74334,JPEG,RGB,640,640,1,,,,,False,640,640,1253.1017605864909,158.40324783325195,73.17622347447958,0.0,0.19356536865234375,d22c0dd2c5613d7e,True,0.4096,1.0,2654,True
002655.jpg,002655,.jpg,420867,JPEG,RGB,1408,1876,1,,,,,False,1408,1876,111.37790301543039,137.0539754231771,51.42866574175594,0.015096028645833334,0.0,fbaac64b9ac49093,True,2.641408,0.7505330490405118,2655,True
002656.jpg,002656,.jpg,28395,JPEG,RGB,640,640,1,,,,,False,640,640,70.16766434231249,87.54531478881836,54.35256487122889,0.14392852783203125,0.0,d2e244c99dfc50d3,True,0.4096,1.0,2656,True
002657.jpg,002657,.jpg,333767,JPEG,RGB,809,1079,1,,,,,False,809,1079,1586.729718245333,137.53814697265625,42.121830151669045,0.0003000895182291667,8.646647135416667e-05,809b3cd035f28d7b,True,0.872911,0.7497683039851715,2657,True
002658.jpg,002658,.jpg,63191,JPEG,RGB,640,640,1,,,,,False,640,640,495.27285040657443,156.48757553100586,50.36127413788072,0.00011444091796875,0.011875152587890625,809a15d157fbc15b,True,0.4096,1.0,2658,True
002659.jpg,002659,.jpg,324254,JPEG,RGB,913,1217,1,,,,,False,913,1217,1421.0752252364116,138.21390787760416,65.45963112591302,0.06322224934895833,0.0002695719401041667,8dc934d738cc28fa,True,1.111121,0.7502054231717338,2659,True
002660.jpg,002660,.jpg,50344,JPEG,RGB,640,640,1,,,,,False,640,640,646.7238787592942,99.86731719970703,62.00706906248134,0.16641616821289062,0.0,8dcb34d570cc68ba,True,0.4096,1.0,2660,True
002661.jpg,002661,.jpg,572590,JPEG,RGB,1042,1390,1,,,,,False,1042,1390,1505.1275560250506,133.08104451497397,55.497422746115625,0.026885986328125,0.0005289713541666666,9d832c7d38b57858,True,1.44838,0.7496402877697842,2661,True
002662.jpg,002662,.jpg,63128,JPEG,RGB,640,640,1,,,,,False,640,640,494.01190201513236,109.44888687133789,56.59792636049004,0.0960693359375,0.0,9d89347c39b57849,True,0.4096,1.0,2662,True
002663.jpg,002663,.jpg,518111,JPEG,RGB,1088,1451,1,,,,,False,1088,1451,1399.8718057894666,141.85440572102866,59.963335463881954,0.06924947102864583,2.0345052083333332e-05,97da28d536c2bb0c,True,1.578688,0.7498277050310131,2663,True
002664.jpg,002664,.jpg,52510,JPEG,RGB,640,640,1,,,,,False,640,640,503.5079020871199,157.40283584594727,66.76126269734979,0.06462860107421875,0.014385223388671875,90db6bd03f4a2a0f,True,0.4096,1.0,2664,True
002665.jpg,002665,.jpg,247494,JPEG,RGB,855,1154,1,,,,,False,855,1154,1106.2733470007352,165.3988497691293,40.33797099226255,0.0005617166886543536,0.0001236807387862797,d5d42ed455d47452,True,0.98667,0.7409012131715771,2665,True
002666.jpg,002666,.jpg,37779,JPEG,RGB,640,640,1,,,,,False,640,640,399.41405517920793,164.5738754272461,56.61466637536001,0.07357406616210938,0.00087738037109375,80e038d457d47ff2,True,0.4096,1.0,2666,True
002667.jpg,002667,.jpg,485262,JPEG,RGB,1055,1406,1,,,,,False,1055,1406,897.7508814831314,135.60813903808594,65.98505443764176,0.055852254231770836,0.000579833984375,81c029573f7d1679,True,1.48333,0.7503556187766715,2667,True
002668.jpg,002668,.jpg,53093,JPEG,RGB,640,640,1,,,,,False,640,640,338.8913114061579,159.42564010620117,71.00961068085175,3.814697265625e-06,0.0719451904296875,81843d0f5ead5eb8,True,0.4096,1.0,2668,True
002669.jpg,002669,.jpg,344908,JPEG,RGB,959,1278,1,,,,,False,959,1278,551.2572414073835,133.08775329589844,63.72400429437289,0.07916259765625,0.0015818277994791667,ab501bcd26dd26d2,True,1.225602,0.7503912363067292,2669,True
002670.jpg,002670,.jpg,324931,JPEG,RGB,1472,1104,1,,,,,False,1472,1104,217.55180602603488,123.54779561360677,52.288317141207834,0.006006876627604167,0.0027720133463541665,e1def3864ec88e24,True,1.625088,1.3333333333333333,2670,True
002671.jpg,002671,.jpg,527098,JPEG,RGB,1121,1495,1,,,,,False,1121,1495,1707.5424854270861,145.77127075195312,65.86372471231729,0.09624226888020833,3.5603841145833336e-05,84c937da3d86a98b,True,1.675895,0.7498327759197324,2671,True
002672.jpg,002672,.jpg,54840,JPEG,RGB,640,640,1,,,,,False,640,640,518.8911443332763,115.06319808959961,69.16432194538805,0.18437576293945312,0.0,9568134e3e87dc4b,True,0.4096,1.0,2672,True
002673.jpg,002673,.jpg,284736,JPEG,RGB,915,1220,1,,,,,False,915,1220,146.61654499667284,125.88504028320312,62.52922492506211,0.1006011962890625,0.0013936360677083333,bac884bb2cd2a93e,True,1.1163,0.75,2673,True
002674.jpg,002674,.jpg,37270,JPEG,RGB,640,640,1,,,,,False,640,640,60.20217319740914,82.376220703125,56.91408534262257,0.20653152465820312,0.0,b8d884b36dd451bc,True,0.4096,1.0,2674,True
002675.jpg,002675,.jpg,393442,JPEG,RGB,1294,970,1,,,,,False,1294,970,532.7232816676454,144.8781941731771,66.95825378859111,0.06911214192708333,2.0345052083333332e-05,ebd72881be815e61,True,1.25518,1.334020618556701,2675,True
002676.jpg,002676,.jpg,42945,JPEG,RGB,640,640,1,,,,,False,640,640,205.91404103882087,95.42279052734375,64.19750415075039,0.18538665771484375,0.0,c05f29d7f207502f,True,0.4096,1.0,2676,True
002677.jpg,002677,.jpg,379608,JPEG,RGB,1096,1461,1,,,,,False,1096,1461,105.1632475131709,130.51072692871094,44.7559787373233,0.004419962565104167,0.0,ad5a04dfe01173b3,True,1.601256,0.7501711156741958,2677,True
002678.jpg,002678,.jpg,41699,JPEG,RGB,640,640,1,,,,,False,640,640,64.96214032323041,67.05570983886719,45.13376515031009,0.22942733764648438,0.0,8d1a47fc40b97bc1,True,0.4096,1.0,2678,True
002679.jpg,002679,.jpg,334243,JPEG,RGB,884,1179,1,,,,,False,884,1179,929.3584488096076,133.25564575195312,55.714068763252335,0.0109100341796875,0.0,e25d29715d02f14f,True,1.042236,0.7497879558948262,2679,True
002680.jpg,002680,.jpg,335863,JPEG,RGB,931,1242,1,,,,,False,931,1242,685.505857149113,139.28168233235678,71.12149946185954,0.08176676432291667,0.0011393229166666667,efc6114526d9a69c,True,1.156302,0.749597423510467,2680,True
002681.jpg,002681,.jpg,442067,JPEG,RGB,999,1332,1,,,,,False,999,1332,1284.37375791702,137.0157216389974,53.349352611767614,0.034393310546875,0.0006357828776041666,c0562b543fcc3dc5,True,1.330668,0.75,2681,True
002682.jpg,002682,.jpg,52819,JPEG,RGB,640,640,1,,,,,False,640,640,385.2983123314916,128.40309524536133,63.578054689636666,0.11854934692382812,0.000278472900390625,d48009d72adf3ba5,True,0.4096,1.0,2682,True
002683.jpg,002683,.jpg,396092,JPEG,RGB,1116,1489,1,,,,,False,1116,1489,134.15338425646124,130.44754028320312,57.84739765854194,0.0811004638671875,0.0,adc400da349fde3c,True,1.661724,0.7494963062458025,2683,True
002684.jpg,002684,.jpg,41890,JPEG,RGB,640,640,1,,,,,False,640,640,99.10653099021874,154.18094635009766,63.5990319457494,0.0,0.034473419189453125,95ca01cb371d563d,True,0.4096,1.0,2684,True
002685.jpg,002685,.jpg,523405,JPEG,RGB,1353,1015,1,,,,,False,1353,1015,2389.525639927946,137.93462117513022,54.58769425090321,0.020741780598958332,0.0014750162760416667,809068ebdda59db3,True,1.373295,1.3330049261083743,2685,True
002686.jpg,002686,.jpg,317549,JPEG,RGB,940,1252,1,,,,,False,940,1252,587.8303683299781,156.15376790364584,50.42687988855835,0.01055908203125,0.0,85d58b2b97c20a5f,True,1.17688,0.7507987220447284,2686,True
002687.jpg,002687,.jpg,585154,JPEG,RGB,1535,2048,1,2021:03:13 21:35:53,Apple,iPhone 11,14.4,True,1535,2048,447.33535636213816,139.14737955729166,51.3543598095974,0.012090047200520834,0.0007883707682291666,bee1c9ad5d600d68,True,3.14368,0.74951171875,2687,True
002688.jpg,002688,.jpg,649444,JPEG,RGB,1122,1497,1,,,,,False,1122,1497,2574.990379227533,145.58647664388022,50.68587175376538,0.0243072509765625,0.0011189778645833333,85d24b6d6e42653b,True,1.679634,0.749498997995992,2688,True
002689.jpg,002689,.jpg,317692,JPEG,RGB,1030,1374,1,,,,,False,1030,1374,271.513590369684,145.0618642171224,58.79369844961337,0.025533040364583332,0.00042724609375,cb743b5333430d4e,True,1.41522,0.7496360989810772,2689,True
002690.jpg,002690,.jpg,290837,JPEG,RGB,972,1296,1,,,,,False,972,1296,204.4075834178883,141.31201171875,60.09418867932702,0.045979817708333336,0.000335693359375,cbf02c762472133f,True,1.259712,0.75,2690,True
002691.jpg,002691,.jpg,575043,JPEG,RGB,1271,953,1,,,,,False,1271,953,1441.230135115381,129.5967559814453,61.50921038423355,0.011784871419270834,0.0019124348958333333,b347c8a7da931e82,True,1.211263,1.3336831059811123,2691,True
002692.jpg,002692,.jpg,68520,JPEG,RGB,640,640,1,,,,,False,640,640,452.53049810550874,118.08347702026367,66.07300224365225,0.07868576049804688,0.001064300537109375,b04dc82f5a175e69,True,0.4096,1.0,2692,True
002693.jpg,002693,.jpg,430757,JPEG,RGB,1015,1354,1,,,,,False,1015,1354,437.4644659353782,131.66132100423178,63.04367890065717,0.043512980143229164,0.0001068115234375,8d762c1daeb62287,True,1.37431,0.7496307237813885,2693,True
002694.jpg,002694,.jpg,48522,JPEG,RGB,640,640,1,,,,,False,640,640,187.11931808519876,127.63180923461914,65.42701188546089,0.07038497924804688,6.103515625e-05,81742c1f6eb65297,True,0.4096,1.0,2694,True
002695.jpg,002695,.jpg,538530,JPEG,RGB,954,1272,1,,,,,False,954,1272,1613.392140241857,120.29102071126302,55.842039562565574,0.008697509765625,0.0004831949869791667,82772f66a8e0d4d5,True,1.213488,0.75,2695,True
002696.jpg,002696,.jpg,529260,JPEG,RGB,996,1328,1,,,,,False,996,1328,2240.594859163562,141.13530985514322,55.62121191272185,0.010650634765625,0.0007985432942708334,c49556c7bf860a93,True,1.322688,0.75,2696,True
002697.jpg,002697,.jpg,572555,JPEG,RGB,1108,1477,1,,,,,False,1108,1477,801.5270366882905,114.90319315592448,60.75238059552199,0.0564422607421875,0.0,92d42c1eaf2c36ec,True,1.636516,0.7501692620176033,2697,True
002698.jpg,002698,.jpg,414021,JPEG,RGB,910,1213,1,,,,,False,910,1213,868.0144992404513,133.61636861165366,54.40038898191199,0.0324554443359375,0.00017801920572916666,96d32cc07f8b88bc,True,1.10383,0.7502061005770816,2698,True
002699.jpg,002699,.jpg,532246,JPEG,RGB,1092,1455,1,,,,,False,1092,1455,978.829461167851,136.67664591471353,64.42262469180451,0.050394694010416664,0.0006306966145833334,a1f3ccf13ecd2290,True,1.58886,0.7505154639175258,2699,True
002700.jpg,002700,.jpg,60014,JPEG,RGB,640,640,1,,,,,False,640,640,386.9319260367047,164.1768341064453,68.06825282976955,0.0,0.06778717041015625,b5fac6701fdc5050,True,0.4096,1.0,2700,True
002701.jpg,002701,.jpg,399329,JPEG,RGB,845,1109,1,,,,,False,845,1109,2179.9351377187472,123.17486979166667,53.73929911260153,0.006705729166666666,0.0,abd689769936149a,True,0.937105,0.7619477006311993,2701,True
002702.jpg,002702,.jpg,66382,JPEG,RGB,640,640,1,,,,,False,640,640,644.7904568820813,92.3947868347168,55.17601645814386,0.11297607421875,0.0,a8d4c9761b741b6a,True,0.4096,1.0,2702,True
002703.jpg,002703,.jpg,507767,JPEG,RGB,948,1264,1,,,,,False,948,1264,1277.7939249339204,110.638671875,50.44438161626667,0.018742879231770832,0.0,a4b643da057a3759,True,1.198272,0.75,2703,True
002704.jpg,002704,.jpg,64420,JPEG,RGB,640,640,1,,,,,False,640,640,355.88793812108634,49.22774887084961,41.91554951115039,0.39765167236328125,0.0,a4b553931d2a1dab,True,0.4096,1.0,2704,True
002705.jpg,002705,.jpg,593872,JPEG,RGB,1504,1128,1,,,,,False,1504,1128,1808.2258145341184,149.99361673990884,51.69930748978109,0.01361083984375,0.0004018147786458333,81d43b53bdea8c2a,True,1.696512,1.3333333333333333,2705,True
002706.jpg,002706,.jpg,59655,JPEG,RGB,640,640,1,,,,,False,640,640,507.55810216389364,94.4401969909668,51.74826431932295,0.139862060546875,0.0,85f076c374e5468d,True,0.4096,1.0,2706,True
002707.jpg,002707,.jpg,304489,JPEG,RGB,919,1226,1,,,,,False,919,1226,923.6457989536381,84.7143046061198,56.68331923998883,0.016398111979166668,6.103515625e-05,ad7446a574cb2d8a,True,1.126694,0.7495921696574225,2707,True
002708.jpg,002708,.jpg,50228,JPEG,RGB,640,640,1,,,,,False,640,640,279.89341930100636,143.64026260375977,55.20137420423756,0.0,0.10449981689453125,ad7a40257acb3c8b,True,0.4096,1.0,2708,True
002709.jpg,002709,.jpg,627046,JPEG,RGB,1131,1509,1,,,,,False,1131,1509,1282.9407782943454,115.36014811197917,59.32499867592064,0.032872517903645836,0.0001983642578125,aad512a996e552cd,True,1.706679,0.7495029821073559,2709,True
002710.jpg,002710,.jpg,75162,JPEG,RGB,640,640,1,,,,,False,640,640,516.5820438539231,120.49112319946289,62.624952041202086,0.07261276245117188,0.003627777099609375,95fa03a41af67a85,True,0.4096,1.0,2710,True
002711.jpg,002711,.jpg,423461,JPEG,RGB,908,1211,1,,,,,False,908,1211,1210.4953396956746,123.40821838378906,49.15540751882703,0.014272054036458334,0.0,a2d5bfaacc34c2e0,True,1.099588,0.749793559042114,2711,True
002712.jpg,002712,.jpg,64821,JPEG,RGB,640,640,1,,,,,False,640,640,410.0926678582182,111.42177963256836,54.94787097348227,0.08238601684570312,0.0,80d51dba5cbd17c4,True,0.4096,1.0,2712,True
002713.jpg,002713,.jpg,318744,JPEG,RGB,1054,1235,1,,,,,False,1054,1235,224.52037592493863,111.4578223326659,43.88290698022013,0.015562428489702518,0.0,e8c87a4afb79e044,True,1.30169,0.8534412955465587,2713,True
002714.jpg,002714,.jpg,40232,JPEG,RGB,640,640,1,,,,,False,640,640,121.98057111653907,73.96155548095703,44.00410548720331,0.12391281127929688,0.0,c0c0524afbfb71e1,True,0.4096,1.0,2714,True
002715.jpg,002715,.jpg,500204,JPEG,RGB,1080,1440,1,,,,,False,1080,1440,1427.5255243682768,128.60306803385416,47.68515599130712,0.019368489583333332,0.0004781087239583333,a2ed56e115eb12c3,True,1.5552,0.75,2715,True
002716.jpg,002716,.jpg,54768,JPEG,RGB,640,640,1,,,,,False,640,640,448.5323980888352,90.77643966674805,49.440005898285094,0.15877914428710938,0.0,80ed54c1176e56cf,True,0.4096,1.0,2716,True
002717.jpg,002717,.jpg,660571,JPEG,RGB,1098,1464,1,,,,,False,1098,1464,904.467785494997,113.05322265625,44.38431322125306,0.008702596028645834,3.5603841145833336e-05,bdc1582fd0093fc9,True,1.607472,0.75,2717,True
002718.jpg,002718,.jpg,330688,JPEG,RGB,1070,1426,1,,,,,False,1070,1426,144.7383331572637,113.93519592285156,62.22650983349631,0.055994669596354164,0.0,abc4e2b5629974c9,True,1.52582,0.7503506311360448,2718,True
002719.jpg,002719,.jpg,366844,JPEG,RGB,996,1328,1,,,,,False,996,1328,449.1433958175025,127.72698465983073,59.270977115349986,0.037541707356770836,0.0004628499348958333,bac54bb43030b5fa,True,1.322688,0.75,2719,True
002720.jpg,002720,.jpg,44895,JPEG,RGB,640,640,1,,,,,False,640,640,196.15077213929908,126.9661750793457,65.41572586215597,0.08107757568359375,0.004425048828125,f5c74936303057cb,True,0.4096,1.0,2720,True
002721.jpg,002721,.jpg,383936,JPEG,RGB,989,1319,1,,,,,False,989,1319,1266.0133677298566,140.60086059570312,55.468468122742706,0.018218994140625,0.0005340576171875,8d550bb66b9451f8,True,1.304491,0.7498104624715694,2721,True
002722.jpg,002722,.jpg,50834,JPEG,RGB,640,640,1,,,,,False,640,640,417.25770179169194,160.33423614501953,60.658995007323384,2.6702880859375e-05,0.055141448974609375,88551b345bf553f0,True,0.4096,1.0,2722,True
002723.jpg,002723,.jpg,586805,JPEG,RGB,1515,2073,1,2021:03:05 21:54:23,Apple,iPhone 11,14.4,True,1515,2073,179.22802299983974,109.75906061998663,57.45307891706402,0.011906751336898396,1.044451871657754e-05,bf58416f2518998f,True,3.140595,0.7308248914616498,2723,True
002724.jpg,002724,.jpg,31746,JPEG,RGB,640,640,1,,,,,False,640,640,128.63528269156814,102.19011688232422,61.43185355253938,0.07180023193359375,3.814697265625e-06,b45f416e25b09b87,True,0.4096,1.0,2724,True
002725.jpg,002725,.jpg,300920,JPEG,RGB,1016,817,1,,,,,False,1016,817,431.17038739957985,111.68521029277913,53.90078574471856,0.00281591322815534,0.015862029733009708,ee97add7b880a032,True,0.830072,1.2435740514075888,2725,True
002726.jpg,002726,.jpg,479261,JPEG,RGB,1120,1493,1,,,,,False,1120,1493,323.0759378720282,113.87886555989583,56.91152284741072,0.038029988606770836,0.006673177083333333,b0f5899627c0ce6b,True,1.67216,0.7501674480910918,2726,True
002727.jpg,002727,.jpg,48059,JPEG,RGB,640,640,1,,,,,False,640,640,135.8360446607112,79.2432746887207,57.935760921093895,0.2177734375,0.0,a0678bd23f564b62,True,0.4096,1.0,2727,True
002728.jpg,002728,.jpg,397747,JPEG,RGB,1007,1342,1,,,,,False,1007,1342,1057.284507762615,136.57376607259116,60.55987058830835,0.057454427083333336,0.00013224283854166666,8bd0355e515b7a29,True,1.351394,0.7503725782414307,2728,True
002729.jpg,002729,.jpg,51657,JPEG,RGB,640,640,1,,,,,False,640,640,330.74788353625627,163.81742477416992,65.78304335856389,0.0,0.04228973388671875,81c135d6515b7aab,True,0.4096,1.0,2729,True
002730.jpg,002730,.jpg,224395,JPEG,RGB,830,1135,1,,,,,False,830,1135,308.28853553525533,120.30185181316845,61.04460651268082,0.034931692847593586,0.04364764371657754,9bd494649e6b6139,True,0.94205,0.7312775330396476,2730,True
002731.jpg,002731,.jpg,411549,JPEG,RGB,1334,910,1,,,,,False,1334,910,2088.4643830788827,135.70053948782234,63.89972987664755,0.08402914577363897,0.0004253223495702006,c29c6bd5fd0b9007,True,1.21394,1.4659340659340658,2731,True
002732.jpg,002732,.jpg,1416936,JPEG,RGB,1536,2048,1,,,,,False,1536,2048,1295.3922832408507,131.85110473632812,43.93466649056648,0.020945231119791668,0.0020039876302083335,d95821372e3b3a33,True,3.145728,0.75,2732,True
002733.jpg,002733,.jpg,72750,JPEG,RGB,640,640,1,,,,,False,640,640,519.7194683662965,165.76165771484375,51.24738689828362,0.0,0.01921844482421875,80c821774f6e3af6,True,0.4096,1.0,2733,True
002734.jpg,002734,.jpg,782263,JPEG,RGB,1535,2048,1,,,,,False,1535,2048,557.7441761195402,125.92195129394531,62.96958275201058,0.09293111165364583,0.0003611246744791667,c05f2fed24e301ae,True,3.14368,0.74951171875,2734,True
002735.jpg,002735,.jpg,51814,JPEG,RGB,640,640,1,,,,,False,640,640,232.90055505359487,107.75461196899414,66.13148227133162,0.1632080078125,0.0,d4ca2bed24e3c18e,True,0.4096,1.0,2735,True
002736.jpg,002736,.jpg,473498,JPEG,RGB,999,1332,1,,,,,False,999,1332,1717.433584708074,136.77001953125,59.45132563404117,0.042877197265625,0.0003916422526041667,828052afbd655773,True,1.330668,0.75,2736,True
002737.jpg,002737,.jpg,508984,JPEG,RGB,966,1287,1,,,,,False,966,1287,3040.2919991550084,148.0143025716146,51.999169063344105,0.015350341796875,0.0,a5c73a8a4abf2f01,True,1.243242,0.7505827505827506,2737,True
002738.jpg,002738,.jpg,434116,JPEG,RGB,944,1258,1,,,,,False,944,1258,1535.2276240438223,107.22024536132812,62.56218679254001,0.050577799479166664,0.001129150390625,aad52564d2cae17a,True,1.187552,0.7503974562798092,2738,True
002739.jpg,002739,.jpg,463336,JPEG,RGB,1017,1355,1,,,,,False,1017,1355,663.544377639036,99.07569885253906,56.806683943775106,0.09235127766927083,0.0001220703125,8bfea470851fc439,True,1.378035,0.7505535055350554,2739,True
002740.jpg,002740,.jpg,481340,JPEG,RGB,1010,1347,1,,,,,False,1010,1347,1236.9732410398362,146.63092549641928,59.484931634035895,0.02117919921875,0.000213623046875,87f260723c729673,True,1.36047,0.7498144023756496,2740,True
002741.jpg,002741,.jpg,61047,JPEG,RGB,640,640,1,,,,,False,640,640,402.3163757324219,188.96014404296875,62.46340083139947,0.0,0.2668113708496094,85f260613f72967a,True,0.4096,1.0,2741,True
002742.jpg,002742,.jpg,346579,JPEG,RGB,1227,838,1,,,,,False,1227,838,1263.5113247448978,116.12724888392857,70.10412040123224,0.02929129464285714,0.000234375,c65ea06fe89f6884,True,1.028226,1.464200477326969,2742,True
002743.jpg,002743,.jpg,52430,JPEG,RGB,640,640,1,,,,,False,640,640,391.0744566570356,158.42921447753906,69.47541578741101,0.0,0.18837738037109375,c77e8164698f608f,True,0.4096,1.0,2743,True
002744.jpg,002744,.jpg,405506,JPEG,RGB,1221,916,1,,,,,False,1221,916,818.0922003784732,103.50112915039062,45.29123826275295,0.0018361409505208333,0.0003102620442708333,cc95b25c9936b41d,True,1.118436,1.3329694323144106,2744,True
002745.jpg,002745,.jpg,178752,JPEG,RGB,743,871,1,,,,,False,743,871,373.7141084056325,124.35859285612128,48.29648607099383,0.02113576229977117,2.2346967963386727e-05,dfe32cc4923b9885,True,0.647153,0.8530424799081515,2745,True
002746.jpg,002746,.jpg,277924,JPEG,RGB,808,1125,1,,,,,False,808,1125,1021.1429497766359,111.66881793478261,56.207237398762274,0.06609842051630435,0.0,d2857d603f28357c,True,0.909,0.7182222222222222,2746,True
002747.jpg,002747,.jpg,39261,JPEG,RGB,640,640,1,,,,,False,640,640,374.9274630726868,119.55945587158203,60.75954652103418,0.06803131103515625,0.0,d29b34173e303f34,True,0.4096,1.0,2747,True
002748.jpg,002748,.jpg,325615,JPEG,RGB,1386,879,1,,,,,False,1386,879,691.7998617744763,116.99862379807692,69.97647530035961,0.11403245192307693,0.00037259615384615386,dd812a7f816a68d5,True,1.218294,1.57679180887372,2748,True
002749.jpg,002749,.jpg,245933,JPEG,RGB,940,1134,1,,,,,False,940,1134,259.472746966105,90.04798514887972,58.33730110540807,0.08956275795990566,0.0,d01636d56a80efae,True,1.06596,0.8289241622574955,2749,True
002750.jpg,002750,.jpg,427223,JPEG,RGB,933,1244,1,,,,,False,933,1244,1025.7083300948143,110.34646606445312,56.055895630882354,0.0265655517578125,0.0009816487630208333,aa76aa15623e2c6e,True,1.160652,0.75,2750,True
002751.jpg,002751,.jpg,301538,JPEG,RGB,1300,879,1,,,,,False,1300,879,925.6622053285804,155.17709650469652,61.97599614104808,0.03761741329479769,0.003144192557803468,957f1a6aab50e950,True,1.1427,1.4789533560864618,2751,True
002752.jpg,002752,.jpg,437375,JPEG,RGB,1376,988,1,,,,,False,1376,988,714.6148813702661,144.0845788043478,54.90414145603554,0.01980192764945652,0.0,81dd07754f383bd0,True,1.359488,1.3927125506072875,2752,True
002753.jpg,002753,.jpg,55021,JPEG,RGB,640,640,1,,,,,False,640,640,287.27553806913784,159.6695442199707,61.930374077629864,0.049205780029296875,0.00534820556640625,c14a077e473a1fd1,True,0.4096,1.0,2753,True
002754.jpg,002754,.jpg,1073778,JPEG,RGB,1536,2048,1,,,,,False,1536,2048,1489.6963344847318,128.9480234781901,57.26544975370044,0.018442789713541668,0.0011749267578125,d0e64b903bd86b56,True,3.145728,0.75,2754,True
002755.jpg,002755,.jpg,283471,JPEG,RGB,960,683,1,,,,,False,960,683,1828.1721256148942,163.52690912603023,51.79936381190306,0.018533224587912088,0.00038633241758241757,d58d4a5a4b516b71,True,0.65568,1.4055636896046853,2755,True
002756.jpg,002756,.jpg,63260,JPEG,RGB,640,640,1,,,,,False,640,640,668.3023573620594,148.82209014892578,57.53182051974236,0.0680694580078125,0.0,d1e8405e47772a73,True,0.4096,1.0,2756,True
002757.jpg,002757,.jpg,204590,JPEG,RGB,577,882,1,,,,,False,577,882,1363.6692629111926,126.02637010261193,43.75144092296814,0.012686567164179104,0.0,90a8b45fc747aa1d,True,0.508914,0.6541950113378685,2757,True
002758.jpg,002758,.jpg,58914,JPEG,RGB,640,640,1,,,,,False,640,640,401.5919821073767,107.24660110473633,48.72088541912806,0.07631301879882812,0.0,d0b8ac9f67876a88,True,0.4096,1.0,2758,True
002759.jpg,002759,.jpg,496129,JPEG,RGB,1402,1052,1,,,,,False,1402,1052,1191.1040336216233,121.48412068684895,65.859822712217,0.08279927571614583,0.0,9b55075d7c8f6418,True,1.474904,1.332699619771863,2759,True
002760.jpg,002760,.jpg,59168,JPEG,RGB,640,640,1,,,,,False,640,640,454.15715768095106,158.45111465454102,67.89164317773148,0.0,0.12638473510742188,99c2018d7ead46dd,True,0.4096,1.0,2760,True
002761.jpg,002761,.jpg,467649,JPEG,RGB,1223,789,1,,,,,False,1223,789,4243.249299608831,171.0232421875,49.92193015705267,0.0021247632575757576,0.0,c0bf3c4d44e6455d,True,0.964947,1.550063371356147,2761,True
002762.jpg,002762,.jpg,72753,JPEG,RGB,640,640,1,,,,,False,640,640,1204.9419836280285,149.18333435058594,53.63067265990502,0.051174163818359375,0.0,d5a8384d44e665dd,True,0.4096,1.0,2762,True
002763.jpg,002763,.jpg,170950,JPEG,RGB,1112,803,1,,,,,False,1112,803,178.4670659243164,124.47251372466216,60.97925929167576,0.015857263513513513,0.0014833192567567568,89c38f234eb7a64c,True,0.892936,1.3848069738480697,2763,True
002764.jpg,002764,.jpg,33816,JPEG,RGB,640,640,1,,,,,False,640,640,101.56549921981059,157.84883880615234,64.53971988500554,0.0,0.14356231689453125,81c59d275c37364b,True,0.4096,1.0,2764,True
002765.jpg,002765,.jpg,181644,JPEG,RGB,860,1024,1,,,,,False,860,1024,276.93350996478557,146.75850290697673,72.46761794630095,0.07876544331395349,0.0033839026162790697,d6ed2ad41bc21d91,True,0.88064,0.83984375,2765,True
002766.jpg,002766,.jpg,35883,JPEG,RGB,640,640,1,,,,,False,640,640,132.34481689654058,181.2060661315918,74.9017876933411,0.0,0.27906036376953125,d4af6ac42dc24f0b,True,0.4096,1.0,2766,True
002767.jpg,002767,.jpg,303103,JPEG,RGB,1076,807,1,,,,,False,1076,807,648.1664488476754,95.78676859537761,61.597333667890275,0.12278238932291667,0.0,85877fc13bb1107a,True,0.868332,1.3333333333333333,2767,True
002768.jpg,002768,.jpg,49463,JPEG,RGB,640,640,1,,,,,False,640,640,182.05033033102518,147.84993362426758,60.66766805084205,0.0,0.08028411865234375,859f6dc138b9585a,True,0.4096,1.0,2768,True
002769.jpg,002769,.jpg,188228,JPEG,RGB,651,840,1,,,,,False,651,840,557.3465036374386,106.03626318482368,60.382256521835686,0.04644698520151133,0.0,91b30bc864d33bcd,True,0.54684,0.775,2769,True
002770.jpg,002770,.jpg,268867,JPEG,RGB,743,1034,1,,,,,False,743,1034,697.8501330034944,113.41682765794837,53.73125624103009,0.05137567934782609,0.004007090692934783,d9f1508f2fde06a0,True,0.768262,0.718568665377176,2770,True
002771.jpg,002771,.jpg,51823,JPEG,RGB,640,640,1,,,,,False,640,640,215.30021549708908,66.77975463867188,49.401947931109355,0.23559188842773438,0.0,ddfd520727c72224,True,0.4096,1.0,2771,True
002772.jpg,002772,.jpg,111640,JPEG,RGB,524,556,1,,,,,False,524,556,946.0519214904331,139.71400669642858,49.083772970999966,5.2568581780538304e-05,0.008257311076604554,c2ea84b43e953f91,True,0.291344,0.9424460431654677,2772,True
002773.jpg,002773,.jpg,52197,JPEG,RGB,640,640,1,,,,,False,640,640,400.7335310801718,114.63219451904297,55.41139740095019,0.08209228515625,0.0,d0ead0603fd25b5a,True,0.4096,1.0,2773,True
002774.jpg,002774,.jpg,307340,JPEG,RGB,768,1024,1,,,,,False,768,1024,1012.3853452205658,119.22629801432292,60.59790740596701,0.07947285970052083,0.0004069010416666667,dfb0503f32cb5a28,True,0.786432,0.75,2774,True
002775.jpg,002775,.jpg,60907,JPEG,RGB,640,640,1,,,,,False,640,640,379.40471982698364,117.25181579589844,66.24097041758988,0.14065933227539062,0.0005645751953125,c532482f3f5b4d25,True,0.4096,1.0,2775,True
002776.jpg,002776,.jpg,236747,JPEG,RGB,768,1024,1,,,,,False,768,1024,325.2472524487465,132.3872528076172,58.98939387506064,0.046239217122395836,0.0003509521484375,c97c5dbb3001a36d,True,0.786432,0.75,2776,True
002777.jpg,002777,.jpg,48879,JPEG,RGB,640,640,1,,,,,False,640,640,143.0406576357782,120.59463882446289,64.87407317939488,0.12584304809570312,1.52587890625e-05,c97c59ba3023476d,True,0.4096,1.0,2777,True
002778.jpg,002778,.jpg,202938,JPEG,RGB,674,898,1,,,,,False,674,898,1094.6384548618355,131.22570292154947,59.70271962818843,0.035614013671875,5.086263020833333e-06,d18d6d92385697e8,True,0.605252,0.7505567928730512,2778,True
002779.jpg,002779,.jpg,54417,JPEG,RGB,640,640,1,,,,,False,640,640,332.3968045133515,106.09330368041992,65.01461900156818,0.14434051513671875,0.0,d00e6f953b5bd20a,True,0.4096,1.0,2779,True
002780.jpg,002780,.jpg,278581,JPEG,RGB,772,1029,1,,,,,False,772,1029,752.5213479296202,123.40067036946614,57.7723080567548,0.020818074544270832,0.0,c8b46d897eb6a0c9,True,0.794388,0.750242954324587,2780,True
002781.jpg,002781,.jpg,53709,JPEG,RGB,640,640,1,,,,,False,640,640,245.6001810720045,139.6315803527832,62.47841025418347,0.05173492431640625,0.020381927490234375,c0b4788b7fbe28c8,True,0.4096,1.0,2781,True
002782.jpg,002782,.jpg,293728,JPEG,RGB,809,1014,1,,,,,False,809,1014,2286.573732910593,172.92235849417892,48.413145943627875,0.0005409390318627451,0.0005696614583333334,a4f670e016976ed8,True,0.820326,0.7978303747534516,2782,True
002783.jpg,002783,.jpg,52638,JPEG,RGB,640,640,1,,,,,False,640,640,595.6750246209558,213.6936798095703,58.511238012779245,0.0,0.4755401611328125,d5b262852a972fc5,True,0.4096,1.0,2783,True
002784.jpg,002784,.jpg,365818,JPEG,RGB,805,960,1,,,,,False,805,960,1964.6269577198366,157.45106716200465,39.89039744842235,0.001962230477855478,0.00012292395104895106,91e00f6b323a5c3f,True,0.7728,0.8385416666666666,2784,True
002785.jpg,002785,.jpg,64366,JPEG,RGB,640,640,1,,,,,False,640,640,524.0330685718072,203.5102195739746,54.347722040419235,0.0,0.21698379516601562,9162457b725d417b,True,0.4096,1.0,2785,True
002786.jpg,002786,.jpg,248274,JPEG,RGB,794,846,1,,,,,False,794,846,981.2855500805553,143.5315464202183,52.48058732225427,0.003780372920997921,8.121101871101872e-06,d44a0a8d2fbe2eca,True,0.671724,0.9385342789598109,2786,True
002787.jpg,002787,.jpg,51737,JPEG,RGB,640,640,1,,,,,False,640,640,233.48624308685248,81.30326080322266,50.53104380767276,0.20391464233398438,0.0,d5c90a8d6fe52662,True,0.4096,1.0,2787,True
002788.jpg,002788,.jpg,1011413,JPEG,RGB,1500,2000,1,,,,,False,1500,2000,1119.2195193791347,123.0516866048177,64.35865862734624,0.0693511962890625,0.0020853678385416665,c9d636d613129b3a,True,3.0,0.75,2788,True
002789.jpg,002789,.jpg,63798,JPEG,RGB,640,640,1,,,,,False,640,640,506.0473647276958,85.0130500793457,63.157924061182804,0.2594032287597656,0.0,c9c536d61333563a,True,0.4096,1.0,2789,True
002790.jpg,002790,.jpg,162171,JPEG,RGB,550,733,1,,,,,False,550,733,457.8884827592927,137.13910929361978,50.71994503451575,0.0013682047526041667,0.0028635660807291665,d22a3f043f5d60da,True,0.40315,0.7503410641200545,2790,True
002791.jpg,002791,.jpg,46647,JPEG,RGB,640,640,1,,,,,False,640,640,125.56538151204586,182.84054946899414,60.79449196659316,0.0,0.1816864013671875,d0a92a850d5f76d9,True,0.4096,1.0,2791,True
002792.jpg,002792,.jpg,130231,JPEG,RGB,650,705,1,,,,,False,650,705,793.0019282965234,144.99515442929027,67.28132513549262,0.0032979674258474577,0.0023669226694915256,f4b115db7d689205,True,0.45825,0.9219858156028369,2792,True
002793.jpg,002793,.jpg,344888,JPEG,RGB,1005,1341,1,,,,,False,1005,1341,234.2192279431555,112.36737060546875,52.76039074497882,0.0127410888671875,2.0345052083333332e-05,d2883b8e905fc759,True,1.347705,0.7494407158836689,2793,True
002794.jpg,002794,.jpg,51379,JPEG,RGB,640,640,1,,,,,False,640,640,104.76773883751594,86.10572052001953,56.371503567132265,0.16326904296875,0.0,c08039b7903ddfd9,True,0.4096,1.0,2794,True
002795.jpg,002795,.jpg,191337,JPEG,RGB,732,975,1,,,,,False,732,975,414.2560336388803,139.25716145833334,58.117231867639774,0.02728271484375,0.0033213297526041665,879d323c73864aa7,True,0.7137,0.7507692307692307,2795,True
002796.jpg,002796,.jpg,45237,JPEG,RGB,640,640,1,,,,,False,640,640,158.10897988684883,94.35819244384766,59.32250726355057,0.18805694580078125,0.0,91c8703c7f660ee3,True,0.4096,1.0,2796,True
002797.jpg,002797,.jpg,325423,JPEG,RGB,853,1138,1,,,,,False,853,1138,597.9630380048314,132.76884969075522,62.192673486280704,0.069610595703125,0.0040435791015625,91422d36a9fad6c9,True,0.970714,0.7495606326889279,2797,True
002798.jpg,002798,.jpg,54286,JPEG,RGB,640,640,1,,,,,False,640,640,241.08557392178045,99.4100112915039,66.01084490501796,0.21057510375976562,0.0,d06b341b0dd3c5cd,True,0.4096,1.0,2798,True
002799.jpg,002799,.jpg,247098,JPEG,RGB,1084,772,1,,,,,False,1084,772,460.6096137977295,118.91553403253425,57.988261043047096,0.010284674657534246,0.0003531678082191781,957835d0172d2bd5,True,0.836848,1.4041450777202074,2799,True
002800.jpg,002800,.jpg,54345,JPEG,RGB,640,640,1,,,,,False,640,640,183.8947380632162,100.99943161010742,59.332527306035225,0.08953475952148438,0.0,957875d0372a0bd5,True,0.4096,1.0,2800,True
002801.jpg,002801,.jpg,346372,JPEG,RGB,756,1008,1,,,,,False,756,1008,1089.0429488245602,125.95527648925781,48.55865904508155,0.027455647786458332,0.0011189778645833333,a7d0607f1f3d84c4,True,0.762048,0.75,2801,True
002802.jpg,002802,.jpg,60863,JPEG,RGB,640,640,1,,,,,False,640,640,321.8256588911172,81.42921447753906,48.68645026641486,0.14618682861328125,0.0,82d1617e3e3d1cd4,True,0.4096,1.0,2802,True
002803.jpg,002803,.jpg,173811,JPEG,RGB,766,1021,1,,,,,False,766,1021,271.26178973157784,132.03768412272134,67.54516333202882,0.09149169921875,0.0005289713541666666,a33230f7c9c136f1,True,0.782086,0.7502448579823702,2803,True
002804.jpg,002804,.jpg,29466,JPEG,RGB,640,640,1,,,,,False,640,640,130.04785176784208,171.0257339477539,70.68969465196504,0.0,0.13138961791992188,952214f7cbc136b5,True,0.4096,1.0,2804,True
002805.jpg,002805,.jpg,847424,JPEG,RGB,1536,2048,1,2021:03:31 15:46:54,Apple,iPhone 11,14.4.1,True,1536,2048,1716.6958095372345,123.02306620279948,54.811403369601344,0.011057535807291666,0.0001373291015625,9ec3e87a34d092cb,True,3.145728,0.75,2805,True
002806.jpg,002806,.jpg,58429,JPEG,RGB,640,640,1,,,,,False,640,640,666.9994844395987,77.22723770141602,55.34361899232319,0.24898529052734375,0.0,97aae0f83490d2cf,True,0.4096,1.0,2806,True
002807.jpg,002807,.jpg,358355,JPEG,RGB,905,1207,1,,,,,False,905,1207,936.5407268942799,134.33919779459634,59.32108152837117,0.022857666015625,0.0,957538d391687dc2,True,1.092335,0.7497928748964374,2807,True
002808.jpg,002808,.jpg,47840,JPEG,RGB,640,640,1,,,,,False,640,640,361.10209109027346,73.71762084960938,55.63640750679806,0.22308349609375,0.0,94763a8357b94785,True,0.4096,1.0,2808,True
002809.jpg,002809,.jpg,613253,JPEG,RGB,949,1266,1,,,,,False,949,1266,1331.4517913559814,115.20061747233073,57.46561622537447,0.07000223795572917,0.0006459554036458334,d2fe0589712ee519,True,1.201434,0.7496050552922591,2809,True
002810.jpg,002810,.jpg,68948,JPEG,RGB,640,640,1,,,,,False,640,640,412.8870881758485,114.66157913208008,60.01043375189697,0.09661102294921875,0.0009918212890625,d2fe0d89712e4539,True,0.4096,1.0,2810,True
002811.jpg,002811,.jpg,323716,JPEG,RGB,965,1308,1,,,,,False,965,1308,434.07133475938764,139.1524574239418,60.753947610442594,0.06265500992063493,0.00027901785714285713,8353f4f807bd9216,True,1.26222,0.7377675840978594,2811,True
002812.jpg,002812,.jpg,47209,JPEG,RGB,640,640,1,,,,,False,640,640,167.70504241423623,117.43291091918945,62.8178027930704,0.12718963623046875,0.0,8257e47a1ff8125c,True,0.4096,1.0,2812,True
002813.jpg,002813,.jpg,210826,JPEG,RGB,731,991,1,,,,,False,731,991,339.9252513686759,123.39437107308201,58.10294029694908,0.05592241236772487,0.0001240079365079365,a1dfc0857cb758c8,True,0.724421,0.7376387487386479,2813,True
002814.jpg,002814,.jpg,51683,JPEG,RGB,640,640,1,,,,,False,640,640,152.47442898660665,87.67523574829102,59.16107793841618,0.17927932739257812,0.0,955ac1607e774ae8,True,0.4096,1.0,2814,True
002815.jpg,002815,.jpg,318883,JPEG,RGB,768,1022,1,,,,,False,768,1022,2875.291253479385,143.37032771915585,66.21638816885743,0.06504159902597402,0.001567573051948052,d4562ee877e94078,True,0.784896,0.7514677103718199,2815,True
002816.jpg,002816,.jpg,66079,JPEG,RGB,640,640,1,,,,,False,640,640,804.6635354121681,120.1196060180664,69.78814490655343,0.14902114868164062,0.0,d5222eec40ed5b6a,True,0.4096,1.0,2816,True
002817.jpg,002817,.jpg,310342,JPEG,RGB,776,1035,1,,,,,False,776,1035,562.3647914793497,115.64960225423177,56.49604966969029,0.0237579345703125,0.004048665364583333,fcd3131772ee2282,True,0.80316,0.7497584541062802,2817,True
002818.jpg,002818,.jpg,441678,JPEG,RGB,991,1321,1,,,,,False,991,1321,493.988335185141,114.84698994954427,57.99915777882503,0.06454976399739583,8.138020833333333e-05,890476b89743ebdc,True,1.309111,0.7501892505677517,2818,True
002819.jpg,002819,.jpg,44307,JPEG,RGB,640,640,1,,,,,False,640,640,191.62562982499367,145.96830368041992,63.289554264251166,0.0,0.05191802978515625,801f749b57637954,True,0.4096,1.0,2819,True
002820.jpg,002820,.jpg,430551,JPEG,RGB,852,1137,1,,,,,False,852,1137,1043.514525267373,116.09991963704427,55.759117308276124,0.03045654296875,0.0,ddf820405f62abb5,True,0.968724,0.7493403693931399,2820,True
002821.jpg,002821,.jpg,53939,JPEG,RGB,640,640,1,,,,,False,640,640,328.5043968031532,103.63157272338867,58.50218033355332,0.08327102661132812,0.0,c8f861535e22a5f5,True,0.4096,1.0,2821,True
002822.jpg,002822,.jpg,467481,JPEG,RGB,931,1242,1,,,,,False,931,1242,1079.3142251048444,133.16480000813803,57.952564148101374,0.044382731119791664,2.0345052083333332e-05,d215353c70d25acf,True,1.156302,0.749597423510467,2822,True
002823.jpg,002823,.jpg,51682,JPEG,RGB,640,640,1,,,,,False,640,640,304.79580059548607,76.71652603149414,56.13230008321831,0.21899795532226562,0.0,d230343e68db4b2f,True,0.4096,1.0,2823,True
002824.jpg,002824,.jpg,214323,JPEG,RGB,847,1128,1,,,,,False,847,1128,314.0723716442524,121.85255940755208,41.79545911202532,0.031504313151041664,0.0,ae09f3dc26418ecd,True,0.955416,0.750886524822695,2824,True
002825.jpg,002825,.jpg,38177,JPEG,RGB,640,640,1,,,,,False,640,640,120.39011079625925,78.10299682617188,44.469995094853765,0.15492630004882812,0.0,88bf65990f875c89,True,0.4096,1.0,2825,True
002826.jpg,002826,.jpg,372605,JPEG,RGB,883,1178,1,,,,,False,883,1178,419.6654333304357,107.0462646484375,66.58345516838571,0.132568359375,0.010004679361979166,d4b032c3e9ae8ea6,True,1.040174,0.7495755517826825,2826,True
002827.jpg,002827,.jpg,43628,JPEG,RGB,640,640,1,,,,,False,640,640,173.54531655470782,75.98849868774414,63.39409860779446,0.3340263366699219,0.0,d5f212c3e5ae8e24,True,0.4096,1.0,2827,True
002828.jpg,002828,.jpg,242314,JPEG,RGB,787,1051,1,,,,,False,787,1051,501.7240846560823,130.53841485802872,68.71912858016289,0.0901497225848564,0.0008465241514360313,d6a12bd070f570e5,True,0.827137,0.7488106565176023,2828,True
002829.jpg,002829,.jpg,43122,JPEG,RGB,640,640,1,,,,,False,640,640,251.0326297677675,163.80316162109375,69.53625808036476,0.0,0.16543197631835938,90fb3b9075f070e8,True,0.4096,1.0,2829,True
002830.jpg,002830,.jpg,311311,JPEG,RGB,974,1298,1,,,,,False,974,1298,402.80543751755954,116.5055643717448,71.29301972152447,0.155120849609375,0.0011494954427083333,95a028973f3af625,True,1.264252,0.7503852080123267,2830,True
002831.jpg,002831,.jpg,41402,JPEG,RGB,640,640,1,,,,,False,640,640,178.463029311446,109.05221939086914,71.79104982257981,0.19396209716796875,6.866455078125e-05,d58428953f7af425,True,0.4096,1.0,2831,True
002832.jpg,002832,.jpg,305747,JPEG,RGB,830,1107,1,,,,,False,830,1107,545.7653391956247,100.38535054524739,55.68156402891626,0.0772857666015625,0.0027720133463541665,cfb7387804837678,True,0.91881,0.7497741644083108,2832,True
002833.jpg,002833,.jpg,48821,JPEG,RGB,640,640,1,,,,,False,640,640,229.3516421988461,108.96884536743164,59.20868818606193,0.0728912353515625,0.006870269775390625,85a050783dcf536f,True,0.4096,1.0,2833,True
002834.jpg,002834,.jpg,241891,JPEG,RGB,725,967,1,,,,,False,725,967,390.1934639351805,105.78633626302083,60.49710304801405,0.11006673177083333,0.00017293294270833334,dcc730510af28dbd,True,0.701075,0.749741468459152,2834,True
002835.jpg,002835,.jpg,49032,JPEG,RGB,640,640,1,,,,,False,640,640,199.0995600567985,147.1695671081543,61.50104036683929,0.0,0.048366546630859375,d0cf705b1e621d71,True,0.4096,1.0,2835,True
002836.jpg,002836,.jpg,220212,JPEG,RGB,704,848,1,,,,,False,704,848,1440.66785720897,113.12443014705882,72.10339322759103,0.15869944852941176,0.0,e1b41f690f6d620d,True,0.596992,0.8301886792452831,2836,True
002837.jpg,002837,.jpg,196105,JPEG,RGB,714,960,1,,,,,False,714,960,717.6817627898911,124.44335424868767,62.434282381333674,0.04777210465879265,0.0,dbc8299dea97c284,True,0.68544,0.74375,2837,True
002838.jpg,002838,.jpg,47747,JPEG,RGB,640,640,1,,,,,False,640,640,268.5883945985115,154.00769424438477,65.65741472639424,0.0,0.094818115234375,d8c9699df636460c,True,0.4096,1.0,2838,True
002839.jpg,002839,.jpg,194091,JPEG,RGB,891,1188,1,,,,,False,891,1188,234.11054975291094,119.28842671712239,63.71677861223001,0.07224019368489583,0.014495849609375,98f92da4d61fc22a,True,1.058508,0.75,2839,True
002840.jpg,002840,.jpg,34794,JPEG,RGB,640,640,1,,,,,False,640,640,90.55147222656524,61.438629150390625,55.946022540906576,0.362091064453125,0.0,d0d82d1cd216db2f,True,0.4096,1.0,2840,True
002841.jpg,002841,.jpg,214170,JPEG,RGB,780,1039,1,,,,,False,780,1039,433.9600028929354,114.02126057942708,68.1948567592707,0.11411031087239583,0.0033620198567708335,d6c2276fbc90d8c8,True,0.81042,0.7507218479307026,2841,True
002842.jpg,002842,.jpg,37095,JPEG,RGB,640,640,1,,,,,False,640,640,148.95359254859795,70.72000503540039,63.74389444620305,0.3861656188964844,0.0,d6c4286d9a59d969,True,0.4096,1.0,2842,True
002843.jpg,002843,.jpg,232929,JPEG,RGB,825,1101,1,,,,,False,825,1101,565.8502808014293,111.78351338704427,60.1225100981418,0.08777364095052083,0.0,e6e62ad2252dde90,True,0.908325,0.7493188010899182,2843,True
002844.jpg,002844,.jpg,41553,JPEG,RGB,640,640,1,,,,,False,640,640,204.4955911430152,117.02313995361328,66.37358001606874,0.102569580078125,0.0027008056640625,84c07ed46d52da73,True,0.4096,1.0,2844,True
002845.jpg,002845,.jpg,447732,JPEG,RGB,1013,1351,1,,,,,False,1013,1351,904.0192921432512,115.49896240234375,67.75974622260554,0.1492156982421875,0.0009918212890625,d2c02cd2377f322d,True,1.368563,0.7498149518874907,2845,True
002846.jpg,002846,.jpg,50327,JPEG,RGB,640,640,1,,,,,False,640,640,280.2011643964215,151.76753997802734,71.51483764218163,0.0,0.09253692626953125,d0dd2d953f281237,True,0.4096,1.0,2846,True
002847.jpg,002847,.jpg,422432,JPEG,RGB,834,1111,1,,,,,False,834,1111,1944.3780530455213,126.53177388509114,68.5252289177696,0.031346638997395836,0.0006764729817708334,e55329d5659dd128,True,0.926574,0.7506750675067507,2847,True
002848.jpg,002848,.jpg,66841,JPEG,RGB,640,640,1,,,,,False,640,640,593.0574220183626,127.09954833984375,74.18581342022817,0.10923004150390625,0.00916290283203125,d46b15c074cae87e,True,0.4096,1.0,2848,True
002849.jpg,002849,.jpg,441004,JPEG,RGB,962,1283,1,,,,,False,962,1283,803.2707593754554,125.09258524576823,58.54180916891891,0.028035481770833332,0.0005137125651041666,cbb229cd30486bfc,True,1.234246,0.7498051441932969,2849,True
002850.jpg,002850,.jpg,55486,JPEG,RGB,640,640,1,,,,,False,640,640,308.74705897062086,142.34218215942383,64.61480493515403,0.00402069091796875,0.0458831787109375,c5b24947726831fd,True,0.4096,1.0,2850,True
002851.jpg,002851,.jpg,767873,JPEG,RGB,1536,2048,1,,,,,False,1536,2048,524.1947436924611,123.68412780761719,60.45596940754321,0.07895914713541667,0.0013020833333333333,84c2698a3d4b776d,True,3.145728,0.75,2851,True
002852.jpg,002852,.jpg,56693,JPEG,RGB,640,640,1,,,,,False,640,640,432.2838849652908,99.74232482910156,60.35625078364021,0.16242218017578125,0.0,84c26d8d3d4b726d,True,0.4096,1.0,2852,True
002853.jpg,002853,.jpg,290621,JPEG,RGB,763,1016,1,,,,,False,763,1016,1082.0402587095643,123.73595271915585,54.108015316071175,0.04226866883116883,1.5219155844155844e-05,91957e9f0a25c22f,True,0.775208,0.7509842519685039,2853,True
002854.jpg,002854,.jpg,59097,JPEG,RGB,640,640,1,,,,,False,640,640,335.1898836576729,110.35820388793945,59.064428462980175,0.1126251220703125,0.0,80c17edd5c3c5a3c,True,0.4096,1.0,2854,True
002855.jpg,002855,.jpg,452597,JPEG,RGB,995,1327,1,,,,,False,995,1327,1727.9017001688226,129.95033264160156,71.29417547297453,0.0123443603515625,0.00014750162760416666,c3bf34d4dbcbc040,True,1.320365,0.7498116051243406,2855,True
002856.jpg,002856,.jpg,57125,JPEG,RGB,640,640,1,,,,,False,640,640,506.49370130592433,110.12217330932617,75.15564868470216,0.1350555419921875,0.0,82a335d0d2dedbc1,True,0.4096,1.0,2856,True
002857.jpg,002857,.jpg,270629,JPEG,RGB,849,1133,1,,,,,False,849,1133,543.6857143075258,125.90369160970052,56.536990112849615,0.0508880615234375,0.0003458658854166667,85eb168f5da68916,True,0.961917,0.7493380406001765,2857,True
002858.jpg,002858,.jpg,49105,JPEG,RGB,640,640,1,,,,,False,640,640,201.68041948130121,110.94412612915039,60.9650445627376,0.12310409545898438,1.9073486328125e-05,85e81a855db7ec13,True,0.4096,1.0,2858,True
002859.jpg,002859,.jpg,135083,JPEG,RGB,635,846,1,,,,,False,635,846,314.47954840210474,140.66552225748697,60.304811205767535,0.0026906331380208335,7.120768229166667e-05,805d2a75e0674b6f,True,0.53721,0.7505910165484634,2859,True
002860.jpg,002860,.jpg,39036,JPEG,RGB,640,640,1,,,,,False,640,640,123.07165827600693,148.57606506347656,65.58383460740303,0.052326202392578125,0.001758575439453125,80185af665a747b7,True,0.4096,1.0,2860,True
002861.jpg,002861,.jpg,175588,JPEG,RGB,764,974,1,,,,,False,764,974,359.6329417356993,126.31405472636816,60.914172865731004,0.03487931436567164,0.027416627798507464,d1ad3925a9ea1a6a,True,0.744136,0.784394250513347,2861,True
002862.jpg,002862,.jpg,287144,JPEG,RGB,864,1152,1,,,,,False,864,1152,1360.923857468465,131.52955627441406,63.90403889724357,0.039484659830729164,0.0,d2bd29c291c7396a,True,0.995328,0.75,2862,True
002863.jpg,002863,.jpg,49688,JPEG,RGB,640,640,1,,,,,False,640,640,449.93783741793595,176.91161727905273,68.35803941945123,0.0,0.2042388916015625,c22c58d6556f3966,True,0.4096,1.0,2863,True
002864.jpg,002864,.jpg,751675,JPEG,RGB,2016,1512,6,2022:01:11 23:14:47,Apple,iPhone 11,15.1,True,1512,2016,487.4837981803705,127.35035705566406,51.954503689948744,0.022084554036458332,0.0015055338541666667,f78ad8471009a7bd,True,3.048192,0.75,2864,True
002865.jpg,002865,.jpg,48390,JPEG,RGB,640,640,1,,,,,False,640,640,225.58026752724254,168.2337875366211,56.54227392225521,0.0,0.12085723876953125,c59f50cf10164bbd,True,0.4096,1.0,2865,True
002866.jpg,002866,.jpg,628489,JPEG,RGB,1445,1927,1,,,,,False,1445,1927,415.97826202544906,132.87773640950522,56.78177872380292,0.024327596028645832,0.005406697591145833,c6e817a6f9332866,True,2.784515,0.7498702646600934,2866,True
002867.jpg,002867,.jpg,43807,JPEG,RGB,640,640,1,,,,,False,640,640,180.80975869354734,161.10357284545898,64.7940323475841,0.0,0.10309982299804688,d1ac0aa35ed3494f,True,0.4096,1.0,2867,True
002868.jpg,002868,.jpg,1332756,JPEG,RGB,1536,2048,1,,,,,False,1536,2048,1180.3377238828427,118.69147237141927,51.5034215104157,0.005254109700520833,1.0172526041666666e-05,849d3b7e6cb05949,True,3.145728,0.75,2868,True
002869.jpg,002869,.jpg,78437,JPEG,RGB,640,640,1,,,,,False,640,640,570.4963497195713,108.67253112792969,54.13485757556035,0.0483856201171875,0.0,84993b7e6cb05969,True,0.4096,1.0,2869,True
002870.jpg,002870,.jpg,324392,JPEG,RGB,873,1164,1,,,,,False,873,1164,465.1471193656066,130.7627970377604,57.27203086518474,0.030965169270833332,0.004735310872395833,b8c7c936357225c9,True,1.016172,0.75,2870,True
002871.jpg,002871,.jpg,49338,JPEG,RGB,640,640,1,,,,,False,640,640,185.92829480369983,117.29043579101562,64.66631595747693,0.11535263061523438,0.00238800048828125,a0c74bb2357267a9,True,0.4096,1.0,2871,True
002872.jpg,002872,.jpg,332254,JPEG,RGB,795,1060,1,,,,,False,795,1060,806.0322078117684,119.40779622395833,59.3072869153522,0.048858642578125,0.0012613932291666667,885f09cdc4bb5ec8,True,0.8427,0.75,2872,True
002873.jpg,002873,.jpg,53960,JPEG,RGB,640,640,1,,,,,False,640,640,244.6589518920373,63.317928314208984,53.005244010048735,0.3422508239746094,0.0,897c1bc565335ca5,True,0.4096,1.0,2873,True
002874.jpg,002874,.jpg,333809,JPEG,RGB,937,1248,1,,,,,False,937,1248,995.5365436261054,135.00423177083334,60.95615918916414,0.050532023111979164,0.0015055338541666667,81526c2d2f3b167d,True,1.169376,0.750801282051282,2874,True
002875.jpg,002875,.jpg,53637,JPEG,RGB,640,640,1,,,,,False,640,640,298.1049604842992,161.02268600463867,65.65320677312313,0.0,0.0928802490234375,80526c6d2f7a1779,True,0.4096,1.0,2875,True
002876.jpg,002876,.jpg,228273,JPEG,RGB,680,923,1,,,,,False,680,923,739.4884452996967,114.86397028348806,57.893623421703445,0.01777499171087533,0.0009895142572944296,80b01fc5691f4e6f,True,0.62764,0.7367280606717227,2876,True
002877.jpg,002877,.jpg,52947,JPEG,RGB,640,640,1,,,,,False,640,640,245.91010787522828,113.42155838012695,61.50316310920255,0.06324386596679688,0.001857757568359375,91a01fc16c5a6e7e,True,0.4096,1.0,2877,True
002878.jpg,002878,.jpg,367548,JPEG,RGB,1011,1348,1,,,,,False,1011,1348,153.38051729584632,118.89161682128906,58.00819547181927,0.0303955078125,4.0690104166666664e-05,9bc930334f07e966,True,1.362828,0.75,2878,True
002879.jpg,002879,.jpg,49258,JPEG,RGB,640,640,1,,,,,False,640,640,89.38261502835667,95.51394271850586,60.71899498951408,0.16395187377929688,0.0,80db35b25f05f22d,True,0.4096,1.0,2879,True
002880.jpg,002880,.jpg,356912,JPEG,RGB,834,1112,1,,,,,False,834,1112,915.2153921672658,114.125,66.13288717939768,0.0433502197265625,0.0009358723958333334,b1df2d4023db2a33,True,0.927408,0.75,2880,True
002881.jpg,002881,.jpg,56467,JPEG,RGB,640,640,1,,,,,False,640,640,327.649428114295,136.99942016601562,69.45448008840965,0.0,0.0624542236328125,d5cb0ce8239c6b39,True,0.4096,1.0,2881,True
002882.jpg,002882,.jpg,201506,JPEG,RGB,742,988,1,,,,,False,742,988,475.5757553649788,116.27073863636363,55.56187845786087,0.08655133928571429,0.0,88da2dc125d8f15f,True,0.733096,0.7510121457489879,2882,True
002883.jpg,002883,.jpg,48720,JPEG,RGB,640,640,1,,,,,False,640,640,169.14408814346825,115.53222274780273,59.64005669440963,0.10675048828125,0.0,98dc3d476358615e,True,0.4096,1.0,2883,True
002884.jpg,002884,.jpg,350723,JPEG,RGB,802,1069,1,,,,,False,802,1069,2095.666127158717,121.01163736979167,64.91616216645306,0.040471394856770836,0.0005340576171875,a9420ffa6a80fe95,True,0.857338,0.7502338634237605,2884,True
002885.jpg,002885,.jpg,59453,JPEG,RGB,640,640,1,,,,,False,640,640,585.7940353238373,169.8882179260254,62.895433854200604,0.0,0.17676544189453125,a5400ffa4a167e57,True,0.4096,1.0,2885,True
002886.jpg,002886,.jpg,277104,JPEG,RGB,898,1199,1,,,,,False,898,1199,454.0267413547191,137.7094178361619,61.272707117940286,0.018419549608355092,0.0,baca299994d9463b,True,1.076702,0.7489574645537949,2886,True
002887.jpg,002887,.jpg,46849,JPEG,RGB,640,640,1,,,,,False,640,640,149.45025973388692,76.54792785644531,55.89866583617035,0.27971649169921875,0.0,b04f29d95749262f,True,0.4096,1.0,2887,True
002888.jpg,002888,.jpg,471268,JPEG,RGB,1004,1339,1,,,,,False,1004,1339,896.2371571237585,145.97667439778647,50.97367453848452,0.006495157877604167,2.5431315104166668e-05,8bd439914d4e85f9,True,1.344356,0.7498132935026139,2888,True
002889.jpg,002889,.jpg,55549,JPEG,RGB,640,640,1,,,,,False,640,640,274.65523042011773,91.51321029663086,52.730075933441995,0.14722824096679688,0.0,88f43bb159ce0d8b,True,0.4096,1.0,2889,True
002890.jpg,002890,.jpg,222061,JPEG,RGB,737,982,1,,,,,False,737,982,1132.7427196750002,137.42923990885416,62.644943892449504,0.034174601236979164,5.086263020833333e-06,adde3690307bc435,True,0.723734,0.7505091649694501,2890,True
002891.jpg,002891,.jpg,52146,JPEG,RGB,640,640,1,,,,,False,640,640,355.1098512100143,124.6769027709961,68.5075842650502,0.12571334838867188,0.0,81ca35c0735bc779,True,0.4096,1.0,2891,True
002892.jpg,002892,.jpg,276994,JPEG,RGB,916,1221,1,,,,,False,916,1221,377.63394090509973,152.18856811523438,54.865431477536994,0.0006205240885416666,0.0,943cd1b0b7a3f0c3,True,1.118436,0.7502047502047502,2892,True
002893.jpg,002893,.jpg,39351,JPEG,RGB,640,640,1,,,,,False,640,640,162.52693224731775,172.72174453735352,66.15780922406611,0.0,0.14169692993164062,803f51b137b7b1a4,True,0.4096,1.0,2893,True
002894.jpg,002894,.jpg,281935,JPEG,RGB,788,1050,1,,,,,False,788,1050,1138.753585158511,125.25422668457031,57.34465275829657,0.0597991943359375,0.0003255208333333333,fb7460268d439c73,True,0.8274,0.7504761904761905,2894,True
002895.jpg,002895,.jpg,45741,JPEG,RGB,640,640,1,,,,,False,640,640,378.3686665191635,106.20767593383789,60.267745413417565,0.13880538940429688,0.0,fa35603c89875daa,True,0.4096,1.0,2895,True
002896.jpg,002896,.jpg,417286,JPEG,RGB,1342,1007,1,,,,,False,1342,1007,710.6243978806823,133.4168497721354,60.17371967403002,0.020528157552083332,5.086263020833333e-06,83ee518f60c99eb1,True,1.351394,1.3326713008937439,2896,True
002897.jpg,002897,.jpg,45745,JPEG,RGB,640,640,1,,,,,False,640,640,258.5287964235613,156.42788696289062,66.97725509985352,0.0,0.03835296630859375,91ee508d3ae08fb3,True,0.4096,1.0,2897,True
002898.jpg,002898,.jpg,273065,JPEG,RGB,873,1164,1,,,,,False,873,1164,239.47500164597295,146.85157267252603,55.745223023155766,0.014760335286458334,0.0002695719401041667,b9f508b214c99c7b,True,1.016172,0.75,2898,True
002899.jpg,002899,.jpg,39221,JPEG,RGB,640,640,1,,,,,False,640,640,117.69635742530227,114.09868621826172,60.090699719615685,0.13454818725585938,0.0,d9d5093249ca1e7b,True,0.4096,1.0,2899,True
002900.jpg,002900,.jpg,160437,JPEG,RGB,740,967,1,,,,,False,740,967,180.40270672672145,137.9827806122449,47.89968752112598,0.0029844945790816328,0.00034877232142857144,9c3903df48cb8a2f,True,0.71558,0.765253360910031,2900,True
002901.jpg,002901,.jpg,36959,JPEG,RGB,640,640,1,,,,,False,640,640,77.62097307667136,83.85463333129883,52.64090289174795,0.17218399047851562,0.0,985f07d44b490f79,True,0.4096,1.0,2901,True
002902.jpg,002902,.jpg,317808,JPEG,RGB,773,1031,1,,,,,False,773,1031,1123.616009141603,141.11524454752603,60.01073600462388,0.0311431884765625,2.5431315104166668e-05,95ea90d57a2bc0d5,True,0.796963,0.7497575169738119,2902,True
002903.jpg,002903,.jpg,51835,JPEG,RGB,640,640,1,,,,,False,640,640,363.53264448929986,169.7512092590332,69.31851632803384,0.0,0.08823394775390625,94ed579515354a8e,True,0.4096,1.0,2903,True
002904.jpg,002904,.jpg,567033,JPEG,RGB,1536,2048,1,,,,,False,1536,2048,180.70133046547164,170.59235636393228,46.907747837815705,0.0176239013671875,0.006444295247395833,c13f053d155a5769,True,3.145728,0.75,2904,True
002905.jpg,002905,.jpg,172277,JPEG,RGB,678,903,1,,,,,False,678,903,380.0153391344681,137.55704752604166,54.35015138395964,0.036046346028645836,0.0006968180338541666,c61b2d926c5b648f,True,0.612234,0.7508305647840532,2905,True
002906.jpg,002906,.jpg,37634,JPEG,RGB,640,640,1,,,,,False,640,640,138.1504135131836,164.33129119873047,63.366922760967164,0.0,0.06917953491210938,c01f2c9275ca76ec,True,0.4096,1.0,2906,True
002907.jpg,002907,.jpg,704653,JPEG,RGB,2048,1536,1,2021:03:31 13:39:11,Apple,iPhone 11,14.4.1,True,2048,1536,640.158761048379,107.07377115885417,49.39940638336672,0.025634765625,0.0,e38f313ac58e7468,True,3.145728,1.3333333333333333,2907,True
002908.jpg,002908,.jpg,57158,JPEG,RGB,640,640,1,,,,,False,640,640,276.57115340139717,110.78768920898438,52.56029897358804,0.053379058837890625,0.001110076904296875,c0bf2176c5956665,True,0.4096,1.0,2908,True
002909.jpg,002909,.jpg,154349,JPEG,RGB,760,1013,1,,,,,False,760,1013,87.38308199236376,122.38789876302083,67.28419690779931,0.09706624348958333,0.000701904296875,dbb031cb9e384917,True,0.76988,0.7502467917077986,2909,True
002910.jpg,002910,.jpg,33325,JPEG,RGB,640,640,1,,,,,False,640,640,51.330685939406976,73.7022819519043,62.511449256337485,0.3587493896484375,0.0,c0b030cb9f3c7973,True,0.4096,1.0,2910,True
002911.jpg,002911,.jpg,661591,JPEG,RGB,1536,2048,1,,,,,False,1536,2048,184.76112794710528,115.41400146484375,57.33060623026601,0.0330657958984375,0.006047566731770833,88d66d325dabb0c3,True,3.145728,0.75,2911,True
002912.jpg,002912,.jpg,44219,JPEG,RGB,640,640,1,,,,,False,640,640,107.88361003877071,165.05155563354492,57.56476727639696,0.0,0.08776092529296875,91d55f225dab808f,True,0.4096,1.0,2912,True
002913.jpg,002913,.jpg,484705,JPEG,RGB,1045,1394,1,,,,,False,1045,1394,1552.966143394898,139.53425089518228,62.8263590734156,0.07700093587239583,0.004206339518229167,d2ad29612d776326,True,1.45673,0.7496413199426112,2913,True
002914.jpg,002914,.jpg,57244,JPEG,RGB,640,640,1,,,,,False,640,640,503.4310370082385,156.6339111328125,67.30755362394149,0.053531646728515625,0.02191925048828125,d0ad25642d757a6c,True,0.4096,1.0,2914,True
002915.jpg,002915,.jpg,297918,JPEG,RGB,881,1174,1,,,,,False,881,1174,581.6809798574285,132.69840494791666,48.97325590985542,0.028584798177083332,0.0005544026692708334,e9ce7043746d0b69,True,1.034294,0.7504258943781942,2915,True
002916.jpg,002916,.jpg,42744,JPEG,RGB,640,640,1,,,,,False,640,640,173.7161696916446,175.56210708618164,56.882038086249935,0.0,0.0843048095703125,d4ca14614b6d4b7d,True,0.4096,1.0,2916,True
002917.jpg,002917,.jpg,662446,JPEG,RGB,987,1316,1,,,,,False,987,1316,3054.682204278703,119.75311279296875,70.81905421865257,0.0377655029296875,0.0018259684244791667,81c9773f8189c1f9,True,1.298892,0.75,2917,True
002918.jpg,002918,.jpg,80877,JPEG,RGB,640,640,1,,,,,False,640,640,1011.0226666316739,108.13096618652344,72.19635879308636,0.10943984985351562,3.814697265625e-05,81c1633f3b8bc7d0,True,0.4096,1.0,2918,True
002919.jpg,002919,.jpg,242532,JPEG,RGB,848,1132,1,,,,,False,848,1132,491.40818361852627,132.54031880696616,59.8084733891436,0.006510416666666667,4.0690104166666664e-05,86d1c10a426fdfd6,True,0.959936,0.7491166077738516,2919,True
002920.jpg,002920,.jpg,43909,JPEG,RGB,640,640,1,,,,,False,640,640,225.02538192435168,149.98938751220703,64.86247819001598,0.0037078857421875,0.028804779052734375,80d9c05a6b6f5bd4,True,0.4096,1.0,2920,True
002921.jpg,002921,.jpg,342962,JPEG,RGB,1009,1345,1,,,,,False,1009,1345,481.23097834919804,140.53141276041666,56.34782608450321,0.023854573567708332,1.52587890625e-05,93dc28e3b52372c5,True,1.357105,0.7501858736059479,2921,True
002922.jpg,002922,.jpg,44704,JPEG,RGB,640,640,1,,,,,False,640,640,200.49649696046254,103.33598327636719,60.36756614069904,0.17444992065429688,0.0,91c82863fd6b554e,True,0.4096,1.0,2922,True
002923.jpg,002923,.jpg,349091,JPEG,RGB,1010,1347,1,,,,,False,1010,1347,500.0294903714416,141.95472717285156,58.92806561432275,0.021906534830729168,0.0032450358072916665,87740c476f7e252a,True,1.36047,0.7498144023756496,2923,True
002924.jpg,002924,.jpg,44536,JPEG,RGB,640,640,1,,,,,False,640,640,272.20122673525475,111.53005599975586,59.95409325723336,0.1142730712890625,0.0,c53e6c436f6e242a,True,0.4096,1.0,2924,True
002925.jpg,002925,.jpg,269409,JPEG,RGB,721,961,1,,,,,False,721,961,3375.582966758326,122.25161234537761,67.56840255465475,0.057505289713541664,0.0016886393229166667,be5905b60db2c596,True,0.692881,0.7502601456815817,2925,True
002926.jpg,002926,.jpg,62148,JPEG,RGB,640,640,1,,,,,False,640,640,938.5682510733604,112.67757415771484,68.43114073095524,0.1031646728515625,0.000152587890625,b649057e0dd34d5a,True,0.4096,1.0,2926,True
002927.jpg,002927,.jpg,1151214,JPEG,RGB,1536,2048,1,,,,,False,1536,2048,638.2567489096481,125.47816975911458,64.11869559147348,0.10481770833333333,5.0862630208333336e-05,81d438d2637f5c3a,True,3.145728,0.75,2927,True
002928.jpg,002928,.jpg,57835,JPEG,RGB,640,640,1,,,,,False,640,640,310.71065376080514,124.28905868530273,69.93485524534974,0.15443801879882812,0.000118255615234375,85c03cd263754d3f,True,0.4096,1.0,2928,True
002929.jpg,002929,.jpg,366268,JPEG,RGB,989,1318,1,,,,,False,989,1318,260.4018605698107,127.9349365234375,52.97905839094125,0.00445556640625,0.0003814697265625,a587d170b5253373,True,1.303502,0.7503793626707133,2929,True
002930.jpg,002930,.jpg,35114,JPEG,RGB,640,640,1,,,,,False,640,640,132.5409708879888,149.46244430541992,57.981985920761716,0.0,0.026214599609375,a19fd17014a573b3,True,0.4096,1.0,2930,True
002931.jpg,002931,.jpg,206715,JPEG,RGB,732,977,1,,,,,False,732,977,512.939778836832,137.84216817220053,41.38476615166819,0.014302571614583334,4.0690104166666664e-05,a8c1bc120ff92fd1,True,0.715164,0.7492323439099283,2931,True
002932.jpg,002932,.jpg,653881,JPEG,RGB,1057,1409,1,,,,,False,1057,1409,1506.673003156566,152.08364868164062,61.32509108380086,0.056223551432291664,6.103515625e-05,aacf253e958b8c94,True,1.489313,0.7501774308019872,2932,True
002933.jpg,002933,.jpg,60929,JPEG,RGB,640,640,1,,,,,False,640,640,432.76200305012753,196.8578643798828,59.47212733327749,0.0,0.30098724365234375,88ca352c3fab1f94,True,0.4096,1.0,2933,True
002934.jpg,002934,.jpg,357351,JPEG,RGB,686,863,1,,,,,False,686,863,2661.6000534495943,127.8552480036855,53.75455551541021,0.015202702702702704,0.0002639358108108108,80576f101f7b6467,True,0.592018,0.7949015063731171,2934,True
002935.jpg,002935,.jpg,86290,JPEG,RGB,640,640,1,,,,,False,640,640,901.119457549823,124.17219543457031,53.891467313898666,0.033382415771484375,9.5367431640625e-05,90476d90173f6c67,True,0.4096,1.0,2935,True
002936.jpg,002936,.jpg,287314,JPEG,RGB,825,1100,1,,,,,False,825,1100,279.9804606907225,127.34995015462239,62.904818022710586,0.035868326822916664,0.0020599365234375,a8878bfc48613797,True,0.9075,0.75,2936,True
002937.jpg,002937,.jpg,50309,JPEG,RGB,640,640,1,,,,,False,640,640,162.6347468420281,158.60815811157227,63.98323463530227,0.0,0.071075439453125,a8874bfc406377a3,True,0.4096,1.0,2937,True
002938.jpg,002938,.jpg,342790,JPEG,RGB,874,1166,1,,,,,False,874,1166,1449.041170295328,116.58099873860677,66.8819536949782,0.042551676432291664,0.000762939453125,da0d21316dc3d877,True,1.019084,0.7495711835334476,2938,True
002939.jpg,002939,.jpg,322919,JPEG,RGB,886,1181,1,,,,,False,886,1181,565.670886263148,137.79248046875,57.36693300549804,0.0348358154296875,0.0004831949869791667,cb242da534caf4da,True,1.046366,0.7502116850127011,2939,True
002940.jpg,002940,.jpg,44572,JPEG,RGB,640,640,1,,,,,False,640,640,182.01676167710684,82.55617141723633,56.656228214379865,0.24380874633789062,0.0,c92625a534c37ec7,True,0.4096,1.0,2940,True
002941.jpg,002941,.jpg,308034,JPEG,RGB,1126,828,1,,,,,False,1126,828,1176.0178804116695,125.79888526429521,48.01944682002608,0.007007355385638298,5.194481382978723e-06,f2956d6a052d85ea,True,0.932328,1.3599033816425121,2941,True
002942.jpg,002942,.jpg,55183,JPEG,RGB,640,640,1,,,,,False,640,640,381.40045176795684,180.13729858398438,50.619137209249196,0.0,0.10448455810546875,d255696a253d85da,True,0.4096,1.0,2942,True
002943.jpg,002943,.jpg,147748,JPEG,RGB,547,850,1,,,,,False,547,850,801.8158006113637,124.01208087955926,49.024034251242675,0.05932394566869301,5.3428951367781156e-05,f623c30c8d72cb8e,True,0.46495,0.6435294117647059,2943,True
002944.jpg,002944,.jpg,42513,JPEG,RGB,640,640,1,,,,,False,640,640,273.21674072550377,137.0170135498047,58.56482274613067,0.0,0.006328582763671875,f722c04c187bc96f,True,0.4096,1.0,2944,True
002945.jpg,002945,.jpg,384906,JPEG,RGB,935,1247,1,,,,,False,935,1247,1152.8835935927664,150.02567036946616,61.673657357161005,0.043294270833333336,0.0001373291015625,8cd209b30e79eab9,True,1.165945,0.7497995188452286,2945,True
002946.jpg,002946,.jpg,676206,JPEG,RGB,2048,1536,1,2021:02:13 15:50:33,Apple,iPhone 11,14.4,True,2048,1536,473.088343240295,108.35221862792969,51.46883144004183,0.0011545817057291667,0.0,f1912fce68604e97,True,3.145728,1.3333333333333333,2946,True
002947.jpg,002947,.jpg,43634,JPEG,RGB,640,640,1,,,,,False,640,640,206.45213865110418,89.76382064819336,55.849280202210664,0.10800552368164062,0.0,e0c32ace7d6886f1,True,0.4096,1.0,2947,True
002948.jpg,002948,.jpg,226791,JPEG,RGB,756,1008,1,,,,,False,756,1008,426.63030127518715,132.13304646809897,56.9821281644319,0.015324910481770834,0.0,f6ad33b7827421d0,True,0.762048,0.75,2948,True
002949.jpg,002949,.jpg,46477,JPEG,RGB,640,640,1,,,,,False,640,640,218.66241041185276,129.55966567993164,62.98083915486654,0.06797027587890625,0.0,d0a970f5d6741bd0,True,0.4096,1.0,2949,True
002950.jpg,002950,.jpg,322777,JPEG,RGB,1193,895,1,,,,,False,1193,895,538.0187451702853,137.03114318847656,65.17038365541163,0.032216389973958336,0.0001220703125,87441f5ada2b6ad2,True,1.067735,1.3329608938547486,2950,True
002951.jpg,002951,.jpg,50737,JPEG,RGB,640,640,1,,,,,False,640,640,199.704506096532,137.17671966552734,70.04007024437904,0.07028961181640625,0.023162841796875,80573e5ed22fc8d4,True,0.4096,1.0,2951,True
002952.jpg,002952,.jpg,436877,JPEG,RGB,1027,1370,1,,,,,False,1027,1370,977.762460247924,134.90754191080728,60.08762587157152,0.018992106119791668,0.0001220703125,c9ff2cb0033c33b4,True,1.40699,0.7496350364963503,2952,True
002953.jpg,002953,.jpg,322059,JPEG,RGB,901,1201,1,,,,,False,901,1201,606.3137154119452,133.7396697998047,46.48313934584943,0.016469319661458332,4.0690104166666664e-05,89c4304ff3fc0937,True,1.082101,0.7502081598667777,2953,True
002954.jpg,002954,.jpg,264723,JPEG,RGB,924,1086,1,,,,,False,924,1086,328.3366466007011,127.9717692803899,45.92100229611372,0.021179759174311925,0.002248781536697248,cfe0b4856bf2418d,True,1.003464,0.850828729281768,2954,True
002955.jpg,002955,.jpg,603746,JPEG,RGB,1449,1932,1,2021:12:08 23:53:19,Apple,iPhone 11,15.1,True,1449,1932,888.973086666083,124.75506591796875,75.1431368956178,0.10715738932291667,7.120768229166667e-05,b6ffc0c9c0c728a3,True,2.799468,0.75,2955,True
002956.jpg,002956,.jpg,361661,JPEG,RGB,813,1084,1,,,,,False,813,1084,1950.5992394747834,135.37628173828125,59.883075323075545,0.06276448567708333,0.000701904296875,da5a27cb3810ed8e,True,0.881292,0.75,2956,True
002957.jpg,002957,.jpg,56088,JPEG,RGB,640,640,1,,,,,False,640,640,704.9263924341067,155.45737075805664,63.99164972721612,0.003650665283203125,0.01470947265625,d05b2fc83935ce0e,True,0.4096,1.0,2957,True
002958.jpg,002958,.jpg,332479,JPEG,RGB,758,1011,1,,,,,False,758,1011,1710.9781515949871,103.38423156738281,54.78754135454994,0.0854339599609375,4.0690104166666664e-05,96091ff9208abb3d,True,0.766338,0.7497527200791295,2958,True
002959.jpg,002959,.jpg,52638,JPEG,RGB,640,640,1,,,,,False,640,640,470.0376800442464,148.51609420776367,54.600078915917564,0.0,0.055210113525390625,94471dc124df3b2d,True,0.4096,1.0,2959,True
002960.jpg,002960,.jpg,291587,JPEG,RGB,829,1107,1,,,,,False,829,1107,538.1027132116258,122.96146275293734,50.5178646178882,0.015854479438642297,0.0013156821148825066,dc68430f3176f263,True,0.917703,0.7488708220415538,2960,True
002961.jpg,002961,.jpg,296313,JPEG,RGB,786,1048,1,,,,,False,786,1048,592.8681908836588,109.49514261881511,59.355582992222416,0.06806437174479167,0.0,f75ce8a9d2a98192,True,0.823728,0.75,2961,True
002962.jpg,002962,.jpg,287600,JPEG,RGB,766,1021,1,,,,,False,766,1021,1011.8724739103474,139.51918029785156,46.88244589685753,0.0055999755859375,0.00012715657552083334,93d735d42844c4fb,True,0.782086,0.7502448579823702,2962,True
002963.jpg,002963,.jpg,283391,JPEG,RGB,775,1033,1,,,,,False,775,1033,549.8990909453067,121.12330118815105,54.01486184894385,0.0384521484375,0.0006256103515625,de8127aca0c28def,True,0.800575,0.750242013552759,2963,True
002964.jpg,002964,.jpg,355378,JPEG,RGB,815,1087,1,,,,,False,815,1087,804.3828010235961,134.0276641845703,54.59721763398667,0.019307454427083332,0.0003306070963541667,d197357a30ac8c5e,True,0.885905,0.749770009199632,2964,True
002965.jpg,002965,.jpg,47593,JPEG,RGB,640,640,1,,,,,False,640,640,260.1380577823147,106.25985336303711,58.73152539114729,0.098846435546875,0.0,c19d355a72348cbe,True,0.4096,1.0,2965,True
002966.jpg,002966,.jpg,339042,JPEG,RGB,934,1246,1,,,,,False,934,1246,692.8430073555145,128.3500773111979,67.11557502823749,0.07928975423177083,0.011469523111979166,94b92bf1519329b9,True,1.163764,0.7495987158908507,2966,True
002967.jpg,002967,.jpg,52019,JPEG,RGB,640,640,1,,,,,False,640,640,275.15527850663057,123.66707992553711,70.05179924805495,0.12247467041015625,0.009296417236328125,90a92fd5524b695e,True,0.4096,1.0,2967,True
002968.jpg,002968,.jpg,426673,JPEG,RGB,959,1278,1,,,,,False,959,1278,2063.476656598945,133.48486836751303,75.1014455041859,0.043863932291666664,5.0862630208333336e-05,c936242c6acbfd16,True,1.225602,0.7503912363067292,2968,True
002969.jpg,002969,.jpg,470857,JPEG,RGB,953,1271,1,,,,,False,953,1271,2730.704597151295,103.66903686523438,51.10632083610378,0.008961995442708334,0.0006357828776041666,aba8c0907cbb3cf8,True,1.211263,0.7498033044846577,2969,True
002970.jpg,002970,.jpg,705306,JPEG,RGB,1536,2048,1,2021:02:13 15:03:23,Apple,iPhone 11,14.4,True,1536,2048,246.8784522860983,113.50201924641927,61.46816106422336,0.032175699869791664,0.001220703125,899437c9d9c2d974,True,3.145728,0.75,2970,True
002971.jpg,002971,.jpg,50007,JPEG,RGB,640,640,1,,,,,False,640,640,160.54388749772625,150.83937454223633,63.55558661370895,0.0,0.077178955078125,9d9e32c9da435c70,True,0.4096,1.0,2971,True
002972.jpg,002972,.jpg,429099,JPEG,RGB,1033,1378,1,,,,,False,1033,1378,498.17153171819837,121.59578959147136,63.22627104675092,0.041056315104166664,0.0006663004557291666,e69f318d9c319712,True,1.423474,0.7496371552975326,2972,True
002973.jpg,002973,.jpg,50606,JPEG,RGB,640,640,1,,,,,False,640,640,247.32937029724417,90.4670295715332,65.56660089419773,0.2548484802246094,0.0,c0bf078c9d669993,True,0.4096,1.0,2973,True
002974.jpg,002974,.jpg,235084,JPEG,RGB,784,1046,1,,,,,False,784,1046,320.95797060468857,115.90977478027344,57.03045556733124,0.0596160888671875,0.0007222493489583334,8c8f43d52fe9d061,True,0.820064,0.7495219885277247,2974,True
002975.jpg,002975,.jpg,41759,JPEG,RGB,640,640,1,,,,,False,640,640,99.7193194283027,161.6023826599121,61.225644937821436,0.0,0.08671188354492188,808e0fce2eaad6e3,True,0.4096,1.0,2975,True
002976.jpg,002976,.jpg,340466,JPEG,RGB,925,1233,1,,,,,False,925,1233,528.5035990392789,134.15533447265625,65.03816495897544,0.039026896158854164,0.0029551188151041665,cdb426ed325171c5,True,1.140525,0.7502027575020276,2976,True
002977.jpg,002977,.jpg,48216,JPEG,RGB,640,640,1,,,,,False,640,640,178.58853688644012,98.09206771850586,65.51265562099391,0.19061660766601562,0.0,cdb627ed32106947,True,0.4096,1.0,2977,True
002978.jpg,002978,.jpg,269041,JPEG,RGB,753,925,1,,,,,False,753,925,649.4800310969995,132.2744304556355,45.01873145541615,0.010880358213429257,0.00042153776978417264,d5954bd254b70e92,True,0.696525,0.8140540540540541,2978,True
002979.jpg,002979,.jpg,60593,JPEG,RGB,640,640,1,,,,,False,640,640,266.25913559499895,98.26223754882812,46.63727875242993,0.122283935546875,0.0,d595438354972d9b,True,0.4096,1.0,2979,True
002980.jpg,002980,.jpg,1091204,JPEG,RGB,1536,2048,1,,,,,False,1536,2048,969.2908331559091,127.47943115234375,46.24496431554687,0.032623291015625,0.0003611246744791667,bca672cb75942f80,True,3.145728,0.75,2980,True
002981.jpg,002981,.jpg,63833,JPEG,RGB,640,640,1,,,,,False,640,640,370.90692443829903,81.6902084350586,47.811110286168365,0.16875457763671875,0.0,95b5728b69d41785,True,0.4096,1.0,2981,True
002982.jpg,002982,.jpg,263329,JPEG,RGB,714,952,1,,,,,False,714,952,1204.6262496839952,126.20758056640625,54.69676968601063,0.028722127278645832,0.00014241536458333334,c6f9b3e2444f00b7,True,0.679728,0.75,2982,True
002983.jpg,002983,.jpg,56872,JPEG,RGB,640,640,1,,,,,False,640,640,378.02759693562984,112.2120361328125,59.62254498571326,0.09460067749023438,0.0,84b895e25ccf6b86,True,0.4096,1.0,2983,True
002984.jpg,002984,.jpg,332015,JPEG,RGB,856,1141,1,,,,,False,856,1141,594.1824010783392,127.07939147949219,49.82441530133205,0.045435587565104164,0.0,887629331db997d2,True,0.976696,0.7502191060473269,2984,True
002985.jpg,002985,.jpg,51374,JPEG,RGB,640,640,1,,,,,False,640,640,200.58733615161327,105.149169921875,54.04511682220797,0.130096435546875,0.0,d47a685305f8575a,True,0.4096,1.0,2985,True
002986.jpg,002986,.jpg,288113,JPEG,RGB,760,1013,1,,,,,False,760,1013,1116.5655012071754,129.0164337158203,56.7816700180792,0.016866048177083332,0.0022074381510416665,e8d495e28ff026a9,True,0.76988,0.7502467917077986,2986,True
002987.jpg,002987,.jpg,53289,JPEG,RGB,640,640,1,,,,,False,640,640,356.3677476046141,146.25535583496094,60.02892186494497,0.0001068115234375,0.019985198974609375,fd5615220fb056b5,True,0.4096,1.0,2987,True
002988.jpg,002988,.jpg,290154,JPEG,RGB,804,1071,1,,,,,False,804,1071,1721.4930602643233,131.20588175455728,55.26963861348752,0.0442047119140625,9.663899739583333e-05,96d236efa35209b1,True,0.861084,0.7507002801120448,2988,True
002989.jpg,002989,.jpg,54190,JPEG,RGB,640,640,1,,,,,False,640,640,532.7949889827869,146.20767211914062,56.34867404335051,0.032619476318359375,0.005779266357421875,96da76efa34209a1,True,0.4096,1.0,2989,True
002990.jpg,002990,.jpg,302997,JPEG,RGB,845,1152,1,,,,,False,845,1152,803.2058750910693,139.8298651512633,67.11721485200816,0.0595703125,0.0019946808510638296,d2d4c99624da3f62,True,0.97344,0.7335069444444444,2990,True
002991.jpg,002991,.jpg,53337,JPEG,RGB,640,640,1,,,,,False,640,640,271.1947719446471,101.85679626464844,66.8247566687317,0.21921920776367188,0.0,90d4c9f625c1377a,True,0.4096,1.0,2991,True
002992.jpg,002992,.jpg,431660,JPEG,RGB,1001,1335,1,,,,,False,1001,1335,662.8260190284086,147.38854471842447,59.25556448303088,0.028355916341145832,0.00013224283854166666,d6cd29c9359b1293,True,1.336335,0.749812734082397,2992,True
002993.jpg,002993,.jpg,136695,JPEG,RGB,708,944,1,,,,,False,708,944,105.81445967892394,125.07866923014323,53.64800442911901,0.02203369140625,0.0,b2c5c1e72f911b2c,True,0.668352,0.75,2993,True
002994.jpg,002994,.jpg,476196,JPEG,RGB,1033,1378,1,,,,,False,1033,1378,919.9799377793032,117.6819559733073,61.86686270618391,0.048833211263020836,0.0,8dda3ad1498e8e3c,True,1.423474,0.7496371552975326,2994,True
002995.jpg,002995,.jpg,50258,JPEG,RGB,640,640,1,,,,,False,640,640,272.0552637093788,71.72719955444336,57.82340625793904,0.2897148132324219,0.0,8dda3a92532fca2c,True,0.4096,1.0,2995,True
002996.jpg,002996,.jpg,474628,JPEG,RGB,937,1249,1,,,,,False,937,1249,1294.7274249388267,126.06971232096355,57.302148005025366,0.055933634440104164,0.0019734700520833335,8bf820d0af8565f5,True,1.170313,0.7502001601281025,2996,True
002997.jpg,002997,.jpg,60883,JPEG,RGB,640,640,1,,,,,False,640,640,406.53569780172256,144.13275146484375,62.69846864162732,0.003814697265625,0.01154327392578125,c5fa30904a85efb5,True,0.4096,1.0,2997,True
002998.jpg,002998,.jpg,404049,JPEG,RGB,963,1283,1,,,,,False,963,1283,754.1412070883798,125.82042439778645,63.9304486447181,0.08072916666666667,0.0,bcc023f649be8f05,True,1.235529,0.7505845674201091,2998,True
002999.jpg,002999,.jpg,55706,JPEG,RGB,640,640,1,,,,,False,640,640,272.7057221109135,157.25823593139648,67.15831788466002,0.0,0.054264068603515625,bdca315a6cb70d42,True,0.4096,1.0,2999,True
003000.jpg,003000,.jpg,381252,JPEG,RGB,865,1157,1,,,,,False,865,1157,580.4490516423659,113.64149192232377,59.511778014505644,0.06636545365535249,0.0,bcf0229572cbcae8,True,1.000805,0.7476231633535004,3000,True
003001.jpg,003001,.jpg,341551,JPEG,RGB,883,1177,1,,,,,False,883,1177,498.00726722468,122.36021423339844,67.40703264396517,0.07513936360677083,0.0,a0f72cc2734eca9c,True,1.039291,0.7502124044180118,3001,True
003002.jpg,003002,.jpg,487098,JPEG,RGB,1038,1385,1,,,,,False,1038,1385,834.5206485850116,119.23345947265625,64.39437695906967,0.036122639973958336,0.00019327799479166666,b6d3319149cde8e4,True,1.43763,0.7494584837545126,3002,True
003003.jpg,003003,.jpg,279782,JPEG,RGB,792,1055,1,,,,,False,792,1055,970.0660213260757,123.61721293131511,62.23776835094439,0.037099202473958336,0.0004475911458333333,bcf043cbc0cdc5c5,True,0.83556,0.7507109004739336,3003,True
003004.jpg,003004,.jpg,502961,JPEG,RGB,963,1284,1,,,,,False,963,1284,1444.6467881938443,134.31581115722656,46.80370380762054,0.012761433919270834,0.00022379557291666666,89d32ed73882ad66,True,1.236492,0.75,3004,True
003005.jpg,003005,.jpg,61592,JPEG,RGB,640,640,1,,,,,False,640,640,439.24297128348553,165.93418502807617,54.12942294734777,0.0,0.046367645263671875,c5950c9739829daf,True,0.4096,1.0,3005,True
003006.jpg,003006,.jpg,301050,JPEG,RGB,871,1162,1,,,,,False,871,1162,499.7841258221825,101.81719462076823,50.943463312018224,0.025456746419270832,0.0,a8d74a80b63f578a,True,1.012102,0.7495697074010327,3006,True
003007.jpg,003007,.jpg,341754,JPEG,RGB,904,1205,1,,,,,False,904,1205,1033.2998611156104,140.22463989257812,68.68947237003646,0.051752726236979164,0.0002950032552083333,89f53eb32e29d288,True,1.08932,0.750207468879668,3007,True
003008.jpg,003008,.jpg,370390,JPEG,RGB,1073,787,1,,,,,False,1073,787,2246.9770048386704,142.61928607047872,58.72502080422275,0.022019406582446808,0.0010077293882978723,d4903e8d3c873b72,True,0.844451,1.363405336721728,3008,True
003009.jpg,003009,.jpg,63162,JPEG,RGB,640,640,1,,,,,False,640,640,599.0307764363824,107.2621078491211,63.60929843448198,0.1606292724609375,0.0,d0de2a0f600f797a,True,0.4096,1.0,3009,True
003010.jpg,003010,.jpg,467373,JPEG,RGB,1265,948,1,,,,,False,1265,948,1460.1578810612102,123.66966756184895,49.580124467525614,0.02679443359375,0.000274658203125,d5d6300df520bfe0,True,1.19922,1.3343881856540085,3010,True
003011.jpg,003011,.jpg,55804,JPEG,RGB,640,640,1,,,,,False,640,640,370.0783855766058,60.48405838012695,43.54089237197443,0.2647743225097656,0.0,d496390d4a780f7e,True,0.4096,1.0,3011,True
003012.jpg,003012,.jpg,603157,JPEG,RGB,1535,2048,1,2021:03:31 15:45:57,Apple,iPhone 11,14.4.1,True,1535,2048,1286.2541796787534,135.15711975097656,49.563108829706174,0.005879720052083333,0.0016581217447916667,dccfac906bd00ef0,True,3.14368,0.74951171875,3012,True
003013.jpg,003013,.jpg,47612,JPEG,RGB,640,640,1,,,,,False,640,640,467.24736684560776,105.11752700805664,53.968782659644546,0.10394668579101562,0.0,9cc824d15bf04f7c,True,0.4096,1.0,3013,True
003014.jpg,003014,.jpg,53201,JPEG,RGB,640,640,1,,,,,False,640,640,238.24470705812564,164.66632461547852,61.83127357748338,0.0,0.16773223876953125,d5da123b2a8d34d9,True,0.4096,1.0,3014,True
003015.jpg,003015,.jpg,405044,JPEG,RGB,843,1125,1,,,,,False,843,1125,1542.5229124842579,95.8106180826823,55.48404299496855,0.034108479817708336,0.0001983642578125,def408838f5ba499,True,0.948375,0.7493333333333333,3015,True
003016.jpg,003016,.jpg,63979,JPEG,RGB,640,640,1,,,,,False,640,640,473.0932880985638,129.92873764038086,56.6334445121185,0.0,0.04900360107421875,84f4589b0f9f349c,True,0.4096,1.0,3016,True
003017.jpg,003017,.jpg,328357,JPEG,RGB,775,1033,1,,,,,False,775,1033,1864.0152432843013,140.1222381591797,60.92175032056431,0.054921468098958336,0.0015055338541666667,86ca5ceb1199370f,True,0.800575,0.750242013552759,3017,True
003018.jpg,003018,.jpg,274508,JPEG,RGB,773,996,1,,,,,False,773,996,261.1751579464162,124.89357682619648,46.732191037291,0.022261689231738036,0.0013234020780856423,daf552a2c1f13133,True,0.769908,0.7761044176706827,3018,True
003019.jpg,003019,.jpg,46038,JPEG,RGB,640,640,1,,,,,False,640,640,170.01878046289494,123.88481521606445,67.23288520356954,0.12421035766601562,0.00457000732421875,95ea02b562f063b7,True,0.4096,1.0,3019,True
003020.jpg,003020,.jpg,296752,JPEG,RGB,678,966,1,,,,,False,678,966,1667.843445787002,123.30529139101671,54.630931724709,0.003530858286908078,5.440459610027855e-06,bf6de915658a60d0,True,0.654948,0.7018633540372671,3020,True
003021.jpg,003021,.jpg,63613,JPEG,RGB,640,640,1,,,,,False,640,640,521.2795984966215,163.46641159057617,58.20135111122232,0.0,0.13036727905273438,947f4114659a6b8f,True,0.4096,1.0,3021,True
003022.jpg,003022,.jpg,380209,JPEG,RGB,884,1178,1,,,,,False,884,1178,539.8696658607159,118.10457865397136,45.50876143269713,0.010142008463541666,0.0,e4e87869a86db594,True,1.041352,0.7504244482173175,3022,True
003023.jpg,003023,.jpg,55911,JPEG,RGB,640,640,1,,,,,False,640,640,216.1446251286543,131.39745712280273,46.04015536308249,0.01099395751953125,0.000701904296875,f4e87069286db5a5,True,0.4096,1.0,3023,True
003024.jpg,003024,.jpg,266306,JPEG,RGB,890,1195,1,,,,,False,890,1195,577.938540096455,131.248718421916,64.47152983481735,0.03980581528871391,0.001015009842519685,d62323173d49cbd1,True,1.06355,0.7447698744769874,3024,True
003025.jpg,003025,.jpg,50083,JPEG,RGB,640,640,1,,,,,False,640,640,223.897764011228,98.0118522644043,64.02262073864048,0.19216537475585938,0.0,d72121173c6dcbd8,True,0.4096,1.0,3025,True
003026.jpg,003026,.jpg,365148,JPEG,RGB,852,1136,1,,,,,False,852,1136,717.2199635449538,132.4811248779297,43.48655323040994,0.0110321044921875,5.086263020833333e-06,b0562d715d622aaf,True,0.967872,0.75,3026,True
003027.jpg,003027,.jpg,200552,JPEG,RGB,908,600,1,,,,,False,908,600,1530.2019618868699,143.83362610946745,71.28002738503326,0.05163646449704142,0.001531296227810651,d5167a9478836b2d,True,0.5448,1.5133333333333334,3027,True
003028.jpg,003028,.jpg,57222,JPEG,RGB,640,640,1,,,,,False,640,640,419.294921955312,147.70133209228516,78.29719592647723,0.10155105590820312,0.01995849609375,d5943ad039d1607f,True,0.4096,1.0,3028,True
003029.jpg,003029,.jpg,384865,JPEG,RGB,1130,847,1,,,,,False,1130,847,983.7224723578479,125.01771036783855,75.53530982162401,0.20987447102864584,0.0004018147786458333,d4d62adfe828e0b4,True,0.95711,1.334120425029516,3029,True
003030.jpg,003030,.jpg,53320,JPEG,RGB,640,640,1,,,,,False,640,640,280.82061822315154,103.62212371826172,73.291083322839,0.2747764587402344,0.0,d4c12adbfa7841f0,True,0.4096,1.0,3030,True
003031.jpg,003031,.jpg,322451,JPEG,RGB,1071,803,1,,,,,False,1071,803,678.0842683215677,108.14898173014323,53.82245899402786,0.10344950358072917,0.0,a6f81c6f1d196a07,True,0.860013,1.3337484433374844,3031,True
003032.jpg,003032,.jpg,456137,JPEG,RGB,1212,909,1,,,,,False,1212,909,2362.255288837685,141.98864237467447,64.78545743756077,0.040598551432291664,0.0013020833333333333,c53e2a4977c92a9a,True,1.101708,1.3333333333333333,3032,True
003033.jpg,003033,.jpg,242207,JPEG,RGB,924,693,1,,,,,False,924,693,813.5425328972439,115.33692932128906,55.193774020148396,0.015111287434895834,0.0003865559895833333,a5967a6a9d498587,True,0.640332,1.3333333333333333,3033,True
003034.jpg,003034,.jpg,62672,JPEG,RGB,640,640,1,,,,,False,640,640,283.71393231615366,88.55020523071289,56.3956685631253,0.131866455078125,0.0,e5967e6a9d094385,True,0.4096,1.0,3034,True
003035.jpg,003035,.jpg,345196,JPEG,RGB,1327,888,1,,,,,False,1327,888,538.6057342043126,117.34437636661808,52.75495763320896,0.008165543002915452,0.0035418185131195334,9ab82ff8900d7b86,True,1.178376,1.4943693693693694,3035,True
003036.jpg,003036,.jpg,53017,JPEG,RGB,640,640,1,,,,,False,640,640,237.93572284188122,120.6823616027832,56.5104438177686,0.043247222900390625,0.004650115966796875,92f86f58d00f53c6,True,0.4096,1.0,3036,True
003037.jpg,003037,.jpg,260966,JPEG,RGB,1132,849,1,,,,,False,1132,849,527.7542849446958,145.06390380859375,61.87902346749565,0.018056233723958332,0.00014241536458333334,a8da37f460f0c85e,True,0.961068,1.3333333333333333,3037,True
003038.jpg,003038,.jpg,47587,JPEG,RGB,640,640,1,,,,,False,640,640,216.29549144369958,178.33370208740234,66.1829461944459,0.0,0.23351669311523438,a05b35f561d2c956,True,0.4096,1.0,3038,True
003039.jpg,003039,.jpg,339754,JPEG,RGB,1100,825,1,,,,,False,1100,825,598.5603359943618,136.45293172200522,54.94986971515605,0.027257283528645832,0.0010528564453125,ac9514bc2ef1cbc1,True,0.9075,1.3333333333333333,3039,True
003040.jpg,003040,.jpg,52872,JPEG,RGB,640,640,1,,,,,False,640,640,232.37415870696714,190.3087387084961,55.995514708505205,0.0,0.1612396240234375,d5a836de28d8c9d2,True,0.4096,1.0,3040,True
003041.jpg,003041,.jpg,292887,JPEG,RGB,762,1015,1,,,,,False,762,1015,1501.4744400033312,123.40829467773438,60.5667212329664,0.07982381184895833,0.0,8ff1e2206032feda,True,0.77343,0.7507389162561576,3041,True
003042.jpg,003042,.jpg,57925,JPEG,RGB,640,640,1,,,,,False,640,640,782.2190930232755,85.26937103271484,58.59328934174047,0.24224853515625,0.0,8ce7a1202037fadf,True,0.4096,1.0,3042,True
003043.jpg,003043,.jpg,368692,JPEG,RGB,1057,793,1,,,,,False,1057,793,1293.87510415164,112.79725646972656,57.74343519629691,0.08415730794270833,7.62939453125e-05,f0944f63021f6bae,True,0.838201,1.3329129886506936,3043,True
003044.jpg,003044,.jpg,445155,JPEG,RGB,936,1247,1,,,,,False,936,1247,2114.060466582474,124.60145060221355,69.80867773823297,0.08183797200520833,0.0031890869140625,dbe927d204d225cb,True,1.167192,0.7506014434643143,3044,True
003045.jpg,003045,.jpg,58708,JPEG,RGB,640,640,1,,,,,False,640,640,767.0552902044583,74.57722854614258,59.89637952852165,0.31142425537109375,0.0,dbe166562ce02d4b,True,0.4096,1.0,3045,True
003046.jpg,003046,.jpg,497405,JPEG,RGB,1011,1348,1,,,,,False,1011,1348,996.2230376524385,126.09197489420573,68.49739726216922,0.0546875,0.0003458658854166667,cef432c8c3c8a8f9,True,1.362828,0.75,3046,True
003047.jpg,003047,.jpg,303171,JPEG,RGB,874,1165,1,,,,,False,874,1165,249.9728851237385,125.11521402994792,56.76074377735278,0.012262980143229166,0.0006764729817708334,f08d42789464cfdb,True,1.01821,0.7502145922746781,3047,True
003048.jpg,003048,.jpg,44262,JPEG,RGB,640,640,1,,,,,False,640,640,120.89599392084347,162.96343994140625,60.56565036538804,0.0,0.041172027587890625,d19f445a1ea6cf90,True,0.4096,1.0,3048,True
003049.jpg,003049,.jpg,368727,JPEG,RGB,1222,937,1,,,,,False,1222,937,634.2299042246715,117.98744135655217,50.172127052151986,0.03915692589058524,0.0,8a98257e90d61f3d,True,1.145014,1.304162219850587,3049,True
003050.jpg,003050,.jpg,50662,JPEG,RGB,640,640,1,,,,,False,640,640,212.39910794816387,146.49196243286133,56.867629999047345,0.0,0.037830352783203125,809061f795d45dbd,True,0.4096,1.0,3050,True
003051.jpg,003051,.jpg,530021,JPEG,RGB,1017,1356,1,,,,,False,1017,1356,969.1409925868114,104.40817260742188,54.971792034235456,0.061986287434895836,0.0007832845052083334,848cf35ae585f2d8,True,1.379052,0.75,3051,True
003052.jpg,003052,.jpg,54838,JPEG,RGB,640,640,1,,,,,False,640,640,325.3200528314337,154.35264587402344,55.35471697593331,0.0,0.06682205200195312,d5867158e487734e,True,0.4096,1.0,3052,True
003053.jpg,003053,.jpg,452036,JPEG,RGB,1335,1001,1,,,,,False,1335,1001,804.9548866361534,105.43836975097656,55.249505789145545,0.0151519775390625,0.0006357828776041666,bb5467209b2a6a3b,True,1.336335,1.3336663336663337,3053,True
003054.jpg,003054,.jpg,49445,JPEG,RGB,640,640,1,,,,,False,640,640,274.84635213803267,84.34988021850586,58.804925131552324,0.1355133056640625,0.0,91ca64e59ad54ee1,True,0.4096,1.0,3054,True
003055.jpg,003055,.jpg,315455,JPEG,RGB,878,1158,1,,,,,False,878,1158,1076.5434027861454,154.38019994362114,52.14178226980622,0.0042837870489690726,0.0010621375644329896,84f53d4e75113c69,True,1.016724,0.7582037996545768,3055,True
003056.jpg,003056,.jpg,58900,JPEG,RGB,640,640,1,,,,,False,640,640,338.46761784619594,106.89727783203125,51.990758511067234,0.09093856811523438,0.0,95f42d4e75112e69,True,0.4096,1.0,3056,True
003057.jpg,003057,.jpg,283531,JPEG,RGB,766,1022,1,,,,,False,766,1022,428.8065993834494,131.301025390625,59.937189503290796,0.041941324869791664,8.646647135416667e-05,b64931dbf0c849da,True,0.782852,0.7495107632093934,3057,True
003058.jpg,003058,.jpg,53536,JPEG,RGB,640,640,1,,,,,False,640,640,178.97684587998083,97.14936447143555,63.17277234883189,0.19539260864257812,0.0,956a11435bcd616f,True,0.4096,1.0,3058,True
003059.jpg,003059,.jpg,369614,JPEG,RGB,891,1189,1,,,,,False,891,1189,704.2346618020027,127.76464335123698,64.85959419653622,0.043853759765625,0.0005035400390625,afd630c207cfa730,True,1.059399,0.7493692178301093,3059,True
003060.jpg,003060,.jpg,55142,JPEG,RGB,640,640,1,,,,,False,640,640,313.5145305797778,131.6458969116211,66.87713294581063,0.052852630615234375,0.002716064453125,87d070c3074f7679,True,0.4096,1.0,3060,True
003061.jpg,003061,.jpg,553337,JPEG,RGB,1169,1559,1,,,,,False,1169,1559,1584.7865007435903,126.47978210449219,55.52927777190618,0.03338623046875,0.000213623046875,95856e807f3532ea,True,1.822471,0.7498396407953817,3061,True
003062.jpg,003062,.jpg,66916,JPEG,RGB,640,640,1,,,,,False,640,640,499.2338203696854,176.8658676147461,57.859291849621286,0.0,0.11445999145507812,808d4e80cfbd75f2,True,0.4096,1.0,3062,True
003063.jpg,003063,.jpg,253089,JPEG,RGB,1106,865,1,,,,,False,1106,865,277.61729815900327,128.864482421875,50.04379892421507,0.030908203125,0.0,d1fa7a8037849c3e,True,0.95669,1.2786127167630057,3063,True
003064.jpg,003064,.jpg,42481,JPEG,RGB,640,640,1,,,,,False,640,640,131.64186715241522,126.98249435424805,59.32501830368279,0.091552734375,0.0,d17f680336071e37,True,0.4096,1.0,3064,True
003065.jpg,003065,.jpg,679891,JPEG,RGB,1049,1398,1,,,,,False,1049,1398,1677.830142642449,130.75867207845053,63.80291740715335,0.03228759765625,1.0172526041666666e-05,d4d92a2c4cb33a6d,True,1.466502,0.7503576537911302,3065,True
003066.jpg,003066,.jpg,74003,JPEG,RGB,640,640,1,,,,,False,640,640,656.0188837139285,140.9155158996582,67.94928824984964,0.051326751708984375,0.004608154296875,95c82b6c4cf31a7c,True,0.4096,1.0,3066,True
003067.jpg,003067,.jpg,213831,JPEG,RGB,1084,792,1,,,,,False,1084,792,563.2605649249739,149.26694100935828,60.03538008248629,0.034681024398395724,0.0005953375668449198,83623e6694f6c38d,True,0.858528,1.3686868686868687,3067,True
003068.jpg,003068,.jpg,36720,JPEG,RGB,640,640,1,,,,,False,640,640,180.90002092992654,88.48306274414062,53.68044670050529,0.214019775390625,0.0,856a3e75d2d2c1c9,True,0.4096,1.0,3068,True
003069.jpg,003069,.jpg,171299,JPEG,RGB,924,634,1,,,,,False,924,634,738.916775627284,136.1828091613248,40.24747864548444,0.003027065527065527,0.0016526442307692308,9e3e7c4143e66227,True,0.585816,1.4574132492113565,3069,True
003070.jpg,003070,.jpg,43864,JPEG,RGB,640,640,1,,,,,False,640,640,300.88036079867743,131.30514526367188,46.82885785685084,0.043781280517578125,0.00148773193359375,953e7c6143666267,True,0.4096,1.0,3070,True
003071.jpg,003071,.jpg,339047,JPEG,RGB,756,1008,1,,,,,False,756,1008,2654.705349814743,132.2618408203125,64.08222536904248,0.11458841959635417,0.00020345052083333334,e3dd60d0ac2acf61,True,0.762048,0.75,3071,True
003072.jpg,003072,.jpg,68853,JPEG,RGB,640,640,1,,,,,False,640,640,818.1091405501211,160.2807388305664,69.69544395175943,0.0,0.052776336669921875,80d562d14f585f67,True,0.4096,1.0,3072,True
003073.jpg,003073,.jpg,303615,JPEG,RGB,756,1008,1,,,,,False,756,1008,1809.3905995405123,121.47054036458333,50.037197638464335,0.057169596354166664,0.0,8dd424d329dc4fcc,True,0.762048,0.75,3073,True
003074.jpg,003074,.jpg,59465,JPEG,RGB,640,640,1,,,,,False,640,640,475.4368226671213,67.97380447387695,44.51524379601859,0.22176742553710938,0.0,d5e81249335b7c4e,True,0.4096,1.0,3074,True
003075.jpg,003075,.jpg,351523,JPEG,RGB,717,1194,1,,,,,False,717,1194,1221.1934292886801,86.84237581433224,61.4365103828003,0.26506514657980457,0.0,81707eaa7ec1a6c5,True,0.856098,0.6005025125628141,3075,True
003076.jpg,003076,.jpg,51285,JPEG,RGB,640,640,1,,,,,False,640,640,338.6539047225233,51.03191375732422,46.57908005463627,0.46612548828125,0.0,81707eae7fc1a087,True,0.4096,1.0,3076,True
003077.jpg,003077,.jpg,299055,JPEG,RGB,756,1008,1,,,,,False,756,1008,1244.2107407235437,102.48053487141927,67.25654736595715,0.11852518717447917,0.0004679361979166667,cbdb9d5048355ce4,True,0.762048,0.75,3077,True
003078.jpg,003078,.jpg,59855,JPEG,RGB,640,640,1,,,,,False,640,640,412.11077915398346,96.38225173950195,67.95998499587914,0.17041397094726562,0.000125885009765625,cadb9d904aa55d8c,True,0.4096,1.0,3078,True
003079.jpg,003079,.jpg,288895,JPEG,RGB,756,1008,1,,,,,False,756,1008,771.4402303395327,109.42727661132812,37.68936145550856,0.028706868489583332,0.0,9ed642cd2ad82cd5,True,0.762048,0.75,3079,True
003080.jpg,003080,.jpg,57118,JPEG,RGB,640,640,1,,,,,False,640,640,248.97585732396692,72.98155975341797,38.29378276889411,0.132781982421875,0.0,95d850cd6a6d156b,True,0.4096,1.0,3080,True
003081.jpg,003081,.jpg,294267,JPEG,RGB,756,1008,1,,,,,False,756,1008,944.5377388190633,117.71704610188802,47.79530653591471,0.024286905924479168,0.0,95aa28857275fc95,True,0.762048,0.75,3081,True
003082.jpg,003082,.jpg,62396,JPEG,RGB,640,640,1,,,,,False,640,640,347.8807211312087,129.28063201904297,52.09396020014641,0.055141448974609375,0.002643585205078125,95aa384557555b6c,True,0.4096,1.0,3082,True
003083.jpg,003083,.jpg,284332,JPEG,RGB,756,1008,1,,,,,False,756,1008,948.0578738516197,92.94838968912761,52.30928559255002,0.07650248209635417,0.0,ccd52c672213c3bb,True,0.762048,0.75,3083,True
003084.jpg,003084,.jpg,53207,JPEG,RGB,640,640,1,,,,,False,640,640,277.14022796973586,62.69670486450195,49.9574065143853,0.2782554626464844,0.0,ddd626633b714138,True,0.4096,1.0,3084,True
003085.jpg,003085,.jpg,219093,JPEG,RGB,688,919,1,,,,,False,688,919,659.719751440014,112.65821842362924,56.04326552710434,0.11296507832898173,0.0,948d4f0e65551d67,True,0.632272,0.7486398258977149,3085,True
003086.jpg,003086,.jpg,53344,JPEG,RGB,640,640,1,,,,,False,640,640,211.66839398826414,64.55996322631836,50.54203057402588,0.29245758056640625,0.0,d5b503222a7e1f66,True,0.4096,1.0,3086,True
003087.jpg,003087,.jpg,215287,JPEG,RGB,1008,756,1,,,,,False,1008,756,777.7052249026534,125.02590433756511,71.09780512520672,0.053288777669270836,0.0001068115234375,a2ed940d709e75cc,True,0.762048,1.3333333333333333,3087,True
003088.jpg,003088,.jpg,41492,JPEG,RGB,640,640,1,,,,,False,640,640,257.36770130175864,126.44104385375977,74.83347996679618,0.09473419189453125,0.0106048583984375,82e8958f62977ce4,True,0.4096,1.0,3088,True
003089.jpg,003089,.jpg,148497,JPEG,RGB,787,475,1,,,,,False,787,475,2090.7325839421223,146.17158424352752,49.741963506106615,0.018753792475728157,0.000379247572815534,952e132e4abe1747,True,0.373825,1.656842105263158,3089,True
003090.jpg,003090,.jpg,55340,JPEG,RGB,640,640,1,,,,,False,640,640,508.67106872027216,91.63975143432617,49.604290240085476,0.17535781860351562,0.0,80bf17194b0a37b7,True,0.4096,1.0,3090,True
003091.jpg,003091,.jpg,325045,JPEG,RGB,756,1008,1,,,,,False,756,1008,1608.8288415893655,131.9483846028646,55.53694385914712,0.033177693684895836,0.0005137125651041666,a0de29e13bd08ee6,True,0.762048,0.75,3091,True
003092.jpg,003092,.jpg,64050,JPEG,RGB,640,640,1,,,,,False,640,640,484.58731222465576,98.45701599121094,57.55150750805486,0.15063095092773438,0.0,c59f49b538c85663,True,0.4096,1.0,3092,True
003093.jpg,003093,.jpg,142412,JPEG,RGB,602,805,1,,,,,False,602,805,678.9765598370533,165.5606794631201,60.79583553254834,0.022188111945169713,0.00010199086161879895,825f29857cc53ed1,True,0.48461,0.7478260869565218,3093,True
003094.jpg,003094,.jpg,44920,JPEG,RGB,640,640,1,,,,,False,640,640,260.6020213717129,133.27059173583984,69.90636355328698,0.13022613525390625,0.0,d06a3d603feb50e8,True,0.4096,1.0,3094,True
003095.jpg,003095,.jpg,234789,JPEG,RGB,664,885,1,,,,,False,664,885,591.2489736551782,151.75485229492188,47.62054878430855,0.0012156168619791667,0.0,80d06d79686b2a7f,True,0.58764,0.7502824858757062,3095,True
003096.jpg,003096,.jpg,60541,JPEG,RGB,640,640,1,,,,,False,640,640,226.4473749560857,151.13021850585938,50.924907934102215,0.019992828369140625,1.52587890625e-05,81d06d79486b0b7f,True,0.4096,1.0,3096,True
003097.jpg,003097,.jpg,225985,JPEG,RGB,713,952,1,,,,,False,713,952,903.7035133570587,121.32891542917754,63.21283192518026,0.049261586161879894,1.5298629242819842e-05,984ea01f4e637f8c,True,0.678776,0.7489495798319328,3097,True
003098.jpg,003098,.jpg,57212,JPEG,RGB,640,640,1,,,,,False,640,640,318.93411563750124,136.8920669555664,65.10259220518698,0.042514801025390625,0.010211944580078125,806ed15f4e633d8c,True,0.4096,1.0,3098,True
003099.jpg,003099,.jpg,47218,JPEG,RGB,640,640,1,,,,,False,640,640,397.3234871865716,172.8460693359375,56.617575610164835,0.040897369384765625,9.918212890625e-05,887001f11f793df3,True,0.4096,1.0,3099,True
003100.jpg,003100,.jpg,222151,JPEG,RGB,685,907,1,,,,,False,685,907,871.8685854069423,120.25166040859173,48.55973947596738,0.033788557816537466,1.0093669250645995e-05,9ff420936dd26561,True,0.621295,0.7552370452039692,3100,True
003101.jpg,003101,.jpg,57444,JPEG,RGB,640,640,1,,,,,False,640,640,366.61064539756626,128.45942306518555,53.45516281041565,0.052265167236328125,0.0030517578125,9ef561827dc035e1,True,0.4096,1.0,3101,True
003102.jpg,003102,.jpg,159318,JPEG,RGB,574,765,1,,,,,False,574,765,1355.0721739663013,163.87271118164062,60.719015813650465,0.012766520182291666,8.646647135416667e-05,c0d5562b2ec92eb9,True,0.43911,0.7503267973856209,3102,True
003103.jpg,003103,.jpg,55806,JPEG,RGB,640,640,1,,,,,False,640,640,449.9981852629571,186.59075546264648,62.606077303745074,0.00267791748046875,0.10733413696289062,c0d5562b2e8b2eb9,True,0.4096,1.0,3103,True
003104.jpg,003104,.jpg,212773,JPEG,RGB,631,841,1,,,,,False,631,841,1160.5732929034984,128.77917989095053,58.546033005031596,0.0170135498046875,0.0013478597005208333,86d82d7f7f0220ad,True,0.530671,0.7502972651605232,3104,True
003105.jpg,003105,.jpg,57781,JPEG,RGB,640,640,1,,,,,False,640,640,339.8998619596823,103.69511413574219,63.8880816925498,0.15058517456054688,0.0,c7d10d3d54287a6e,True,0.4096,1.0,3105,True
003106.jpg,003106,.jpg,146274,JPEG,RGB,604,838,1,,,,,False,604,838,583.0644193859931,134.85352621104337,56.52272083888422,0.04414380081300813,0.001656715785907859,85f29a8e6ba32e54,True,0.506152,0.720763723150358,3106,True
003107.jpg,003107,.jpg,47341,JPEG,RGB,640,640,1,,,,,False,640,640,232.47066886344692,131.85809326171875,61.595612150112316,0.07616043090820312,0.001552581787109375,85f298ce6bf26454,True,0.4096,1.0,3107,True
003108.jpg,003108,.jpg,254646,JPEG,RGB,657,876,1,,,,,False,657,876,2868.9720062946435,110.16644795735677,66.40848494977551,0.021540323893229168,0.0009663899739583334,987b748c63552b95,True,0.575532,0.75,3108,True
003109.jpg,003109,.jpg,62520,JPEG,RGB,640,640,1,,,,,False,640,640,794.7860054728662,164.5729522705078,62.663646198240954,0.0,0.13813018798828125,9879748c63cc6b9c,True,0.4096,1.0,3109,True
003110.jpg,003110,.jpg,763742,JPEG,RGB,1512,2016,1,,,,,False,1512,2016,562.8448098053277,128.0556844075521,58.59016353464366,0.051900227864583336,0.00016276041666666666,85d52ff60a6b502d,True,3.048192,0.75,3110,True
003111.jpg,003111,.jpg,48364,JPEG,RGB,640,640,1,,,,,False,640,640,208.3579745774623,90.35870361328125,61.37762626985917,0.23257827758789062,0.0,d5953fe0122d295e,True,0.4096,1.0,3111,True
003112.jpg,003112,.jpg,293625,JPEG,RGB,756,1008,1,,,,,False,756,1008,919.1690927081639,134.47320556640625,63.41516633554602,0.040868123372395836,0.0002695719401041667,b4f40fd32a5b2a2a,True,0.762048,0.75,3112,True
003113.jpg,003113,.jpg,60168,JPEG,RGB,640,640,1,,,,,False,640,640,314.169768203923,105.64351272583008,66.1342717009598,0.18747711181640625,0.0,d0f55f80170f172b,True,0.4096,1.0,3113,True
003114.jpg,003114,.jpg,814403,JPEG,RGB,1512,2016,1,,,,,False,1512,2016,462.3904174174856,120.05292256673177,60.264951772429434,0.053639729817708336,0.0005035400390625,8ad03ac29c4fdbd2,True,3.048192,0.75,3114,True
003115.jpg,003115,.jpg,45903,JPEG,RGB,640,640,1,,,,,False,640,640,194.90059138997458,73.333251953125,58.09555217077586,0.24672698974609375,0.0,88d567801d6ff0b6,True,0.4096,1.0,3115,True
003116.jpg,003116,.jpg,193396,JPEG,RGB,574,766,1,,,,,False,574,766,2279.4231109096568,153.29198710123697,50.305087632544016,0.021977742513020832,0.005116780598958333,8de068d16bc82ecf,True,0.439684,0.7493472584856397,3116,True
003117.jpg,003117,.jpg,61409,JPEG,RGB,640,640,1,,,,,False,640,640,581.3010811782297,112.45536041259766,54.85372246835543,0.14202880859375,0.0,80e803d173d36adf,True,0.4096,1.0,3117,True
003118.jpg,003118,.jpg,593887,JPEG,RGB,2016,1512,1,,,,,False,2016,1512,254.05860071712073,130.02107747395834,52.24221196906224,0.10436503092447917,0.0005442301432291666,a8de2bd46887e887,True,3.048192,1.3333333333333333,3118,True
003119.jpg,003119,.jpg,37506,JPEG,RGB,640,640,1,,,,,False,640,640,111.42986387014389,83.41067123413086,48.99919829153723,0.18877792358398438,0.0,a8dd7fb8516a400f,True,0.4096,1.0,3119,True
003120.jpg,003120,.jpg,240399,JPEG,RGB,742,893,1,,,,,False,742,893,764.7364218107124,138.10741268382353,50.018101431255985,0.032127757352941176,0.0022058823529411764,84d545d95ac64ee5,True,0.662606,0.8309070548712206,3120,True
003121.jpg,003121,.jpg,57518,JPEG,RGB,640,640,1,,,,,False,640,640,318.0496961334575,163.56282806396484,55.405256051699624,3.814697265625e-06,0.0313720703125,85c245db5ac64fc9,True,0.4096,1.0,3121,True
003122.jpg,003122,.jpg,597746,JPEG,RGB,1536,2048,1,2021:03:31 13:59:32,Apple,iPhone 11,14.4.1,True,1536,2048,334.84195454333286,125.73267110188802,47.015342559818386,0.0040435791015625,9.663899739583333e-05,9fc139d92a9c13a6,True,3.145728,0.75,3122,True
003123.jpg,003123,.jpg,43161,JPEG,RGB,640,640,1,,,,,False,640,640,147.4710185170261,72.03776168823242,47.147127140303624,0.22307205200195312,0.0,91cf35482c9b47ab,True,0.4096,1.0,3123,True
003124.jpg,003124,.jpg,209418,JPEG,RGB,756,1008,1,,,,,False,756,1008,121.22405099206502,128.0634002685547,39.69311757397697,0.014200846354166666,0.000152587890625,c9564db66ed49434,True,0.762048,0.75,3124,True
003125.jpg,003125,.jpg,39086,JPEG,RGB,640,640,1,,,,,False,640,640,76.42965968319913,112.99868774414062,44.5804226501518,0.0604400634765625,0.0,805f4fb66e949435,True,0.4096,1.0,3125,True
003126.jpg,003126,.jpg,201415,JPEG,RGB,756,1008,1,,,,,False,756,1008,321.24879942327317,142.47148640950522,52.86184257664695,0.017120361328125,0.0003255208333333333,c4d61ba43dd3268b,True,0.762048,0.75,3126,True
003127.jpg,003127,.jpg,40270,JPEG,RGB,640,640,1,,,,,False,640,640,134.76789495277626,161.50815200805664,64.28970584186655,3.814697265625e-06,0.04666900634765625,d5ce1a913d95360d,True,0.4096,1.0,3127,True
003128.jpg,003128,.jpg,210131,JPEG,RGB,756,1008,1,,,,,False,756,1008,423.37072236874764,122.11410522460938,61.92129222064418,0.09081013997395833,2.5431315104166668e-05,a7d834c5e9b24e32,True,0.762048,0.75,3128,True
003129.jpg,003129,.jpg,45178,JPEG,RGB,640,640,1,,,,,False,640,640,171.28962188061269,112.76361465454102,67.7369575730586,0.15099334716796875,0.0001068115234375,87d3548559a71f32,True,0.4096,1.0,3129,True
003130.jpg,003130,.jpg,170581,JPEG,RGB,586,1028,1,,,,,False,586,1028,895.7431058634469,85.74905019263699,73.65709203236453,0.3753879494863014,0.010401059503424657,9e9821d771fb288a,True,0.602408,0.5700389105058365,3130,True
003131.jpg,003131,.jpg,42633,JPEG,RGB,640,640,1,,,,,False,640,640,241.11474729444308,62.654510498046875,67.25721026221282,0.484344482421875,0.0,9e9821c765ea6ab2,True,0.4096,1.0,3131,True
003132.jpg,003132,.jpg,347406,JPEG,RGB,756,1008,1,,,,,False,756,1008,1588.3684994867072,124.44401550292969,59.67452623450193,0.0312652587890625,0.0020751953125,c5669a1b3b711d25,True,0.762048,0.75,3132,True
003133.jpg,003133,.jpg,65449,JPEG,RGB,640,640,1,,,,,False,640,640,468.1600191583857,67.11899948120117,54.28381028224238,0.33118438720703125,0.0,c57f9a1b290c0de5,True,0.4096,1.0,3133,True
003134.jpg,003134,.jpg,249734,JPEG,RGB,678,902,1,,,,,False,678,902,1807.8478794271234,149.88134131493507,58.29959005477457,0.02333603896103896,0.0,c0952aad71ec7936,True,0.611556,0.7516629711751663,3134,True
003135.jpg,003135,.jpg,61614,JPEG,RGB,640,640,1,,,,,False,640,640,531.1042308227625,145.21276092529297,70.33672454531677,0.10930633544921875,7.62939453125e-06,805f5ea97d692e24,True,0.4096,1.0,3135,True
003136.jpg,003136,.jpg,185381,JPEG,RGB,602,860,1,,,,,False,602,860,564.4527389908482,138.52025685230447,41.84452249010972,0.001925846717877095,0.0,b5c8a5838d703ee5,True,0.51772,0.7,3136,True
003137.jpg,003137,.jpg,57356,JPEG,RGB,640,640,1,,,,,False,640,640,215.08959333825624,162.86785507202148,54.37892011757681,0.0,0.015842437744140625,84df4517192e17ae,True,0.4096,1.0,3137,True
003138.jpg,003138,.jpg,278527,JPEG,RGB,756,1008,1,,,,,False,756,1008,630.2406288192661,126.79344177246094,59.885634737928484,0.022364298502604168,0.0011088053385416667,cf751ab4c1da350a,True,0.762048,0.75,3138,True
003139.jpg,003139,.jpg,58948,JPEG,RGB,640,640,1,,,,,False,640,640,278.4119475816842,120.16171264648438,66.74269740352266,0.0938873291015625,0.001926422119140625,80751a745bc3755b,True,0.4096,1.0,3139,True
003140.jpg,003140,.jpg,310935,JPEG,RGB,796,1062,1,,,,,False,796,1062,609.5062077143747,120.31570943196614,56.84742611012313,0.054311116536458336,0.0025380452473958335,9a751a854f0e2d7a,True,0.845352,0.7495291902071564,3140,True
003141.jpg,003141,.jpg,50251,JPEG,RGB,640,640,1,,,,,False,640,640,200.17368721589446,61.10060119628906,49.48837147327189,0.31735992431640625,0.0,906f56840f562df6,True,0.4096,1.0,3141,True
003142.jpg,003142,.jpg,340567,JPEG,RGB,891,1187,1,,,,,False,891,1187,428.8672754561735,84.95535786946614,37.289426359725724,0.07642110188802083,0.00020853678385416666,d3fc007599269967,True,1.057617,0.7506318449873631,3142,True
003143.jpg,003143,.jpg,41560,JPEG,RGB,640,640,1,,,,,False,640,640,140.69857952551683,50.05403137207031,32.860109311747166,0.2408294677734375,0.0,dbfc003619261fa7,True,0.4096,1.0,3143,True
003144.jpg,003144,.jpg,399807,JPEG,RGB,967,1289,1,,,,,False,967,1289,454.49953150808716,117.28598022460938,52.16053496130771,0.024113972981770832,0.00020345052083333334,ab14781bc8f81ef2,True,1.246463,0.7501939487975174,3144,True
003145.jpg,003145,.jpg,54555,JPEG,RGB,640,640,1,,,,,False,640,640,199.5620814185677,131.62049102783203,56.17518197826437,0.044712066650390625,0.007282257080078125,8156593b4ef11e72,True,0.4096,1.0,3145,True
003146.jpg,003146,.jpg,424510,JPEG,RGB,1049,1399,1,,,,,False,1049,1399,504.52435938517254,138.46692403157553,53.95405568681407,0.018351236979166668,0.0,cf8c2ab1cbb1445b,True,1.467551,0.7498213009292352,3146,True
003147.jpg,003147,.jpg,51451,JPEG,RGB,640,640,1,,,,,False,640,640,285.3537919782102,130.87916564941406,58.94120595536128,0.061748504638671875,0.0,cd4e38f249764479,True,0.4096,1.0,3147,True
003148.jpg,003148,.jpg,323595,JPEG,RGB,816,1088,1,,,,,False,816,1088,450.35386657401824,140.0442657470703,52.90785795595936,0.011845906575520834,0.0002593994140625,8f5208d64f743ae9,True,0.887808,0.75,3148,True
003149.jpg,003149,.jpg,50020,JPEG,RGB,640,640,1,,,,,False,640,640,166.69794782692043,107.81411361694336,57.830027594735064,0.14358901977539062,0.0,cdda49854a3d32ad,True,0.4096,1.0,3149,True
003150.jpg,003150,.jpg,441465,JPEG,RGB,935,1246,1,,,,,False,935,1246,1327.1307455151239,125.37690734863281,67.5882620887221,0.06306966145833333,0.0003763834635416667,b25440875179c7ef,True,1.16501,0.7504012841091493,3150,True
003151.jpg,003151,.jpg,53091,JPEG,RGB,640,640,1,,,,,False,640,640,415.84783045492077,93.2668571472168,68.03919159272358,0.2525978088378906,0.0,b0b34d8cf1734e15,True,0.4096,1.0,3151,True
003152.jpg,003152,.jpg,399262,JPEG,RGB,867,1157,1,,,,,False,867,1157,1661.3502298691828,126.4584248860677,53.83768851781149,0.038798014322916664,0.0006306966145833334,ad5538b7087b24ad,True,1.003119,0.749351771823682,3152,True
003153.jpg,003153,.jpg,61555,JPEG,RGB,640,640,1,,,,,False,640,640,478.50311049609445,77.69395446777344,50.0612902769324,0.18230056762695312,0.0,8d5939b600f976a5,True,0.4096,1.0,3153,True
003154.jpg,003154,.jpg,273841,JPEG,RGB,880,1173,1,,,,,False,880,1173,209.87982298889088,121.36990865071614,61.198878150147024,0.03814697265625,4.57763671875e-05,8af4708f87d8d6c1,True,1.03224,0.7502131287297528,3154,True
003155.jpg,003155,.jpg,35014,JPEG,RGB,640,640,1,,,,,False,640,640,73.57592681027018,66.78570175170898,57.71764945219032,0.35189056396484375,0.0,8ae4799f07584c6b,True,0.4096,1.0,3155,True
003156.jpg,003156,.jpg,229869,JPEG,RGB,756,1008,1,,,,,False,756,1008,523.6212203434101,131.20577494303384,59.6121960837848,0.0504302978515625,0.0005594889322916666,8dc021f73eb0833f,True,0.762048,0.75,3156,True
003157.jpg,003157,.jpg,45553,JPEG,RGB,640,640,1,,,,,False,640,640,149.05753913252556,170.59869003295898,61.7783292826586,0.0,0.11053466796875,8cd221d77f10613f,True,0.4096,1.0,3157,True
003158.jpg,003158,.jpg,264662,JPEG,RGB,773,1031,1,,,,,False,773,1031,979.5345687601302,134.45992533365884,51.80477106476342,0.011393229166666666,0.0002797444661458333,a2f7d98f0c86498b,True,0.796963,0.7497575169738119,3158,True
003159.jpg,003159,.jpg,288589,JPEG,RGB,884,1177,1,,,,,False,884,1177,1250.3317788399038,140.91043526785714,57.73006538313376,0.006118100649350649,6.594967532467532e-05,df85a0d674c20aeb,True,1.040468,0.7510620220900595,3159,True
003160.jpg,003160,.jpg,378512,JPEG,RGB,1058,1411,1,,,,,False,1058,1411,628.5098100954201,124.07063802083333,64.47247914035675,0.111724853515625,0.0035451253255208335,b3dc49d23c93cc83,True,1.492838,0.7498228206945429,3160,True
003161.jpg,003161,.jpg,720209,JPEG,RGB,1535,2048,1,,,,,False,1535,2048,98.49606769024915,126.98081461588542,55.45176445631666,0.0847625732421875,0.001068115234375,9bc529f4908b9b1d,True,3.14368,0.74951171875,3161,True
003162.jpg,003162,.jpg,850641,JPEG,RGB,1536,2048,1,,,,,False,1536,2048,409.7524404573099,112.1962178548177,50.800700617266536,0.0367431640625,0.0002543131510416667,bcf2e0c30dc906bd,True,3.145728,0.75,3162,True
003163.jpg,003163,.jpg,388663,JPEG,RGB,1181,886,1,,,,,False,1181,886,650.8982579334537,124.15780639648438,50.71273933681973,0.018091837565104168,0.00011189778645833333,c0aa742baad74ad6,True,1.046366,1.3329571106094809,3163,True
003164.jpg,003164,.jpg,628643,JPEG,RGB,1360,1020,1,,,,,False,1360,1020,1720.5828685553279,97.3257548014323,70.49581610736432,0.19133504231770834,0.00091552734375,82792d5c35ca93cb,True,1.3872,1.3333333333333333,3164,True
003165.jpg,003165,.jpg,1113072,JPEG,RGB,1536,2048,1,,,,,False,1536,2048,1102.0150920612116,117.92709350585938,50.335585097496434,0.018290201822916668,0.00103759765625,85df752a5a630372,True,3.145728,0.75,3165,True
003166.jpg,003166,.jpg,255217,JPEG,RGB,774,1010,1,,,,,False,774,1010,1372.552477041392,109.37003248565051,46.90886541330521,0.005894252232142857,0.0,8ff39b70b0cc24cc,True,0.78174,0.7663366336633664,3166,True
003167.jpg,003167,.jpg,373235,JPEG,RGB,1005,1340,1,,,,,False,1005,1340,324.0043454925374,123.97025553385417,66.83034789869212,0.06775410970052083,0.0015207926432291667,89f41a872c394e7b,True,1.3467,0.75,3167,True
003168.jpg,003168,.jpg,513411,JPEG,RGB,966,1288,1,,,,,False,966,1288,1560.0641768537462,138.75947062174478,56.21630561678904,0.023523966471354168,0.0004018147786458333,98dee0fd282b2387,True,1.244208,0.75,3168,True
003169.jpg,003169,.jpg,360009,JPEG,RGB,1045,784,1,,,,,False,1045,784,2238.2139876011965,153.4527842203776,54.19061665482845,0.0091552734375,0.0002288818359375,94f552c20ecbd9a3,True,0.81928,1.3329081632653061,3169,True
003170.jpg,003170,.jpg,514908,JPEG,RGB,1298,974,1,,,,,False,1298,974,2145.1330994539117,144.61156209309897,57.64363865808425,0.048365275065104164,0.00017801920572916666,daa941c9554a3f2d,True,1.264252,1.3326488706365502,3170,True
003171.jpg,003171,.jpg,1094407,JPEG,RGB,1506,2008,1,,,,,False,1506,2008,1980.323470882425,127.97214762369792,60.78723098285933,0.0695648193359375,0.001190185546875,80bfd2ec7ffd0002,True,3.024048,0.75,3171,True
003172.jpg,003172,.jpg,385457,JPEG,RGB,768,1025,1,,,,,False,768,1025,2932.9016220780463,115.61965433756511,67.94870555475444,0.037668863932291664,0.0033213297526041665,acd082841badee7b,True,0.7872,0.7492682926829268,3172,True
003173.jpg,003173,.jpg,830937,JPEG,RGB,1536,2048,1,,,,,False,1536,2048,231.73520898156696,130.10071309407553,54.59625399248863,0.042780558268229164,9.663899739583333e-05,abc479c30d721d71,True,3.145728,0.75,3173,True
003174.jpg,003174,.jpg,821712,JPEG,RGB,1535,2048,1,,,,,False,1535,2048,534.0546594195897,130.0521036783854,44.3069841819526,0.001678466796875,0.0002695719401041667,e8c785c78e3898cd,True,3.14368,0.74951171875,3174,True
003175.jpg,003175,.jpg,366196,JPEG,RGB,1197,897,1,,,,,False,1197,897,695.6274356121559,116.88539632161458,53.9412578689618,0.0234222412109375,0.0002848307291666667,dc29516f51741d95,True,1.073709,1.334448160535117,3175,True
003176.jpg,003176,.jpg,283481,JPEG,RGB,801,1068,1,,,,,False,801,1068,624.2555929645638,122.65856424967448,54.14302275119009,0.042714436848958336,0.0003712972005208333,cfc522b63992ac72,True,0.855468,0.75,3176,True
003177.jpg,003177,.jpg,397705,JPEG,RGB,987,1316,1,,,,,False,987,1316,752.967018688615,132.07762145996094,63.57749661204191,0.049748738606770836,0.0005747477213541666,899e209335b9367d,True,1.298892,0.75,3177,True
003178.jpg,003178,.jpg,52727,JPEG,RGB,640,640,1,,,,,False,640,640,268.4782280851505,173.7704849243164,64.23688414756927,0.0,0.20882034301757812,8d9e609a35b9163d,True,0.4096,1.0,3178,True
003179.jpg,003179,.jpg,230198,JPEG,RGB,1064,781,1,,,,,False,1064,781,370.64312705671483,139.70296397107714,65.47693329708416,0.030751329787234043,0.002685546875,82ed37a0594e652f,True,0.830984,1.3623559539052497,3179,True
003180.jpg,003180,.jpg,38231,JPEG,RGB,640,640,1,,,,,False,640,640,144.00490957475267,114.17826080322266,66.1605488420859,0.16838836669921875,0.0,c2ed33a0584e653f,True,0.4096,1.0,3180,True
003181.jpg,003181,.jpg,369734,JPEG,RGB,1082,772,1,,,,,False,1082,772,902.6072825510316,130.66220034246575,54.612548509912386,0.017315924657534246,0.0022527825342465754,e084574a476eb4fc,True,0.835304,1.4015544041450778,3181,True
003182.jpg,003182,.jpg,54713,JPEG,RGB,640,640,1,,,,,False,640,640,294.2962570989039,92.57425308227539,55.775468377327336,0.12941360473632812,0.0,c08d474e6b6e6b68,True,0.4096,1.0,3182,True
003183.jpg,003183,.jpg,59815,JPEG,RGB,640,640,1,,,,,False,640,640,235.69132565624022,128.15565490722656,54.46428926647531,0.0674896240234375,1.52587890625e-05,d5377e9221d145c5,True,0.4096,1.0,3183,True
003184.jpg,003184,.jpg,734585,JPEG,RGB,1536,2048,1,,,,,False,1536,2048,60.995126085045435,122.0540059407552,57.51802185541324,0.08863321940104167,0.0009816487630208333,ffcc0aad4ec2c443,True,3.145728,0.75,3184,True
003185.jpg,003185,.jpg,34727,JPEG,RGB,640,640,1,,,,,False,640,640,42.6862064020097,82.02105331420898,56.540094338327854,0.240875244140625,0.0,80dc3ba85edae46a,True,0.4096,1.0,3185,True
003186.jpg,003186,.jpg,455829,JPEG,RGB,983,1311,1,,,,,False,983,1311,1183.000329278306,116.34637959798177,57.23406966024386,0.0563507080078125,0.0,ed362c336bdb0922,True,1.288713,0.7498093058733791,3186,True
003187.jpg,003187,.jpg,343203,JPEG,RGB,841,1121,1,,,,,False,841,1121,1021.0483360935983,125.19003804524739,62.408157397767496,0.0572052001953125,0.0019022623697916667,8cf325969f328bb0,True,0.942761,0.7502230151650312,3187,True
003188.jpg,003188,.jpg,56046,JPEG,RGB,640,640,1,,,,,False,640,640,329.295480666784,117.02920532226562,66.51201505045978,0.11207199096679688,0.00093841552734375,d5e8340757784b1e,True,0.4096,1.0,3188,True
003189.jpg,003189,.jpg,560307,JPEG,RGB,2016,1512,6,2022:01:12 13:43:25,Apple,iPhone 11,15.1,True,1512,2016,878.2150551175904,128.71996053059897,63.79749875589331,0.07708231608072917,2.0345052083333332e-05,95103fdf60ca6785,True,3.048192,0.75,3189,True
003190.jpg,003190,.jpg,47510,JPEG,RGB,640,640,1,,,,,False,640,640,298.7416190719232,166.60551071166992,68.35376644624043,0.0,0.088653564453125,80955fba61ca478f,True,0.4096,1.0,3190,True
003191.jpg,003191,.jpg,301463,JPEG,RGB,756,1008,1,,,,,False,756,1008,925.8927630376226,96.72841389973958,46.99657359456611,0.0125885009765625,0.0012410481770833333,a956cbc538c96267,True,0.762048,0.75,3191,True
003192.jpg,003192,.jpg,58094,JPEG,RGB,640,640,1,,,,,False,640,640,304.9106026328518,99.64631652832031,50.89655973290744,0.06725692749023438,0.002429962158203125,d56a05c13fcc6276,True,0.4096,1.0,3192,True
003193.jpg,003193,.jpg,540756,JPEG,RGB,979,1306,1,,,,,False,979,1306,1188.6206679523975,123.52827962239583,57.150320762310365,0.06403605143229167,0.00019327799479166666,bcdf184fa1185ba1,True,1.278574,0.7496171516079633,3193,True
003194.jpg,003194,.jpg,67756,JPEG,RGB,640,640,1,,,,,False,640,640,332.2664860254008,64.92464065551758,49.62732605663883,0.2562675476074219,0.0,85df1f0cc5a95865,True,0.4096,1.0,3194,True
003195.jpg,003195,.jpg,245941,JPEG,RGB,646,997,1,,,,,False,646,997,909.8106244464178,124.8275484751506,59.347732560371846,0.0360386859939759,0.0005353445030120482,8b2f348b32cb1fa1,True,0.644062,0.6479438314944834,3195,True
003196.jpg,003196,.jpg,117649,JPEG,RGB,511,707,1,,,,,False,511,707,1704.0767656592398,137.25277132601352,74.19482537738098,0.15321473817567569,0.0005173141891891892,8fcb3c84177dd224,True,0.361277,0.7227722772277227,3196,True
003197.jpg,003197,.jpg,46972,JPEG,RGB,640,640,1,,,,,False,640,640,576.5700895220361,137.85945510864258,75.90846801142008,0.13927459716796875,0.000762939453125,8ddb3c847358563c,True,0.4096,1.0,3197,True
003198.jpg,003198,.jpg,463764,JPEG,RGB,980,1306,1,,,,,False,980,1306,2099.0792979130056,112.33636983235677,67.70627923518849,0.11196390787760417,0.0002899169921875,81e67aab638915e6,True,1.27988,0.7503828483920367,3198,True
003199.jpg,003199,.jpg,56339,JPEG,RGB,640,640,1,,,,,False,640,640,678.3615195160819,151.87276458740234,67.13390855801742,0.0,0.13414764404296875,81e67ac8678b55c6,True,0.4096,1.0,3199,True
003200.jpg,003200,.jpg,270374,JPEG,RGB,672,961,1,,,,,False,672,961,1596.8942508026626,116.76803094448324,68.83685465226958,0.11198280377094973,9.82018156424581e-05,8b70787d62ad62d4,True,0.645792,0.6992715920915713,3200,True
003201.jpg,003201,.jpg,52400,JPEG,RGB,640,640,1,,,,,False,640,640,443.86279896920314,70.06622314453125,62.57332863752962,0.40118408203125,0.0,857a746935d4529d,True,0.4096,1.0,3201,True
003202.jpg,003202,.jpg,169971,JPEG,RGB,778,912,1,,,,,False,778,912,242.24764193909925,108.51585740846681,74.75162958406577,0.2744252359839817,4.91633295194508e-05,bfc5900f8f273c12,True,0.709536,0.8530701754385965,3202,True
003203.jpg,003203,.jpg,27080,JPEG,RGB,640,640,1,,,,,False,640,640,74.40217605697399,58.37800979614258,59.52792488084199,0.4797401428222656,0.0,b5ead0404f350e7e,True,0.4096,1.0,3203,True
003204.jpg,003204,.jpg,415113,JPEG,RGB,907,1209,1,,,,,False,907,1209,847.8523920755574,117.79960632324219,52.67045555599651,0.041371663411458336,0.0018870035807291667,ad520c1e1fec39d4,True,1.096563,0.750206782464847,3204,True
003205.jpg,003205,.jpg,50926,JPEG,RGB,640,640,1,,,,,False,640,640,275.6644512692001,146.16477966308594,58.34304177139471,0.0,0.035430908203125,95e9069b16ed5896,True,0.4096,1.0,3205,True
003206.jpg,003206,.jpg,168700,JPEG,RGB,736,903,1,,,,,False,736,903,258.2079906606546,127.72115276528777,46.78155743489887,0.016997339628297362,0.0,93a6bb2ac4fd201b,True,0.664608,0.8150609080841639,3206,True
003207.jpg,003207,.jpg,354365,JPEG,RGB,809,1079,1,,,,,False,809,1079,601.7068752496401,126.25112915039062,46.13819542123369,0.0031178792317708335,0.0,c0ca31bd0f42fbf0,True,0.872911,0.7497683039851715,3207,True
003208.jpg,003208,.jpg,47875,JPEG,RGB,640,640,1,,,,,False,640,640,220.69598187407246,102.46282958984375,53.75458396390564,0.1185150146484375,0.0,c0c211f85e675f63,True,0.4096,1.0,3208,True
003209.jpg,003209,.jpg,442449,JPEG,RGB,970,1293,1,,,,,False,970,1293,1862.7824336686688,146.2098134358724,49.412614026137305,0.016657511393229168,0.0008697509765625,9557dca1bdc0854b,True,1.25421,0.7501933488012374,3209,True
003210.jpg,003210,.jpg,60932,JPEG,RGB,640,640,1,,,,,False,640,640,587.2924450368009,108.81293487548828,52.767412636504226,0.11120986938476562,0.0,90545ca15fdc4b6b,True,0.4096,1.0,3210,True
003211.jpg,003211,.jpg,369755,JPEG,RGB,1185,889,1,,,,,False,1185,889,601.2064709646834,131.4809824625651,59.03509197261771,0.0564422607421875,0.0022989908854166665,b1b73933201fe447,True,1.053465,1.3329583802024747,3211,True
003212.jpg,003212,.jpg,457781,JPEG,RGB,1411,1058,1,,,,,False,1411,1058,924.9762850167589,109.6723124186198,60.46218280310268,0.13831583658854166,0.003082275390625,bfc3b52a74806a27,True,1.492838,1.333648393194707,3212,True
003213.jpg,003213,.jpg,397681,JPEG,RGB,892,1195,1,,,,,False,892,1195,487.9609183663878,85.62957092604712,42.21090576321371,0.013625858965968586,0.0038091050392670156,8c984d7384fe7287,True,1.06594,0.7464435146443514,3213,True
003214.jpg,003214,.jpg,38830,JPEG,RGB,640,640,1,,,,,False,640,640,120.53608281745983,36.17196273803711,33.36756506078209,0.29827880859375,0.0,cc8849d90ce772e7,True,0.4096,1.0,3214,True
003215.jpg,003215,.jpg,344651,JPEG,RGB,1058,1411,1,,,,,False,1058,1411,111.23071888989459,143.38163248697916,70.19969065857018,0.07836405436197917,0.0,813f2be0ecc5e8d8,True,1.492838,0.7498228206945429,3215,True
003216.jpg,003216,.jpg,506365,JPEG,RGB,1058,1411,1,,,,,False,1058,1411,1428.1971558599168,140.77163696289062,48.3640184688182,0.004338582356770833,0.0,a787f5433ed8c013,True,1.492838,0.7498228206945429,3216,True
003217.jpg,003217,.jpg,55857,JPEG,RGB,640,640,1,,,,,False,640,640,495.5298760216101,148.35221099853516,54.405078798066626,0.04936981201171875,6.866455078125e-05,80aff5d738d8c113,True,0.4096,1.0,3217,True
003218.jpg,003218,.jpg,614758,JPEG,RGB,1058,1411,1,,,,,False,1058,1411,977.9631362476438,139.60095723470053,44.06787446559463,0.016209920247395832,0.0,e0d4dfc45bc45a51,True,1.492838,0.7498228206945429,3218,True
003219.jpg,003219,.jpg,55880,JPEG,RGB,640,640,1,,,,,False,640,640,253.1757731493417,78.18961334228516,42.91950432102812,0.14688491821289062,0.0,f1829dc61cd54ed1,True,0.4096,1.0,3219,True
003220.jpg,003220,.jpg,467262,JPEG,RGB,1058,1411,1,,,,,False,1058,1411,674.0943449900951,121.26930236816406,58.77275496445977,0.018829345703125,0.00014241536458333334,ecd0218edf95cac4,True,1.492838,0.7498228206945429,3220,True
003221.jpg,003221,.jpg,59837,JPEG,RGB,640,640,1,,,,,False,640,640,425.49079419573536,176.39685440063477,56.9006103216782,0.0,0.03511810302734375,809c6b2e77e11ee4,True,0.4096,1.0,3221,True
003222.jpg,003222,.jpg,725000,JPEG,RGB,2016,1512,1,,,,,False,2016,1512,637.2289957763991,119.14288330078125,59.21589875202558,0.0872039794921875,0.0,a99d96ecda618cc2,True,3.048192,1.3333333333333333,3222,True
003223.jpg,003223,.jpg,39435,JPEG,RGB,640,640,1,,,,,False,640,640,256.4120324138639,161.83644104003906,61.82633057572086,0.0,0.07001113891601562,b58a906c5a704ffa,True,0.4096,1.0,3223,True
003224.jpg,003224,.jpg,600974,JPEG,RGB,1478,1970,1,,,,,False,1478,1970,477.0754802729676,124.39745585123698,49.0448050942739,0.025126139322916668,2.0345052083333332e-05,ad1c8616a99f7992,True,2.91166,0.750253807106599,3224,True
003225.jpg,003225,.jpg,41585,JPEG,RGB,640,640,1,,,,,False,640,640,220.87572377208562,161.0566635131836,54.862285777175465,0.0,0.02057647705078125,a50a543219db7dda,True,0.4096,1.0,3225,True
003226.jpg,003226,.jpg,629554,JPEG,RGB,1486,1981,1,,,,,False,1486,1981,882.6099797279263,120.42973327636719,63.269075847396756,0.06399027506510417,0.0001220703125,a41fb2899e9a78d2,True,2.943766,0.7501261988894498,3226,True
003227.jpg,003227,.jpg,42478,JPEG,RGB,640,640,1,,,,,False,640,640,312.5688381373038,146.53560256958008,66.20564120021754,0.0,0.06720352172851562,b52eb3810e9b68dc,True,0.4096,1.0,3227,True
003228.jpg,003228,.jpg,26720,JPEG,RGB,640,640,1,,,,,False,640,640,121.93958207446849,169.49352645874023,50.16776097490652,0.0,0.0033111572265625,81ea5e81c1fd407f,True,0.4096,1.0,3228,True
003229.jpg,003229,.jpg,370941,JPEG,RGB,1461,1948,1,,,,,False,1461,1948,175.30490504112095,150.36500549316406,42.91581594533602,0.0003153483072916667,0.0011342366536458333,c5a83fd07417823f,True,2.846028,0.75,3229,True
003230.jpg,003230,.jpg,510646,JPEG,RGB,1291,1721,1,,,,,False,1291,1721,196.88175760620894,145.33569844563803,63.752335352464655,0.011967976888020834,0.0,bfc4d02d6b3461c3,True,2.221811,0.7501452643811737,3230,True
003231.jpg,003231,.jpg,631795,JPEG,RGB,1254,1672,1,,,,,False,1254,1672,618.9181500250061,143.168701171875,51.59526798322654,0.002960205078125,0.00023905436197916666,bcec838f722013db,True,2.096688,0.75,3231,True
003232.jpg,003232,.jpg,1020891,JPEG,RGB,1536,2048,1,,,,,False,1536,2048,1067.2132011245315,127.81893920898438,67.10360384719753,0.054692586263020836,0.0019683837890625,c1942bce797a83e1,True,3.145728,0.75,3232,True
003233.jpg,003233,.jpg,60202,JPEG,RGB,640,640,1,,,,,False,640,640,412.1083904331899,145.75799942016602,72.72525580811883,0.003559112548828125,0.061138153076171875,d5862fca747a02f1,True,0.4096,1.0,3233,True
003234.jpg,003234,.jpg,702849,JPEG,RGB,1439,1919,1,,,,,False,1439,1919,793.6074736589152,131.32505798339844,43.48631608485562,0.023523966471354168,7.120768229166667e-05,8e54d67a53900f97,True,2.761441,0.7498697238144867,3234,True
003235.jpg,003235,.jpg,48985,JPEG,RGB,640,640,1,,,,,False,640,640,302.1035049973143,150.25865936279297,51.91409767325799,0.00016021728515625,0.009098052978515625,805f542b4b1f0f37,True,0.4096,1.0,3235,True
003236.jpg,003236,.jpg,940601,JPEG,RGB,1477,1969,1,,,,,False,1477,1969,922.5417570545234,124.03714497884114,66.23072811904802,0.10814921061197917,0.0031992594401041665,f8c757784c94d41c,True,2.908213,0.750126968004063,3236,True
003237.jpg,003237,.jpg,53543,JPEG,RGB,640,640,1,,,,,False,640,640,474.03443810058525,128.31703567504883,67.2476015048123,0.05760955810546875,0.00356292724609375,fdc25678549c5878,True,0.4096,1.0,3237,True
003238.jpg,003238,.jpg,566068,JPEG,RGB,1230,1640,1,,,,,False,1230,1640,738.4651051970562,148.31077575683594,38.97381275289406,0.00177001953125,0.0001068115234375,a0bc7e7e3740136c,True,2.0172,0.75,3238,True
003239.jpg,003239,.jpg,570941,JPEG,RGB,1327,1771,1,,,,,False,1327,1771,747.4602649505765,137.25194295247397,57.25458004141459,0.0355682373046875,0.000213623046875,8ada6ae97a8125d5,True,2.350117,0.7492941840767928,3239,True
003240.jpg,003240,.jpg,48526,JPEG,RGB,640,640,1,,,,,False,640,640,287.9968629179057,121.34550857543945,62.96221393906604,0.11425399780273438,3.0517578125e-05,c5fb56a978812d85,True,0.4096,1.0,3240,True
003241.jpg,003241,.jpg,505783,JPEG,RGB,1412,1883,1,,,,,False,1412,1883,247.11677033940535,129.34056599934897,67.58512135559866,0.060674031575520836,0.0016835530598958333,83ec2f8d163bd4a4,True,2.658796,0.7498672331386086,3241,True
003242.jpg,003242,.jpg,31243,JPEG,RGB,640,640,1,,,,,False,640,640,108.54081198373751,75.33145523071289,61.6266837421683,0.3289299011230469,0.0,95ed3d8d1639ca84,True,0.4096,1.0,3242,True
003243.jpg,003243,.jpg,825889,JPEG,RGB,1896,1422,1,,,,,False,1896,1422,1754.2478278583285,135.99493916829428,53.06748226525302,0.0050201416015625,0.0007781982421875,d1e49fd5ac81d017,True,2.696112,1.3333333333333333,3243,True
003244.jpg,003244,.jpg,57896,JPEG,RGB,640,640,1,,,,,False,640,640,549.4728013491113,151.5267219543457,61.260227667083456,0.003955841064453125,0.037769317626953125,d0e51f442e2b1e3e,True,0.4096,1.0,3244,True
003245.jpg,003245,.jpg,60946,JPEG,RGB,640,640,1,,,,,False,640,640,475.40541258068697,200.67122650146484,55.35401613047857,0.0,0.22552871704101562,d5fd05dc24941ba6,True,0.4096,1.0,3245,True
003246.jpg,003246,.jpg,408572,JPEG,RGB,1653,1240,1,,,,,False,1653,1240,579.5403555879733,123.95109558105469,59.03649501152235,0.053410847981770836,0.00019327799479166666,c4d83b822774f46e,True,2.04972,1.3330645161290322,3246,True
003247.jpg,003247,.jpg,678727,JPEG,RGB,1260,1680,1,,,,,False,1260,1680,1263.2226618888478,131.22759501139322,54.718474059793905,0.0156707763671875,0.000396728515625,cfb2646343d683c9,True,2.1168,0.75,3247,True
003248.jpg,003248,.jpg,59720,JPEG,RGB,640,640,1,,,,,False,640,640,407.43242022894265,92.521484375,55.39242723812354,0.13747024536132812,0.0,cab720477b4093db,True,0.4096,1.0,3248,True
003249.jpg,003249,.jpg,913249,JPEG,RGB,1274,1698,1,,,,,False,1274,1698,1212.5048600286245,131.75732930501303,54.282941339161646,0.0072021484375,0.00016276041666666666,d26168869f1e61af,True,2.163252,0.7502944640753828,3249,True
003250.jpg,003250,.jpg,67420,JPEG,RGB,640,640,1,,,,,False,640,640,392.4126100357971,157.5323944091797,59.04132730447982,0.0,0.10260009765625,c0f16187579e63a9,True,0.4096,1.0,3250,True
003251.jpg,003251,.jpg,741066,JPEG,RGB,1256,1675,1,,,,,False,1256,1675,1687.2972371949716,134.44895935058594,55.690851731944726,0.012359619140625,6.103515625e-05,f8d01ec85ccc29f6,True,2.1038,0.7498507462686567,3251,True
003252.jpg,003252,.jpg,60734,JPEG,RGB,640,640,1,,,,,False,640,640,508.97729275187885,77.87699127197266,55.858367337548465,0.2407684326171875,0.0,b1d017e958cd6c17,True,0.4096,1.0,3252,True
003253.jpg,003253,.jpg,745407,JPEG,RGB,1306,1741,1,,,,,False,1306,1741,2069.1723069415893,100.64545186360677,53.86990861137311,0.07590738932291667,0.0023193359375,aec08140f5f0a3ff,True,2.273746,0.7501435956346927,3253,True
003254.jpg,003254,.jpg,587924,JPEG,RGB,1413,1884,1,,,,,False,1413,1884,594.7333525307217,149.86434427897134,71.19525559460142,0.042134602864583336,0.000762939453125,ad8cd252e1e933e1,True,2.662092,0.75,3254,True
003255.jpg,003255,.jpg,41625,JPEG,RGB,640,640,1,,,,,False,640,640,328.93635601218557,135.07351684570312,76.47068821412779,0.11373138427734375,0.00014495849609375,95aad242e5ed22f1,True,0.4096,1.0,3255,True
003256.jpg,003256,.jpg,755672,JPEG,RGB,1249,1666,1,,,,,False,1249,1666,2275.6913936866654,136.64959716796875,62.8999178745114,0.037104288736979164,0.0013071695963541667,95d30d4b7d856534,True,2.080834,0.7496998799519808,3256,True
003257.jpg,003257,.jpg,64911,JPEG,RGB,640,640,1,,,,,False,640,640,658.7180045654532,150.83835983276367,67.77651683333335,0.058635711669921875,0.004123687744140625,95d5088a7ba5752d,True,0.4096,1.0,3257,True
003258.jpg,003258,.jpg,64560,JPEG,RGB,640,640,1,,,,,False,640,640,847.0096236324025,162.87607955932617,65.28963191877318,0.0,0.07413482666015625,80a73c80c7cf4d7e,True,0.4096,1.0,3258,True
003259.jpg,003259,.jpg,620931,JPEG,RGB,1674,1255,1,,,,,False,1674,1255,977.5872894376516,135.8211466471354,52.70970607415804,0.020894368489583332,0.0005696614583333334,a2afd53a25162f15,True,2.10087,1.3338645418326693,3259,True
003260.jpg,003260,.jpg,556573,JPEG,RGB,1726,1294,1,,,,,False,1726,1294,793.0547040492917,118.0943603515625,63.00943380403479,0.07099405924479167,0.0010223388671875,92cd2a23cb995b53,True,2.233444,1.3338485316846986,3260,True
003261.jpg,003261,.jpg,48855,JPEG,RGB,640,640,1,,,,,False,640,640,290.0603528790525,77.64543151855469,60.48025176417167,0.23828887939453125,0.0,97ce2e304a8d4cdb,True,0.4096,1.0,3261,True
003262.jpg,003262,.jpg,719596,JPEG,RGB,1477,1969,1,,,,,False,1477,1969,1051.484725423131,142.29589335123697,72.77764693764128,0.022705078125,0.0005544026692708334,d50e2a8e72bdc52c,True,2.908213,0.750126968004063,3262,True
003263.jpg,003263,.jpg,717159,JPEG,RGB,1858,1394,1,,,,,False,1858,1394,666.6088307305084,118.32165018717448,73.33938994962706,0.0807952880859375,0.0004170735677083333,c196423f3c2fecc2,True,2.590052,1.3328550932568148,3263,True
003264.jpg,003264,.jpg,689001,JPEG,RGB,1436,1915,1,,,,,False,1436,1915,413.3247872465808,98.22006734212239,45.75996350724361,0.037394205729166664,0.0018208821614583333,f768a37921c5a4c3,True,2.74994,0.7498694516971279,3264,True
003265.jpg,003265,.jpg,846543,JPEG,RGB,2043,1532,1,,,,,False,2043,1532,971.4488481562327,113.04900614420573,63.42620682243681,0.0601959228515625,0.0003407796223958333,cc97771caaa4c83c,True,3.129876,1.33355091383812,3265,True
003266.jpg,003266,.jpg,846806,JPEG,RGB,2031,1524,1,,,,,False,2031,1524,1258.3239923001315,112.10135396321614,62.2583033045456,0.053766886393229164,0.0021413167317708335,9ae9c643f0ab6619,True,3.095244,1.3326771653543308,3266,True
003267.jpg,003267,.jpg,773790,JPEG,RGB,1880,1409,1,,,,,False,1880,1409,908.2624828635144,120.4673563639323,50.902291165687835,0.008382161458333334,0.0005442301432291666,c93d10760fd85ea5,True,2.64892,1.3342796309439318,3267,True
003268.jpg,003268,.jpg,56543,JPEG,RGB,640,640,1,,,,,False,640,640,446.1015803622431,119.5029411315918,54.925350568080155,0.042743682861328125,0.00543975830078125,c97d10720f482fe7,True,0.4096,1.0,3268,True
003269.jpg,003269,.jpg,877274,JPEG,RGB,1331,1775,1,,,,,False,1331,1775,3450.211293425384,128.97467041015625,69.59548347765609,0.0366058349609375,0.0008951822916666666,d0c0bf6a15c6917d,True,2.362525,0.7498591549295774,3269,True
003270.jpg,003270,.jpg,603001,JPEG,RGB,1695,1272,1,,,,,False,1695,1272,345.3900451660156,114.43899536132812,53.89582601841118,0.027242024739583332,0.0011189778645833333,bfc83748cc3b4691,True,2.15604,1.3325471698113207,3270,True
003271.jpg,003271,.jpg,58482,JPEG,RGB,640,640,1,,,,,False,640,640,505.4643178170081,82.34806442260742,60.56634504736709,0.22331619262695312,0.0,d4dd2a62b53f2258,True,0.4096,1.0,3271,True
003272.jpg,003272,.jpg,682109,JPEG,RGB,1821,1366,1,,,,,False,1821,1366,1105.2175183411066,113.10071309407552,64.84770102718892,0.019449869791666668,0.00091552734375,a0948f786f34e696,True,2.487486,1.3330893118594436,3272,True
003273.jpg,003273,.jpg,55210,JPEG,RGB,640,640,1,,,,,False,640,640,402.59179087400844,128.66890716552734,69.36050305164635,0.004337310791015625,0.02392578125,f5aa407b7527c24a,True,0.4096,1.0,3273,True
003274.jpg,003274,.jpg,612938,JPEG,RGB,1236,1649,1,,,,,False,1236,1649,2228.0185938120508,130.75294494628906,56.31316462195641,0.033991495768229164,0.0023752848307291665,9ac83fc22a9742db,True,2.038164,0.7495451788963008,3274,True
003275.jpg,003275,.jpg,1041341,JPEG,RGB,1455,1940,1,,,,,False,1455,1940,1439.5158801978812,135.66961161295572,56.719046732606216,0.037272135416666664,0.0051727294921875,85fc3e9087b8cae8,True,2.8227,0.75,3275,True
003276.jpg,003276,.jpg,723421,JPEG,RGB,1511,2015,1,,,,,False,1511,2015,353.98175826172036,117.18931579589844,59.987753761774286,0.013615926106770834,0.0001220703125,92da7b26c98e6d30,True,3.044665,0.7498759305210918,3276,True
003277.jpg,003277,.jpg,942583,JPEG,RGB,1333,1777,1,,,,,False,1333,1777,1407.0530306671023,129.46831766764322,66.23901685545471,0.09800211588541667,0.0,97c92ae53a761859,True,2.368741,0.7501406865503658,3277,True
003278.jpg,003278,.jpg,389071,JPEG,RGB,1094,1459,1,,,,,False,1094,1459,585.4414507531459,112.40937805175781,53.307530394655124,0.0209808349609375,0.0009002685546875,a2d22be0a5a97d65,True,1.596146,0.7498286497601097,3278,True
003279.jpg,003279,.jpg,54229,JPEG,RGB,640,640,1,,,,,False,640,640,231.3013513693004,123.62622833251953,58.334240264891534,0.08050918579101562,0.020984649658203125,a0975bcb15a91da5,True,0.4096,1.0,3279,True
003280.jpg,003280,.jpg,52593,JPEG,RGB,640,640,1,,,,,False,640,640,420.8386600592494,116.02412796020508,69.62889201630978,0.18308639526367188,0.0,808737c07fdc617a,True,0.4096,1.0,3280,True
003281.jpg,003281,.jpg,704921,JPEG,RGB,1507,2009,1,,,,,False,1507,2009,224.35403675148783,132.016845703125,48.677131339814885,0.021387736002604168,1.52587890625e-05,c0b2962f1d3fc1e8,True,3.027563,0.7501244400199104,3281,True
003282.jpg,003282,.jpg,774374,JPEG,RGB,1536,2048,1,,,,,False,1536,2048,406.11041942588054,136.94036865234375,62.89734164775949,0.11485799153645833,0.0008188883463541666,cbdd2c826d8a5ca5,True,3.145728,0.75,3282,True
003283.jpg,003283,.jpg,1046190,JPEG,RGB,1536,2048,1,,,,,False,1536,2048,1998.2132952254422,129.85253397623697,60.12849964967627,0.044759114583333336,0.0026499430338541665,c2562d613ce12f9b,True,3.145728,0.75,3283,True
003284.jpg,003284,.jpg,66240,JPEG,RGB,640,640,1,,,,,False,640,640,755.7509160310583,87.6135368347168,58.526833560292616,0.20357894897460938,0.0,82d42deb3de06593,True,0.4096,1.0,3284,True
003285.jpg,003285,.jpg,882893,JPEG,RGB,1354,1806,1,,,,,False,1354,1806,2332.549495495752,95.57315063476562,66.30472224781795,0.10034688313802083,0.00189208984375,baec4a97d86cb148,True,2.445324,0.7497231450719822,3285,True
003286.jpg,003286,.jpg,71367,JPEG,RGB,640,640,1,,,,,False,640,640,750.5850656225666,45.53445816040039,56.400519327364464,0.5446548461914062,0.0,91ea4c974965d963,True,0.4096,1.0,3286,True
003287.jpg,003287,.jpg,677035,JPEG,RGB,1791,1343,1,,,,,False,1791,1343,1122.5879814920481,129.52123006184897,57.65588290068292,0.005152384440104167,0.0007425944010416666,ba0265ba6792796c,True,2.405313,1.3335815338793746,3287,True
003288.jpg,003288,.jpg,46941,JPEG,RGB,640,640,1,,,,,False,640,640,405.98352255007194,101.900146484375,59.94244848782745,0.10023880004882812,0.0,fd4a24d962d86c72,True,0.4096,1.0,3288,True
003289.jpg,003289,.jpg,45359,JPEG,RGB,640,640,1,,,,,False,640,640,311.57991328938806,63.220394134521484,48.12336374365198,0.28375244140625,0.0,f5503b9fe5910962,True,0.4096,1.0,3289,True
003290.jpg,003290,.jpg,470002,JPEG,RGB,1254,1672,1,,,,,False,1254,1672,295.4491504043496,125.76315816243489,53.09090954206945,0.010309855143229166,0.00016276041666666666,96c930dfcfb54091,True,2.096688,0.75,3290,True
003291.jpg,003291,.jpg,41296,JPEG,RGB,640,640,1,,,,,False,640,640,113.22414442285663,84.35267639160156,53.03495738254048,0.20636367797851562,0.0,97e9309f4eb56091,True,0.4096,1.0,3291,True
003292.jpg,003292,.jpg,679901,JPEG,RGB,1505,2007,1,,,,,False,1505,2007,451.55243974114364,132.5792439778646,67.46894590697428,0.100921630859375,0.0009613037109375,acd22ad1ee6c531c,True,3.020535,0.7498754359740907,3292,True
003293.jpg,003293,.jpg,43088,JPEG,RGB,640,640,1,,,,,False,640,640,192.20388149633072,127.2297592163086,74.47468412248178,0.1455535888671875,0.001689910888671875,84c03d91de5c53e7,True,0.4096,1.0,3293,True
003294.jpg,003294,.jpg,783314,JPEG,RGB,1484,1979,1,,,,,False,1484,1979,949.6315743171658,121.21659851074219,64.0184977006935,0.07522074381510417,0.0023244222005208335,dea139e03126d5bc,True,2.936836,0.7498736735725113,3294,True
003295.jpg,003295,.jpg,810581,JPEG,RGB,2016,1511,1,,,,,False,2016,1511,1164.8695880242674,121.38868713378906,58.02743486148616,0.014638264973958334,0.0005137125651041666,c6047ee457aace92,True,3.046176,1.3342157511581734,3295,True
003296.jpg,003296,.jpg,64813,JPEG,RGB,640,640,1,,,,,False,640,640,416.3778259828541,151.28072357177734,61.6017117879364,0.0,0.047039031982421875,c7202ce44aefd6d1,True,0.4096,1.0,3296,True
003297.jpg,003297,.jpg,698323,JPEG,RGB,1329,1771,1,,,,,False,1329,1771,988.9767755762568,153.56738789876303,60.39331641103222,0.0364990234375,1.52587890625e-05,d42b462b2732a737,True,2.353659,0.7504234895539243,3297,True
003298.jpg,003298,.jpg,55089,JPEG,RGB,640,640,1,,,,,False,640,640,306.96065434790216,91.2088394165039,58.96614496319707,0.23109054565429688,0.0,d4016b25253e67b7,True,0.4096,1.0,3298,True
003299.jpg,003299,.jpg,894020,JPEG,RGB,1497,1996,1,,,,,False,1497,1996,2136.5837058756088,136.6230214436849,53.86317272627988,0.018300374348958332,0.0005645751953125,92d0689056da99ff,True,2.988012,0.75,3299,True
003300.jpg,003300,.jpg,995488,JPEG,RGB,1499,1999,1,,,,,False,1499,1999,842.3942618865726,136.499267578125,52.038367270358606,0.031010945638020832,0.0,ecae57d971b026c0,True,2.996501,0.7498749374687343,3300,True
003301.jpg,003301,.jpg,617296,JPEG,RGB,1444,1927,1,,,,,False,1444,1927,995.2667452080381,124.40090942382812,65.85485105176802,0.047770182291666664,0.0010477701822916667,87f6cb2d2d30d0d2,True,2.782588,0.749351323300467,3301,True
003302.jpg,003302,.jpg,516325,JPEG,RGB,1621,1240,1,,,,,False,1621,1240,1289.4690372786986,142.45278619260205,53.49092652174629,0.026307397959183673,0.005022321428571429,8e2a3e42963067f7,True,2.01004,1.3072580645161291,3302,True
003303.jpg,003303,.jpg,49330,JPEG,RGB,640,640,1,,,,,False,640,640,449.2810782333836,169.3970489501953,61.57204117961508,0.0,0.07207107543945312,85271f4352727675,True,0.4096,1.0,3303,True
003304.jpg,003304,.jpg,670993,JPEG,RGB,1924,1443,1,,,,,False,1924,1443,873.1976594899829,120.56113688151042,55.54307745378291,0.022516886393229168,1.0172526041666666e-05,a095a419b56e7eb4,True,2.776332,1.3333333333333333,3304,True
003305.jpg,003305,.jpg,42376,JPEG,RGB,640,640,1,,,,,False,640,640,326.26395548960136,75.14437866210938,52.63741743348608,0.17594528198242188,0.0,8191e6195e6a76d9,True,0.4096,1.0,3305,True
003306.jpg,003306,.jpg,924118,JPEG,RGB,1387,1849,1,,,,,False,1387,1849,1968.1119534608963,159.12894185384116,40.79670558139318,0.009348551432291666,0.0,80a055aa4bbf3f95,True,2.564563,0.7501352082206598,3306,True
003307.jpg,003307,.jpg,60074,JPEG,RGB,640,640,1,,,,,False,640,640,641.8051663255173,190.1682586669922,56.597850647096834,0.0,0.0369720458984375,80bd5595479f0b95,True,0.4096,1.0,3307,True
003308.jpg,003308,.jpg,53280,JPEG,RGB,640,640,1,,,,,False,640,640,154.83895833672432,87.51058578491211,52.94143062710873,0.10400390625,0.0,b4aa53d249b0acf6,True,0.4096,1.0,3308,True
003309.jpg,003309,.jpg,857387,JPEG,RGB,1572,2096,1,,,,,False,1572,2096,519.5654849285622,112.38742065429688,69.25359099840328,0.12196858723958333,0.0019785563151041665,bd4a28d1f312d6e4,True,3.294912,0.75,3309,True
003310.jpg,003310,.jpg,46030,JPEG,RGB,640,640,1,,,,,False,640,640,215.17546822916484,81.23904418945312,66.01396599405432,0.2568931579589844,0.0,d56a0ed57316e425,True,0.4096,1.0,3310,True
003311.jpg,003311,.jpg,733132,JPEG,RGB,1343,1791,1,,,,,False,1343,1791,393.90536453947425,137.29212443033853,60.037010312358454,0.009740193684895834,0.0,aac285c31afd2937,True,2.405313,0.7498604131769961,3311,True
003312.jpg,003312,.jpg,35891,JPEG,RGB,640,640,1,,,,,False,640,640,144.23067722584528,77.7646255493164,58.30165700653635,0.2082366943359375,0.0,b5ca94c10b7d7d12,True,0.4096,1.0,3312,True
003313.jpg,003313,.jpg,723149,JPEG,RGB,1385,1847,1,,,,,False,1385,1847,1311.366169700606,130.5521240234375,61.97692235819501,0.09128824869791667,0.0007680257161458334,85c53fe20095df1d,True,2.558095,0.7498646453708717,3313,True
003314.jpg,003314,.jpg,53680,JPEG,RGB,640,640,1,,,,,False,640,640,401.41770546253247,86.54986190795898,59.369002776346264,0.2566642761230469,0.0,809577c01f9a9f5a,True,0.4096,1.0,3314,True
003315.jpg,003315,.jpg,554767,JPEG,RGB,1917,1437,1,,,,,False,1917,1437,410.4618073825777,116.41947937011719,64.00369487578848,0.057032267252604164,4.57763671875e-05,d59f2a9f282cc1f0,True,2.754729,1.3340292275574113,3315,True
003316.jpg,003316,.jpg,568975,JPEG,RGB,1270,1695,1,,,,,False,1270,1695,612.9448327445942,115.92031860351562,55.69649264144015,0.033411661783854164,0.0010325113932291667,88ac525a7ae82bbd,True,2.15265,0.7492625368731564,3316,True
003317.jpg,003317,.jpg,55902,JPEG,RGB,640,640,1,,,,,False,640,640,242.38727947231382,115.86565780639648,61.371455130857655,0.09148406982421875,0.001789093017578125,cde2524a6be5055e,True,0.4096,1.0,3317,True
003318.jpg,003318,.jpg,459706,JPEG,RGB,1284,1711,1,,,,,False,1284,1711,292.5963948834429,125.55234781901042,54.97901420127853,0.01373291015625,0.0006154378255208334,bd681af58d750998,True,2.196924,0.7504383401519579,3318,True
003319.jpg,003319,.jpg,41398,JPEG,RGB,640,640,1,,,,,False,640,640,132.33041688041703,131.1220588684082,63.311968078559545,0.086090087890625,0.024761199951171875,816a1cc55b769a6e,True,0.4096,1.0,3319,True
003320.jpg,003320,.jpg,72890,JPEG,RGB,640,640,1,,,,,False,640,640,776.7405606642715,160.6391372680664,67.3817372283795,0.10166549682617188,0.012256622314453125,806a55555e613f7a,True,0.4096,1.0,3320,True
003321.jpg,003321,.jpg,560164,JPEG,RGB,1249,1665,1,,,,,False,1249,1665,440.7021126812324,133.17948404947916,53.349913389825616,0.027440388997395832,0.0002543131510416667,df562cc136db1449,True,2.079585,0.7501501501501502,3321,True
003322.jpg,003322,.jpg,52202,JPEG,RGB,640,640,1,,,,,False,640,640,138.86190320736205,75.37567901611328,51.39641844368987,0.22101211547851562,0.0,dd7a246173cb2649,True,0.4096,1.0,3322,True
003323.jpg,003323,.jpg,714244,JPEG,RGB,1342,1868,1,,,,,False,1342,1868,1026.1098176659787,129.30802055027175,45.78349942765372,0.011893894361413044,0.00028129245923913044,90df4a348ac77c8b,True,2.506856,0.7184154175588865,3323,True
003324.jpg,003324,.jpg,1105480,JPEG,RGB,1450,1933,1,,,,,False,1450,1933,975.3746948009357,109.24989827473958,56.743229085305074,0.081268310546875,0.0004069010416666667,87c97bd1a85da605,True,2.80285,0.7501293326435592,3324,True
003325.jpg,003325,.jpg,69745,JPEG,RGB,640,640,1,,,,,False,640,640,326.0752753367269,106.05592346191406,59.93408728539544,0.1093292236328125,0.000415802001953125,95487bd12c4fa467,True,0.4096,1.0,3325,True
003326.jpg,003326,.jpg,868567,JPEG,RGB,1373,1831,1,,,,,False,1373,1831,1029.5921650745956,110.17739868164062,58.99990795963594,0.0781707763671875,0.00022379557291666666,91f82ec0bd6f8466,True,2.513963,0.7498634625887494,3326,True
003327.jpg,003327,.jpg,68591,JPEG,RGB,640,640,1,,,,,False,640,640,355.1319463971158,136.99045944213867,64.14459771220882,0.0,0.01404571533203125,916b2ec04f7f4c62,True,0.4096,1.0,3327,True
003328.jpg,003328,.jpg,542400,JPEG,RGB,1501,2002,1,,,,,False,1501,2002,133.93050446027578,129.84554036458334,54.94565303316139,0.053812662760416664,0.001800537109375,f583532d83b3a534,True,3.005002,0.7497502497502497,3328,True
003329.jpg,003329,.jpg,33308,JPEG,RGB,640,640,1,,,,,False,640,640,104.48874720837921,179.7038116455078,58.98889504202444,0.0,0.0996551513671875,f597122c0b171f35,True,0.4096,1.0,3329,True
003330.jpg,003330,.jpg,853237,JPEG,RGB,1536,2048,1,,,,,False,1536,2048,608.511429220826,121.97757466634114,57.66936691489253,0.0034891764322916665,0.0022735595703125,a7f4d3844b1e306e,True,3.145728,0.75,3330,True
003331.jpg,003331,.jpg,52792,JPEG,RGB,640,640,1,,,,,False,640,640,297.245972793884,118.00834274291992,62.727662225573205,0.0647430419921875,0.004077911376953125,a4f5d6015e1d2a79,True,0.4096,1.0,3331,True
003332.jpg,003332,.jpg,564861,JPEG,RGB,1311,1748,1,,,,,False,1311,1748,360.06606026467244,134.04075622558594,62.31556839175137,0.051884969075520836,0.00022379557291666666,90543fa286e7f0d6,True,2.291628,0.75,3332,True
003333.jpg,003333,.jpg,621260,JPEG,RGB,1451,1934,1,,,,,False,1451,1934,1530.6765163830325,132.10792541503906,64.79453072604787,0.025822957356770832,0.0005594889322916666,d320fd7c143dc84b,True,2.806234,0.750258531540848,3333,True
003334.jpg,003334,.jpg,53333,JPEG,RGB,640,640,1,,,,,False,640,640,540.5771802309755,118.21755981445312,70.01219065995538,0.10425567626953125,0.0,c1324c797c34dbc9,True,0.4096,1.0,3334,True
003335.jpg,003335,.jpg,631114,JPEG,RGB,1866,1400,1,,,,,False,1866,1400,286.99170839745125,115.94367980957031,46.635502502068746,0.010467529296875,0.003448486328125,d19ae76f2c68e520,True,2.6124,1.332857142857143,3335,True
003336.jpg,003336,.jpg,38919,JPEG,RGB,640,640,1,,,,,False,640,640,101.52598402915464,59.236820220947266,44.74138319558298,0.28281402587890625,0.0,d09a676d6e48572a,True,0.4096,1.0,3336,True
003337.jpg,003337,.jpg,838581,JPEG,RGB,1416,1888,1,,,,,False,1416,1888,1776.6482332481276,128.04266357421875,42.12923108370482,0.014699300130208334,0.0008799235026041666,85bc4392b2d2e937,True,2.673408,0.75,3337,True
003338.jpg,003338,.jpg,60612,JPEG,RGB,640,640,1,,,,,False,640,640,550.2887702828593,106.05448150634766,47.923790032604856,0.08539581298828125,0.0,85af41c352da6c73,True,0.4096,1.0,3338,True
003339.jpg,003339,.jpg,667753,JPEG,RGB,1349,1799,1,,,,,False,1349,1799,837.797457184953,129.62772623697916,60.29376904039861,0.09205118815104167,0.0021820068359375,9ac5367a3f7c4824,True,2.426851,0.7498610339077265,3339,True
003340.jpg,003340,.jpg,793296,JPEG,RGB,1536,2048,1,2022:01:15 19:52:30,Apple,iPhone 11,15.1,True,1536,2048,1466.3985619710293,125.80034891764323,58.83692049883418,0.06685384114583333,3.5603841145833336e-05,95f658d5768449c9,True,3.145728,0.75,3340,True
003341.jpg,003341,.jpg,47100,JPEG,RGB,640,640,1,,,,,False,640,640,603.516957829459,88.32492446899414,57.708081737852304,0.2413177490234375,0.0,d5eb18d07fc068c6,True,0.4096,1.0,3341,True
003342.jpg,003342,.jpg,362724,JPEG,RGB,929,1239,1,,,,,False,929,1239,571.3863218640909,116.29623413085938,53.016932954576184,0.022425333658854168,9.1552734375e-05,af52c806a9bd5d92,True,1.151031,0.7497982243744956,3342,True
003343.jpg,003343,.jpg,54333,JPEG,RGB,640,640,1,,,,,False,640,640,219.59019525256008,84.60639953613281,53.13253272308655,0.17906951904296875,0.0,857ac520257f5ada,True,0.4096,1.0,3343,True
3344.jpg,3344,.jpg,3063223,MPO,RGB,4032,3024,6,2025:10:31 18:33:58,Apple,iPhone 13 mini,26.1,True,3024,4032,791.556794318888,105.76820373535156,68.89320960276329,0.052815755208333336,0.09000142415364583,8fd0a3accec2889f,True,12.192768,0.75,3344,False
3345.jpeg,3345,.jpeg,2989363,MPO,RGB,4032,3024,6,2025:12:09 14:18:32,Apple,iPhone 13 mini,26.2,True,3024,4032,982.1508461516092,100.69640604654948,60.23965385447801,0.13010660807291666,0.007639567057291667,af74c24bbc370f10,True,12.192768,0.75,3345,False
3346.jpeg,3346,.jpeg,3038348,MPO,RGB,4032,3024,6,2025:12:09 14:18:41,Apple,iPhone 13 mini,26.2,True,3024,4032,279.5490976534525,101.11908467610677,58.72750890924921,0.086090087890625,0.0010579427083333333,d2213edfa0d6d861,True,12.192768,0.75,3346,False
3347.jpeg,3347,.jpeg,2017427,MPO,RGB,4032,3024,6,2025:12:09 14:26:20,Apple,iPhone 17 Pro,26.1,True,3024,4032,232.13685540192657,130.71184794108072,63.52263409466629,0.08425394694010417,0.009307861328125,de80630fdbf43cc0,True,12.192768,0.75,3347,False
3348.jpeg,3348,.jpeg,3076379,MPO,RGB,4032,3024,6,2025:12:09 14:26:46,Apple,iPhone 17 Pro,26.1,True,3024,4032,2171.643739044641,122.90728251139323,60.51133965826955,0.12829081217447916,0.0010019938151041667,98ef1fc0a45ea1c6,True,12.192768,0.75,3348,False
3349.jpeg,3349,.jpeg,3426593,MPO,RGB,4032,3024,6,2025:12:09 14:19:00,Apple,iPhone 14 Pro,16.1.2,True,3024,4032,2433.9118588780984,135.62517293294272,59.0931772584719,0.024927775065104168,0.0013682047526041667,d2dcacc8b7b82e41,True,12.192768,0.75,3349,False
3350.jpeg,3350,.jpeg,3277193,MPO,RGB,4032,3024,6,2025:12:09 14:19:01,Apple,iPhone 14 Pro,16.1.2,True,3024,4032,2334.6982006480043,132.61287434895834,59.26845374082203,0.029851277669270832,0.0022481282552083335,d6ce2ccea1f0b219,True,12.192768,0.75,3350,False
3351.jpeg,3351,.jpeg,3106684,MPO,RGB,4032,3024,6,2025:12:09 14:24:55,Apple,iPhone 14 Pro,16.1.2,True,3024,4032,1692.5262753553427,127.26021830240886,61.76913752648765,0.068389892578125,0.0063323974609375,d48a2b55d65e6913,True,12.192768,0.75,3351,False
3352.jpeg,3352,.jpeg,3311211,MPO,RGB,4032,3024,6,2025:12:09 14:24:56,Apple,iPhone 14 Pro,16.1.2,True,3024,4032,2138.693288393914,135.1231486002604,61.69584458952087,0.040771484375,0.00677490234375,f58a6294b5de906a,True,12.192768,0.75,3352,False
