file,image_id,orig_w,orig_h,proc_w,proc_h,mp,t_0,t_90,t_best,score_0,score_90,best,n_lines,n_lines_0,n_lines_90,mean_conf,text,anchors,has_pos,has_neg,has_soft,has_yut,has_bydo,n_dates_all,n_dates,kinds,dates,n_in_long,dis_품목보고번호(14자리+),dis_바코드(13자리),dis_9~12자리 숫자,dis_전화번호(1588형),dis_신고번호 1399,dis_영양성분 %,dis_용량 g/ml/kcal,dis_LOT/로트,dis_시각(hh:mm),dis_시각(NN시)
001182.jpg,001182,640,640,640,640,0.4096,0.787,0.94,0.787,7.7,6.7,0,16,10,6,0.8815625,"EST
B
AFR
14
202문
JOO3Juice
망고
Mango
FRUIT
BOWLs
/O0<Juic
FRUIT
BEST BY APR I4 2022
BOWLs
Mango
다음",[],False,False,False,False,False,0,0,[],[],0,0,0,0,0,0,0,0,0,0,0
000073.jpg,000073,3024,4032,960,1280,12.192768,4.78,3.039,4.78,188.7,94.6,0,88,58,30,0.8138409090909092,"TZIE시내면:
고를이고룸
19910445077842]
충북음성군대소면대금로
서동방푸드마스터
두
_
15번길
*브정부량시필
본지품은생시원
안전관리인증
cm
결기준이어기광
소비자중심
HACCP
/플라스틱
있습니다
태방
림라오운
식풍의약품인저처
OTHER
고지원실수신자부담
2080-872-888
/H
/셜링크惠트
신류호두물기피
자혼합개
20260312/ A
여야저
000
나황맥난황계란국산}
-
류
설탕
정제소금
101
조제겨자클래
듬둥
국의미국산식초
2
겨자씨
소금
정제수
설탕
화트식초
연려자거자분켜
지방
259
-
0
트랜스시평
00
방388
종
텍스트라
표하방
YY표/
사양벌골국산
소비자중심
15번길70
-
서동방푸드마스타
[국산/식초
정제소금]
20260312/ A
2080-872-8888
샘표식품주서
계란:국산}
99
HACCP
논이/유
안전관리인증
조제겨자클래
열
겨자분
공
/842/
캡Pp/리차아R/칩링크時트
구대소면
OTHER
궁
고
2
80
-
1005
없
응용",[],False,False,False,False,False,2,1,['Y4_sep'],['2026-03-12'],0,1,0,0,0,0,0,0,0,0,0
001473.jpg,001473,640,640,640,640,0.4096,0.318,0.316,0.318,1.3,0.0,0,1,1,0,0.66,0내TRE?,[],False,False,False,False,False,0,0,[],[],0,0,0,0,0,0,0,0,0,0,0
001491.jpg,001491,656,873,656,873,0.572688,13.868,2.306,13.868,158.0,18.2,0,128,122,6,0.782734375,"722시시회
거
점재수
보관
대
-a1-T
하
9-9-Sh-$!-S-2-S-9
48
MASTNO SPA
교입전
수입업소
나폭민
제조시션과
같든
바s0
/ DUUNwheat
더
국번
법미
139
진고는
Pata금
HF
지원회
고시
소비자분쟁해견
3trigo
또는
받으실
미류
교단
PP
VeLESIR:
Nede
GORT
CCASANY?
후내량500
aecitare
목00
345kCa
r ds
325
/C
1
4트
HaTGCE-
LE
1미
타수화불69문
독란스지방
포화지방이3음고%
려HEF
단번
고5%
무
기준이므로
T0CHGE
2000c
N9
남금
01
주
있습니다
Fpp Far고S
15015 Faras
Harinc
5P
faFO CSS
BRONZO
FrdH
garantir
ndd
11
Via F De CAco -
PrGuLEd
무
Lur고r리O
CONdeL
-DRAWING
개ZE
S Hrtr0모고
rne
내
66015 Crtor에Ely
Mnze draw plates to guarantee
best capture the sauce
PESO
LiQuIDo
ecco
COL
가복단
500 ge116
Best befure/
A consome de preference
Arant l:
Hindest대s
s halby Eis
C0rIt
Mrfurorens ans dt
LOSIRIT
G문
Ten Ti하te
Boudbaar tot/
Dedst fr/
E5de
CUSSOr
Kochteit
TTP9
Bist fre
/Kogetie/
Kctit 12-
1구
Exp:
08
07
23
15:19
L4/3
F
tt:001
202
Eccocom
Pgu리/e
15:19 L4/3F
Exp:080723
0ge1116
0LIQUIDO","['BEST_BEFORE', '제조일자']",True,True,False,False,False,1,1,['Y2_sep'],['2008-07-23'],0,0,0,0,0,0,1,2,0,2,0
000914.jpg,000914,711,949,711,949,0.674739,2.311,1.396,2.311,43.0,16.7,0,25,18,7,0.86304,"26000
MOTHER
일부터
월까지
유통기한:
디보디L
디고므든
아기에게
SINCE1964
힘이되는
안심
아기과학
Z
~
MOTHIER
얼마로
태어나다
호주
발표
MOTHER
MOTHER
유통가한:
2
26000
아긴에게회의되는","['까지', '유통기한']",True,False,False,True,False,0,0,[],[],0,0,0,0,0,0,0,0,0,0,0
001567.jpg,001567,640,640,640,640,0.4096,3.314,1.931,3.314,16.9,11.0,0,42,25,17,0.8150476190476192,"드념
SRNG
SRG
|
-
카리/구
15
:
54
1
시러1
Cracker
EXTRA
0
CRACKER
SHARP
6개럼
하비문E
USA
YEL
-
Y
굴무농
등
년
SR
EXTRA
SHARP
YEL
24
CRACKER
Cracker
SR!NG
P
궁문금유동공용0년9
비이비문E
1
-
에
USA
-
K",[],False,False,False,False,False,0,0,[],[],0,0,0,0,0,0,0,0,0,1,1
001971.jpg,001971,640,640,640,640,0.4096,1.108,0.697,1.108,5.8,2.5,0,19,14,5,0.8603157894736843,"Mindestens
haltbar
bIs:
Bes
A Consommer
before:
Ge
preference
/e:
건노
교!
노
Chocobelle
18 00
Chocobelle
01
18 oo
Mindestens haltbar bis
Best before:",['BEST_BEFORE'],True,False,False,False,False,0,0,[],[],0,0,0,0,0,0,0,0,0,0,0
000881.jpg,000881,1096,822,1096,822,0.900912,2.266,2.687,2.266,45.0,33.0,0,38,19,19,0.740894736842105,"비
린1_
디까지
유통기한
대모
15건
속1
3""801158737140
개봉후반드시
균래원구0~
균대우
하시고
빨리
드시기
마전라리인
HACCP
DongUL
러
주
0~-10C
유통기한
N
N
때부아때
대
그
이
만1
요
초
유도
5:1
루
하시고
속1
드시기
인전전리민중
30115","['까지', '유통기한']",True,False,False,True,False,0,0,[],[],0,0,0,1,0,0,0,0,0,0,0
000279.jpg,000279,3024,4032,960,1280,12.192768,2.251,2.835,2.251,48.3,47.0,0,60,31,29,0.93985,"250903
260602
110
A0H
꽉찬
소와
히을
밸런스
hearty
Perfect
balance
between
filling
tender
Wrappe!
and
각종
야
돼지고기와
Generous
chunks
assorted
vegetables
1만번
이상
치댄
3
Chewy
Wrappe
연출이미지
10 000
연출이미지
6
~
1만번
assorted
Generous
노
filling
Perfect
꽉찬
260602
250903
~
Mo
and tender
소와
돼지고기와
O00
balance
-
s chunks
치댄
피의
까지
제조
밸런스
각종
Y44
A0H","['까지', '제조일자']",False,True,False,False,False,4,2,"['Y2_sep', 'Y2_sep']","['2025-09-03', '2026-06-02']",0,0,0,0,0,0,0,0,0,0,0
002899.jpg,002899,640,640,640,640,0.4096,0.93,0.557,0.93,8.3,3.0,0,5,4,1,0.8384,"연겨자
노큰D된
부
맛있는
연겨자",[],False,False,False,False,False,0,0,[],[],0,0,0,0,0,0,0,0,0,0,0
000010.jpg,000010,3024,4032,960,1280,12.192768,2.199,1.512,2.199,22.7,10.4,0,19,14,5,0.8086842105263158,"게-
드대포긍
980원
리츠
리즈
PIIZ
리츠
리션
리경
오레&
씬즈
초코크림
++se a fise  fisi
!
980
씬즈
Ti  fides fis 
T규층
초코크림",[],False,False,False,False,False,0,0,[],[],0,0,0,0,0,0,0,0,0,0,0
001919.jpg,001919,895,1198,895,1198,1.07221,4.209,8.833,4.209,172.2,86.8,0,102,46,56,0.8601078431372549,"NOUR
페리지게임하고
SEALE
YOUR PO
FOR
받재!
1DOK0
서
'기능정보
1일
마HA
함유
EPA
선:
기억력
개선에
흡수되고이용되는데
그
인이
필요
1일
0g0%지방12g2
단백주
DHA의합1100 mg
PAS
*본제품은공정거래위원회
고시
소비
에의거
또는
보상받을
0
알레르기발생가는
성이있는
공콩
가
토마토호두쇠고가조개류굴
사용한제품과
같은제조시설에서
X이상사례신교는1577-2488:
건강기능식픔이력
적관리번호
:6292
200166
LOT:201200869
EXP:2023/12/20
오
EPA및 DHA
영양기능정보
건강기능
피
EXP:2023/1
LOT:201200869
이상
10
이
N
SEAL
-
E
퓨료
순쳐
[5
공
FOR YOUR
갈
Fi
격
이
I
야
-
12/20
리번호:6292
1577
간
0
해리
100
0주
80
피유
3
험
아
조시
>으
2488
R
리요
수
6
어
소
17
J0
0
그-
받재!
때
케임하고
HE",['제조일자'],False,True,False,False,False,2,1,['Y4_sep'],['2023-12-20'],0,0,0,2,0,0,1,3,2,0,0
001689.jpg,001689,640,640,640,640,0.4096,0.417,0.131,0.131,0.0,1.3,90,1,0,1,0.662,10,[],False,False,False,False,False,0,0,[],[],0,0,0,0,0,0,0,0,0,0,0
000742.jpg,000742,3024,4032,960,1280,12.192768,1.406,0.88,1.406,4.6,5.1,0,10,6,4,0.6703,"WI't  i i tj I 
[11 1 s?
 Fie
도든연
1
t
그
하
i11
616:",[],False,False,False,False,False,0,0,[],[],0,0,0,0,0,0,0,0,0,0,0
001151.jpg,001151,640,640,640,640,0.4096,1.404,0.618,1.404,9.1,10.4,0,16,12,4,0.8106875,"ws
533175
Kraft
ST
BEFOREDDINHYYYU
Kraft Sing!es
HGREDEHTS
Processed
Ch00s625%
cs FJad
4S
RaxO
18/09/2021
SEFORE DDIMNYY
자
00",[],False,False,False,False,False,0,0,[],[],0,0,0,0,0,0,1,0,0,0,0
001541.jpg,001541,640,640,640,640,0.4096,2.56,1.993,2.56,83.9,40.1,0,49,34,15,0.8444489795918366,"진짜
원물
않아
Ho l
베이크드
살린
에어비이2Ar BaKin8공업
지방고과
컴로리
부담이
구원
Down
라
마리시이트에MarindO공반
골레스네
포화지빔
진회
면구조
감자의
洋미
얼어진
고유의
국대화한
배합을
밀간하여
문
201214
롯데제
2106:13
22:54
A1
부터
까지
OTHER
2106:13
201214
감자의:
에어베이크드
A1
22:54
깃질
밀간하어
까지
부터
콩중
:
립다
롯데제
분",['까지'],False,False,False,False,False,4,2,"['Y2_sep', 'Y2_sep']","['2020-12-14', '2021-06-13']",0,0,0,0,0,0,0,0,0,2,0
003319.jpg,003319,640,640,640,640,0.4096,0.764,0.41,0.764,15.9,8.7,0,12,9,3,0.9193333333333333,"35X22
ExP:202100
Franzi
20
GREEN
녹차크림쿠키
TEA
CREAM
COOKIE
Franzzi
ExP:20211020
붓털",[],False,False,False,False,False,1,1,['Y4_sep'],['2021-10-20'],0,0,0,0,0,0,0,0,0,0,0
000443.jpg,000443,3060,4080,960,1280,12.4848,12.671,3.605,12.671,422.0,95.1,0,154,130,24,0.8888701298701298,"장99
읊트맛
아기상어
요이요이
유기농
쌀과자
초록
극
소비기한
손가락으로과자를
쌀과자
아이를위한유기농
14
지
16:
요미요미
유기능
42
믿을수있는
유기농
재료
유기농
쌀로만들어
원공품공
소근육운동을고려한
모양설계
손가락으로집어스스로먹을
수있는크기
10%%
쏙
뼈와치아
무륜류료
건강한
단맛을
더해
농
맛있게!
요미요미
원재료부터
생산까지투명한
운운다유
요미요미유기농
총내용량25
품명
쌀과자초록
과자
90kcA
후면상단표시일까지
품목보고번호
2006051
15035126
폴리프로필렌
균류
총내용량당
기준치에
대하비
원피료명물
유기농함량
측과즐터키산
98%
유기농쌀국산
유기농백포도농
유기농브로콜리분말국산
나트룸
10m9
룹를
콩
탄산칼슘
탄수화물
229
세조원
주메스디씨
전라남도
담양군
담양읍에코길11-9
당류59
매일유업주
1[g을보운Y동운운&운운
60Y
교환장소
트랜스지방09
구입처
60五
아이
콜레스테롤
0m9
라도
위어느
후에먹여
주서
부메
보관이
6[
'
가하지
[-
105mg
입시
h0r
에H[!
비타민C
15m9
지켜봐
주세
묵이
야서르
이닌
필요
무우
비스
교본
부저
타시프
야평려
[34!
고등어
게새우
돼지고기
쇠고기
오징어
전복
HACCP
/비널류
제조시
YIp
제조하고
있습니다
OTHER
C The Pinkfong
Company
손가락으로과자를
1농백포도농
유기농쌀과자초록
탄산칼슘
년
소비기한
225D4
1평공
음7
:
원재료부터생산까지
물로운피용음여어
녀와지아
뉴 l0국료 I오요
소근육운동을고려한모양설계
수있는유기농재료
UE께지
맛있
16:UF
특레과
기준치에
피드
수미는크
미요미","['까지', '소비기한', '제조일자']",True,True,True,False,False,0,0,[],[],0,0,0,0,0,0,2,1,0,0,0
003259.jpg,003259,1674,1255,1280,959,2.10087,1.375,2.267,1.375,9.2,5.7,0,26,11,15,0.8581153846153846,"202202281
FLAVOUR
CHICKEN
Enaak
SIATARTOP
GE세EL
Etra
Ready
웅요
To
Eat
NSLA
Your
Enjoy
옹요념
Crunchy
Time
FLAVOUR
CHICKEN
B-4서
Enaak
O
N
02
R
B1",[],False,False,False,False,False,0,0,[],[],0,0,0,1,0,0,0,0,0,0,0
001634.jpg,001634,640,640,640,640,0.4096,5.767,1.706,5.767,183.1,44.6,0,72,60,12,0.815375,"나시
검은약당
동리
고무병
주리빈라이프
제조천
39미는
1009당
193
탄수화
탈림
당뒤
이바라가운
10%
지넹
구현산나트중
리워시무무금
17
볶운C미스
포화지빙
끌레스테
퓨목보고번호
20030368010-329
명양성
토마
아황산류
호두
쇠고기를
있습니다
국문의
일부분이으로
어움름는
안심하고
읽어
드시거나
드십시오
소비지
판매원
분쟁해게
그낭
기준에
드셔도
109-6763
의거
맛있게
교환
또는
즐기실수
부정
불림식품
유피
받으오
있습니다
신고는
0경려논
차
1399
2021
05
12까지
보
불림식품신고는국번없이1399
라려는
20210512마지
아향산류호두쇠고기를
검은약칭
무로
-
더무무공
모
주시도
이규비","['까지', '제조일자']",False,True,False,False,False,1,1,['Y4_sep'],['2021-05-12'],0,0,0,1,0,2,1,0,0,0,0
003308.jpg,003308,640,640,640,640,0.4096,3.884,1.288,3.884,71.3,14.0,0,28,23,5,0.8317142857142857,"이마무
소주의하세요
시고가호두
금고
영양점보
총내용
1009
당215
단수물4015%
지방09g2%
트랜스지방이
497%
380감0%
비물하은
격다문
수입습니다
나실프로페드
03
0%
2019
09:
03
TEA
20190903
03
프로드
0
미",[],False,False,False,False,False,1,1,['Y4_sep'],['2019-09-03'],0,0,0,0,0,0,5,1,0,1,0
003185.jpg,003185,640,640,640,640,0.4096,1.356,0.095,1.356,6.6,0.0,0,7,7,0,0.8061428571428569,"BEST
F
SE
마실
J
DE0D35
2021",[],False,False,False,False,False,0,0,[],[],0,0,0,0,0,0,0,0,0,0,0
002866.jpg,002866,1445,1927,959,1280,2.784515,1.469,1.902,1.469,2.4,0.6,0,17,9,8,0.8832941176470588,"6
19gerimento
SuggestiOn
Roll
Bpeak
Da consumarsi
 preferibilmente
entro il/
I Best before:
RollBreak
Da consumarsi preferibilmente entro il I Best before: -
COF
M
TALY
Nco
7
OLV",['BEST_BEFORE'],True,False,False,False,False,0,0,[],[],0,0,0,0,0,0,0,0,0,0,0
001444.jpg,001444,640,640,640,640,0.4096,2.307,0.75,2.307,34.8,3.0,0,12,11,1,0.8258333333333333,"2021
60
06L4
28
SEAWEEDSOUP-
쇠고기사골
미역국
지노보드아스아르건슈면
부밥한구복사가식고가
사공국
김혼맛
미역국",[],False,False,False,False,False,0,0,[],[],0,0,0,0,0,0,0,1,0,0,0
000665.jpg,000665,1980,3520,720,1280,6.9696,6.647,3.605,6.647,242.4,79.4,0,104,74,30,0.9173846153846154,"구면
제조원
및
구입처
음유
동bb회c공유88금
피하여
건조하고
직사광선을
탄수화물
10579
곳에
균복궁류
서늘한
당류
5%
259
발생
가능성이
있는
토마토
139
8%
사방
알레르기
13%
제조시설에서
트랜스지방
제조
209
제품과같은
37%
리우Y
포화재방
포장재
야머료
개봉
시
콜레스테를
53%
45719
단백질
있으니
주의하세요
15%
고시
소비자분쟁
1일영양성분기준치에대한비울사온20려
39
공정거래위원회
5%
기준이므로개인의필요열량어마라대수입습니다
교환또는
수
있습니다
에의거
불량식품
신고는
국변없이
1399
인
신선도를
유지하기
H위
긍욱
선도
는드시지
여포
809706
062105
OTHER
2026
03
고등
예포출니크
의신선도
불량식품
이
주의하세요
개봉
신고는
제품과
이
미리
기조원
곳에
Y용
시포장재
U2F3고
지하기
같은
국변없이1399
피하여
고시
제조시
야머료
시설에서제조
건조하고
있는
아동
토마토
좀
E른
지방",['제조일자'],False,True,False,False,False,0,0,[],[],0,0,0,0,0,2,7,0,0,0,0
002887.jpg,002887,640,640,640,640,0.4096,0.736,0.437,0.736,6.8,7.2,0,4,3,1,0.89525,"2022
-
01:4
202201:04",[],False,False,False,False,False,2,1,['Y4_sep'],['2022-01-04'],0,0,0,0,0,0,0,0,0,0,0
003240.jpg,003240,640,640,640,640,0.4096,1.781,0.691,1.781,29.3,27.8,0,21,16,5,0.9458571428571428,"Ma!!
Contres
SOLOGNE
CONTROIS-EN
FRANCE
17
04
11
2020
PRD:
06
112021
ExD:
309/1
13:41
1012
X8:61120
13:41L101V2309/1
FRANCE
0001185
3096426",[],False,False,False,False,False,0,0,[],[],0,0,0,0,0,0,0,1,0,2,0
001546.jpg,001546,935,1247,935,1247,1.165945,7.839,5.656,7.839,200.9,97.3,0,125,78,47,0.897272,"ICITICBLAHO
GIO3G
해바라기
초코
25
성곡로32
코이
미퍼러
코아
포르
:전지분
유코코
티
039
%피막제비타
유통중
변질품은
본
빌땅콩달갈호두
혼입
가능
포장을
하였습니다
'보정금
수
이장
표면이
녹아
하얀
반점이
2유
및
드셔도
무고
무해하니
롯데제과
고객시센터
""80
1062
총
을융기
30
9
영양정보
160
kcal
탄수화물
1695%
당류
13913
20m9
그
%
%
나트룹
트랜스지방
09
포화지방
3g20
9g17%
%
지방
mg미만
1%
단백질395
%
콜레스테롤
5
2000kcal
[기준이므로
여류
있습니다
1일영양성분기준치에대한비울%은
 1  I! i""  
: I
플루
까지
IOTHER
1일영영성분기준치에대한비율%은:
영양정보
유
건
울동와
하니
주중
5mg미만
드셔도
머구
S
무고
품표
2000kcal
Fr ""i I ""I tt
랜
롯데제과
하얀
[
또
1695%
GO
반점이
질
02
3g5%
등
포화지방
길
공영사
까지
글을
60E윤융울
|
있으나
호두
어
보
품피
160 kca!
혼입가능
920
질품은
둥Y공
국
교음
THEF",['까지'],False,False,False,False,False,0,0,[],[],0,0,0,0,0,0,7,8,0,0,0
000713.jpg,000713,1415,2516,719,1280,3.56014,3.716,1.653,3.716,79.3,56.7,0,41,28,13,0.9170487804878049,"50
러
카래
64
:다이닝
웅쿄륜
장호준
셰프의
&
일본식함박커리
껴
소비기한
20251023
까지
비닐류
OTHER
HACCP
8809056561815
씨제이
따끈한
g490
kca
366
혼합간장
287
돼지고기
13
66%
소비기한
일본식함박커리
돼지고기13
366g490
20251023
이비료고려요웅금문
만:다이닝
66%
kcall
그씨제이따끈한
혼합간장
287
까지","['까지', '소비기한']",True,False,True,False,False,2,1,['Y4_sep'],['2025-10-23'],0,0,1,0,0,0,2,1,0,0,0
003222.jpg,003222,2016,1512,1280,960,3.048192,2.061,1.381,2.061,21.2,22.4,0,23,11,12,0.9718695652173912,"OVEN-READY!
BEST
IF
USED
BY
2022/ JUN/14
124369600A]13:29
OVEN-READY
Barilla
LASAGNE
n399
Barilla
Baia
112436
2022/
BEST IF USED BY
OVEN-READYLSG
9602A]13:29
JUN/
LASAGNE
'14
n399
H",[],False,False,False,False,False,0,0,[],[],0,0,0,1,0,0,0,0,0,2,0
002650.jpg,002650,640,640,640,640,0.4096,1.071,0.584,1.071,14.6,7.1,0,10,7,3,0.8458,"BROW
CHOCOCHIP
브리우니
초쿠첩
CKE
0107복
24간0018
CHOCOCHIP
C0OK초침브라우니쿠
-",[],False,False,False,False,False,0,0,[],[],0,0,0,0,0,0,0,0,0,0,0
000988.jpg,000988,640,640,640,640,0.4096,1.135,0.233,1.135,13.9,2.8,0,10,8,2,0.7730000000000001,"S!개
NO
Wt:
NAANGO
859
DP드-2:2D21
55
D184296
EAP &Er-?s2021
NAANGO",[],False,False,False,False,False,0,0,[],[],0,0,0,0,0,0,0,0,0,0,0
002157.jpg,002157,640,640,640,640,0.4096,2.654,2.015,2.654,22.3,10.0,0,51,38,13,0.9538039215686276,"175111
before
date
On
package
Keep in a cool ury
USe
best
ay
Settle
during
Shipping
Gontent
For best fiavour
Weight
Product sold by
Pty
Lid
Product of Thailand
Marketing
Grange
NSW
2567
CAL
Smeaton
Distributed by
Waer
Crescent
Icomau
Duaufiela
Ur131
Ousornerserviceo calmarketing
1459
NET
[5102
BEST
BEFORE:
2021
Produc sold by weight
For bes! i
1459 NET [510Z
BEST BEFORE
Marketng
Srme
PtyLid
date on package
Comau
Grange
Settle during shipping
NSW2567
DDfilA",['BEST_BEFORE'],True,False,False,False,False,0,0,[],[],0,0,0,0,0,0,0,0,0,0,0
001044.jpg,001044,676,902,676,902,0.609752,1.022,1.04,1.022,29.3,21.8,0,10,5,5,0.9868,"2""000000
770024
30-04-2021
LDEM27BLO
1111805
DOOOO
1111805
LDEM27BLO
30-04-2021
70024",[],False,False,False,False,False,0,0,[],[],0,0,0,0,0,0,0,0,0,0,0
000315.jpg,000315,3024,4032,960,1280,12.192768,0.915,0.94,0.915,6.1,4.5,0,2,1,1,0.7535000000000001,"2060719
1060719",[],False,False,False,False,False,0,0,[],[],0,0,0,0,0,0,0,0,0,0,0
003029.jpg,003029,1130,847,1130,847,0.95711,5.879,2.062,5.879,237.1,56.2,0,67,54,13,0.8643880597014925,"식품워생법에의한한글표시사학
상무%8공곱호기Mn트금:음묘보
수입엄소명및
13101호원곡동
1620kCal]
원료로
내품방
마
원산지도
팽창제산화방지제토코페톨
팥유설탕탈지분유8%
보나F
혼합형대두유
'오호
곳어
마거균피움금기요모
포피께
직사광선을
*유전자변형대두포함가능성있음
피하고건조하고
서늘한곳에보관
부정
플량
식품신고는
국변없이1399
껌오
총내용량300
100g당540kCa
100g당1일
영양성분기준치에
교동
비를
나드룹
400ng
206
탄수화물569
17
현와지빌
1미:
107%
골을
288
28%
스테를0m90%
328
59%
IMPERIA
공유88T
기준치에대한비음9온2000kcal
FOODS
기준이므로
나마담동
다미무
02112021
우유함투
대두포함가능성있음
5음00I경00E융을
뉴
한글표시사혼
준치에대한비율
유8%함
공
02112021
'M9RA
국변없이1399
1
원료로",[],False,False,False,False,False,0,0,[],[],0,0,0,0,0,2,6,4,0,0,0
001762.jpg,001762,640,640,640,640,0.4096,3.624,1.602,3.624,21.4,19.5,0,45,33,12,0.8886888888888889,"AVUUA
150g
780
kcal
ANILA
EAVOUR
FLLING
28%
5UgOr
Vegelgble
Os
Ipalm
sodium
hydrogen
Carbonafel
22111/22
I credm
28%
SUgOr
Vegelable
-
IGVOU
Vonill
avour
01%
COntGIn
ilk
Gnd
eggs
NOXIMUN
236
Bes!
 before
TOXIMUM 23C
CORTOIn
CreOm28%
Sugar vegelable olls Ipalm
VANILA EAVOUR FHLLING C28%
I milkand eggs
 SU9Or
Vegetable
Best before+
2021/11/22
150g780 kcal
EE",['BEST_BEFORE'],True,False,False,False,False,1,1,['Y4_sep'],['2021-11-22'],0,0,0,0,0,0,5,4,0,0,0
000491.jpg,000491,3060,4080,960,1280,12.4848,2.113,1.724,2.113,34.5,24.7,0,21,14,7,0.8933333333333334,"이어y어y
자오차이
27넹
차오차이
마라싱소스
3480
6 a
3480
사과
대두밀함유
SPICT
까지
:I
IA7
3480
ORIGINAL
금
핍수리획
차오차이마라싱궈소스
3480
자오차이",['까지'],False,False,False,False,False,0,0,[],[],0,0,0,0,0,0,0,0,0,0,0
001867.jpg,001867,884,1179,884,1179,1.042236,5.842,4.025,5.842,183.1,29.1,0,104,75,29,0.8632307692307692,"EEST BY JL 2022
42222:36
제품명
촬룰라
핫소스
식품유형
소기
|
용
을
150
수임원
주삼경에프에스
롱
강남구
논현로10길
유통기한
[
표
이매동
Y!
BEST
BY
월년순
음국콩
JAN1월
FEB2월!
MAY5월
MAR3월
APR4월
D9NON
JUL7월
AUG8월
1울1DE012월
정제수
식초초산사과
고추아르볼
삐낀고추정제소금
정향
흑후추
오레가노
쿠민진탄검
Productos
SANE
de
Chapala
SA de CV
적사광선을
피하고
서늘한
곳에
으문
또는
레위원회
수입원
502
578-
-8385
준에방
고시
소비자
있습
유리
국피
또는
보상
신고는
뚜껑
국변없이
-나무
1399
재합용우수
내부
-P티
뚜껑외포-P
공금
분
촘롤라핫소스
|
-
H0
주
0
SANE
17
-
보0
H
00
0얼교국
도
JUH!
Chapala
MARL
야0
0
He
무
드
150
10
그는
도
출퓨로",['유통기한'],True,False,False,True,False,0,0,[],[],0,0,0,0,0,1,0,0,0,0,0
000273.jpg,000273,3024,4032,960,1280,12.192768,12.434,6.362,12.434,410.4,155.7,0,210,146,64,0.899395238095238,"혼합제제1덕
설티
1년
미강유태
참기름
모F
제제2향미유
스트린
미강유
정제가공유지
추장
ly이르크
편
채종유
주정
파프리카추출색소
토코페롤혼합형
향료2
향료2종
소고
소비기혼
5B/?T
표기일까지
포장재질
폴리프로필렌
품목
1720154001
530부산
보고번호
20010549541
186구미
돼지고기
움음
닭고기
토마토
오징이
제품작같은
조개류물
전복
홍합
를丘
그원Y
Uo환Y?
매콤달콤
부모러운
직사광선을
피하고
서늘하고
곳에
보관하십요
개봉후사로
고추
마요맛
간혹
제속에
짙은
nlow른
검은색
부분은
원료의
일부분
으로
Iolly
무해하오니
안심하고
드셔도
초록색
입자는
파슬리입니다
소비자기본법에
의거
교환
불량식품
신고는
10고는
1399
반품본사
및
구입한
곳
그
HER
신선도
유지를
의
질소충전포장을
하였습니다
2026
03
13까지
부산2B3이유림
1301
식품안산관리인증
HACCP
색품악이품인전처
종
60
0
280
K[2
환
탄수화물
413%
바로가지
450
mg
23%
수세요금부담
나트룹
담
-0
지방
11
20%
9
플유
12
12%
9
5181
9
47
31%
스지방
포화지방
으
0
9/
3%
레스테는
2%
로고
46
0
3
6u
명양성문
가준지에
kca!
편요
대한
비율%은
2000
10
수
있습니다
요금부담
HACCP
뿐
마
영양정보
은
돼지고기
O
고
|
우
-
1
0!
니다
홍합
루12912%
부산2B3이유림1301
202603
고
피하고
HIE
잠
신과
의거
0
TY:
o뉴른
이
서늘하고건
건>
고<
지방
>
국번없이1399
교환
충전포장을
11
포화지방
고기
13까지
뉴궁문
11g20%
2%
토마토
탄수화물
-
같은
드셔도
하였습니다
부분은
곳에보관하십서오
단백질
오징어조개류
47931%
조
입품
폴리프로필
를
009을
280 KI
A41/3%
수
있습니다","['까지', '별도표기']",False,False,False,False,True,0,0,[],[],0,0,0,2,0,2,12,2,0,0,0
001923.jpg,001923,640,640,640,640,0.4096,6.711,6.216,6.711,142.9,106.2,0,132,63,69,0.8630681818181819,"A요윽I_8%
[MSM]관절
트원
2룬공
도움을
줄
수
있음
[NAG관절
연골건경
줄수
있음
1oR르[a모al료]
흡수되고
이용되는데
유표여
용우
유지
에
유금원룬/여료
감소에
도움을
줌
총
30일
을곰
1일
섭취량:4청3200
mg
1일
:무음
열량10
Kca!
탄수화물3
91
%
6료교
0
%지방
09
%나트름
S
0%
비타민D
5
4g50
%
MSM
159
NAG
05
수치는
영양성분기준치
에
몽룡료
제조번호:
2012901
유통기한:
2022
06
14
까지
GMP
유통기한:
제조번호:
동교용
-
응
1일
아
등
50
범동
3
의
1
섭취
모문
금
무
-
물지
관음을
UF
88
{>
게
2022
2012901
치는
6
유드
용
입요
기능정보
길
이려
요
함
1일
바요
06
5
이
유
일정
골관음
0로
학
영양성분기준치
문
조고
[무물요
14
50
등음
의
I
00
흡성험
웅물
GMP
10 kca!
수파감
6u
}
평
고용
까지
9
지
등","['까지', '유통기한', '제조일자']",True,True,False,True,False,0,0,[],[],0,0,0,0,0,0,6,2,0,0,0
000839.jpeg,000839,3024,4032,960,1280,12.192768,5.197,4.029,5.197,117.6,113.4,0,76,43,33,0.8599736842105263,"낳은
건강한
닭이
SEVEN
Fam
등국
달
[FY[Y
세본함
폼철급
증량부격
세즌팜이
선정한깨끗한농장에서
대린
키운
여
긍육
정성들여
소밥
출산물풍질동가인
20251126
등급판정일자
20260103
소비기한:
0
60S
[0
검린
RR
패직한임경
세혁
""17503
조
내용량
원산지:
특란/4구240
식품유형:
시요라
0~10C
축산목
통과한
F
계란입니다
소비기한:
등급판정일자
올론
철정
세본함
중량부
내용량:
식품유형:시요라
85중
축산물
신선한
20260103
2025
신선한
정성들여
J어-뮤급llY
건강한닭이
특란/4구240
동염
키운닭이
선정한깨끗한
112층
낳은
낳은
0~10C
통과한신선한계란입니다
8
농장에서
-
09
분음
원산지
""17503",['소비기한'],True,False,True,False,False,3,2,"['Y4_sep', 'Y4_sep']","['2025-11-26', '2026-01-03']",0,0,0,0,0,0,0,0,0,0,0
003255.jpg,003255,640,640,640,640,0.4096,1.539,1.437,1.539,19.6,19.7,0,16,7,9,0.8898125,"CHOCOLAEC
초콜릿
6081M 1
68L
3NIS
2021
1105까지
CHOCOLATE CHP
202
허쉬
초콜릿친
침불구키
1105까시
PIECE
NET WI39
허스마",['까지'],False,False,False,False,False,0,0,[],[],0,0,0,0,0,0,0,1,0,0,0
001730.jpg,001730,917,1223,917,1223,1.121491,2.012,1.636,2.012,15.1,16.0,0,9,6,3,0.9016666666666667,"총생
뜯는곳
맛있는
와사비
소스
만드는
맛있는와사비소스만드는법
生와사
뜯는곳",[],False,False,False,False,False,0,0,[],[],0,0,0,0,0,0,0,0,0,0,0
000003.jpg,000003,3024,4032,960,1280,12.192768,0.633,1.347,0.633,16.0,16.2,0,9,5,4,0.8777777777777778,"20260512
옥수수40%함유
조
Caramel
PPI
옥수수40%함유
20260512
1
경",[],False,False,False,False,False,2,1,['Y4_sep'],['2026-05-12'],0,0,0,0,0,0,2,0,0,0,0
000647.jpg,000647,1980,3520,720,1280,6.9696,2.537,0.917,2.537,41.2,8.7,0,21,17,4,0.9274285714285714,"20260819
EROL
ZEROKZERO
스
기제품명
탄사음
식품유형
소비기한
원재료명
스라엘산
수
<ERO기
나트룸
-
B2
블군교
제조원
20260819
0/
-
H","['소비기한', '제조일자']",True,True,True,False,False,2,1,['Y4_sep'],['2026-08-19'],0,0,0,0,0,0,0,0,0,0,0
000461.jpg,000461,3060,4080,960,1280,12.4848,3.772,1.548,3.772,116.4,25.9,0,46,38,8,0.8941304347826088,"-
농협한식된장
된지
500g
품질유지기한를
또기
메주대두100%
국산
435%
음패공
논
138%
정제수
허해는
협가공사업소
별자치도
공레돔곤룡
서물시마꾸
신촌로66:
1992039
반품
교와
장기
보관
무고
드셔도
YI:
있습니다
껌
신고는
규논
야평
39년
품질유지기한
/페트
20261128
PET
801448
20261128
대두100%
국신
138%
국산
명월구
정제
435",['품질유지기한'],True,False,False,False,False,2,1,['Y4_sep'],['2026-11-28'],0,0,0,0,0,0,5,1,0,0,0
000203.jpg,000203,3024,4032,960,1280,12.192768,5.206,4.249,5.206,218.0,50.7,0,94,66,28,0.8733404255319152,"눈을
함께
보고번
20010
38182580
돼지고개국
소기한
양파국산
산도조절제
춘자/
-
껌음
드오니온
특제
카라멜소
0
감미료
두밀돼지호기
변성전분
금눈을
룸
14-38경북경
닭고기
쇠고기조
주/서울특
현곡면
구충무로2포
안현로358-7
알류
땅콩고등어게새
내면-
폴리프로필렌
제품은
산
본법에의거교환또는
치에
토마토
손이
베일우려
있으니주의
드거우니
가능
포장
주의:
형
직사광선
균궁
[시섭층
총내용링1809
2297%당류8g8%
15
kcal
물
포화지방0795%
7913%
준이므로개인의필S
8
""801005
200257'
HACCP
비닐류:
!11
식물와약불인전시
OTHER
1]:
 I
2돼지고
목보고번총
HACP
2001
T
87리
150kcal
드오니온
898%
4-38
0
38182580
H리
렁:
1
0
7:
중
변성전분
C이
-:
1009인
이
/
마토
스
K
/4",[],False,False,False,False,False,0,0,[],[],0,0,0,0,0,0,5,3,0,0,0
002354.jpg,002354,640,640,640,640,0.4096,0.863,0.63,0.863,10.9,6.0,0,8,4,4,0.97275,"9[255
PEPERO
21122
까지
LOTTE
9255
PEPERO
까지",['까지'],False,False,False,False,False,0,0,[],[],0,0,0,0,0,0,0,0,0,0,0
000494.jpg,000494,3060,4080,960,1280,12.4848,3.518,1.035,3.518,71.7,42.9,0,40,29,11,0.8427250000000001,"12개입
추로일가공품
360 gl1740 kcal
0부레물회어크립UP사오에스쿠키인크
%L8공프
006
%
2780
버리
후레쉬
/Ellna
_
-
ㅎ태
오예스
ㅎ태
Sall
HAITA!
릉어Y소
푸르게환경을
깨끗이
물든이는
제조일
38352:
13부터
122IA2
GReAT
소비기한
GoOkIe
앞
쿠키앤크림
오예스
/2lla
소비기한
제조일
자연을푸르게환경을깨끗이
3030102
카림가공물3을이일결앙원
2개입
-","['소비기한', '제조일자']",True,True,True,False,False,0,0,[],[],0,0,0,0,0,0,1,1,0,0,0
000094.jpg,000094,3024,4032,960,1280,12.192768,1.072,1.349,1.072,6.1,0.0,0,6,5,1,0.9375,"202r0630
R
SUGAR
0
kca!
O kcal",[],False,False,False,False,False,0,0,[],[],0,0,0,0,0,0,0,0,0,0,0
001556.jpg,001556,782,1043,782,1043,0.815626,11.201,1.946,11.201,106.6,35.5,0,130,119,11,0.854153846153846,"RECIPE
ERONA
 thunawais
touTansoU
LCT08
190
IN5901
I grsil doanua
USNFOS
PRODATE:
16092020
Itui so
Ineaud hio
EXPDATE:
16032022
LCLNNLBUI
10120
1901-250
I ranaoCo 
20
어101209
13:23
Qfrusspniu
Ptodpced by - Diprodulsi
이eh
Doanh
I nghiep
56
Xut
XUSt
HARIBO
Omerli Mah
Adnan
KahveciCad
No:A
Jsnniciuos
AnButkoy
ISTANBUL
TURKIYEThC
hKy
TeLlDien
t0al:
+902128663600
F교X
+902128663615
Best Before End Net Weight See
Print
T0m
SL
Bo quan: Lu try no
Hudng dan su dungdung 
LUCtiep
HanSLdug:
18th려F다
ke tungay san Suftfgaysanxuat va han
Gula
LunakJeli Aneka
Rasa
Bua
L79
CUOC In tren
Turkey
San Xuatta
NhiK
Ral!
미K05
Delatin
Sai
diguna
Kan sebelU!
Simpan di
an
Sitrat
Sintetik
모Ted
Singapore-b
7110
Spirulina
[
FI--
Currant
nipis
금[
porte
alaysi:
r merah
Karame
마
마P
erindustriar
pelapis
Irhauba dan mala
Utama
gandung
우리
6ahal
bakL
da!
dianjurKan
UntUk
프메
태미Q!
Tang
maracuja
2In oi
막고모션프루
Containany
소고기함유
SANAS
15
닫피
미거고친
WWW
haribo
GO
Net
Weight/Berat
Lrpng
inh
Gula LunakJeli Aneka Rasa Bua!
JsInaicuos
Qfiussoninu
Ns nSnuLOn nnu 10120
L901-250
EXPDATE:
PRODATE:16092020
wwwharibo
20011209
16032022
13:2","['BEST_BEFORE', 'EXP']",True,False,False,False,False,2,2,"['Y2_sep', 'Y4_sep']","['2010-12-09', '2001-12-09']",0,0,0,2,0,0,0,1,0,1,0
000979.jpg,000979,1042,1390,959,1280,1.44838,1.871,1.256,1.871,12.0,1.6,0,17,13,4,0.8152352941176471,"HACCP
HACCP인증제품
오리온
후레서
라lla
!!  
1
부E
a I  Ii  
1EiIu
http:I/www
Orionworld
Com
한
http:I /wwworionworldcom
:
R지",[],False,False,False,False,False,0,0,[],[],0,0,0,0,0,0,0,0,0,0,0
001602.jpg,001602,640,640,640,640,0.4096,3.071,1.379,3.071,42.2,18.5,0,27,19,8,0.8942592592592594,"210211
까지F1
태
어욱
진심을
답아
더욱
건강한
부산어물
로
약속
~
안심
구
쫄깃한
약속
사각어묵
특
가기획
안심
f>
태
어욱
졸깃한약속
-
보
210211까지F1",['까지'],False,False,False,False,False,2,1,['Y2_sep'],['2021-02-11'],0,0,0,0,0,0,0,0,0,0,0
001995.jpg,001995,1094,1458,960,1280,1.595052,1.828,1.69,1.828,30.6,22.3,0,26,15,11,0.8791538461538462,"1812202
초
w200O
ROS권
JOHNNY
KROCKER
MILK
로센
조니
크로커
름
바삭한와포
부드러운
밀크크림사로
CROSRLR
KrOCKER
JOhNNY2
로센조니
MILK
ROSHEN
1812202
크로커
와편
름
w2000
사무",[],False,False,False,False,False,0,0,[],[],0,0,0,0,0,0,0,0,0,0,0
000405.jpg,000405,3060,4080,960,1280,12.4848,7.593,6.195,7.593,403.3,215.8,0,160,99,61,0.9145375,"지
자르
 II t 
T Il  1 u Jf!
Hi
-
  1 ti Ft
하이라이스스스
[
OTTCGI
HASH
더
맛있고
하이스
오뚜기하이라이스소스는
맛이
구수하여
누구나
즐겨
드실수
있습
재료4인분
하이라이스소스100고개쇠고기복지고기닭고기308
양패중개208
감재대개
당근소%개608오푸가식용유2큰술25gl
오뚜기케착2큰쉭200l
물00r3%컴
조리방법
1고기양파감자당근은적다문
번이시용유에잘볶은다음물을붓고재
완전히익을E
1어리[어욱
풀어줍니다
3오뚜기케찾을넣고갈국마구될대까지끓인다음
물교
얹어내면
완성롭다
OKitchen
쉽고
간편하게
따라할수있는
맛있는
요리가
한가득!
오'키친ottogiOkitchencokr에
룩
유형
기타가공품
품목보고번호
20010445055218
소비기한
표시일까지
원료명
수분
코아분말
공
래요료
주식회사
오뚜기
대풍산단로
128
제조원
충북음성군
대소면
:돼지고가
따라
피해
|오징어새우계란잣조개류
혼입가능
`소비자기본법에
곳에
군래
하시고
:부정
불량식품
신고는
1평고논
1399
둥눈
후사용하
십시호
개봉
후에는
반드시
밀봉하여
주십시오
`소비기한을
고객상담실
080-024-2311수신자요금부담
사용시
주의하십시오
날카로워
우려가
있으므로
개봉
오
HACCP
비닐류
포장재질
유험기타가공품
>
아분밀
6
유장밀
개
요
메꼬이고룸
하이
하이라이스소스
어어
라이스씨즈
[원oY이
고객상담실
표대파눔목
OTTGGI HASH
안전관리환흥
쇠고기
조리방법
0
재료4인분
제조원
간장맛분
카라멜색소
우려가
설탕정제소금[
닭고기
|20010445055218
-
오뜨
주십시오
너음
|양파감자당근은
있으므로
번내
식
[해수국산
누구나
하이스
개봉
성크
2큰술2501
우유
소비기한
즐겨드실수있습니
대두
대풍산단로128
맛있는요리가한가득!
하룩
조개류굴함유
다은
용유에잘볶은다음물을붓고지
2큰술200
상단표시일까지
H1
소후
따라
카레분
어내면완성도
F","['까지', '소비기한', '제조일자']",True,True,True,False,False,0,0,[],[],0,2,0,0,1,1,1,1,0,0,0
001387.jpg,001387,698,930,698,930,0.64914,7.334,4.123,7.334,260.9,50.5,0,96,68,28,0.8688854166666666,"PRESIDENT
가
CREAM
CHEESE WITHF
+LIC RCHIVES
Made in Australia
Keep refrigerated!
ppened
Kkeep in airtight container
제품명
국산들
냄관리범에
프레지덤
크림치즈Pesdcrt스
우유밀
풍목
거S
LBAD
Cheese
촉산물가공품의유
품
부L0
제조사
일산지
호주
수입판대원
유통기한
골북해
17길9 wrwChhfs00n
우음금
내품림
11259 428ca
포장재질리에런
소금04%소브산보존료01%
""부정불량식품
시고
1259
428kcal
보관하시고개봉류
밝
-시
나트름625m931%
바랍니다-이제품은우유
탄수화물639 2%당류202%
사용한제품과같은
부텐따구
트리넛이산화황을
지방40074%트랜스지방210
계소시설메서
제조하고있습니다
포화지방2780 185%
0제품은공정거래
소비자
분쟁해결기준에
단택절111920%
의거교환또는보상받을수있습니다
Wwwlactalis-internationalcom
8111919
Net weight:
1259
REG
EST NO
1975
Best Before
DD/MM/YY:A
7/C7/202]
316389
미0956
Wwwlactalis-internationalCom
RESIDENT
!
-
끄고
17/C7/2021
Made in Australia Keep refrigeratec
8111919
CREAM CHEESE WIT?
-
함을
[5
|
무
시
40074%
트름
LICACHIVES
탄수화
총내용량125g428kCa
요
당류
27B9185%
금
설유
품
모영
금","['BEST_BEFORE', '유통기한', '제조일자']",True,True,False,True,False,0,0,[],[],0,0,0,0,0,0,10,2,0,0,0
000141.jpg,000141,3024,4032,960,1280,12.192768,2.234,1.973,2.234,29.7,32.3,0,27,14,13,0.9159999999999998,"스
스틱
#고소한
#스마트컨슈머
피서유
#우유랑
#참깨스틱
#간식
2026
0917
RISPY
NACK
CRISP
SNACK
-
20260917
1>>
퓨노브랜드
#간식
#우유랑
퓨스마트
#참깨스틱
컨슈머
#고소한
CRISP
2
NACI",[],False,False,False,False,False,1,1,['Y4_sep'],['2026-09-17'],0,0,0,0,0,0,0,0,0,0,0
001585.jpg,001585,756,1008,756,1008,0.762048,5.483,4.244,5.483,331.1,271.2,0,101,56,45,0.9100792079207921,"고구마케
바올
컴표으트
버튼
SLW
3200
WHITE
COMFOUAD
BUTTON
제품명
화이트컴피운드
본제품은계란메밀당콩밀고등어게
식품유형
캔디류캐러널
새우되지고기복숭아토마토호두닭고기
제조원
AALSTHOCOLA!
쇠고기오징어아황산류조개류굴전복
수입원
미립물샌주
홍합포함가사용된동일설비메서소분
경기도용인시기흥구지삼로
20번길10지곡동가동2층
되었습니다
소분원
오성비엔메프
통풍이잘되는서늘한곳에서보관하십시오
운
단원구해봉로101045동
이제품은개봉한후빨리사용하시는것0
주삼양사
오문뽕국류하이
경기도성남시
분당구판교로25
유통기한
하단표기일까지
하십시오
윤융7
150 gl825 kcal
본제품은소비자분쟁해결기준에의거
원산지
싱가포르
교환또는보상받을수있습니다
부정불량식품신고는국번없이1399
원재료명
설탕
오동공유는
금/목교
고객상담실0800239
대두우유함유
큐원홈레이지:
:WWgONeCOK
고룸
유통기한
20211028 [15
까지
WHITE COA
화이트
유통기한
수입원
EE
1
가
|
설탕식물성유재함유유청
싱가포르
오성비엔에프
미립물샌주
단표기일까지
UUD1S
화이트컴피
두우유함유
20211028 L15
-
5금음곱
|
단원구해봉로20104동
컴피운트
OULLD BUTTON
규원홈레이지:WqoneCOKT
고객상담실0802399
반품/교환
부정불량식품신고는국번없이1399
교환또는보상받을수있습니다
본제품은소비자분쟁해결기준에의거
하십시오
좋으며가봉후에는벌레아물곰팡이등에
이제품은개봉한후빨리사용하사는것이
통풍이잘도는서늘한곳에서보관하십시오
되무습니다
금웅대무표부웅
쇠고기오징어아황산류조개류굴전복
새우되지고기복숭아토마토호두닭고기
본제품은계란메밀당콩밀고등어게
버튼
름울
1까지
설비에서소분
3200
SLW-
고구마케","['까지', '별도표기', '유통기한', '제조일자']",True,True,False,True,True,2,1,['Y4_sep'],['2021-10-28'],0,0,0,0,0,2,0,2,0,0,0
000820.jpeg,000820,3024,4032,960,1280,12.192768,7.431,5.681,7.431,41.9,37.5,0,97,53,44,0.8903505154639174,"136::
다
23UU
13
21E
EET
EEFLIPE
더i1
든:
10000
M!
341
CHEESE
For NewZ
MICROBIAL
CEDEX
136 Broadway 
23%*
FRANCE
RENNET]
57707
[MILK
-92151S
Newmarket
BUTTER
LACTIC
SALI
MADE IN SLOVAKIA
SURESNES
MILK
ACIiD
Calcium
YTW CWWNS CIVUOHHHUSINICHDN
Sodium
Sugars
MILKPROTEN LACTIC ACID CONCENIRATE IN
be
EMULSIFERS
MILK
BACTERIA
total
Carbohydrate
98mg
Protein
CREAMMILK 242%
Energy
오
600mg
:
5
36Kcal
Servingsperpa
NUTRITION
이므로
LACTIC ACID CONCENTRATF INV
94매:
Newmarket
*부정불량식품
SIFERS
H투S보FRE:
 imported by: H
CREAMMILK 242%
10NJ
Newu
BACTERIA
6u009
MILK
Zealand i
로
For New Z
LACTIC
BUTTER
RENNET]
C3CC:
26
2
[MILK
INGREDENTS: REHYDRATED S
2
Calcium
Sugars
total
0
00
Protein
130
:서
Energy
NI
5N/
Avg
CEDEX
을
59
1편[1
212E
[i1",[],False,False,False,False,False,0,0,[],[],0,0,0,0,0,0,3,3,0,0,0
003268.jpg,003268,640,640,640,640,0.4096,6.58,1.492,6.58,109.1,34.0,0,58,48,10,0.7589827586206896,"S변담
EHEPJLVE BESI!
LOGELERTASLOSU
ENERGY
NUTRITION FAGTS
TAPERTER
pPr
1009
0T1F0
ATLAGO
rLUc
HnurA머더0느:
05/05/2022
51612155
ELT CIKOLATA VE SEKERLEHE SAIC
대급
31020
2er
140SKMO21
보o
ESSN>jut 34513 SShU!
민
14902124092:F/4802125050808
TUFR
303
VawedophhCom ir~ rioSeCDlaacontr
-
ShppeicirplataCom ir Hcnyei Turkjeroduct of Turkey
ER0:
Kayit Ho TRS34-K-057016 
고I5S이건
921
698701013843
NET:
18gel063
218:Gl 8!
e이122<EA121
DoNO마십
어
S yer Slvrairtacr
SDrt2660
IvetdnKuT십호
02우U
Noxe 0 Ou pD0uxs t0ntai pork t3 X ay 0f i5 0ahvht
000rHyA Cry CuritySSH
OTST
I kot nuTbers Lo Ho are on the pod
GEVG
PFT
FAUS-P!
51512155
1009
십부세:
05/05/2022
31020
NET:18gel1O632
CIK0LATA
218:Ga iS!",[],False,False,False,False,False,0,0,[],[],0,0,1,2,1,0,0,0,0,0,0
002123.jpg,002123,756,1008,756,1008,0.762048,8.458,5.098,8.458,333.3,184.6,0,158,107,51,0.9098860759493671,"극물
치실
쪽으로는
이쑤시개로
2가지
사용이
가능합니다
사용으로
이에낀
음식물
찌꺼기
플라그를
손쉽게
제거할
수
있습니다
몸에
자극을
덜
주어
잇몸
로
예방에
몽내
미기쿨
는
부분까지
손쉽게
10위고를
가능합니다
부드럽게
불편한
이
사이에
극비바형곡파
양옆으로
몽
부:
찌꺼기를
1회용
미기
미모
규롬
이
곰파오Y
매유눔교
머Y
미거
용:곰
치실의
아랫부분을
이루시개가노출되게
회용입니다
부분을
찌꺼기잔여물을
제거해
줍니다
하여
흥
히오Y
논머
제조원
건치산업사
제조국
전화번호
:02-928-
-6365
Y롭
아차산로
11길
122층
서울특별시성동구뚝섬로37기성수동2가
꼬료프/톨:로회0모구829
궁모국*고이러
공정거래위원회
고시
소비자
무사름쿄8피극비급력
가나지
않도록주의
이줘을
팔을좀더건강히
관리하기
극Y의송
와상담후매일
사용
이를
사용에
주의
비닐류
용시
주의사항
OTHER
이
하글Y유
미거
809108
920430
검진을
공로
No
Brand
는
이마트의
미기표우
20
201102
미거
하흥하
용시
들의
별시
공
0
몸에자극을
사용으로이에낀
주의사항
사용에
부분까지
검진을권유드립니다
좀더건강히
나지
주의
여하바늘하크
하글Y유Y
제과8피극비퓨리
678손잡이재질
손쉽게
관리하기위해서는
제조국:대한민국
주어
음식물
클리닝이가능합니다
잇몸
본
122층
찌꺼기
로
수있습니다
얼유눔교
공정거래위원회고시소비자
플라그를
제조원:건치산업사
제거해
머용Y
극비마해
도
THER
움이
20201102
물
1회용입니다
양옆으로
움직여찌꺼기를
미
평평한
부분을
평","['까지', '제조일자']",False,True,False,False,False,2,1,['Y2_sep'],['2020-11-02'],0,0,0,0,0,0,0,0,0,0,0
003164.jpg,003164,1360,1020,1280,960,1.3872,1.277,1.583,1.583,29.9,37.8,90,19,11,8,0.8789473684210526,"3200원
%R歸리레블름/
리름
티에
구물유
REA
방류100g28 kcal/늘
2021
02
09
까지
REAL
81
상큼한
20210209
리뼈놀름
티에
방류100g268kcal/블루베리리플짐714%
3200원",['까지'],False,False,False,False,False,1,1,['Y4_sep'],['2021-02-09'],0,0,0,0,0,0,1,4,0,0,0
003284.jpg,003284,640,640,640,640,0.4096,4.525,1.806,4.525,135.5,27.5,0,59,49,10,0.8067966101694916,"너껏
명:
되다리너
식품유점
과자유방지리새
무재료영
비호교하
치킨
우리어드치
닭다리너겟!
포상재
후리요
맛음
구현은
러
스낵으로
너겟!
방가루름
바삭하고
있게
줄기
여Y무
번없0
합니다
139
닭다리
마u
소중진포장을
로
20210910
안양2A3구회원
까지
1228
겉요88
100
10
315?
B
HALUP
단수와
66010
30
냉류69
9
고건산당
지방260
부랜스지방059이인
모마지
0조병
있게줄
고오교하
리료
너껏
리
방가루름
1009당
껌요88
1059미
충전모장을",['까지'],False,False,False,False,False,1,1,['Y4_sep'],['2021-09-10'],0,0,0,0,0,0,0,0,0,0,0
000761.jpg,000761,3024,4032,960,1280,12.192768,0.982,1.38,1.38,0.0,1.3,90,8,3,5,0.689875,"i! fr i
i i  i i
j i j] i ?
3] I j i 
:은
!
""?
-s",[],False,False,False,False,False,0,0,[],[],0,0,0,0,0,0,0,0,0,0,0
000317.jpg,000317,3024,4032,960,1280,12.192768,0.878,1.654,1.654,9.6,34.7,90,13,3,10,0.792923076923077,"2025015
4특08구
므너I
DongwOn
돼지고기쇠고기대두밀함유
인헨서-디레드땅1980
-
YY
초산나트룹이산화규소
M호
흥밀
모
이Y",[],False,False,False,False,False,0,0,[],[],0,0,0,0,0,0,0,0,0,0,0
002674.jpg,002674,640,640,640,640,0.4096,1.148,0.758,1.148,13.5,7.9,0,7,4,3,0.8587142857142858,"202개
0405
유통기한
단6시
유통기한
2021
0%!",['유통기한'],True,False,False,True,False,0,0,[],[],0,0,0,0,0,0,1,0,0,0,1
000336.jpg,000336,3024,4032,960,1280,12.192768,1.983,1.611,1.983,32.7,21.6,0,17,10,7,0.9357058823529412,"소비
251120까지2
의스
16:00
126
2+2
세트
|냉
1인분
개별포장X4개
|냉세트
이
2+2
20까지2
126
1인분
개별포장X4개",['까지'],False,False,False,False,False,1,1,['Y2_sep'],['2025-11-20'],0,0,0,0,0,0,0,0,0,1,0
002205.jpg,002205,749,594,749,594,0.444906,1.617,1.173,1.617,6.6,0.0,0,7,4,3,0.8774285714285714,"46요4
PEPERU
21IIE T
까지
IDS OE
PEPERU
-",['까지'],False,False,False,False,False,0,0,[],[],0,0,0,0,0,0,0,0,0,0,0
001985.jpg,001985,640,640,640,640,0.4096,3.081,2.047,3.081,88.0,27.8,0,42,25,17,0.8873095238095237,"70
아차산로5길7
7층
12대
시고개봉후
빨리
불량식품
신고는
국변
2020
080
울용
70:
는
245
kca!
판수화물57818%
지방0g0%
포화지방0용0%
8012
단백질4g7%
리본2야가어므로개인의
유통기한
고디고고디11
까지
회가즈이므로개인의
-
4:
-
0%
818%
유통기한
2디고고
페디1-1담
0
-
G
이
|
70:
까지
또고","['까지', '유통기한']",True,False,False,True,False,0,0,[],[],0,0,0,0,0,0,6,2,0,0,0
001399.jpg,001399,640,640,640,640,0.4096,2.205,0.611,2.205,19.1,7.5,0,20,16,4,0.8945000000000001,"Apricot
&
Almond
Cheese
나쁜
390T10
단수회물
316160
4/
DD
Use
By:
23JUL
-
2
원재
유통기한
Use By:
Apricot & Almond Cheese
23JUL21","['EXP', '유통기한']",True,False,False,True,False,0,0,[],[],0,0,0,0,0,0,0,0,0,0,0
000895.jpg,000895,640,640,640,640,0.4096,0.477,0.881,0.477,12.8,5.7,0,8,5,3,0.83075,"23:45
2021
D602
까지
~양
지파h타
2021
RE",['까지'],False,False,False,False,False,0,0,[],[],0,0,0,0,0,0,0,0,0,1,0
002980.jpg,002980,1536,2048,960,1280,3.145728,6.518,2.297,6.518,125.9,29.3,0,98,79,19,0.9043367346938774,"COLORED
AND
FLAVORED
WI재
Sna
FRIUIT
JUICE
Pack
gummy
Worms
YUMMY
Ue
EARI!
If conmnitunent to feed 
Wew
I always folow the same 
We
first star
식품유형
구ed and
구미원GAMY WORS
캔디류
We're
:031-982-4905
Proud
조매스빌
no
Of
대명항1로28번길53
Planet
표시대곳면
Friendly
Ingre""Gnts
Cane
nFs
Sugir
100ca
포장재질
Peach
Flavor
Ponegr
anate
Flavor
HEPHOMS
Carrot
Juice
SNEIOS
YurnyEarth
P8
for
US
00
for
Mother
Earth
주시시
주하스
시설에서제조하고
영양정보
2021
총내용량3209
1217
100g당340kca
나트름17r91%
탄수화물78g
24%
당류59g 59%
%트랜스지방이g
포화지방이
M롤Orng %
단백질79
13%
ue
0
OTHER
Yur
06902
Starnford
Ryearthco
영양정보
FRUIT JUICE
FLAVORED WITH
COLORED AND
탄수화물
789
gummy Worms
포화지
24원
09
당류
당
20211217
Peach fIavor
3
IngreGnts
은da
[pac
Sna",['제조일자'],False,True,False,False,False,1,1,['Y4_sep'],['2021-12-17'],0,0,0,0,1,0,4,3,0,0,0
002799.jpg,002799,1084,772,1084,772,0.836848,1.589,1.948,1.589,33.0,15.3,0,22,12,10,0.8815000000000001,"오리온
Iy fo
유통
부터
2021
12
28416:35
기한
202112
미니
27[3
까지
I2 fo
차오리폰
--
미니
한
월
322:13:
2예스
점
금",['까지'],False,False,False,False,False,0,0,[],[],0,0,0,0,0,0,0,0,0,0,0
003120.jpg,003120,742,893,742,893,0.662606,5.436,1.632,5.436,166.2,23.9,0,67,62,5,0.8594328358208955,"단무
건
짜장면과
같이드시는건
캔디류
809
280kGal-
세품명
단무지
용매
젤리
식품의유형:
포도당시럽
캔디류
908:음
설탕
수
정제수
理
식회
구연산
합성향료레돈
금절구
가선디지할
P
식용성소
환석제4호
지용적소
뚜껑
류페교룸
유동기인
제품별도표기일까지
극
잠재질
제조업소명
QuanzhouLg20
Food CoLId
구입치
고하고
거듬한
야:
79I
크트
5네이하
시고는
국변없이
399
HL
내용로
바자의
o28KCa
대한
수화물
649201
콜레스테톨
0640
190%이
포화자
ExP
202
0930
비블류
EXP:20210930
大
권장하지않습
단무7
캔디류80g280k<","['까지', '별도표기', '제조일자']",False,True,False,False,True,1,1,['Y4_sep'],['2021-09-30'],0,0,0,0,0,0,1,1,0,0,0
002592.jpg,002592,1016,1355,959,1280,1.37668,6.259,1.942,6.259,146.6,21.1,0,89,78,11,0.8691011235955057,"크래마소스
주의사항
유가농
서늘
반품
교환장소
121505-6281
YL라F
음어울
소비
S1oryCon
있습니다
식품
신고
6601 lo평규논
페트
인증품의
표시사청
랴푸도100%
유마공식
100%1
'제조사
ACETIFICIO
CARANDN!
EMLO SPA
'제조장소
: Via per Fornigine 54
Caslelnuovo RangoneMO--tala
41051
CETFDD CARANDINI EMLIO SPA
'전화번호
:031-595-6281
인증기관
CCPB Sr!
증번호
: [T B0 009 2089
L22420
16:34
11/08/23
0ER10IIACPAGE
NUTRITONAL
VALUES F
궁르
ALERS
NUTRITONNELLES
SENNRO
EMSNTLCE NERNCSINDHOLDPR
IF0N!
AC
NUTRICICNAL
POR
1근
Nalx enerpgetico
|
1027KJ-
24Kca
12SSeS
GrasasFFed!
경방
bsacs Fv
Vetten
/Lipidos
09
Shels us s!
gesatigte Fetsure/
/ dont
urados
I heraf maettde
Ilds0RIS
Soidos gordos saturados 
09
GUCDeS
Hidratos de
Iidratcs de carbono
Vake Hontsues de bs cuales
5759
I dos grais acircares
54a
aD0
도100
일동5층
FOR
NNEAOM
제가
다표금
와
23
16:34
889F",['제조일자'],False,True,False,False,False,1,1,['Y2_sep'],['2011-08-23'],0,0,0,0,1,0,2,1,0,2,0
002896.jpg,002896,1342,1007,1280,960,1.351394,1.764,2.291,2.291,16.5,31.2,90,23,8,15,0.7723913043478261,"|
2021 07 2
100g당
요%
피프
P
32
기준치
HIO
몰리스택
아8F
19
YT
36
77
329
250519
몰
0X고I<
음600
%
6원
2021 072",[],False,False,False,False,False,1,1,['Y2_sep'],['2025-05-19'],0,0,0,0,0,0,1,1,0,0,0
000251.jpg,000251,3024,4032,960,1280,12.192768,1.173,1.289,1.173,33.3,27.0,0,21,11,10,0.961952380952381,"대해
예방에
배워보아요!
덧
25082517:16
A2
26
0224
사로
제보처
운
고
도은동교등
2508
260224
아동권
-
25
17:16
A2
제보처",[],False,False,False,False,False,1,1,['Y2_sep'],['2026-02-24'],0,0,0,0,0,0,0,0,0,1,0
002531.jpg,002531,640,640,640,640,0.4096,3.243,2.109,3.243,79.4,53.8,0,54,35,19,0.8890555555555553,"No
HAZELNUT
TASTEK
FLAVOR
BE
MIL
소로
HSIH
COFFEE
ROAST
헤이즐넛향
기교름
퓨스마트
컨슈머
크퓨
므음
궁
유분쇄원두커피
20220119
까지
14:0:
어리시면
227
97%에티오피아산
30%
인도네시아산
커피원두
802
교피
20
%
합성헤이즐넛향
함유
30
%
융금
-
헤이즐넛향블렌드
MIL
30%
커피원두
B보
14:09
20220119까지
브라질산20%
97
D
에티오피아산
컨슈머
성헤이
30%
ROAST
HUI
원을호년",['까지'],False,False,False,False,False,2,1,['Y4_sep'],['2022-01-19'],0,0,0,0,0,0,7,0,0,1,0
002537.jpg,002537,640,640,640,640,0.4096,1.532,0.803,1.532,25.3,15.7,0,21,17,4,0.8049523809523808,"C015:UTiR
고실
-
COSUT!!
DfTF2
Mnocs19ns1
CORSOTAT RA!
OrCCD
C040
LOTE
ExP
22
/09
/2021
2209
13:22
지문용
22
Exp
220913:22
/09/2021",[],False,False,False,False,False,1,1,['Y2_sep'],['2022-09-13'],0,0,0,0,0,0,0,0,0,1,0
001185.jpg,001185,1025,1366,960,1280,1.40015,2.196,2.852,2.196,42.5,17.3,0,24,17,7,0.8625416666666667,"기
QLOTTE
쿠키
마가렛트
오리지널
Wi i I a mi
1i
고객지원센터
&
1    
080-024
0909-
까지
수신자요금부담
롯데제과
http://wwwlotteconfcokr
문구0
&LOTTE
마가렛트
잉리하
까지
부터
문/0플금
고객지원센터",['까지'],False,False,False,False,False,0,0,[],[],0,0,0,0,1,0,0,0,1,0,0
000855.jpeg,000855,3024,4032,960,1280,12.192768,1.961,0.849,1.961,19.0,16.0,0,29,17,12,0.9673103448275862,"nas
E
25
08
2025
25
25
08
2026
A1
HICKEN
AVOUR
Re
Enjoy
Trime
Your
Crunciey
AVOUR
HICKEN
25
Enjoy
08
08
2026
Your
2025
25
-
Re",[],False,False,False,False,False,0,0,[],[],0,0,0,0,0,0,0,0,0,0,0
002933.jpg,002933,640,640,640,640,0.4096,2.32,0.775,2.32,32.6,8.5,0,16,13,3,0.8341875,"별노시압까지
1009!
320kCa!
부
09
0222
D8:13
060223
233
수
마거
ER[
1000
862
233
08:19",['까지'],False,False,False,False,False,1,1,['Y2_sep'],['2006-02-23'],0,0,0,0,0,0,0,0,0,2,0
001285.jpg,001285,922,1230,922,1230,1.13406,11.348,6.974,11.348,286.8,150.1,0,183,132,51,0.9095628415300548,"OL1
이
SEM!
미
VINACCIOLO
GRAPESEED OIL
제품명
스틸라
포도씨유
Stilla
Grape
Seed
에
유형:기타
식물성
식품의
유지
:원재료
100%
정제!
포시
제조사신
및원산지:
AgrioilSpA
이탈기아
수입원
무
코프레이션
Tel:
02385
Y투늘롱Y
강서구
양천로
40%
허비어Y2부
B동
412호
유통기한:제품측면의
:극표로
고F//
목며
내용량
1000m!
18100k
유리
교환장소:
수입원
및구입처
:포요군피
군부등대탁극평
뚜껑:0her
직사광선이
*본제품은공
공정거래위원회
고서산비자분쟁해결기준에
의거
환물
받으실수
있습니다
부정
불량식품
신고는
1399
보
1일영양성분
100m당
1일영향성분
기준치에대한비율
OOm
C0당
나트룹
Org
지빙
909
167%
810kcal
탄수화물
OU
트랜스지방
Og
당류
00
포화지방
109
679
콜레스트롬
OrNG
OG
00%
1일영양성분기준치예대한비울%온
2000kcal기준이므로
있습니다
Conservare
in luogo
fresco
asciutto
rpar0
dalla
Juce e da fonti
di calore
Store in a cool
and
Gry
place
TOT
light and heat
DA CONSUMARS!
PREFERIBIL
LMENTE
ENTRO:
BEST
BEFORE END
2111
'202근
2
32E
1e
CONFEZIONATO
AGRIOIL
DA:
PACKED
BY:
SPA
Roccadaspide
Via
Seude
SNC
Wwwagrioilit
SA
Italy
""014
+40046
Hwwagrioil it
:교포군피:
교환장소:수입원및구입처
용보
수입원
제조사및원산지:
제품명
LFIKG
요요
부정
불량식품신고는국번없이1399
Stilla Grape
|
:직사광선이없는
스틸라포도씨유
2111/2022
SA-Italy
IEF!
|100m당
미
콜레스트롤Or
당류
탄수화물
Seude
OLIO DI SEM! DI VINACCIOLO
AgrioilSpA I0
양천로
SIC
Seed Oi
6
기준치애대양성불
GRAPESEED OIL
은
4술
8
00
00%
비자분쟁해결기준에의거
균피단
목'고구
I100m당
고F/콩/:료극
한강자이타워B동412호
트랜스지방09
괴주이므로
109
G05
:
뚜껑:0ther
크요
일","['BEST_BEFORE', '유통기한', '제조일자']",True,True,False,True,False,0,0,[],[],0,0,0,0,0,2,5,3,0,0,0
003100.jpg,003100,685,907,685,907,0.621295,5.055,6.93,5.055,163.1,49.3,0,108,50,58,0.8264166666666667,"제품명꿀유자차
유공목
유통기한하단표
까지
을
Ka
제조원두원농협유자가공사엽소
전남
품야
고흥로
2418
궁모미울
경기도
포천
H동Y
정신로
2097번길85-8
주표대부둠
1994051800763
원재료명
TY논HY]료Y
설탕
설탕
론류어Y
국산
정제수
카복시메틸셀쿨로스
나트룹
구연산결정
비타민C
용기재질
유리/뚜껑
재질:주
주석도금강
부
유융
냉온수
에
1잔약
80
1
약
티스푼
을
잡
드십시오
-
유통기한:
29221121
까시
음
00
머표
0
야
고
0
주
H
J모:
또
HIi
병분
냉야
야피
-
마
이
2922112
스구
고
야
니
마려
HO
우
자치
J
면
中
어
>
건
!
품
大
모
에IL
O6
경
도
0요
>
수
우
미0
H
-
C0
저
거
두
린모
강
모고
두
증
승","['까지', '유통기한', '제조일자']",True,True,False,True,False,0,0,[],[],0,0,1,0,0,0,0,0,0,0,0
000648.jpg,000648,1980,3520,720,1280,6.9696,8.13,6.557,8.13,111.4,91.8,0,91,50,41,0.778,"C2025
San-X
카HI
콜레스테롤
소
080
지방487%
우유
트랜스지방08
몰밟
64mg3%
우대두
6
포화지방객명
:
10호2
송
탄수화물124%
함유
마무
용ㄱ움
주의사항
2028708128원
제품
직사광선을
공해라
함저:
H프
구입처
도가
18
공공
여퓨니
강
교문
균복
노터<
움<
통금
031
극배
클면
R
소비자
공용
균거궁관
퓨
81
1855
L!
031
11818
III!! A
무R
여내
통금
원
소비자
리문
2028787
러스테롤
노터<
|
185
균과궁과
San-
극비
움니
나트름64mg3%
%0않음보
면
기이암설복
C2025
공
통과
운
Rila
께
공명수
프
공배용공'
고
공해라운
:
공
제품은
산수소앙모탄산수소다트
규는용
표시일까지년
원산지:
소비기한전면","['까지', '소비기한']",True,False,True,False,False,0,0,[],[],0,0,0,1,0,0,4,3,0,0,0
001123.jpg,001123,908,1210,908,1210,1.09868,17.125,3.005,17.125,211.2,40.3,0,204,185,19,0.8775245098039216,"Ltliaé
[0LZC0
/21/2E
PadBLO
They
create?
for
[Ue
1
tunze
Cbocolafe
[/2
[/>
Shape
이
CCaC
brani
ICON
Tooay
/2
Guylian
Cbocolates
Itsmansbip
an?
paJJiOn
o
t/e
ultim
ate
Belgian
or cbocolate
Covers
Enjoy
ftnest
Belgian
Cbocolates
With
Original
Praline
made
With
rOasteo
bazelnuts
Each Guylian
of the founders
Chocolate is marked with
DeY
kettle
following
[be
Origina!
recipe
the Guylian?
Our qualit
Signature
Belguan
Cbocolates
Wwwguyliancom
that
guarantees that
Ir
chocolates meet
the exacting
Belgian chocolate
making
IStandards
Azelnuts
23%
CO CHOCOLATE
BELGA
RELLENO
INGREDIENTE?
Pyellanas
23%
CASADeCUL
Chocolate
31명
LI1
1원1
ChoCDlate
Chocolate
DAOCG
FT10
SECAS
[acticas
Andsoya
KOLEne
Nutrition
nformatin
Tornati:
19Swaarde
Information
er hazelnoter
TTDOY SO손
Durchschnittliche
Nahrwerte
RECHEID
INGREDENTES
Lutrizional
[09T
BELHASED!
RTOUUACIL
DaSt:
P GACA!
RTUSDRAHITP
무CitIna
Len:ten minste
Maa
A Chocolate
nirno
ten
minino de
2319k
TWeE
HeLE!
Ener
품250
g1390
kcal
헤이즐넛22636
%
 Fedt Fetter Rasvaa
미
9T 1RIGF!
Jont saturees dav
폴리
프로필렌
유통기한
후면표기
6룡오
JDSaTA!
곤을
양평로
21길
25
원산지
벨기에산
LEL0DOIP
lian NV
I SUgars/ waarvan suikersI dont Sucres davon Zucker
해바라기레시틴
di cuizuccherifde los Cuales azucares dos quais acucares!
heraf sukkerarter/ av vilca scker
DSLE SOFETEIT!
Protein
Eivrit/ Proteines/ EiweiB/ Proteina Proteinas
로
코코아매스해바라기레시틴천연향료
Salt/ Zout/Sel Natrium/ Sale/ Sal/ Suolaa
고
변질품은구입상점
본사에서
교호
-
보저
신고는
10평논
399
0
대
상품개별코드
으토주
초콜리
표면이
녹아
렁을
반점이
생길
수
IIol-Y
무해하니
드셔도
250g
고객지원센터
플라스틱
080-024-6060
수신자요금부담
http://wwwlotteconfco kr
PP
트레이
'801062""
632275
라다를수이습니다
D9-il-2로
_금고
1390 kcal
Df-i0-221
도
+
LRELE
넛22636%
마서
기에소
2L02교
고
2CON7
요
Zout/
5e
극
상품개별코드
O
Kedwit
1009901101-V1",['유통기한'],True,False,False,True,False,0,0,[],[],0,0,0,1,1,0,4,5,1,0,0
002386.jpg,002386,640,640,640,640,0.4096,7.0,6.571,7.0,162.1,76.7,0,117,64,53,0.8825811965811965,"동전문판매원
별시
용산구
한강대로
72길
3날
F더:
F2:
직사광선
및습기찬곳을
피하여
서늘하고
잘
되는
곳에
보관하여
주십시오
공라오
고시에
의거피해보상
제문
고환장소:
본사
및
반
극대
-
토마토
고기
중어
돼
나류를사용한
제품과
같은:
제조시설에서
야호
고
있습니다*신선한
제품
제조
을
609
포장을
공급을
5전
위해
하였습니다
질
kca!
%
방09
0%
190319
F2
16:43
190818
까지
A5
에
안전관리인금
OEO
667
HLACCP
비닐류
에따라
[
Kca
60
0
주
리어니
어고리러눔토
표요
습장
그
-
동용우
학극고
이
08
03
6677
문국
18
19
품신삼
잔
당조
39
관
F2:
|
고조하
-
요문이
*유
201
까지
F2
제새모제
72
16:43
저공
>
길
A5
비닐류
정은
-
0>
피
우
건
/O
설7/
FOT
남0년","['까지', '제조일자']",False,True,False,False,False,2,2,"['Y2_sep', 'Y2_sep']","['2019-03-19', '2019-08-18']",0,0,0,0,0,0,1,0,0,2,0
003124.jpg,003124,756,1008,756,1008,0.762048,1.209,0.992,0.992,6.9,10.9,90,5,3,2,0.7626,"2021 U3DT
19:2F1
OIG
2021 0307
19:42F1",[],False,False,False,False,False,1,1,['Y4_sep'],['2021-03-07'],0,0,0,0,0,0,0,0,0,1,0
002978.jpg,002978,753,925,753,925,0.696525,1.839,1.732,1.839,32.7,37.3,0,27,13,14,0.8928518518518518,"열곤한
유탕면
거품을
CHOICE FOR US
곤도오
금무
기만
한
문문한
480kca!
민생
묘구
200720까저M8C
480kcal
내용량:115
민생라면
200720까저M8 C
HN
금부
곤도오군
기만
열곤한마
은
문문한
거품을
CHOICE FOR US
3",[],False,False,False,False,False,2,1,['Y2_sep'],['2020-07-20'],0,0,0,0,0,0,0,1,0,0,0
001533.jpg,001533,640,640,640,640,0.4096,4.877,1.511,4.877,74.2,22.0,0,36,32,4,0.8182777777777779,"표고버섯
으로맛을
낸
SA700CAAT
고버싯국내산
편가들
모음
무니
먼심하고
닮고기
성주
근임
가
뛰는
10-01F부02
자돔은
소비지
보사
미
구임처
고만진소
이평규논
139%
C
불량식쯤
신고는
무정
년29
2022
D6
21
분리수거로
표고버섯으로맛을'
20220621 129
139
용",[],False,False,False,False,False,2,2,"['Y2_sep', 'Y4_sep']","['2010-01-02', '2022-06-21']",0,0,0,0,0,0,1,0,0,0,0
002989.jpg,002989,640,640,640,640,0.4096,4.026,1.928,4.026,129.7,36.7,0,38,28,10,0.8192631578947369,"간편하고
맛있는
낙지젓
케품명
맛있는
너지껏
주용집
1209
유동기한
까지
보관방범
0~아균거로우
양념젓갈
평모보고번호
20130208
낙자잣자중국산:낙지
[정계소금8%이온물영고줏가루마는부
피프리카주출색소5침생느클루팀샌나트향마중
멸자섯02경원열치0럼
정차소금2회금라신생강분중국샌정제소금국대산
코름소부
주반찬단지
애식남동
국만살이
단지
OTHER
809:
념
낙지젓
간편하고
가
도표시일까지
내소께
아습다
크멸차역젓0경원멸치0
균지로우
야부2345%
1209",['까지'],False,False,False,False,False,1,1,['Y4_sep'],['2013-02-08'],0,0,0,0,0,0,2,0,0,0,0
001465.jpg,001465,640,640,640,640,0.4096,2.111,3.241,3.241,28.1,90.2,90,30,9,21,0.8014333333333334,"980
재논
%00
도라지생강차
동음고아
표무
고
2022:1118
13:57
승샘표
우리
땅에서
자란편
도라지생강차
마고
StuploEefouer 2 Grger Tea
신
국내산
11
순작도라지상상차아사는법
100%
볼0기예도지기의상망연가고우리서
소
물컴시르줄기니요
유금나
0
우리고볶한에리라당의양입
조하시도습습니다
본연의모습에가자운도라지와생
냉감원중성부역환복은일료역심부문이며",[],False,False,False,False,False,1,1,['Y4_sep'],['2022-11-18'],0,0,0,0,0,0,1,0,0,1,0
003274.jpg,003274,1236,1649,959,1280,2.038164,7.21,2.489,7.21,167.7,33.2,0,84,63,21,0.9042619047619047,"""310288
603628
건조망고8%함유
건조멜론8%
일
HHSEPIY
워산자
E데
조
포장재질
국변없이
399
내용
1109
블류
100g당
323kca
지방199
35%
탄수화물339
10%
당류279
27%
|
LDPE
나트룹260mg
13%
69로고
9%
포화지방139
87%
콜레스테롤
110rng
트랜스지방159
수있습니다
2000kca기준이므로
개인의
1일영양성분가준치에
대한비울은
Best
Before
2021/08/20
p
200
엔
preservativ
CONTAIN
ALMONDS
TREE
MILK
NUTS
'OLtsunb
2231
Jebns
[mango
]%8 06uPu
2231
JP6ns
Vegetable
preservative 
cheese
Cream
5992% [milk
원용
412
용출
37
탄수
Best Before
요7무
2231
기미
TRACES
은
오
r0as
2021/08/20
[1역3
REE
5
옥
JPBns
ML
지방19:",['BEST_BEFORE'],True,False,False,False,False,2,1,['Y4_sep'],['2021-08-20'],0,0,0,0,0,0,9,2,0,0,0
002187.jpg,002187,640,640,640,640,0.4096,5.895,3.116,5.895,194.1,97.8,0,79,54,25,0.8596455696202531,"20200610까지
홈
칠갑동
치미냉면육수
부품의유형
소스실균제/
육수장인
정체수
핵상과당
소시간탈지
대두:인도산
소고기엘기스
소고가호주셰
정제소금국샌
육수의
장인을
만나다
원재료명
식초맥아메가스마국산
소비
혼압제재유회제
주정차추출료
침갑농산은
수있는
먹거레I
쇠고기한두
맛의자무심차
정성
[선험된:
같은
개요
피하여심은보견
한국인의
입맛음사로잡은
옥수장안입니다
더맛있게
먹는
고
융적로728
도시면다욱
맛있게
드싱
수와습니다
물이서
GhlIkab
GOKr
14270동품
Chilkabma!l
Cokr
수있습냐자
고객상담실
1577-7966
얼음육수
OTHER
원재료명
무조
의류인
스살균게/
공식수험
|
역싱과당소스간장탈지
/미
bmall cokr
칭양층절로8720
COKr
소고기역기스
주정차추출물
소
국산
20200610까지
맛이자부심정성
육수의
더맛있게
침감농산은안심할수있는먹거
얼음육수
육수장인
장인을만나다
용극
밌다카드시면",['까지'],False,False,False,False,False,2,1,['Y4_sep'],['2020-06-10'],0,0,0,0,0,0,0,0,0,0,0
001320.jpg,001320,640,640,640,640,0.4096,4.71,4.561,4.71,164.2,56.3,0,68,42,26,0.863779411764706,"교환장소구입처
총내용량200g
1009당
100g당
고시
소비자분정
520 kcal
수있습니다
몰宗
곰유용용
2907915
기준치에
대한비율
399:개봉후반드시
탄수화물
지방
-
68921원
259
46%
랍니다
땅콩호두
당류
797%
트랜스지방
다과용으로
0g
콜레스테를5m9미만1%단백질
음표
22/11/2021
함께
119
73%
골유88
M20328
1일
기준치에대비울%은2000kcal기준
589
12078
11%
이므E
본다를
린요F
소비자
DOOFI
어:
임
더때
마비
료
영양정보
도미
버니
>
-
/0
1
영양성분기준치에
589
100 g당 520 kcal
-
아거
이후
도
등
M20328 12 078
_
22111/2021",[],False,False,False,False,False,0,0,[],[],0,0,0,0,0,0,5,7,0,0,0
000780.jpeg,000780,3024,4032,960,1280,12.192768,1.717,1.089,1.717,29.0,9.6,0,20,13,7,0.81685,"생태스
프로핏
이크껏
20
-SELEC
고바
내니
HS
19:06
2026:
0427
흔들어
주세요!
흔들어주세요!
더
성
핏
-SELEC
:용
물주",[],False,False,False,False,False,0,0,[],[],0,0,0,0,0,0,0,0,0,1,0
000844.jpeg,000844,3024,4032,960,1280,12.192768,2.447,1.25,2.447,24.3,20.9,0,22,12,10,0.9200454545454545,"ROC
OC
20
03
02026
[260K880
1:09
소비기한
까지
순
FERRFRO
ROCHER
ROOH?
소비기한
[260K88
03
룡
20
경
눈
11:09
까지","['까지', '소비기한']",True,False,True,False,False,0,0,[],[],0,0,0,0,0,0,0,0,0,2,0
002380.jpg,002380,640,640,640,640,0.4096,2.621,0.506,2.621,76.1,13.9,0,23,20,3,0.9248260869565216,"유통기한:
2022
10
20
까지
제품명
꿀유자차믹스
식품의유청
고형차
연소명밌스피
전라님도순천시승주승주로538-46
유통기한
측면
우
표기일까지
내용량
220g22
9X
10포
원재료명
유통기한:
2022 1020
까지","['까지', '별도표기', '유통기한']",True,False,False,True,True,1,1,['Y4_sep'],['2022-10-20'],0,0,0,0,0,0,0,1,0,0,0
000294.jpg,000294,3024,4032,960,1280,12.192768,7.082,1.962,7.082,288.5,26.4,0,59,52,7,0.8850169491525424,"신
F4
제조일자:
2025
09
60
까
지
2026
09
08
08:54
소비기한:
제품명계절삼장내용랑5009
식품유형혼합쟁실군제품
원지로공인장52%
총내용량
5009/
100
0g당210 Kcal
두국산소맥분밀미국산
하정사
정제소금
미씬
5름2510m9126%
탄수화물37911%
당류23923%
국산호주샌정제소금국산
트랜스지방이g
포화지방0694%
16%
190%
단백질8915%
정제소금참기
림발
준므로
기준차에대한비울%은2000 kcal
수있습니다
안심하고대도됩다검
180-850-1200/
/1666-5471문자/c0k
H비공물이류공요
부정불량식품신고는국번없01399본제품은색자
글스드
라스티
분쟁해결기준에어거교환또는보상가능게조류쇠고기오
PP
8801007
052854
16ZY용고울
품목보고번호19910450041-13
뚜껑
제조일자:
08:54
801007
5009/1009당210 Kca
UF
0
04","['까지', '소비기한', '제조일자']",True,True,True,False,False,0,0,[],[],0,0,0,1,1,0,8,3,0,2,0
002151.jpg,002151,658,889,658,889,0.584962,0.719,1.046,0.719,7.5,7.5,0,5,2,3,0.8402,"202211
09
2022:11
:
보한을",[],False,False,False,False,False,0,0,[],[],0,0,0,0,0,0,0,0,0,0,0
002431.jpg,002431,640,640,640,640,0.4096,1.408,1.201,1.408,5.0,4.7,0,7,4,3,0.7962857142857143,"SPe
2210
10
Upesolt Issi!
2021
10?
SPe",[],False,False,False,False,False,0,0,[],[],0,0,0,0,0,0,0,0,0,0,0
000490.jpg,000490,3060,4080,960,1280,12.4848,1.996,1.467,1.996,14.4,7.9,0,8,6,2,0.938,"햇반
햇반
들까
께
251127
까지
251127
까지",['까지'],False,False,False,False,False,2,1,['Y2_sep'],['2025-11-27'],0,0,0,0,0,0,0,0,0,0,0
003110.jpg,003110,1512,2016,960,1280,3.048192,2.178,1.697,2.178,57.7,19.4,0,31,24,7,0.9078387096774194,"승사
14
맨
사공치즈/252
체다치즈
78%
모짜렐라
55
9910
kcal
18gX14매
유통기한
2021
DE
메""
까지
30
전행호
14:51
11
Dongwor
치즈
짜지않은
Jewua
유통기한
짜지않은치즈
DE
-
78%
g910kcal
:18gX14매","['까지', '유통기한']",True,False,False,True,False,0,0,[],[],0,0,0,0,0,0,2,2,0,1,0
003012.jpg,003012,1535,2048,959,1280,3.14368,2.493,1.088,2.493,35.5,4.2,0,19,16,3,0.7926315789473684,"원산지
멕시코
100%
80
피원용%
총나용량1께
나트룹
On9
0시단수하텔
지방9
170%터리시면
15
BAG
NT
에
2먹
피유원용
미!
아u'",[],False,False,False,False,False,0,0,[],[],0,0,0,0,0,0,2,0,0,0,1
000417.jpg,000417,3060,4080,960,1280,12.4848,1.653,0.957,1.653,15.7,12.1,0,12,8,4,0.8761666666666666,"2480
그
어
더맛있게
소비기한
트
15
GO!~
더막없고?
소비기한
2480
15",['소비기한'],True,False,True,False,False,0,0,[],[],0,0,0,0,0,0,0,0,0,0,0
002929.jpg,002929,989,1318,960,1280,1.303502,4.898,2.932,4.898,156.1,16.0,0,64,50,14,0.876296875,"125년
울고
7FII-IIlY
자
립론
루이보스는
남아프리카공화국케이프지역에서자생하는
있어
기므
성분과
폴라보노이드를
균행있게
함유하고
유지하는데
도움이
되며
순한
맛으로
임산부모
영유아도
즐길
있습니다
미모리금
티백은
JoHo피 크
질
통과하고
허브가움직일
있는
공간이
야목
인년마
1여
깊고
풍부하게우러남니다
수
맛고
또한
허브티가
우러나는
모습을
모노
수
10
국께
즐거움을
더해줍니다
2022
09
27
시ith
-
2022 09 
|
0
으도
스
0:
으고
27
|
에
9
금",[],False,False,False,False,False,0,0,[],[],0,0,0,0,0,0,0,0,0,0,0
002174.jpg,002174,884,1179,884,1179,1.042236,4.667,5.053,4.667,163.0,102.8,0,80,41,39,0.8338625000000001,"1985049
280
식품유형:
양조간장
품목보고번호
기타과탕
탈지대뒤인도산
전일염호주산
소맥마구
종국
감초추출물
정호소처리스테비아
M
순창공장전라북도
구
5
소재자대생주
후에는
우쇠고기
대두밀함유
송고객상담실
080-019-911
무
나트룸
5900
단수물시시점
대상주식회사
%00원보
드랜스시방0
ADAESANG
포화차
D//huw dsesang com
콜레스테롤
00
단백절601
/wuwjungoneshop oom
빈용는분리수거하여자할응합시다
증원
끗한환
20210905
14:48
증전자원끗환환경
I DAESANG 대상주식회사
대두밀함유
20210905
송고객상담실
품목보고번호:1850490
호소처리스테비아
있습나
무담
구
위
선라
종
수
드
H
감초추출물
탈지대두인도
지운용%
순창군
식품유형:양조간장
14:48
무
5>
제품은
0%
피
-
신고는
소비지
공
교
유
-
고
54
단
다
0교명",[],False,False,False,False,False,2,1,['Y4_sep'],['2021-09-05'],0,0,0,0,0,0,1,0,0,2,0
003256.jpg,003256,1249,1666,959,1280,2.080834,5.199,7.332,7.332,78.7,129.8,90,89,40,49,0.8574831460674157,"년
월
안색소
3082
3
은
바
auce
1267
극쵸
-
T중
D5b57을용
캔디
소분원주식회사
기준에
유에프오우주
UFC
곳에
쟁해
저
트리
풀와이즈
Sauer
Candy
kcal
호
25
990
그
2022
04
01
있
모
음목
5
411011
1822652
손잡이름
내용랑25gp0rca
식품유형캔디류
원산자벨기에
텍스트로오스
주석산
포함가능성
옥수수
영양성분기준치에
랑
기준에
교환
분쟁해결
또는
3
있
받을
0륙
2
손잡이품
나
Sauer
고호합
UF
표기된
MM
날까지
2022 04 01
=
C
수입원및
25990
반품
부드
비
공
 kcal
2
여2
20
-
을
기준이므로
경기도
[9n0007 긍%롱거
극평
습기가
껌
손잡이를
1070-88380029",['까지'],False,False,False,False,False,2,2,"['Y2_sep', 'Y4_sep']","['2041-10-11', '2022-04-01']",0,0,0,0,0,0,0,0,0,0,0
000669.jpg,000669,1352,2404,719,1280,3.250208,1.89,1.444,1.89,25.7,22.7,0,15,9,6,0.9835999999999999,"SALTINE
CRACKERS
목
부탁
20250903
까지
20260902
맛있는
약속
20250903
20260902
SALTINE
CRACKERS
까지
맛있는약속",['까지'],False,False,False,False,False,4,2,"['Y4_sep', 'Y4_sep']","['2025-09-03', '2026-09-02']",0,0,0,0,0,0,0,0,0,0,0
000538.jpg,000538,1050,1400,960,1280,1.47,2.218,1.153,2.218,5.9,0.0,0,7,6,1,0.7619999999999999,"고기
I
든
기모!
노마
근
Iil",[],False,False,False,False,False,0,0,[],[],0,0,0,0,0,0,0,0,0,0,0
002320.jpg,002320,640,640,640,640,0.4096,1.579,1.289,1.579,28.2,24.0,0,28,15,13,0.9704285714285714,"20201029
14:16
Note
Cag
Tasting
Hazelnut
카카오
Walnut
헤이들넛
Cedar
호두
Herb
삼나무
허브
로스팅
20201029
14:16
Herb
스원
허부
Cedar
삼나무
Tasting
Walnut
호두
헤이줄넛
Note
CaS",[],False,False,False,False,False,2,1,['Y4_sep'],['2020-10-29'],0,0,0,0,0,0,0,0,0,2,0
000997.jpg,000997,640,640,640,640,0.4096,1.251,1.578,1.578,10.8,22.4,90,15,5,10,0.8245333333333333,"우를:1음까피실
이
-
PoBlotIc
4본바코드
51010
801121
:
4본바코드
히류
를:1:까지는
남
[[
부
P정oBLotic",['까지'],False,False,False,False,False,0,0,[],[],0,0,0,0,0,0,0,0,0,0,0
000097.jpg,000097,3024,4032,960,1280,12.192768,6.883,7.804,7.804,105.8,125.6,90,115,52,63,0.8671478260869565,"OFN
400%
여0Y
원재료명정제수
:반품
기바라/
음l롱llY
얼려서드시마세요
온
多
띠칠
AA
공
조
연출예
Oetit2e
|
플라스틱
기
OTHER
요거젤리
밀감
|
OTHER
3
쁘띠렐
요거젤리
Marurin
름
210
9221
kcal
%어문름
15%
20251119
/O
2109당
나트룹
탄수화물
221
4%
kcal
159
[35%[
17%
1일
199
09
47%
Op
내면:용기/피
개[0I
나타드코코15%
밀감15%
쁘띠렐
[
~
요
곰유용
O
2109
요거젤리
메
기준
계
2
제일제당
고
8
프
[]0
10489
H
웅8
20251119
으
O
코대>
이료
Petit2el
{Ca/
0
얼려서
마
리거
이
트랜스지방
요거젤리
09
도시지마세요
쁘띠촬
아
-
포화지방
이
미C
&
금목
I밀감
뚜
콜레스테를
모피
려드
의
이
다이
F
4
교티
모
TIM
0음60
지분유
잔단검향료2로커스트콩검
기타가공품",[],False,False,False,False,False,2,1,['Y4_sep'],['2025-11-19'],0,0,0,0,0,0,8,1,0,0,0
002658.jpg,002658,640,640,640,640,0.4096,4.6,1.225,4.6,36.0,13.1,0,56,47,9,0.8144464285714285,"Lunicits
ricetftg
di
Dietorelle
Diet
UNo
9amma
ricca!
RICCHAE
AO
VSOLO
5드다
5EFZA
AROMT
OF0N!
Mor?de
Gommose
LoSoo
GoDrIo
ho
DUREeRIPLENE
Scopr
WW
Gellkees
CARAMELL
GU5YO
CON
EDULCORANT!
ARANCA
IF4T-ORMA2ON!
나AONT
61100
6UTR12OLALRDO!
마
1C9R
70ge
CorbodrOt!
4A91시
D9
FDIC
ODLOL
ENTRO!
Pr0LCN
SOLR
느19179
01/07/21
239101
Lunicita
UHo
01/07/21
19178
9amma
DUREeRIPLIENE
Mo>Bde
C
70ge",[],False,False,False,False,False,2,1,['Y2_sep'],['2001-07-21'],0,0,0,0,0,0,0,0,0,0,0
002621.jpg,002621,1051,1401,960,1280,1.472451,1.231,1.296,1.231,1.7,0.0,0,7,4,3,0.7735714285714287,"is the
Ahticle
122
Yerry
+!
Anticle
!",[],False,False,False,False,False,0,0,[],[],0,0,0,0,0,0,0,0,0,0,0
002495.jpg,002495,1055,1406,960,1280,1.48333,2.806,1.105,2.806,41.7,28.5,0,27,20,7,0.8881851851851851,"다
당E5
20210127까지
동대스도5
대C
1984
스
깨햄버거빵
SSOM?
Hawhurge!
RRll!
70
9
205
Kcal
음참깨
238
%
유리리리로공
HACCP
ESOME
깨햄버거방
도머
볶음참깨238%
709205kcal
20210127까지
R!",['까지'],False,False,False,False,False,2,1,['Y4_sep'],['2021-01-27'],0,0,0,0,0,0,2,2,0,0,0
002353.jpg,002353,900,1200,900,1200,1.08,1.324,1.69,1.324,12.7,8.5,0,19,8,11,0.8390526315789474,"콜아송움
50
9[255
K
PEPERO
LOTTE
까지
211- ]
-
LOTTE
I!
-i
9255KCal
11
+
22
PEPERO
++
까지",['까지'],False,False,False,False,False,0,0,[],[],0,0,0,0,0,0,0,1,0,0,0
000541.jpg,000541,1050,1400,960,1280,1.47,0.765,0.646,0.765,17.1,18.4,0,7,4,3,0.9311428571428572,"2026
0322
까지
녹산AE22염선854
녹산A62설염선854
2026
0322까지",['까지'],False,False,False,False,False,0,0,[],[],0,0,0,0,0,0,0,0,0,0,0
000034.jpg,000034,3024,4032,960,1280,12.192768,1.554,1.467,1.554,18.9,10.3,0,19,14,5,0.8763684210526316,"White
쿠키
37대
회이트쿠키37 9185KtBl
White
Coo!
PREI
1660
PEPERO
0
LOTTE
+  i
 i?
까지
&LOTTE
1660
PDEPERO
토이트쿠카
까지",['까지'],False,False,False,False,False,0,0,[],[],0,0,0,0,0,0,0,0,0,0,0
001715.jpg,001715,900,1201,900,1201,1.0809,1.212,1.139,1.212,25.9,29.0,0,19,10,9,0.9204210526315789,"1/2
유통기한
20210207P1
DK
늘어H
긴국
1등
*마코과
살어묵
야채
야채
살어묵
육74%
민국등
브랜드*
흐른을
K
20210207P1
유통기한",['유통기한'],True,False,False,True,False,2,1,['Y4_sep'],['2021-02-07'],0,0,0,0,0,0,1,0,0,0,0
001137.jpg,001137,1006,1341,960,1280,1.349046,3.325,0.605,3.325,30.0,4.5,0,44,42,2,0.8832727272727272,"INGREDIENTS
:Canola Oil
INFORMATION
Otected wIh
 Antioxidant
NUTRITION
Tinegar Free
NGS PER PACKAGE 2O
Avo Ouantit
AVg
rServin
104
ENERG!
PROTE!
AT T0조
SATURATED
CARBOHYDRATE
07
5RKI
-SUGAAS
D7
SODIUM
1351
HeZeaand
Packed for
 after Opening
LJ Heinz CoITp
Astraia Lid
Refrigerate
Southbark
Tthbark
HLTBLD
어einz
려트
[16
100248
FVF2948
18:28
BES!
BEFORE
17021
-
ACE2
18:28",[],False,False,False,False,False,0,0,[],[],0,0,0,0,0,0,0,0,0,2,0
003159.jpg,003159,884,1177,884,1177,1.040468,6.929,5.702,6.929,259.9,188.0,0,137,88,49,0.9187883211678832,"하나
100%
명품
천일염을
이상
800c
제대로
충분히
H이평
동는
불순물을
깨끗한
소금입니다
물
실시간
온도
관리
시스템으로
를궁
조정하여
제대로
구웠습니다
오곤
가열온도
800C
이상
셋
3단계
클린시스템으로더
금
수
있습니다
천일염
선별
워터샤워
클린시스템
품
클린시스템
클린시스템
넷
입자가
곱고
하고니파
모든
요리에
간을
맞출
때
비음Y
좋습니다
깔끔하고
궁Y
궁름
국물요리
아삭하고
1여음
살아있는
나물
무침
짭조름하고
담백한
구이
볶음
등에
병품
구운소금을
만드는
모료대
천일염
하나
천혜의
자연환경을
가진
신안바다
몹음
81'9
오
리테
정우
간수가
잘빠져쓴
맛이
적고
부드럽습니다
고객지원실
요금은삼표가부담합니대
080-996-1
20200423
고객지원실요금은상표가부담합니대
잘빠져쓴맛이
국물요리
좋습니다:
요리에간을맞출
소금입니다
불순물을
유03008
하나
20200423
등에
무침
8하표
실시간
천혜의자연환경을가진
프리미엄
100%
포
권장
조정하여
류
공평을곰올
하거음Y
짭조름하고
아삭하고
깔끔하고
가열온도
온도
어을
구운소
적고
둥표
몸음
금대하니마
클린시스템으로더
관리
때
080-996-11
천일염
극비컴룡든
극0륜0
궁궁Y
부드럽습니다
800C이상
시스템으로
깨끗한
명품천일염을
외을
간수가",[],False,False,False,False,False,2,1,['Y4_sep'],['2020-04-23'],0,0,0,0,0,0,2,0,0,0,0
001415.jpg,001415,756,1008,756,1008,0.762048,4.147,2.748,4.147,75.1,43.0,0,45,28,17,0.9276666666666666,"폴리페놀
16
1개당
*Tannic
acid
W
미떼
핫초코
교문름
핫초코에
풍부한
1어공공
더해진
부드러운
핫초코
이미지
사진
탈지분유
24%
10%
기타코코아가공품
1%
중량
300
91250
Kcalf
[30 9125
KcalX10개]
풍부한
문름
우유맛이더해진
핫초코
핫초코에
핫초코
미떼
호크
중량
C9
24%
10%
기타코코아가공품
카오의
PY회미
TaNNIc
aCId",[],False,False,False,False,False,0,0,[],[],0,0,0,0,0,0,5,0,0,0,0
002471.jpg,002471,944,1259,944,1259,1.188496,3.582,4.894,3.582,200.1,56.2,0,73,42,31,0.9198082191780822,"하림
X
Homeplus
오균문을
:210312F1
유통기한:210318A
2210312722801
1등급
1등
허
명칭과
소재지/닭도축장사1:주하림/전북
Y
금
망성로
14
F2:쥐하림
정을
성읍시
퓨동
3산단2길
표부눔목86
E1:1998048782597
F2:200404903
포장재질
륙부
유통기한
표
유통
보관하시고가능한한빨리드십시오소비자상담실080-259-2000수신자
우려가
있으니
반드시
울름
:구입처및제조원:본자
요금부담
반품
소:
제품은공정거래위원회
고시
소비자분쟁해결기준에
의거
17
루
야
아
그입처
고
유통기한
22210312722801
이
지
이
|
:210318
:2103
머F
12F1
하림
X
Homeplus
-
O
F2:
:취하
0752
404
므
坊
G
정
머료
A","['유통기한', '제조일자']",True,True,False,True,False,3,2,"['Y2_sep', 'Y2_sep']","['2021-03-12', '2021-03-18']",0,1,2,1,1,0,0,0,0,0,0
002454.jpg,002454,948,1264,948,1264,1.198272,12.145,4.151,12.145,335.6,129.1,0,175,142,33,0.9272914285714287,"Nahrwerte:
Energie:
P181001
DRG
SOLDAN
proPortion
16557
2함-5Stu!
Fett:
392KEa
%pr
I gesattigte Fettsai
davon g
Portion?
UTER:
Emeua
Kohlenhydrate:
davon Zucker:
0
Pure Lelder
Eiweis:
08
Snaf
Sal2
VonEm-eukal?
CarlSoldan
1923
Von Dr
entwickelt
fur
UO
Die einzigartige Kombi-
einen
durchschnittlichen
nation
금us
Qualitat
8400
nd
Geschmack ist
Erwachsenen
K/
/2000
T
echt mit der Fahne!
kcal
Packung
enthalt
Diese
Ca
3
Portionen
제
품
름링어
7317
kcal
pro
Bonbon
Zucker;
식품유형캔디류
Zutaten:
Glukosesirup;
Karamell;
수입업소명제제에프비에스TE년
Menthol;
Eukalyptusiol
및
경기도용인시기흥구지삼로
1087685
소재지
201번길
1지곡동
255-1
유통
기한
제품
뒷면표시일까지
년으로표시-
포하Y표
내
용
개공
류
포도당시럽카라멜
제
조
사Dr C SOLDAN GmbH
공
산
지
눌
용기포장재질
X사탕째삼킬경우질식또는
식도손상의위험이
있으니주의하여주십시오
kuhler
X본제품은공정거래위원회
Und
고시소비자분쟁
Bei
lichtgeschutzter
trockener
bis
Ende:
해결기준에의거교환또는
퓨피
수있습니다
Lagerung
mindestens
haltbar
오욤X
불량식품신고는국변없이139
및교환:
:구입처및수입원
022023
미
303189
1802
0745
총내용량75g
292kcal
당류525g536
Inhalt:
나트룸0mg0탄수화물739236
6
트랜스지방0
포화지방0g0
75
지방0g0
콜레스테롤0mg0
1일영양성분기준치에대한비울19은00okca
220600
072589
-Platz1
SOLDAN
GmbH
Dr-Carl-Soldan-
Dr
91325
Adelsdorf
Deutschland
Menthol;
009077 072589
Zutaten:
18020745
303189
022023
JPSaLeFe
Eukalyptusil
2
0
X반품및교환:구입처및수입원
균께둥건부우R:표요군피X
영양정보
야
콜레스테롤0mg0
지방0g0%5
나트룸0mg0%
해결기준에의거교환
기포장재질
통기본
S상iBAN'
류피룸
r
이탄수화물73923당류525g53
CSOLDAN GmbH
여사
류논
또는
없이1399
고시소비자분쟁
다름
292kcal
89L을용울","['까지', '유통기한', '제조일자']",True,True,False,True,False,1,1,['Y2_sep'],['2018-10-01'],0,0,0,0,0,1,2,14,0,0,0
002223.jpg,002223,640,640,640,640,0.4096,2.57,1.018,2.57,70.0,15.3,0,23,19,4,0.8686956521739131,"165
kca
영양정보
흉내용강경9
99
20354
801019
1140:7
202102
사식후남은막대를
아용하여
놀아불즐길수와어요
부지면을
무르거환경음곳이다
비눔방울
OTHER
하태
화이트
엔젤
이
보
202102
총내용장29165kca",[],False,False,False,False,False,0,0,[],[],0,0,0,0,0,0,0,0,0,0,0
001991.jpg,001991,1068,1425,959,1280,1.5219,9.555,9.382,9.555,286.3,131.2,0,183,105,78,0.893311475409836,"공버터가
리페어
음공
화제!!
E
00
대두
스카치
캔디
TTT
내포장재질
폴리에념
렌
돼지고기
복숭아
제품은
용한
제품과
같은
제조시설에서
내용량1578
습니다
소비자
기본법에
의한
종
|
700kca
제품이
고온에
해
30
C
Yl어의o
1일영양성분
기준치에대한비율
긍폭
음h
습도로
18%
시고
개봉후
류
드십시오
유통중
나트룸
360mg
국
및구입상점에서
43%
스
140g
고운마음
극라
밝은마음
110%
신고는
10평표논
28%
139
간혹
반
봉지가
나올
수
제품
방02g
얄에는
차이가
없습니다
료을
삼키지
방
%L8
주
의
138
데롤
20mg
7%
질
g만
1%
고객지원센터
롯대제과
기준치네대한비율%은
200Okcal
기준이!
080
-024-6060
필요
있습니다
신자요금부든
롯데제과
세름의단내무익금
일부는
사
인열매
울룸구운어Y울
YCCKoTr
211228A2
매
품
롯데스카치커피
용공능
[
질
스카치
360
시
룸
0
지
무
4
3
90
Gr
롯데스카치커피
영양성분
11
0
르구운허Y울불
기준치에대한
도
700kcal
유
1578
28%
10%
비율
질등휴부간에도
무두
메거
한습
내포장재질
원재료명
정옥
지
F
~
정
모
-
모
-
롯대제과
주
통본
211228
3
이
1
P
1
이
공
우머G므
또오
금
오
>
올리에
승
대>
E
T
IS
조
고객지원센는
080-024-60
은십점배
J
A2
학극
어
10
수
으뜨0이
F우
담모프
아HU
어",['제조일자'],False,True,False,False,False,2,1,['Y2_sep'],['2021-12-28'],0,0,0,0,0,0,8,5,0,0,0
000687.jpg,000687,1530,2720,720,1280,4.1616,2.86,1.641,2.86,57.5,51.1,0,33,20,13,0.8343939393939394,"해
운
용도
O두
쇠고기탑블레이드앞다리100%
식품유형포장육
803000317683
2025년
10월
17일
지
8
5
하교문국공
비닐류
HACGF
균께옥
OTHER
OTHER
:PP
식품유형포장육
쇠고기탑블레이드앞다리100%
인전관리인
폐간
똑은
2025년
803000317683
5
균껌옥
OTHER
17일까찌
을
|왜",[],False,False,False,False,False,1,1,['Y4_sep1'],['2025-10-17'],0,0,0,2,0,0,2,0,0,0,0
003122.jpg,003122,1536,2048,960,1280,3.145728,4.853,3.79,4.853,29.4,23.3,0,56,35,21,0.9207678571428571,"A consommer
de
preference
avant le /
Best
before
FR
Consumir
preferentemente
antes
del/
판
매
가
A consumir
de
preferencia
antes
de:
6500
FFEI!L
!
EF
1
1
본점
G33-
119
005778
9002
125
8
Poids
Het
0MA
Poids net
A consumir de preferencia
Consumir preferentemente 
A consommer de
Best
125
before
 preference avant le /
09
I antes
antes
 del
ㄴ
633-119
6500
부
-
59단
5778900
OMA
[",['BEST_BEFORE'],True,False,False,False,False,0,0,[],[],0,0,0,0,0,0,0,0,0,0,0
000080.jpg,000080,3024,4032,960,1280,12.192768,2.752,3.713,2.752,46.7,40.9,0,38,17,21,0.8473157894736842,"3990
길25
읍
8
802259""020431
동곰궁
가나산에
롯데웰푸드
밀:미국산
름묘
전분전란
I!?  i 
소금산도
I I E
까지
Ylo
  o
_티
|
가나산
궁
0
길
유부금
곰
조
오
야
스
00
1802259020431
다:
 ! 
 1
롯데웰푸드
3990
부지
생화92",['까지'],False,False,False,False,False,0,0,[],[],0,0,1,0,0,0,0,0,0,0,0
000901.jpg,000901,1316,987,1280,960,1.298892,8.101,2.908,8.101,80.7,31.9,0,127,110,17,0.8735511811023622,"'AOAC 200901
podrijetla:
Zernlja
3uas
Se2aM0V0
이os
eko
VSebUJE
Lahk
Zulaten
VOLLKORNKRACKER
Italija
Fibrextra
Misura
Auswah!
Jecmenovega in
IZvlece
Soncnicno oje
E려0L
PUD미:
19-Psenicna
이하
R6!/
무2
Sredstyo
I0S
Sada
E6OUZLO
Aeliuoue
senicna
Misura Fibrextr:
J00피
F
OUNEA
SecnO
BXOUl
DvSeno wakno
70
Kvasac
여SA
오UO년
어니0
JEMAI0
0at fibre1%
Wheat fibre
DDIMMYYYY
 preference avant le: I A
Contains
10packages
Content 10
I endroit
frais et sec
Best
before:
I a consommer
Ge
I Najlepiej
Spo2yc
3979
01/11
/2021
aquets
Contine
10 aTbalaie!
Zawier
Zechowywac w
WWwmisuraCom
Se consuma
de preferinta
Inainte de:
10 opakowan I Sadrz
10 paketa
Vsebuje
Inomn i
I Suhom
przed:/
I Najbolje upotriebiti
Lido: I Najraje
Uporabno
L210273
K
10 pakiranja/
I Enthalt 10 Packungen I 
und
trocken
Iagern
Hajman
Ido:
Mindestens
haltba
미S:
Consumir de
preferencia
AvdALOr
10Uou금10d
Contem
10 embalagens
EpiEeX
10
EITGI OE
용05p므
3hLeS
Ge:
K0T0
OUOKEUODIEC!
10노
116:
:번JsLo트
나}!
고a
sr0
droit frais et se
AOAC 200901
 wwmisuraCO
이
5i
:다J5o
A
0!
8979
13:00
L210273
01/11/2021
DDIMM/YYYY
Lahko vsebuje mleko sojo in sezamovo seme I
UOKEUOOIES!
지I",['BEST_BEFORE'],True,False,False,False,False,2,1,['Y2_sep'],['2020-09-01'],0,0,0,0,0,0,1,2,0,1,0
002922.jpg,002922,640,640,640,640,0.4096,1.465,1.145,1.465,10.1,11.3,0,17,10,7,0.8098235294117647,"CSPeF
~si
-
Roland
DE-OKO-OO1
EU-/NICht-EU
Londwirtschaft
34
1209
2021
Roland
JOGHURT-2
용명
2:09
2021
용사성
인4",[],False,False,False,False,False,0,0,[],[],0,0,0,0,0,0,0,0,0,1,0
002870.jpg,002870,873,1164,873,1164,1.016172,1.929,1.076,1.929,63.0,16.8,0,32,26,6,0.8519375,"15:스
-10225
100%과
비기열냉장주스
GRAPE
채움
원%%
음올용h울
일영상분
/40
1%
나트룹
25n
탄수화물
31910%
당류
2929%
지방
09
04
포화지방
0
콜레스테롤
0M
로포
0
20210225
영양정보*'
채움
15:5
GRAPE
금",[],False,False,False,False,False,1,1,['Y4_sep'],['2021-02-25'],0,0,0,0,0,0,4,0,0,0,0
000872.jpg,000872,1008,756,1008,756,0.762048,3.586,6.805,6.805,22.4,49.6,90,102,24,78,0.8816372549019609,"DIZCI
RIA/AI
BEAGIOO!
ZAREL
FAVORRITEICH
SLICED
FREH
9G 209LM LN
태미
메DF
Calories
%0
15018
갈린빈
Open sx Enjoy!
AMERICA'S
MO2
Nutrition Facts
Carb
Best
By
FEB/26/21
10:48
NDL2A
난
Open
Enjoy!
TAAAGG
FATTI
B5MO!
Best
2
FREAH
EB/26/21
MOZZAREL
AMERICA'S
FAVORRITE
CH
10:48
SLIC
ED
NDL2A
Nutrition
Facts
Servings:
13
er
Size:
10
Arcunt per
Calories
N
Serving:
Totar
Fat
4~RV
Trans
Fat Og
Oolest
5n9
5%
DV
Tot
ro!
Car
<19
0%대
F
Fber구90
DV
Addod
Calcium
SUg은r단
0%
DV
Protein
5910%
DVD
8%
DU
내U시
Potassium
0%
00%
CRAFTED
WSCON:
PASTEURLEDAMMLR
EMESSP
*No Signiicont ?
 diffrA
31142
60069
B티L
IG!OIOS0
CHEESELA
VMAK
FEF
5R4대
BELLFIOIOSOCOM
EF
NETT
18",['BEST_BEFORE'],True,False,False,False,False,0,0,[],[],0,0,0,0,0,0,7,1,0,2,0
000495.jpg,000495,3060,4080,960,1280,12.4848,3.676,1.678,3.676,99.4,20.6,0,45,35,10,0.870711111111111,"과자
소비기한
측면표기일까지
튀오리온
특별자치도
래울Yy
23길11
HACCF
[년76[48[][152{[
00C0
중아
어YY라Ye든
소비
202508
20/15:28
부터
으공
기힌
202682:
19F-2
프마르산
Yo
중도
까지
Yot
개류
하였습
소비자
기본법에
사과A시
피해
고류
드세요
랴시
1522
존봉자잔
궁
요
한
소비
00
튀오리온
33250381528
좀
표","['까지', '별도표기', '소비기한']",True,False,True,False,True,0,0,[],[],0,0,0,1,0,0,0,0,0,1,0
001836.jpg,001836,1112,1483,959,1280,1.649096,2.742,0.612,2.742,45.6,24.0,0,22,16,6,0.9180454545454544,"OMESTYLE
DRESSING
N
HESSING
FESSALA
#이마트몰
지용기삼살퓨샐러드
발사믹드레싱
상큼한
발사믹드레싱
N355
2021
1002까지A
식초25%/
395969
Kcal
2조25%/395 9691kca
올비함
N355
ESSING
20211002까지A
No",['까지'],False,False,False,False,False,1,1,['Y4_sep'],['2021-10-02'],0,0,0,0,0,0,2,1,0,0,0
000067.jpg,000067,4284,5712,960,1280,24.470208,1.149,0.734,1.149,15.9,3.9,0,6,4,2,0.9323333333333333,"솟다리
수량508
2025121부
고기
솟다리
도",[],False,False,False,False,False,0,0,[],[],0,0,0,0,0,0,0,0,0,0,0
000031.jpg,000031,3024,4032,960,1280,12.192768,2.667,2.712,2.667,28.0,9.2,0,18,14,4,0.7732222222222221,"1D0G딥
우
신삼품
구
2개
1460
아이
구매
1Ir
1414
Zf16T7 14TR
여1
이는
음원해
~
음원해
물~-ahee
오기고탄벽갑구연대상",[],False,False,False,False,False,0,0,[],[],0,0,0,0,0,0,0,1,0,0,0
002751.jpg,002751,1300,879,1280,865,1.1427,2.273,1.667,2.273,28.7,3.0,0,21,15,6,0.8740952380952381,"Best
Before
Baik
Sebelum /
Date
de
peremption I
4>Lal
대
21
112020
J23
타E
121015
1556995202871
Date de peremption I:
Best Before I Baik
4 Lall
Sebelum /
르15무
~",['BEST_BEFORE'],True,False,False,False,False,1,1,['Y2_sep'],['2012-10-15'],0,0,1,0,0,0,0,0,0,0,0
000497.jpg,000497,3060,4080,960,1280,12.4848,0.917,0.731,0.917,5.9,3.7,0,7,4,3,0.8184285714285714,"국수
228
1
+I I'wIw I to 
11E
느L?
28",[],False,False,False,False,False,0,0,[],[],0,0,0,0,0,0,0,0,0,0,0
001542.jpg,001542,911,1215,911,1215,1.106865,3.367,1.396,3.367,124.3,8.0,0,45,40,5,0.8210222222222222,"푸모보고번
내포장재절
고새도
김대
정제소금국산
인도산
굴동축액굴국색
어운
소명
및소재지
더상주
첫아
과
고무
OG
게새우
토마두
우징어
조개리
홍한포함생분화는
E
반품
교환장소
본사
페익거고호도는회
소비자기본법에
불량식품
신고는
품는
Ccm
S DAESANG
0비
편란리디즘
가노모문
비자동염점
승고객상담실
080-019-919수신피부범
유통기한
220122
F2
220122
리무안리
AESANLG
ccm
-",['유통기한'],True,False,False,True,False,2,1,['Y2_sep'],['2022-01-22'],0,0,0,0,0,0,0,0,0,0,0
003334.jpg,003334,640,640,640,640,0.4096,5.107,0.983,5.107,89.1,15.1,0,59,51,8,0.841406779661017,"Mondelez
Internationg!
BEST
BEFORE
在最惠
DDMMYY:
/:
30
10
2021
00Y4204452
SorVINg
Nutriton
nor0atIOn
S6rVINO
32:
25
DEr
O규C
ERGOY
SCrVINO
1009
Protein
133XCI!
531KCR
F!
150
620
SOtUrACd FS!
경0
2850
-Tfhy5FR!
430
1720
M10unsturGd Fa!
010
040
PolyuA-oturaCd Fa!
230
910
Carborydra10:
030
120
S4OAT
1500
SOGUFI
1589
6250
6220
180
7010
最
BEST BEFORE
2피ppulow
00Y4204452
8
DD/MMYY
2021
_",['BEST_BEFORE'],True,False,False,False,False,0,0,[],[],0,0,0,0,1,0,0,0,0,0,0
000636.jpg,000636,1980,3520,720,1280,6.9696,1.481,1.163,1.163,10.5,12.2,90,9,4,5,0.927111111111111,"2026
03
09
고과지
2026
0
03
309
고과지",[],False,False,False,False,False,0,0,[],[],0,0,0,0,0,0,0,0,0,0,0
002041.jpg,002041,641,873,641,873,0.559593,8.922,9.323,8.922,430.9,160.4,0,149,95,54,0.8588053691275167,"CHEW&Real
청정할
100%
고구마
통대
풍호
맛
3금
I쿄
갓
햇고구마의
신선함
365일
군고구마의
풍미와
무물류
통째로
구운
어제품은나두우우말사무
F120090372924
F220102751937
제품명쥬언리열군고구매품목보고비탕
나황시르를
별도표기일까지
식품유형
서류가공품살군제품질소충전제품유통기회물
대조금고인습다
고른리피교룸린
609윤응
원재료명
원이냉%00대
:린품및교환장소:
제조원:F주명성식품
경기도포천시가산면메나리길95
업소명및
12
무점
물링사둥산부
2리주일신나퓨경기도성남시중원구
대생주서울특별시
동대문구
천호대로26
소재지
하모문비요
CCm
총내용량609
170
kcal
0TE:
DAESANG
타빔주스로사
나트590%
단수회물494원당류292식아섬유8오얼지방00%
190허단벽질294%
트랜스지방
포화지방090%
콜레스테롤
하고작상담염
처엄명임성분
분기준치에
하공교미
주어므르
개안의들요열람테더라대수입습니다
20200827까지F2
주의사항
것으로
곳감에
제품
표면에
가루는
고구마
자체의
결정화된
흰
피는
하안분과
같습니다이미지
제품에
보이는
검은색은
섬유질
조직이므로
간항
고구마익
표피층이나
안심하고드셔도
됩니다1이미지2
피해서늘한곳에
보관하시고
제품의
신선도를
유자하기
넣은
탈산소제는
드시지마십시오
CHEW&Real
트랜스지방0이
든름510%
피유원%
거
통째로
365일
주의사항
제품표면에
미요
사편
구마100%
구운군고구마의
HexVI료
가루는고구마자체의맥아당이
머
494%
0g0%
O고
0묘
02
주
머E
지이미지2
유고
20200827까지F2
위하여
주O
햇고구마의
피해
구마의
풍미와
아
리프로
서늘한곳에보관하시고
표피증이나
별도
609울용울
170 Kca!
천호대로
무물류
신선함
금오로
9
섬유질조직이므로
것으로곳감이
용
효고화상담
RDAESAA
불람스룸
구
1:
풍
[","['까지', '별도표기', '제조일자']",False,True,False,False,True,2,1,['Y4_sep'],['2020-08-27'],0,0,0,2,0,0,9,2,0,0,0
002857.jpg,002857,849,1133,849,1133,0.961917,1.407,2.89,2.89,21.6,39.7,90,37,12,25,0.8951351351351351,"BNVGL
DE[E[[0
Riso
Exp:
02
06
23
11:50
L9/71
C
Lotto
00220154
예료로
Lotto
11:50
Exp:
OUrrecipes
3000SIC
COTTURA
JThINghy3odyeyh0
01000H리10
174
Riso
EPD
00
L9/71
8
0
C0
201
06
98811PP
STP-CEPC-AGAD35
0]]5]
54
DNV-GL
6",[],False,False,False,False,False,0,0,[],[],0,0,0,0,0,0,0,2,0,2,0
000076.jpg,000076,3024,4032,960,1280,12.192768,3.411,1.272,3.411,126.0,65.9,0,52,36,16,0.9300961538461541,"음몸
백설돈까스소스
윤
2559
살균제품
프0
소
소비기한
후면별도표시일까지
보관방법
개봉
후
냉장보관
공모규미울장
Ixlolw
일제당주충청북도
진천군
업소명및
헤원면
광혜원산단2길
112
소재지
제조원
주동방푸
드마스타
반품교호
충북음성군
대소면
대금로105
번길
7
영양정된
20260817/ D
까지
돼지고기
쇠고
업소명및
소재지
20260817/ 
:제조원:주동방푸
헤워면
559
살균제품
표시일까지
르레
충청북도
소면대금로105
후냉장보관
진천군
씨제이저
드마스
112","['까지', '별도표기', '소비기한', '제조일자']",True,True,True,False,True,2,1,['Y4_sep'],['2026-08-17'],0,0,0,0,0,0,0,0,0,0,0
001548.jpg,001548,775,1034,775,1034,0.80135,1.425,1.718,1.425,21.6,16.7,0,15,11,4,0.7635333333333333,"C
보비디
니
LiA
2909/200
EF
28/08!
202년
2027R
부240G부
ZI--
Li
부2406
2/08/2022
2909/2001",[],False,False,False,False,False,0,0,[],[],0,0,0,0,0,0,0,1,0,0,0
002013.jpg,002013,1041,1388,960,1280,1.444908,1.911,2.537,1.911,44.8,41.3,0,23,13,10,0.9477826086956521,"코핸국
코감기가
코앤쿨
RFI
씩
나잘
스프레이
제조번호:
사용기한:
Ver
02117206
GTIN
8806435073914
사용기한:
제조번호
RFI
GTIN8806435073914
Ver02117206
코감기가싹
-
코앤쿨
10
낫잔레이",['제조일자'],False,True,False,False,False,0,0,[],[],0,0,2,0,0,0,0,0,0,0,0
002020.jpg,002020,640,640,640,640,0.4096,1.308,0.867,1.308,3.9,2.5,0,7,5,2,0.8234285714285715,"VEGAR
72023
GRAPE
LEAVES
FARCF
VEgaF?
'D023",[],False,False,False,False,False,0,0,[],[],0,0,0,0,0,0,0,0,0,0,0
000208.jpg,000208,3024,4032,960,1280,12.192768,1.329,1.453,1.329,8.2,6.1,0,20,9,11,0.8938,"53
JAVA
JAVA
BEST TFOSED BY
AlouseFFods
CURRY
MONTH:DAY YEAR
4132026/B-V
HOT
MONTH:DAY
BESTIF OSED!
YEAR
[BY
2026/B-V
AlouseFoods
JAVA
JAVA
비A1
삼복
CURRY",[],False,False,False,False,False,0,0,[],[],0,0,0,0,0,0,0,0,0,0,0
000678.jpg,000678,1277,2270,720,1280,2.89879,3.423,2.872,3.423,80.4,47.6,0,47,25,22,0.9104042553191493,"돔변나트룸
정제소금
향
가수분
옥수수
밀
탄산나트룸
효모추출물
향
변성전분
티드이나트룸
/29
카라멜샐소
추추출물
초산
우유
대두
폴리에틸렌내포장
토
원
N409
4과실천
0요
2026724
1210
/409
험과실천
추추출물
티드이나트룸
C:
-
효모추
둥
~~
수수
줄
무
카라
정제소금
탄산나트룸
우유
멜색소1
표
변성전분
대두
초신
H",[],False,False,False,False,False,0,0,[],[],0,0,0,0,0,0,0,0,0,0,0
000012.jpg,000012,3024,4032,960,1280,12.192768,1.942,1.505,1.942,38.1,19.1,0,20,14,6,0.9055000000000002,"ARLE!
HARDI
애공한
피요
은이러관고
HACCP
비닐류
882164
식출
780941
8
소비기한
2026-03-23
까지
애광
소비기한
2026-03-23
한전자리한후
까지
ARLEY HARD","['까지', '소비기한']",True,False,True,False,False,2,1,['Y4_sep'],['2026-03-23'],0,0,0,0,0,0,0,0,0,0,0
000455.jpg,000455,3060,4080,960,1280,12.4848,1.303,1.415,1.303,30.4,26.8,0,15,9,6,0.8493333333333334,"안점
202508:
110:46
소버기친
20260210
까지
Uone
조리에
자기트
Uone
이온
자기를
클론코
20260210까지
2025081110:46",['까지'],False,False,False,False,False,2,1,['Y4_sep'],['2026-02-10'],0,0,0,1,0,0,0,0,0,0,0
002716.jpg,002716,640,640,640,640,0.4096,3.253,1.297,3.253,40.2,10.5,0,31,26,5,0.786516129032258,"대D
GUy
티도
까지
고
홈승
경순치에
0
18%
41%8
06
109
0%
문피대한
비
200자
원
카오어
119%
22847
MADE
CHINA
BeSi
Before:
OTHER
2021/12/15
Best Before:
MADE IN CHINA
6016
GUmmy
2021412/415","['BEST_BEFORE', '까지']",True,False,False,False,False,1,1,['Y4_sep'],['2021-12-15'],0,0,0,0,0,0,4,0,0,0,0
001057.jpg,001057,640,640,640,640,0.4096,3.434,0.459,3.434,46.7,9.0,0,16,14,2,0.7744374999999999,"핫가나무열대
쌍계多秋
무고가
부렌다물
20220527
식름회유탕
감입00%국사
내로장재절
소비차
고로
FYUDG
유름기한
기합스미지폰
병도표기엄까지
20220527
계",['까지'],False,False,False,False,False,2,1,['Y4_sep'],['2022-05-27'],0,0,0,0,0,0,1,0,0,0,0
000179.jpg,000179,3024,4032,960,1280,12.192768,2.005,1.454,2.005,30.8,24.1,0,15,9,6,0.8791999999999999,"4116
부터
B4
까지
20250930
맛있는약속
20260629
품
카흥시
20250930
20260629
촘
까지
맛있는약속
6",['까지'],False,False,False,False,False,4,2,"['Y4_sep', 'Y4_sep']","['2025-09-30', '2026-06-29']",0,0,0,0,0,0,0,0,0,0,0
001717.jpg,001717,949,1266,949,1266,1.201434,2.101,0.961,2.101,28.9,28.6,0,18,10,8,0.9090000000000001,"64포
GO9
유통기한
210208까지
소스에
버무려진
어묵과
떡의
금
볶이
간오뎅
소스에버무려진
유통기한
어묵과
포하
볶이
210208까지
GO9","['까지', '유통기한']",True,False,False,True,False,2,1,['Y2_sep'],['2021-02-08'],0,0,0,0,0,0,0,0,0,0,0
001733.jpg,001733,640,640,640,640,0.4096,1.933,0.905,1.933,26.9,12.0,0,10,7,3,0.757,"천문형신료
건조처풍
음후주10기회국산세트님
음gMpb름bhE
컴어단크시일까지
2022
1118
202211188
건조거
어",['까지'],False,False,False,False,False,0,0,[],[],0,0,0,1,0,0,0,0,0,0,0
000389.jpg,000389,3060,4080,960,1280,12.4848,4.555,1.142,4.555,212.2,15.7,0,39,35,4,0.7930512820512821,"3농협식품
20260227
이미지사진
PET
제름명깔이다스
사품우부재유당차비품4응에저조원
양담모떡한과제2공장
농협식물지
서운사마문구신초로우소비기간주면
부가리밀피국호주새물영설담살기루국내낸치종어구
우리나라
전통간식
반탄산수스나트름소
부빌함유
여야저
내용량50이35010조각
:유통정증포장이손어내님물
1조각59당140KC
3509 1400R0
전통문화를담든
RIYHE
취전실본보관하시기비니다
50암무
마음과정성으로
빨가뮈국내샌16%
본사품은명콩너두를사용환사품과길
부불링서품신고는국번합이10
금한표
최고의제품안안듬니다
년조청쌀국내산48%
은사조사설서서조되어습니다
공콩000'Y부
Il I WIII III!
60144:
전12
쌀약과
르콩O00'LYH
20260227
바름",[],False,False,False,False,False,2,1,['Y4_sep'],['2026-02-27'],0,0,0,0,0,0,2,0,0,0,0
000973.jpg,000973,1000,1333,960,1280,1.333,1.192,0.267,1.192,8.3,0.0,0,7,6,1,0.7487142857142857,"LOCAde
N8
명
아느
신
04111011
LOCAL",[],False,False,False,False,False,0,0,[],[],0,0,0,0,0,0,0,0,0,0,0
003049.jpg,003049,1222,937,1222,937,1.145014,7.458,2.024,7.458,68.6,12.7,0,82,75,7,0.8782804878048781,"250g
Vajori nutrizionali medi peri
O Mozzarela Formaggiofresco a pasta
Matte vacdno pastorizzalo
골0/ Tpical nutrional
Sale caglio correttore di
Iacidita: acido citrico
T2J0 per / Gernernsnillig
Todotto e confezionatoin Itala Onigine 
TDSYrA
dellatte: Italla OE Mozzarella Frischer
/ Energy/Energ
1190k/
Pasta
Filata-Kase Zutaten pasteurisierte 
rugi/Energie/
286cal
Auto Aage
5/ Fett I Fat A Fedt
미2
CtIonenSa!
Dxd grasisaturi/ daion
n Italien
GB Mozzarella Soffcheese
Ingredients pasteurized
Brimi
/o which
1519
I heralf mettede fedtSre
CO고iK
Z sait rennet acidity cegulator
abodrall/ Kohenhydrate 
Cric acid Producedand packedin italy
Kulhydrat
29
DK Mozzare lla FrisKostIngredienseG
Sudtiro!
Craryrates/
/ davon Zucker /이f
Mozzarella160221
므피cher
189
Citronsyre Freln
Nstillet og pakketDItalien
2239
Conservarea
GeROhit Llagern bel/
tane AEuciR AProtein /4Protein
Keep refrigeratedaleO:C<6:G!
Eae/Salz /Sait /Salt
0489
Opbevares I koleskabAORC-5XC
/Zuuerbrauchen bils/
4015
08:38
Ih 45% Felt i Tr I Min
45%fat in dr!
Da COnSUmare enIrOR
Qualita
Taber/Fetthalt itoursubstans min 459
U5e 미I/
I/Bedst for
Fedtindholditostofet pamindst 45%
Non
OGM
SuDtiROL
Dute
Gentecuuk
Brimi 39040Varna Uia Brennero 2 Itana
nfoobrimiit-wwwbrimiit
TSH시
F가A
어10-
MthhoServing supgion
모
Mozzarella
glit
大戴<
160221
Briemil
08:38
250ge",[],False,False,False,False,False,2,1,['Y2_sep'],['2016-02-21'],0,0,0,0,0,0,3,1,0,2,0
002218.jpg,002218,640,640,640,640,0.4096,3.089,1.188,3.089,14.1,3.0,0,25,21,4,0.8160799999999999,"Store in a cool dry place 
BEST BEFORE
OOCE OpEAEG
END
01e
In an alrtight containec
CR0A
22
Widely recycded
FIm
Ot yet reccied
[0148
15:15
Stay in the loop
1
미
De
LyphoocoU!
PACEG In thEUK
PaC19iG9i
Tydabe!
0
BYIn the100
BEST BEFORE END
PacCEd in the UF",['BEST_BEFORE'],True,False,False,False,False,0,0,[],[],0,0,0,0,0,0,0,0,0,1,0
000072.jpg,000072,3024,4032,960,1280,12.192768,8.977,7.158,8.977,381.5,160.2,0,147,94,53,0.9026258503401363,"허니머스타드
유형
소스
품목보고번호
20010445534
D요
용가폴리에틸렌내면
정제수식물성유재
[외국샌아르헨티나미국중국
등샐러드머스터드
원료명
기타과당설탕발효식최주정발효영양원
미국산식초
머스터드소금터메릭파프리카기
논H6논Y자E논DOA0
정제소금난황액오
렌지식이섬유잔단검
겨자분
겨자외국산캐
영양정보
내용량2659
나다미국우크라이나
등향미유
유건조당밀
1009당
285kcal
효소제제향신료
대두계란함유
몰넛
650mg
33%탄수화물
279 8%
주식회사오뚜기
06
당류
29
22%
지방
199
35%
충북
음성군
대소면
대풍산단로
128
트랜스지방
포화지방
469
09
3%
쇠고기
조기류굴
혼입능소비자기본법에
콜레스테롤
%
19
2%
피해
보상
15ng
불량식품
신고는
국변없이
1399
직사
광선을피해서늘한곳에보관
대한비울외은
2000/G8
기준이므로
개봉후에는녕
러
영양성분
기준치어
리요문자00~0유
여류하
얼지
않도록
주의하
표준의
번호
머호스품여
이즈
2013-5호
관명:
HH문M+J8-10-080z
소비기한
DN2
2026
0425
OTHER
까지
뚜평:LDPE
라헬:PP
09:24
소제제향신료
다미국우크라이나
클라스틱
대소면
대풍산단로
미C
소비기한
[
항마
2026
두계란함유
음中
1%
I
가
'외국산
허니머스타드
HiL
이
128
5
:
/
02
본
|
:24
부원용%
랜스지
04
응용
뚜껑폴리에탈런
2001044505534
650mg 33%
25
3801045
마
22%
니
효식초
샐러드머스터드
119g 35%
탄수화물
88류회
1009당285kcal
DN2
4693%
192%
총내용량2659
279 8%
난황액오
33
16","['까지', '소비기한']",True,False,True,False,False,1,0,[],[],0,0,1,1,0,1,13,5,0,1,0
002153.jpg,002153,640,640,640,640,0.4096,1.137,0.838,1.137,18.1,2.9,0,8,6,2,0.85475,"부터
190612
19071FB
까지
L2S
후랑리
껌올
00",['까지'],False,False,False,False,False,1,1,['Y2_sep'],['2019-06-12'],0,0,0,0,0,0,0,0,0,0,0
002879.jpg,002879,640,640,640,640,0.4096,1.269,1.036,1.269,12.6,11.9,0,5,3,2,0.8987999999999999,"20210621
16:12
Da0tt5-R?
16:12
20210621",[],False,False,False,False,False,2,1,['Y4_sep'],['2021-06-21'],0,0,0,0,0,0,0,0,0,2,0
000372.jpg,000372,3024,4032,960,1280,12.192768,7.558,10.313,7.558,381.0,312.4,0,178,92,86,0.9182752808988762,"SECRET
RECIPE
밤을넣어
전자레인지
조리시
고소한맛을
간/에기진
한층더한
팥죽
간/기준데워
3분303
분10초
1000w기준
SECRGT
해주시기바랍니다
RECIPE
덜데워진경무에는추가조리
끓는물이용시
봉지째넣고약10원간
끓는
물에제품을
쌀과함께
뭉근하게
끓인
끓는물아용시파우
동지팥죽
*데우지않고드셔도됩니다
30뮈첨가
無
융가
450
9
-아세설팜칼
름감미
카스파탐감미료
첨가
495
<Cal
품표퓨-
탄수회물92928
/9
13%
소비기한
포화지방279
18%
20260915F415:215
16g
29%
까지
므로개인이필요열양어따라다를수9습니다
제품명
오즈키친
동지팥죽
즉석조리식품
정제소금국산!
설탕물엿D소비톨액
변성전분
음펄공
감로자다이스밤중국산
변성전분
고
싶은
정성을
정제소금
덱스트린
검정찰현미
읽으르눔으
소비기한
상단표시일까지
포장재질
플레
F1197202880024014
아표대파눔목
F4
19920308038115
THER
쇠고기닭고기
토마토
밀계란우유대두게
돼지고기
43
새우
잣메추리알
포함아황산류
불량식품
오징어
전복
홍합
부정
채로
조개류굴
4본한
정성을
개인의필요열량어피라다를수있습니다
F
월무
495
니국
끄E
미
S
지팥죽
o
두
직접삶아
오징어
품목보고번호
소비기한
'리름
음평궁
kcal
제품명
50
고소한맛을
야
밤을넣어
더한'
0있
기F
우유대두게새우
소비기한
상단표시일까지
류
검정찰현미정제소금
감로자다이스밤:중국산
설탕
정제수
즉석조리식품
오즈키친
굴
물엿
202609
F4 1992030:
스
팥
도
D-소비톨
중국산가당팥앙금[적들
동지팥죽
8038115
포장재질
틀액변성전분
15F415:215
:덱스트
변성전
30뮈첨가
봉지째대로세워약
봉지째조리:제품상단의
아세설함칼감미
전자레인지조리시
*데우지않고드셔되는
끓는물이용시
정
자
폴리프로필렌내면
고여화상의
드십시오
고
정제소금
쇠고기닭고
물앙금
시교우
제품을
류몬
우격가
이
멘쌀설탕
/팔중국산
붕지째
아스피납임미요
-
고
/국산
혼음
넣고약10분
을용기에부은후
까지
등","['까지', '소비기한']",True,False,True,False,False,1,1,['Y4_sep'],['2026-09-15'],0,2,0,0,0,0,3,1,0,0,0
000059.jpg,000059,3024,4032,960,1280,12.192768,12.011,6.121,12.011,283.5,234.8,0,212,150,62,0.9451650943396226,"2~3번
F둥이w
주십시오
Rinse
cooked
noodles
with
Cold
water
twice
아r
three
times
씻은
면을
사리를
4
지어
그릇어
0
놓은후
칠갑
콩국물을
부어
드시면
더욱좋습니다
Make
a
Coil
with
Cooked
moodles
n
6ow!
rChilkab Soybean Soup 
and
pour
to
bow!
for
best
taste
멸치
기9롬논
쥐고기
5
국물
을부어서
존시되파김가루
생강마늘
진것을
을적당히
넣어드시면
더욱맛이
좋습니다
Or be
<ef
Soup
Onto
cooked
anchovy
dnos
Pour
Seawe
충d
ginger
아r
minced
and
put
noodles
delicious
dno
galic
for
more
06
22
까지
2027
1주의사항
야러
거품이
7
넘쳐
국수를
삶을때
입을
수
거품이
화재위험이나화상을
찬물을
두
스푼씩
부어가
한
나며
넘치려
면이
삶아진
후에
계속오
익히면
퍼질
수
있으니
씻으십시오
강한
냄새가
면바로
건져
름
바랍니다
나는것과
함께
군복
하지
1어름
주시기
곳에
실온
직사광선을
피하여
건조하고
서늘한
F논
균려
하십시오
불량식품
신고는
제품과
없이
1399
본
제품은
릉룸
사용한
같은
국
제조시설에서
제조하고
있습니다
품은
또는
소비
래요곰
기준에
의거
교환
자
품은소비자
같은제조시
없이1399
보관하십시오!
직사광선을피하여
나는것과함께
면바로건져
래끓이면퍼질수
며익히면
나며넘치려
기야희회
Pour anchovy
국수를삶을때
주의사항
찬들에
롬理
래곤
2027
o
H
릉어
soup or b
보관
제품은
부정쵸
제조하고있습니다
있으니
면이
건조하고서늘한곳에
하지말아주시기바랍니다
씻으십시오
밀비공
둥금릉
부어드시면더욱
0
기준에의거교환또는
이
메밀을사용한제품과
불량식품
세면거품이나서
삶아진
위!
0622
Soup onto cooked
놓은후
 ginger or minced
수
-
스푼씩
있으니거품이
퍼욱맛이좋습니다
진것을적당히
=시회파김가루
I with cooked
칠갑콩국물을
강한냄새가
신고는국변
후에계속오
좋습니다
부어가
까지
도","['까지', '제조일자']",False,True,False,False,False,0,0,[],[],0,0,0,0,0,2,0,0,0,0,0
002885.jpg,002885,640,640,640,640,0.4096,4.178,0.929,4.178,60.6,6.5,0,27,25,2,0.7582222222222222,"프레스코
FrEC
포도씨운
2대22탕
마지
사용
일면
두갱을
동
마기도
함페닫혀
다곤
유구로움
야로평
칼으나하는
보도유
무
사용시주와사방
사용중공기에
장시간노
사매는
미R의6
후마쁜
뚜장:
OHO1
포도씨유
다스드탕!",[],False,False,False,False,False,0,0,[],[],0,0,0,0,0,0,0,0,0,0,0
000967.jpg,000967,1010,1347,959,1280,1.36047,7.905,5.0,7.905,286.1,66.6,0,124,87,37,0.9077338709677418,"제품명
녹차원녹차라떠
식품유형
고형차
을융기
130
913
910
스틱
내포장재질
고름이고룸
야자
경흥
원인농이고교름
필리핀사
}385
원이Y이고름
모드
54
원재료명
부야지
구산'인도
줘이YF7
M이Y이고름
필리
7%51%
정백당
이산화규소
글리신
구연산나트룸
요구르트향코톤덱스트린
음비어려으유""
합성향료레몬향
고
여교어
아라비아겸
정제염국산
HERC
우유
대두
함유
문의및교환처
본사및구입처
품목보고번호
2011036047233
업소명
녹차원쥐
소재지
:본사:서울시
서초구
서초대로4길
84
공장소재지
경기도
Y원
대덕면
모산로
433
소비자상담실
:02597-3949
불량식품
신고는
땅콩
토마토
복숭아를
제조하고
있습니다
직사광선
유고
소금
4아
Y
소비자
해결기
의거
자
준에
보상을
Y어A
스
있습니다
유통기한
2022
10
1?
까지
WWWNOKCHAWONCOKR
유통기한
품
고
음래공
소재지
>
F>
모표
거
묘
교환처
품
WWWNOKCHAWONCOKR
명
0묘
및
지
본사및
OI
아
2022
자상담실
차원주
도
소재지
서울
우유
구입처
서초구서초대로4길
10
거
1?
마마지
요
까지
8
O","['까지', '유통기한', '제조일자']",True,True,False,True,False,0,0,[],[],0,0,1,0,1,0,2,0,0,0,0
000186.jpg,000186,3024,4032,960,1280,12.192768,3.339,1.021,3.339,28.9,16.1,0,23,15,8,0.8601739130434783,"리
g
요&
Tagllolin
2028/0414
[5210
05
1
줄은
파스타는
다
시작
선한
드
선별
2028/04/14
[5210
염
금
88
S
:
U에서",[],False,False,False,False,False,2,1,['Y4_sep'],['2028-04-14'],0,0,0,0,0,0,0,0,0,0,0
001352.jpg,001352,974,1298,960,1280,1.264252,2.435,1.568,2.435,44.3,41.1,0,40,26,14,0.896625,"MiSURA
AFA
AL
BRONZO
Pack
MISURA
통밀푸질리
500g_2
상품
음
넹
유통기한
2022-06-27
8809394830895
GRANO
ITALIANU
ATA
RODOTTA
IN
ITALIA
C01IA
500g
6
Het
t weight
17
유통기한
요요
U% GRANO
2022-06-27
오
Pack_MISURA
MSURA
8809394830895
RODOTTA IN ITALIA
ITALIANO
통밀푸질리
500g_2
자AFAT1
6009",['유통기한'],True,False,False,True,False,2,1,['Y4_sep'],['2022-06-27'],0,0,2,0,0,0,0,3,0,0,0
003121.jpg,003121,640,640,640,640,0.4096,2.861,0.616,2.861,58.1,11.1,0,29,26,3,0.7657241379310344,"단무
파장면과
피물:단우사
감이
독시는건
부/85%
권장하지인
음행
기디름
분000
습
캔디류
608
28K[
10910무는
나무강
재
54미리
구미차
공거래커태
마
R레소터록
00
ExP
202:
0930
ExP:20210930
단무기
오",[],False,False,False,False,False,1,1,['Y4_sep'],['2021-09-30'],0,0,0,0,0,0,1,0,0,0,0
000932.jpg,000932,659,879,659,879,0.579261,1.193,2.028,2.028,0.0,0.5,90,2,0,2,0.508,"는
[",[],False,False,False,False,False,0,0,[],[],0,0,0,0,0,0,0,0,0,0,0
000553.jpg,000553,1050,1400,960,1280,1.47,6.746,5.958,6.746,264.1,206.6,0,105,57,48,0.9143714285714286,"천연향신료건조제품
식품유형
제조업소:취신영에프에스
업소명및
경기도
광주시초월읍
선동길
12-4/
유통전문판매업소:롯데쇼핑
031-75615
소재지
울특별시중구남대문로
81소구동
11899-360
수잎
100튀르키예산
원재료명
름이야
理오
소비기한
후면하단
도시일까지
여표피눔목
2019038
/8548
교환장소
구입처및판개의
및
주의사항:직사광
을피하고서늘하모건한곳에보관하십시
균려
시
소비자는쟁해결기준에의거교환또는보방
본
제품은
2
부정불량식픈신고는
1399알류우유에
릉쿄
수
있습니다
우는
아황산류호두
고등이
게
채우대지고기
운은
대두
있습니다
닭고가
쇠고기
오징어
조개루차혼입가능성이
소비기한
8309258659402
까지
OTF!ER
소비기한
운
메理오F
닭고가쇠고기오징어
릉쿄
오본제품은
취급보관시
품목보고번호
원재료명
업소명및
소비기한
음공목는
및교환장소
소재지
수있습니다
소비
주의
고등이
제조업소:취신영에프에스
천연향신료건조제품
2019038
유통전문판매
유국
사항:직사광
경기도광주시초월읍
구입처편
야
울특별시중구
조개루잣
수잎1000/
량식픈
F
18548
시일까지
혼입가능성이있습니다
신고는
소비자는
미는
피하고서늘치
튀르키예산
롯데쇼핑
선동길
복숭아
81소구동/1890-
12-41
토마토
031-7986N
아황산류호두","['까지', '소비기한', '제조일자']",True,True,True,False,False,0,0,[],[],0,0,1,0,0,1,0,0,0,0,0
001406.jpg,001406,693,818,693,818,0.566874,1.506,1.038,1.506,18.4,10.9,0,12,7,5,0.8843333333333333,"BEST
BEFOAE
21/0?/3:
로미공
1142055
뚜껑PP
8073
껌
142055
1/0?/31
주
EST BEFOAE",['BEST_BEFORE'],True,False,False,False,False,0,0,[],[],0,0,0,0,0,0,0,0,0,0,0
001220.jpg,001220,640,640,640,640,0.4096,1.218,0.797,1.218,11.4,11.5,0,7,5,2,0.9358571428571428,"ahy!
유통기한
2021
01
14
유통기한
20210114",['유통기한'],True,False,False,True,False,1,1,['Y4_sep'],['2021-01-14'],0,0,0,0,0,0,0,0,0,0,0
001083.jpg,001083,787,1051,787,1051,0.827137,1.869,1.062,1.869,28.7,0.7,0,14,13,1,0.8252857142857143,"고
4KCa!
21121
1
까지
1
식품안전관라연중
HACCP
OTHER
309069
309
190
두경H야
좀",['까지'],False,False,False,False,False,0,0,[],[],0,0,0,0,0,0,0,0,0,0,0
001263.jpg,001263,1077,1436,960,1280,1.546572,4.684,4.713,4.684,206.3,78.9,0,87,48,39,0.9127816091954025,"이마트의
비표
Brand는모두
No
별도표기일까지
맥상차
1200g
50%
정제수
백설탕
[
185
%
비타민C
구연산
서광식품영농조합법인
용산신송길
공날곤웅디료
126
예조원
1061-833-8757
숴이마트
유통전문
서울특별시
성동구뚝섬로
377
성수동2가/02-380-5678
듬및고환처:구입처및제조원
직사광선을
피해서늘한
곳에
고상업:
2개봉후에는반드시냉장
보관하시고
가능한
문리드십시오
부싱방법:기호에알맞게
생수또는
탄산수에
병명불량식품
신고는
10평고논
1399
2022
1203
유리
150682
뚜껑:철
불량식품신고는
알
맞게
10평논
도
생수
타민C
성동
공날
8017-8
>
%
뚜껑:철
또는
서
크코
1399
미
[
정제수
]
20221203
탄산수에
뚝섬
야
C
국산50%
IG
곳에
산신송길
H
보관
678
377
흥
맛있
126
이
[>","['까지', '별도표기', '제조일자']",False,True,False,False,True,1,1,['Y4_sep'],['2022-12-03'],0,0,0,0,2,2,3,1,0,0,0
001318.jpg,001318,640,640,640,640,0.4096,3.072,1.341,3.072,30.8,22.7,0,34,25,9,0.8103823529411766,"[미
1Y미A대
CONSERVARL
N
ILLIGAR FRESCOYSECO
AOARHOSTHHE
FOIEF
KEEPIN
MECTERP!!
OTHOCOHTEA6HO!
EMBALAJE
D'EMBALL
AGE
XPRASON
3r사282
2리2대
L911
트2미03403D334고
L0!
개
30
G/!
TGEU1AA로/99:
부싯수부시
EA[52?
태R[52슈
AATION
AG
E2003403D3342
IRESCOYSECO
2282
RTALCHOCTM HE SONEE 7O
30 g/r
050",[],False,False,False,False,False,0,0,[],[],0,0,0,0,0,0,0,2,0,0,0
001888.jpg,001888,640,640,640,640,0.4096,1.968,0.748,1.968,22.4,17.1,0,15,12,3,0.8149333333333334,"20235
KPHC
D:
2교
고23
Dole의
이벤트움
Y무1
내용량
평9
운용
3108
202s D822
20235
3096544",[],False,False,False,False,False,0,0,[],[],0,0,0,0,0,0,0,0,0,0,0
001649.jpg,001649,716,1136,716,1136,0.813376,4.501,4.073,4.501,111.5,79.4,0,54,34,20,0.8568518518518518,"201908
18까지
논오인
오리엔탈
드레싱
부교류파바
육류
파채소스용으로
잘
교롱
스념
한입
6색표하고구
8국
D이고
소
품목보고버호
972TDR9000090
유통기한성다표
음2공
100g당
2/00
110kca
몰밤
10701g54%
탄수화물
2698당류
16916%
지방
090%
트랜스지방
09
포화지방
090%
지방090%
나트룸10701954%
두부샐러드
|
트랜스지방
건신
탄수화물
육류파채소스용으로
20190818까지
물26 8%당류 16916%
100g당
내
1
포화지방
시
F 110kca
0
~
레싱
찾어울립니다","['까지', '유통기한']",True,False,False,True,False,1,1,['Y4_sep'],['2019-08-18'],0,0,0,0,0,0,8,3,0,0,0
001726.jpg,001726,640,640,640,640,0.4096,2.249,1.314,2.249,42.4,7.0,0,22,17,5,0.8241818181818182,"고
THE
GARDEN
PG
A시요
FF
참치마요
스샌러드
내0즈
립0
더욱맛있게!
0g빔Ca
평시신불가공품
종부성기6%
래너즈2832
%
20210216까지A
2832
더욱
%
GARDEN
스",['까지'],False,False,False,False,False,1,1,['Y4_sep'],['2021-02-16'],0,0,0,0,0,0,2,1,0,0,0
002861.jpg,002861,764,974,764,974,0.744136,2.747,1.919,2.747,15.9,14.6,0,25,15,10,0.82532,"AaV00t
F잡
25/0
'리
피
1111
타F
:
25131221
HT
Whipping
PRESIDENT
Creme
Cream
Superieure
Creme
E:
F자
251031202:
25/0B22
PRESIDENT
H호3T
요내부
Whipping
Cream",[],False,False,False,False,False,0,0,[],[],0,0,0,1,0,0,0,0,0,0,0
002636.jpg,002636,640,640,640,640,0.4096,4.739,0.62,4.739,33.7,17.0,0,39,36,3,0.8494358974358974,"NUTRITION
이한-VOUG
337
!
S0UrUTC고
111Y
Crbbyurufes
무디G3
마G
Cr20!
AGREDIENTS:
GLATNE
GLUCOSE
SYRUP:
<02
GRIHG
ACDULAHITS:
GIRIC
SUGAR:
LGEIT
PECIN:
ALAVOURIFGS:
ADD
LACTIG
COLOUA
지다
153
before
LotNr:
09
102022
03
293
316
Sweet
오al?
Lest before / LotNr:
030293316
09102022",[],False,False,False,False,False,0,0,[],[],0,0,0,1,0,0,0,0,0,0,0
001055.jpg,001055,1008,756,1008,756,0.762048,2.023,2.058,2.023,42.4,34.9,0,23,16,7,0.9203043478260868,"998원
9980
보이차
단조
TEAZEN
PASS10N
FOR:
GOOD
TE거
히비스커스
2022
08
10
36g18gX20개입
히비스커스
625%
보이차
히비스커스
20220810
TEAZEN
서K
98
36918gX20개입1하비스커스625%",[],False,False,False,False,False,1,1,['Y4_sep'],['2022-08-10'],0,0,0,0,0,0,2,1,0,0,0
001041.jpg,001041,640,640,640,640,0.4096,0.65,0.653,0.65,9.9,8.7,0,4,3,1,0.8065,"1
:20220415 DDER
06
EXP:20220415 DDER TUI6",[],False,False,False,False,False,2,1,['Y4_sep'],['2022-04-15'],0,0,0,0,0,0,0,0,0,0,0
000074.jpg,000074,3024,4032,960,1280,12.192768,6.512,4.132,6.512,248.5,104.0,0,103,69,34,0.919514563106796,"S장
제품명
백설
헤니머스드
소
명
2509
식품의
유형소쓰
살균제품
소비기한
후면
별도
표시일까지
14
류
개봉
냉장보관
의기피
초당오
공마교미울:
씨제이제
일제당주
충청북도
진천군광
업소명
하원면
112
소재지
제조원
주동방푸드마스타
녹옹
음성군
대소면
대금로
105
번길
70
20260828/ C
까지
원재료명정제수
제겨자미국산/식초
고과당
설탕모아하우스조
겨자씨
정제소금강황
논레화가
발효식초
설탕정제소금]
조제품
주정화이트식초
혼합제제
변성전분
말토덱스트린
양벌꿀
향신료조제품2
정제소금사
연산잔탄검
국산
겨자분
No
106캐나다산구
글루탐샌나
트룸향미증진제
폴리리신혼합제제3
제바
유회
아킨
호한제제
소재지
업소명및
근관방법
신비기한
품의유형
20260828/ C
음
제조원
헤원면
실온보관
유통전문판매원
잎
2509
N
때
음성군
별도
살균제품
허니머타드쓰
광혀
주
0
표시일까지
식조
대소면
놈올
동방푸드마스
후냉장보관
대금로
:씨제이제
112
진천군
향신료
0","['까지', '별도표기', '소비기한', '제조일자']",True,True,True,False,True,2,1,['Y4_sep'],['2026-08-28'],0,0,0,0,0,0,0,0,0,0,0
001698.jpg,001698,874,1166,874,1166,1.019084,5.382,2.014,5.382,243.1,44.9,0,76,60,16,0.9068289473684212,"포장재질내면
보관방법
개봉후에는
변질우려가
한번에
사용하여
주십시오
:부정:불량식품
표호있서
제품은
대두
고등어게사우망
1399
밀
조리예
돼지고기
쇠고기
닭고기
조류
국전복홍합포함를
Y
'제품과같은제조
시설에서제조하고
있습니다:소비자분장하결
기준에
의거교환
또는
보상가능취급시
용기가
유리재질이므로
파손되어다칠위험이
있으니
주의하여
주십시오
개봉시'
병소리를
의
쉽고
맛있는
스파게티
곰공피Y군
기준
백설
스파게티면
80g을
삶아주세요
2
팬에삶은면과백설토
토마토
스파게티소스
1509약1병을넣고중회
1~2분간볶아주세요
1094인분
3
베이컨
버섯
SH급
무%력
20211222
18:24
왕
3
~
을
으야
20211222
등의재료를
레시피1인분기준
0
미드
함께넣어드시면더욱맛마습니부
18:24
O또
자
삶
6:",['제조일자'],False,True,False,False,False,2,1,['Y4_sep'],['2021-12-22'],0,0,0,0,0,1,0,1,0,2,0
001076.jpg,001076,952,1269,952,1269,1.208088,3.821,1.5,3.821,57.4,32.6,0,50,38,12,0.9091999999999999,"IRA
BEST
BEFORE
2021
0731
EPLPOM
75261
Nutrition
Serngs
Information
Per
Package:
approximately
3
v
Quantity
PE
Servirg
Avg
Quantity
309
든r
1009
[194
2890
691
Ca
928
7209
629
1399
SREDETS:
409
019
#1067
[10O9
홈
서
75261
EPLPOM
20210731
BEST
A용Suntity
809194C
10
BEFORE
0
2890잔691Ca
Ag우anty
#1067",['BEST_BEFORE'],True,False,False,False,False,1,1,['Y4_sep'],['2021-07-31'],0,0,0,0,0,1,0,0,0,0,0
003084.jpg,003084,640,640,640,640,0.4096,4.504,2.775,4.504,96.9,34.5,0,58,39,19,0.8527586206896551,"학!
88
4
67
운추
움도
주
6
K
기소차어
비림
나트름2519
그
%
탄수화물369
11
%
당류269
26
%
당알골289
지방039
%
트랜스지방9
포화지방29
%
콜레스테를0m9
%
단백질39
%
1일
골유용
기준시에대
209U6
없습니든
이므로
16H2
중여금
211202
탄수화물
플음
30
백
또
룬룡음
질
소
26
211202
10
369
0
6
19
10
6
10
이이요",[],False,False,False,False,False,2,1,['Y2_sep'],['2021-12-02'],0,0,0,0,0,0,6,0,0,0,0
001155.jpg,001155,640,640,640,640,0.4096,0.676,1.252,1.252,12.8,32.6,90,13,3,10,0.865076923076923,"21-03-2021
18
L0265
125
3690
Kcal
헤이즐넛
21-03-2021
이
1418 L0265
포화지방
494
93",[],False,False,False,False,False,0,0,[],[],0,0,0,0,0,0,0,3,0,0,0
001894.jpg,001894,640,640,640,640,0.4096,0.839,1.377,0.839,20.6,16.5,0,15,10,5,0.8847999999999999,"-
PEACOCK
Mamolo
마음로
viia
Oliziosa
음正름
MILK PUDDING
20210319
90gX2개입/우유30%
20210319
90gX2개입/우유30%
MILK PUDDING
Mamolo
PEACOCK",[],False,False,False,False,False,2,1,['Y4_sep'],['2021-03-19'],0,0,0,0,0,0,2,0,0,0,0
002962.jpg,002962,766,1021,766,1021,0.782086,4.992,3.987,4.992,231.8,152.9,0,60,38,22,0.8993333333333332,"AUSTRALIA
MACADAMT!
DREGEhI
1
'
음모슴음목료
내
용
랑
3009
원산
-
지
|
호주산
수입판매소
주길림양행
경기도
광주시오포읍봉골길
17
포장일자
별도표기
소비자상담실:
:080-700-8383수신자부담
모금입:합티매교
본제품은땅콩대두밀게계란새우되지고기토마토호두닭고기
쇠고기오징어우유조개류굴전복홍합포함를사용한제품과동일
Ro어려요
본제품은공정거래위원회고시소비자분쟁해결가준에의거교환또는
보상받을수있습니다
직사광선을피하고건조한실온에보관하여주십시오
개봉후에는밀폐하여냉장보관하여주십시오
불량식품신고는국변없이
1399
블류므
OTHER
1809022
20704
부정불량식품신고는국변없이1399
개봉후에는밀폐하여냉장보관하여주십시오
직사광선을피하고건조한
보상받을수있습니다
쇠고기오징어우유
본제품은땅콩대두
반품및교환:구입처및판매원
음급YYE8E8-00-O80:루무우YAY
메
마카다미0
후면별도표기
AUSTRALLA
조개류굴전복
惠
음야
실온에보관하여주십시오
9412룬움운리요/
홍합포함를
해결기준에의거교환또는
포름o룸Gh로유요
울눈R르원Y
량3009","['별도표기', '포장일자']",False,True,False,False,True,0,0,[],[],0,0,0,0,1,2,0,0,0,0,0
000894.jpg,000894,1266,949,1266,949,1.201434,1.097,1.237,1.237,3.6,4.4,90,8,4,4,0.7797499999999999,"14
 1
까지
~aeil
조자<H타
1
L!
까지",['까지'],False,False,False,False,False,0,0,[],[],0,0,0,0,0,0,0,1,0,0,0
002387.jpg,002387,891,544,891,544,0.484704,1.09,1.26,1.09,15.8,9.9,0,6,4,2,0.9201666666666668,"유통기한
HACCP
20210114까지
들인전지
HACCP
20210114까져","['까지', '유통기한']",True,False,False,True,False,2,1,['Y4_sep'],['2021-01-14'],0,0,0,0,0,0,0,0,0,0,0
001461.jpg,001461,717,957,717,957,0.686169,15.644,9.271,15.644,504.3,245.5,0,255,175,80,0.904278431372549,"비호정
둥오무
안심
아이호게
No
일동후디스가
고를금
OPEN
아유식무
10트
2001711가?
신양유아:A닐슨20164가준
소지프택으로
여궁웅를금
딸기
IoFXO
농
-
/08%
살아있는
눈유
그대로
동결건조하여
겉은
바삭하고
극Yo
0누표
편안하게
먹을
수
있습니다
무공
요고
궁능료
20220120
우리팡에서건강하게키운
팔기100%로만들었습니다
OTHER
우공목
는
채가공품
원재료명
딸기국산
순딸기
100%
제품명
무림모
계조원
주에프엔디
청계공장
전라남도
무안군
청계면
청계공단1길
74
일동후디스주
강원도
춘천시
동내면
거두단지2길
60
-
고름야룸
유통기한
별도
표시일까지
품목보고번호
201705253006
最군피
홈
주의사항
직사광선을
피하여
건조하고
제품
사늘한곳이
개봉
후
흡습
방지를
위해
지퍼팩을
닫아주십시오
금움움
과자를
먹는
것이
습기방지제
궁숙하지
방습제는
식용이
아니므로
드시지
주시면
좋습
않은
웅이는
보호자께서
지켜봐
주시고
경우에
러랍
눈롬
이제품은
새우
조개류
우유를
유
가능성이
있는
대두
토마토
소고기
사용한
지품과
반품
교환
-
지점및
같은
제조시설에서
제조하고
있습니다
제품은
공정거래
과
부정
불량식품
신고는
10평규논
1399
본
영양정보
받을
수
있습니다
기준에
의거
교환
또는
환불
유동무디스
나트
ILDONG
129
46
탄수화물
kCa!
고래삼담
11
666글음
<
지방
193
%
%
클레스테를
0
9
%
트랜스지방
09
0
g0
%
2000영기준이므로
1
9미만
2
%
마
컴요
따라다름수
있습니다
8480115
농
고
요고무공6
~
구도
/
금곰
곤마내라/용운유공비모회
밀남남순딸기
편안하게
는
를금
조
01705253006
를야교룸
-
동후디스주
라
먹을
0로
여궁
궁능륜
념
우용목
|>
극Yo탕
원둥이오
기준에의거교환
/강원도
있습니다
울릉
표피군피
유통기한
-
193%
제조시설에서제조하고
응
과채가공
신고는
및주의사항
춘천시
있는
주시고
별도표시일까지
'
랜스지방이
더
%666플음
류쿄롬극바
6601 l0평규논
울
청계면청계공단1길74
정
롬랍아R
위해
머
대두
원재료명
20220120
지퍼팩을
직사광선을피하여건조하고
거두단지2길60
딸기
토마토
안심
있습니다
N
딛아주십시오
딸기국산100%
소고기
J
제품은
함께
과자를
있습니다
:반품
주시면
H라오운
먹는
제품","['까지', '별도표기', '유통기한', '제조일자']",True,True,False,True,True,2,1,['Y4_sep'],['2022-01-20'],0,0,0,2,0,1,9,2,0,0,0
000819.jpeg,000819,3024,4032,960,1280,12.192768,9.913,9.761,9.913,92.2,75.8,0,113,62,51,0.8709823008849558,"2+1
2+1
스루청
교
15000
25100
2마
길차
길치
1
20125
EET
EEFLIRE
1다
Gi1
비1태크기
341
CHEESE
MICROBIAL
- FRANCE
INGREDIENTS:
: REHYDRATED S
[MILK
MILKPROTEIN
92151
76057707
부정불량식품신고는
S
NS
FRON
EMUL
MILK
Calcium
1001
父
1023
MILK
Carb
강
hydrate
total
MILK 24
98mg
MILK
2%
/
정제소금
음패콩
60
G9
Y대
트랜서
6묘Y
S
공+
등
60
표시일까지
:공+
多
129
[5
668/
13부
준치어
?
%가
MILK
*부정불량식품신고는
'기씨
투트FRE:
WILK24
29
:
~
ACID
Zealand
15000
끝을
0
REAM
ACTIC
LACL문31
0
1
금
Ca/
341
0
[
ate
REH
JS
2+1:
표시일까지
INGREDIE
1나:
0
FRANCE
5
0
6묘Y
-
114
져0
양야
N
20126
길치
더1
2+7
76057707
부~",['까지'],False,False,False,False,False,0,0,[],[],0,0,0,0,0,0,1,2,0,0,0
001374.jpg,001374,1259,944,1259,944,1.188496,10.048,4.979,10.048,288.4,70.4,0,143,96,47,0.894013986013986,"LOACKER
PURE
GOODNESS!
Pure
goodness
from
the heart
Of
the
Alps
20220
LOACKER
SAVEUR
PURE!
물1
Saveur
pure
Venue
du
CCUI
8000""
1928
des
Alpes
-
3202
De preference
avant fin:
E
PD
Manufactured
by
Fabrique
par:
for /
pour:
Toacker
:J
:리즈요
A
Loacker
Konfekt
GmbH
1-39054
Unterinn
Auna
여
Sotto
B2
Heinfels
Tyrol
Austria
South
Tyrol
Italy
Wwwloackerit
919
거지방코코카전지분유비트루트농축해미넷
바닐라시나미'
54
영양성보
총내용량375g 192Kca
25
습도가낮은예보관:반품교환장소
Jurt 3759 620167 - K
보라장소
직사광선을피하고온도
나트릅64mg 3%
탄수화물23597%당류112911%
62낭구
사용한계품과같은제조시설에서져조하고있습니다는
4!
조
은공정거근
696원lZ
위원고소비자분경하결가준에의거교환또는
18%
트랜스지방0g
포화지방84955%
이
중
는보상받을수와습니다
운롬은금:
일수신자부담08-2159800
비닐류
콜레스테롤
Omg 0%
단백질289 5%
원
궁궁
식품신고는국변없이
1399:소비자상담실
기준치에대한바울/%은200야원기준이므로개인의필요열람에
제의한한글표시사항
K13270-15G17
PP
preference avant fin:
LJK1702372080
202205
돼
8000""
Heinfels - Tyrol - Austria
9
0n0
:두
0%
Y
60U
내용량3759192Kca
South Tyrol/Italy I wwwloackerit
fo<pu
2895:
국9054In
포화
-
258료6금!
무
LOACKER
Toacker
Saveur
LOACKER
KOR
620167
hurt3750
pure
of the
HeSS
PURE
SAVEUR PURE!
Alpes
Venue du ceur
0
는
드문
Alps
from the heart
스
Elle
GOODNESS!
25
3202
159""
37","['MFG', '제조일자']",False,True,False,False,False,0,0,[],[],0,0,0,1,0,1,8,4,0,0,0
001314.jpg,001314,640,640,640,640,0.4096,8.117,9.067,8.117,280.6,72.2,0,139,86,53,0.8581007194244605,"료2대
14
건크랜베리
무갑길
124먼길
14-
음동모
031-763-460
궁냉구
동우농산의/경기도
소비자상담실
구입처및해당업소
미국
소분원
교환처
원산지
반품및
5908
품미호요러
유동기한
해바라기유1%
용시
리AH2E
55%설탕44%
dr이고료
보관하심시오
제조회사
곳에
올中
건조하며서늘한
스시기바랍니다
원재로명
피하고
Y
주본
제풍
내포장재질
직사광선을
보관해주십시오
남내
우려가
오무10이2용피금
새우돼지고기복승아
사용한
보관
섞질으
경우
동을
아황산류
과하실
대두
밀
홍합포함
체질의
경우에는
개보
제품
땅콩
전복
조개류굴
알레르기
거러려
특이체질
드실
주의하시기
또는
보상
포장하였습니다
의거
교환
기준에
옹퓨
고시
소비자분쟁해결
1399
성정거래위원회
신고는
국변없이
식품
까지
OTHEA
유통기한
-15
문16
222
9
유통기한
반
조
더다
H
20220115 BUA16
[[
대
모
또
우동
수
[
산취
장
'% Ss I2llAHa
-
움
및
다
동전이
건
기도
로
보
교
zY표내류
오F
G고이교료
소비자
과
으토
도도
-
하며
%을문!
까지
원산져
초월
[
남
해바라기유1%
[
주스
원
-
10
-
12
4번
주원
6
전","['까지', '유통기한', '제조일자']",True,True,False,True,False,1,1,['Y4_sep'],['2022-01-15'],0,0,0,0,0,1,4,0,0,0,0
002838.jpg,002838,640,640,640,640,0.4096,2.771,0.832,2.771,17.6,10.9,0,12,9,3,0.8606666666666666,"916년컴
02
/08/2022
ng
300
921LAU
15
SEFORE
DDIMMYYYY
UULUL!
3001
2/08/2022",[],False,False,False,False,False,0,0,[],[],0,0,0,0,0,0,0,0,0,0,0
000770.jpeg,000770,3024,4032,960,1280,12.192768,1.589,0.947,1.589,5.2,4.2,0,5,4,1,0.8968,"HEWO
LOTNO
94<20
30
91<203이",[],False,False,False,False,False,0,0,[],[],0,0,0,0,0,0,0,0,0,0,0
002328.jpg,002328,712,948,712,948,0.674976,6.601,9.039,6.601,254.7,66.5,0,124,75,49,0.8396612903225806,"No
Brarc
제품명
자일리톨
유비류
식품유형
추잉
을
135:
포장재질
폴리에틸
유통기한
후면
표기일까지
표대피눔목
1994044900572
천흥8길67-26
대만족슬
수신자요금부남880-233-6677
유통전문판원
주이마트
서울특별시성동구
뚝섬로377
02380-5678
원재료명자일리톨
껌베이스토코페롤
블륜
트있소정
마디
아라비
미트향
[농축액
01
혼합제제웰락
카나우
감미료수크랄로스
아싱
돼지고기함유
습기찬
피하여
서늘하고
통풍이
교
부
제
공정거래위원회가
고시
인
고
주어
의거
관량섭취시
쿄
수
-
수
제품
해
자
-
신고는
10평논
1399
반품
및교환
장소
운
No
Brand
는모두이마트의상표입니다
2421021부터
비닐류
HACGP
OTFER
180i0ig413575
교주
ICCP
조
머:
O
No Brand는모두이마트의상표입니다
모표
10
F
I된
안조
코
완습
HL
고
1H
또
아공포재
다년
정상요품교
부르
H:
Brarr
고원수
|
머피
있사습포품
울
||
-
야
품가
스재
매
주
구구
질시
H
--
677
>
므0
꼬
보분주시조
::!
아
과관생실
톨표있소정
+!!","['까지', '별도표기', '유통기한']",True,False,False,True,True,0,0,[],[],0,0,1,0,1,1,0,0,0,0,0
001495.jpg,001495,756,1008,756,1008,0.762048,5.962,1.83,5.962,274.3,22.1,0,65,56,9,0.9001384615384614,"고마무서한용타는전간
하루견과
견과
한입
크래커
코코넛집을
아몬드와호박씨
글마고
한입크래커
조청으로
제품명
FEHEE 
우상는
유통기한
디바포공공
1206
제조울
취선명
1층119
수산대소지점/
중청북도
음성군대소면
수택로교대1
위재료명
호박씨[중국산]
아몬드
히말라야핑크소금
엿기름효소
포장재질
고고률-
|품목보고번호
201903483217
분쟁하결기준
교포대피:
직사광선을피하
여서늘하고건조한곳에보관하십시오
교피운위용금하움:호하사''
하시면더욱안전하게드실수있습니다
'신선도
유지를위하여방습제를
드시지마십
시오:반품및교환장소
:구입처
고객상담실
:부정
불량식품
신고는
평표논
1399
구
1807354217250
고객상담실:
:070-
4610-4233
20211122까지
OTHER
바푸
하루견과
메
4
20211122까지
견과한입
-
크래
惠","['까지', '유통기한', '제조일자']",True,True,False,True,False,2,1,['Y4_sep'],['2021-11-22'],0,0,1,1,0,1,0,0,0,0,0
001331.jpg,001331,906,1208,906,1208,1.094448,4.663,3.527,4.663,203.9,56.7,0,54,36,18,0.9111296296296297,"파주장단공
A Ingin SOybOIn
조리예
기개념
강릉초당두부
구수한
청국장
""809009
20210419
""55
162
볼제품명강릉초당두부청국장
볼제품유형청국장
내용량:200g
볼원재료명
재제소금국내산2%
대두함위
중앙표시일까지
볼포장재잘
몰리에틸렌리드지
폴리프로필랜용개
볼유통기한
물제조안교하식붕경기도고양시
일산동구
강롱초당두뷔주/서울시송북구중대로2간물요자
00~0균계우
볼품목보고번호19906520230
이스다
고시소비자분쟁해결
기준에
부정
불량
식품신고는
국변없이
1399
볼반품잊교환처구입처및본사
조리여
강릉초당두부
구수한
영청국장
포상사실
파주장단공
러>
모피
볼내용량:200g
청국장
9nS0
무
FF
프드
원재료명및함량
20210419
미
국산","['까지', '유통기한', '제조일자']",True,True,False,True,False,2,1,['Y4_sep'],['2021-04-19'],0,0,0,1,1,1,1,2,0,0,0
001767.jpg,001767,770,578,770,578,0.44506,2.759,2.184,2.759,18.3,13.2,0,17,10,7,0.7897647058823529,"고거
기주세에
_
5
가격은
]
221 12 Jr5:i?
25%
더드
까지
계21h
'I2IZ
2무념
J/:
부지
25%더드
가격은그[",['까지'],False,False,False,False,False,0,0,[],[],0,0,0,0,0,0,2,0,0,0,0
002426.jpg,002426,585,760,585,760,0.4446,8.761,9.408,8.761,305.9,203.3,0,167,94,73,0.8743892215568863,"영양소
WWW
Wonder
곰요용F
제품명
원더풀아몬드가염
식품의
유형
땅콩또는견과류가공품
물융봄
2000
620kca!
판매원및소재지
파라마운트탐즈코리애위
B00
서울특별시강남구언주로12
어복
009
1일
곰88
당
1품용내금
기준치에
비율
고본도는택
나트름
제조원
및소재지
주더체움경기도고양시
230 ng
12%
일산동구장진천길40변길
탄수화물
7%
부경분장
229
89-19
공가
109
40%
제품뒷면표기밀까지
유통기한
플음
59
지방
509
93%
200g
트랜스지방
09
아몬드/미국산94
포화지방
49
27%
원재료명및함량
청제염북산남6
콜레스테를
0ng
0%
저밀도
Guebb률
219
38%
포장재질
칼롬
700 rg
20%
200803203746
칼습
240n9
34%
품목보고번호
철분
33%
피
1518
136%
비닐류
1일
영양소
기준치에
기준이므로
평
2000kca!
금%피
공
수
있습니다
공료
10콩
OTHEA
KRTO1-A
2021
10118까지
탄수화물
나트름
BB00
D00당 620kca!
내용량200g
안-
2188공
료금
콜레스테를
트랜스지방
남피
음쵸
플을
식이섬유
&용
은
습니
-
1[
230ng
8
60S
109
229
202101
-
|
219
49
60
59
고
곰9888L
영양소
|
-
오:
[다무
허
27%
93%
40%
이
12%
-
18까지
포장재질
원재료명
유통기한
제조원및소재지
판매원및소재지
품
유표파눔토
머E
머표
16
요
거
제품뒷면표기밀까지
주더채움경기도고양시
파라마운트탐즈크리
유로
원더풀아몬드가
KA7O90211-
2008032038746
Guebb로룸A
구
년월일순
일산동구장진천길40번길
또는견과류가공품
Wwwwonder d
어
비","['까지', '유통기한', '제조일자']",True,True,False,True,False,0,0,[],[],0,0,1,1,0,0,15,3,0,0,0
000783.jpeg,000783,3024,4032,960,1280,12.192768,1.491,1.044,1.491,12.5,11.5,0,10,4,6,0.7898000000000001,"CTIVA
어류/유와
15528
2512:21RN
2512:21RA
歸유와
ACTIVA
155428
아OC
PulIrUCNC",[],False,False,False,False,False,2,1,['Y2_sep'],['2025-12-21'],0,0,0,0,0,0,0,0,0,0,0
003149.jpg,003149,640,640,640,640,0.4096,1.307,0.675,1.307,12.9,11.7,0,7,4,3,0.948857142857143,"2022
0114
참께
100%
100%
HZ로
20220114",[],False,False,False,False,False,1,1,['Y4_sep'],['2022-01-14'],0,0,0,0,0,0,2,0,0,0,0
001069.jpg,001069,640,640,640,640,0.4096,1.988,0.252,1.988,4.0,0.0,0,3,3,0,0.9503333333333334,"2
100:
-",[],False,False,False,False,False,0,0,[],[],0,0,0,0,0,0,0,0,0,0,0
002077.jpg,002077,614,939,614,939,0.576546,2.004,2.48,2.004,36.3,36.4,0,39,20,19,0.9448205128205129,"2020
1021
09:43
Note
Tasting
Mellow
Orange
Peach
단맛
종
Floral
부드러운
복숭아
꽃내음
로스팅
미
커피원두
산
19
중량
20201021
09:43
꽃내음
Floral
R모료
로스팅
복숭아
므
Peach
중량:
오렌지
Orange
1R9
부드
Tasting
Mellow
커피원두
단맛
Note",[],False,False,False,False,False,1,1,['Y4_sep'],['2020-10-21'],0,0,0,0,0,0,0,0,0,2,0
000554.jpg,000554,1050,1400,960,1280,1.47,1.606,1.749,1.606,15.1,5.0,0,10,7,3,0.8055,"후주
100%
50
를
종장
60010
160A/
로
6481
후주",[],False,False,False,False,False,0,0,[],[],0,0,0,0,0,0,1,0,0,0,0
003278.jpg,003278,1094,1459,959,1280,1.596146,5.254,2.106,5.254,18.7,15.4,0,42,29,13,0.7912857142857144,"C
o-
Condikde
Nathe
EpTeSa
e alguns dos animmais do
Grhabgem e
nosSas
철reas
C0noa
Suguarana!
Tracerane
Dbe a for
Pre
Cemkeirae
eoOrrodeaol
다은
u
esd
O de conhecer mais sobre a
6
produtos acessando os
He e os nossos
은
imentoscombr
N12021020B
Lote:
02110123
Validade:
Conoide
eos nossos produtos acessa
HeaOl:
Ce conhecer
N12021020B
PuppnfnsPouo
SessoU ur
02/10123
v
려은
Cmbr
mais sobre a
rS",[],False,False,False,False,False,0,0,[],[],0,0,0,0,0,0,0,0,0,0,0
002651.jpg,002651,1009,1345,960,1280,1.357105,1.128,1.213,1.213,7.8,11.6,90,5,2,3,0.8548,"202108:
18
202108:18
O
1719N1JIX개",[],False,False,False,False,False,1,1,['Y4_sep'],['2021-08-18'],0,0,0,0,0,0,0,0,0,0,0
002045.jpg,002045,642,856,642,856,0.549552,13.633,10.155,13.633,469.9,85.1,0,202,147,55,0.869440594059406,"아이밀
마0에게인진
지트닉으로
림봉하면맛과:
품징휴지에도품이됩니다
이렇게
1여중물금
공Y
더욱
가깝게
대잔치!
편안하게먹을
미중
요고
라
이번드기
2안심
2000년5원1
익은
연수공이린드
연101C볶210건리0
-
가이밀남
순배
채가공품
청계공장
부라료
원재료명
중비중
곤공남
배국산
청계면
청계공단1길
100에
일후디스주
생전문판대원
나궁은
춘천시
거두단지
74
기교름이고료
유통기한
료
2길
표시일까지
60
음개포장재질
201705253007
퓨요군교
목보고번호
및
주의사항
개봉후
방지를
무
직사광선을
곳어
보관하십시오
흡습
위해
지퍼팩을
피하
특한
습기방지제
방습제는
0
아니
므로
드시지
딛아주십시
부된
않은
아이는
보호자께서
지켜봐
주시고
습하지
경우에
과자를
제품은
밀
대두
토마토
소고기
닭고기
러
이
새우
습니다
있습니다
조개류굴
우유를
함자
품과
같은
제조시설에서
제조하고
반품
신고는
10평논
제품은
및
교환장소
:부정
불량식품
1399
본
공정거래위원회
지점
또는
우려
쿄
있습니다
래무
기준에
의거
교환
수
Y고
소비자는
총내용광9
3
ILDONG9우대스
탄수화물
당류12912%
I kca!
13594%
0출되하자
나트름0n90%
고라함:013-20
식이섬유1596%
%060표Y
트랜스지방09
%060표보태
콜레스테롤0mg0%
|
%080
1밀영함냉분기즈치어대환바을와온
2000KCl기준이므로개인의필요열량에
DreamWorks Trolls
6 2020 DreamWorks
Animation LLC
All
Rights ReverEd
155리T1F
202112 10
너문탕F
nWorks Trols 0 2020 DreamWorks Animation LLC All Rights Ress
건
-
-
자면에
도
세
남남순배
림어o
방습제
비
|
또
20211210
-
내느
그
[
1:
호자께서
|
유공목
작
|
D주
입드
토마
품
94년
후흡습방지를
1399
유통기한별도
[1
|
는
있습니
[
시고
드시지
HI
이렌드기간
-
10
T프
사
일까지
쿠드
10
-
ATA자IC
빈
피하
2분
IC
|","['까지', '유통기한', '제조일자']",True,True,False,True,False,3,1,['Y4_sep'],['2021-12-10'],0,0,0,1,0,2,6,1,0,0,0
001124.jpg,001124,640,640,640,640,0.4096,2.284,0.571,2.284,37.0,14.0,0,16,14,2,0.834,"+7Z0LCNE
가
nzrInuI
T로O가y7
가CC가
kCal
헤야
즉년22636
50
811390
입신자
/02
L0283
09-10-2021
09-10-2021
02L0283",[],False,False,False,False,False,0,0,[],[],0,0,0,0,0,0,0,2,0,0,0
001973.jpg,001973,640,640,640,640,0.4096,1.97,2.328,1.97,53.6,38.6,0,30,17,13,0.9547666666666665,"제조번호
사용기한
:20006
:2023
고농도
03
동박운공
:15
하메론-S
무방부제
히알루론산나트룹
회용
018%
O5mL
GMP
인염
인광전문기업
히알루론산나트
하메
고농도
사용기
인공누액
05mL
론-S
호
무방부제
023
018%
0315
회용",['제조일자'],False,True,False,False,False,0,0,[],[],0,0,0,0,0,0,2,2,0,0,0
002361.jpg,002361,597,775,597,775,0.462675,5.013,2.305,5.013,86.1,53.9,0,41,28,13,0.905951219512195,"제조20191210
백설
eksu
맛을
살려주는
소금
요리의
Farin
JBLF
맛소금
SALT
FLAVORFL
백설
맛소금의
특징
요리의
깊은맛을
살려주는
국내산소금을
불사용하며깨끗하고맛이
모든요리에
Y
목히계란
동의요리에
사용하시면
습너다
중지지인9
5-대노시사대
제조20191210
맛소금
백설맛소금의특징
FLAVORED SALT
요리의맛을
국내산소금울사용하며
마본극마리류마금퓨미교
살려주는
깨끗하고
물포문함
소금
또
SY!",['제조일자'],False,True,False,False,False,2,1,['Y4_sep'],['2019-12-10'],0,0,0,0,0,0,0,0,0,0,0
001417.jpg,001417,640,640,640,640,0.4096,2.548,1.059,2.548,66.5,33.7,0,29,20,9,0.8754827586206895,"미떼
화이트
초코
20211105
모4
55
까지
카카오버터카
전해주는
부드러운
달콤감
츠리에
회이드조림릿문믿
27카카오버터
225%
종랑
300
여250
KCT
9125KX10개
20211105
카카오버터가전해주는
미리니마
화이트
달콤함
보lSS:O:
초코
미떼
종랑:300",['까지'],False,False,False,False,False,2,1,['Y4_sep'],['2021-11-05'],0,0,0,0,0,0,1,0,0,0,0
002379.jpg,002379,756,1008,756,1008,0.762048,7.65,2.788,7.65,371.2,77.1,0,76,60,16,0.9292236842105265,"유통기한:
2022
1020
까지
제품명
꿀유자차믹스
식품의유형
고형차
업스명미소시지
주담터에프엔비
전라남도순천시승주읍승주로538-46
유통기한
측면상단표기일까지
내용량
220 g22gX
10포
원재료명
설탕유지당절임혼합분말
분말결정포도당
유자정유자절임
유자국산설탕플
폴리덱스트로시포도당D-쇄톨
인산
유자과즙분말유재국산]
유자분말국산
결정과등
-
허니파우데카시아벌꿀국샌
화분국산치자분말
논
비타민C
구연산무
사과산
품목보고번호
20080509087-88
본제품은우유땅콩대두밀복숭아호두를사용한제품과같은
제조시설에서제조하고있습니다:본제품은
YI희라오운
-
소비자분쟁해결기준에의거교환또는보상받을수있습니다
스틱끝부분이날카로우니주의하십시오
질소층전
음용방법:
:냉온수11약1
100m에본스틱제품
1포2290를
주의사항:
직사광선을
넣고잘저은후드십시오
피하여
통풍이
류
서늘한
장소에
보관하십시오
브라시프시고
구버없이1309
교화문의처
:구입처및대리점
드러
유통기한:
원재료명
내용량
통기한
품명
220 g22gX10포
-
동주
측면상단표기일까지
꿀유자차믹스
재국신
2022 1020
전라남도순천시승주읍승주로58-46
데스E로시푸도당
쇄톨
까지","['까지', '별도표기', '유통기한', '제조일자']",True,True,False,True,True,1,1,['Y4_sep'],['2022-10-20'],0,0,0,1,0,0,0,2,0,0,0
001931.jpg,001931,640,640,640,640,0.4096,1.566,0.724,1.566,32.1,19.0,0,13,9,4,0.9243846153846154,"CER-OPTIOOSO9
인종변호
C191194
2022
O101
유통기한
-
006600
809236
유통기한
인증번호
809236
202201",['유통기한'],True,False,False,True,False,0,0,[],[],0,0,0,0,0,0,0,0,0,0,0
002659.jpg,002659,913,1217,913,1217,1.111121,10.376,2.655,10.376,335.9,152.5,0,123,95,28,0.9133252032520325,"'제품
명:전자렌자용팜콘
원
산
지:미
국
제품유형:곡류가공품
in!
편'
조
원:CONAGRA
BRANDS
회:금
IC
'수
입
031
I-947-8888
경기도
파주시
탄현면
때오리로
167-23
`유통기한:
:아려표기일까지
:원
료
링어%니둥굽움
구연산
터셔리부틸히드로퀴논산화방지제}
정제소금
음용하
안나토색소
우유함유
'중
78gl2
75o2/*3입
0966619울
포장재질
종이재
:보존기준:
실온보관
:반품및교환
본사및구입처
불량식품신고는국변없이1399
팜콘
조리법
1비닐을
벗기고
봉지를편후
렌지에
조리법
아래로
오게놓고
목워료
그림이
따라
1분30초
~2분30초간
연속적으로
팜콘이
튀겨진
1~2초
간격으로
튀겨지면
끄십시요
렌지를
조심해서
봉자를
얼굴에서
모교품
극교
피모룸
부분을
대각선으로
손쉽거
봉지가
[주의사함]
갓튀긴팝본은매무
뜨거우므로
조심하여
거꾸로면뜨거운
오일이호를수도와습니다
취급하시고
몸지술
입부비어나움수
있습니다
8
809159
350
118
유통기한Y/M/D:
2022
0611
까지
20220611
유통기한Y/M/D:
티겁니다
부정불량식품신고는
반품및교환:본사및구입처
'보존기준:실온보관
'포장재질:종이재
'유통기한:이래표기일까지
량:78gl2750z/]*3입 
부부물
봉자
팜콘이튀겨진후1~2초간격으로록'목'
유기교最피륜
원구수아하
팜콘조리법
대각선
CAER!
국변없이139
조심하며취급하시고봉지를
향료버터향안나토색소
A BRANDS INC
까지
이밀부버어나물
조리법그림이
총열량999Kcal
:
새오리로167-2
n!","['까지', '별도표기', '유통기한']",True,False,False,True,True,1,1,['Y4_sep'],['2022-06-11'],0,0,0,0,0,1,0,1,0,0,0
000212.jpg,000212,3024,4032,960,1280,12.192768,11.057,2.512,11.057,300.5,29.8,0,118,105,13,0.8940762711864406,"VONO
NONO
어나언
체다시즈
 t 
-
15까지
-
15
|
쇠고기스프
D1
오뚜
오뚜기
모두기
직고기스프는
oll엔
맛이부드러워
쇠고기호
H
노약자
당근
양파
신선한
HACCP
금둥
등
야채를
곁들여
108%
풍부하고
간식과
간편한
좋습니다
OTHER
R
물의양을
미커약
농그
h무어-
M
오뚜기
색고기스프
4컵를
부으면서
808에찬물
눕지않도록가끔
저으면서
800m!
불에
올려놓고
끓을
때까지
잘
2
미운교곰8
맛있는
잘처어준다음끓기
시작하면
전자레인지용
약하게
오뚜기
쇠고기스프가
그릇30DL
불을'
전자레인지로
없도록
충분히
잘
저어줍니다
조리700W
아상에
극공러10욱
/0信공
굽러니
용기는
름곰
1591큰술/과뜨거운
둘
150m3/4컵를
뜨거우므로
화상
2분
1분30초
뭉친
부분을
잘풀어주세요
있으니주의하십시오
1000
W
후
사용할시어
0
웅Y러Y오
덮개를
료명
주표러눔목
20010445055201
브리
유지]
호주산
덱스
리
프
정제도
쇠고기스프
모대
H이모
분30:
유
-
|:
150
속습니다
미싸하면
오
주의하십시도
금저으면서",['까지'],False,False,False,False,False,0,0,[],[],0,1,0,0,0,0,1,0,0,0,0
001803.jpg,001803,745,729,745,729,0.543105,2.46,1.046,2.46,15.4,12.3,0,10,6,4,0.8785000000000001,"-
무우년도
H오
쿠키
20210115B
까지
20210115B
가지
애
쿠키",['까지'],False,False,False,False,False,2,1,['Y4_sep'],['2021-01-15'],0,0,0,0,0,0,0,0,0,0,0
000532.jpg,000532,1050,1400,960,1280,1.47,0.693,0.747,0.693,22.6,12.5,0,6,5,1,0.9845,"초당
옥수수
페이스트
20260228까지A박영B
항유
20260228까지A박해영B",['까지'],False,False,False,False,False,2,1,['Y4_sep'],['2026-02-28'],0,0,0,0,0,0,0,0,0,0,0
001204.jpg,001204,640,640,640,640,0.4096,3.355,6.447,6.447,41.3,82.5,90,63,23,40,0.7573333333333334,"연이수도고
그네숨신
0건옹께
권
어
NaturC
경
필요
모는
20123521
Exp
28/02/2023
소섭
결동
자
3
4
-
공에
을K
3A요
으0
담모
느N31331
raLffeM
22
21/03/2023은
Cx
20123521
극배
래운
소
이
제품은
올러종
고상라오운
구세
1호
아
논
프
EXP
음R
가와
몽콩R
28/02/2023
리
하시기
%L5BuOE
Y렌을
0%
문어
Y
극장
0
레르기가
유오:
이용
국린이흡수되고
료
0건
Bu
1술2670",[],False,False,False,False,False,0,0,[],[],0,0,0,0,0,0,1,0,0,0,0
002132.jpg,002132,910,1067,910,1067,0.97097,2.205,1.584,2.205,14.6,7.9,0,12,10,2,0.8075833333333334,"Hidiili uT
--tall tait f - T
102397
된
20
1M1N
JALAPENO
HIM
030N371
REAL
1시1
102397",[],False,False,False,False,False,0,0,[],[],0,0,0,0,0,0,0,0,0,0,1
002270.jpg,002270,640,640,640,640,0.4096,0.769,0.128,0.769,2.3,0.0,0,1,1,0,0.767,121,[],False,False,False,False,False,0,0,[],[],0,0,0,0,0,0,0,0,0,0,0
002826.jpg,002826,883,1178,883,1178,1.040174,1.198,0.964,1.198,5.0,0.0,0,3,3,0,0.8109999999999999,"D3LOE!
6I2
D5:50",[],False,False,False,False,False,0,0,[],[],0,0,0,0,0,0,0,0,0,1,0
000277.jpg,000277,3024,4032,960,1280,12.192768,2.969,2.047,2.969,62.5,30.4,0,30,19,11,0.9251666666666666,"HACCP
ACP
식약처에서
위생적이고
인증한
색품해만
표기하는마크입니다
""801117
28230
:
1
소비
202509
16/20:52
까지
기한
2026
07
15IA-2
9258%
금용공
나약차에서위생
HACCP
-16/20:52
15IA-2
301
마크란?
안전하다고
좀
표",['까지'],False,False,False,False,False,0,0,[],[],0,0,0,0,0,0,1,0,0,2,0
000942.jpg,000942,794,1058,794,1058,0.840052,6.246,3.916,6.246,27.2,23.1,0,96,56,40,0.8894895833333333,"r
편2
08
2020
P
29
03
2021
사
{10
C
03
18:30
Cheese
Snack
Biscuits
Ingred
Vegetable
Wheat
Flour
Cheese
12%
Sunflower
Bried
Natura!
PoWLerrys
Cheese
Yeast
Extract!
Choese
Salt
Dri
Syrup
Siucose
Rais
Malt
Extract
Earley
Bicarbona
Amzonium
Acid
Lacti
Eicarbonate
Cav!?
Pepper
Flaycurings
May
alsc cont!
Milk
Gluten
:소
at
주
-
Jlys
J과J1렁!
B03
Sunflower
Wheat
Cheese
JJal렁!
4구
MIK
Flaycurings
uCGSe
PoWCero
mrroniu
arley
29
Gluten
{{0
05
08
Flour
Snack
18:30
Malt
Sy
2921
2020
Pepper
Yeast
Cheese
Dried Cheese
주
Acid Lac
Extract
Bicarbonal!
Biscuits
Cl!
Salt
오
Extrac!
Natural
Ral!
Ingre!",[],False,False,False,False,False,0,0,[],[],0,0,0,0,0,0,1,0,0,2,0
000637.jpg,000637,1980,3520,720,1280,6.9696,0.833,0.689,0.833,17.2,15.5,0,7,5,2,0.9375714285714285,"느1
까지
22:37:55
0617
2026
202606 17
까지22:37:55",['까지'],False,False,False,False,False,1,1,['Y4_sep'],['2026-06-17'],0,0,0,0,0,0,0,0,0,2,0
002124.jpg,002124,640,640,640,640,0.4096,8.893,2.225,8.893,254.6,38.1,0,109,98,11,0.8488532110091743,"자극음
덜
주어
플라그름
0용Y
는
부분까지
맛롬
손입게
질환
예방에
손입게
제거할
10어근론
가능합니다
도움이
됩니다
수
있습니다
합니다
불편한
사이에
이
사이부문에
헤당
해당
앞뒤또는
향하게
하여
치실의
아웃
사용하며
회용
미기
움직여
이오Y
찌꺼기잔여물을
접어
이루시개가
입회용차실
줄되게
제거해
합니다
마화
아차산로
대한안국
전화번호
제조원
건치산업사
678
폭성로
37기성수동2가
-
02
928-6365
리어릴런
잡이지
클리프로피로
는
우께
재품은
공라리르운
밤든
주
있습니다
고시
사호
소비자
가나지
안도목
퓨더
건강히
주익
5익군문
하십시오
악삼당주
의사용에
사용
하십시오
국Y마동
주의
하십시오
주시
주의사항
있중
비날류
15글!Y용Y
치과
건조될
OTHER
컴유
드립니다
NC
r경DG
20
는
201102
신립니다
합니다
평하호Y
나릴
논부분까지손입게
미가옥210의근를
0N
플라그
20201102
미금10공
합니게다
-","['까지', '제조일자']",False,True,False,False,False,2,1,['Y2_sep'],['2020-11-02'],0,0,0,0,1,0,0,0,0,0,0
000159.jpg,000159,3024,4032,960,1280,12.192768,5.751,4.292,5.751,95.4,60.7,0,67,38,29,0.8906119402985073,"기
포는레받을
수
없습니다
부경북량식품
신고는
국변없이
6601
병
사용시
MATSUL
주역사항
입구에
보예상잡내게거
수
보대기굴A퓨
흰색
숙성
FY2
매실
0롬2문
색상이
0를궁
수
사용하십시오
宋
재품명:맛을
소비자중심
&
/무색페트
뚜껑LDPE
소비기한:
202?
21
까지
0
1
08
숙성
입구어
사용하십시
상이
주의사항
흰색
신비기한:
2027
오
0
질
신고는
01
>
물
으스
0
08
은만에년
국변없이
21
미
까지
10
묘
<네
에갑내게거퓨비린내제거
K
IATSUL","['까지', '소비기한']",True,False,True,False,False,0,0,[],[],0,0,0,0,0,0,0,0,0,0,0
001385.jpg,001385,640,640,640,640,0.4096,1.895,4.052,4.052,27.2,32.1,90,47,16,31,0.80768085106383,"1동렁2561님5
KI
C8:
Part
no/Son
유낙중1000
2166-8
Prisemeyecogi yerlerde
-
gna
QDAS:
aradan0n08
1020121
30Crin aundad
하0하폰
DOCULa
10000
Solfat Ve
YarCMG
Part no/Son
poimiksin
Cerir
1Bye esdeger
beya2
petrolatum
Yerlerde
Chs po!Tusin 
eriserneyeceg
madde darak sw peto'atum've l
I goremeyecegi
CoCUKarn
Saarmald
Ve arbaa nda
OL니니고
617
at!
KUL ta:
SCrin aundad oda scadiginda
14
Kulanradan oncs gsma
Repsle o satf
~47/110
Ruhs원 n0 20 12155
Ruhss! shit Pize
34347
2166-8
stanbU",[],False,False,False,False,False,0,0,[],[],0,0,0,0,0,0,0,0,0,0,0
001255.jpg,001255,640,640,640,640,0.4096,1.739,1.626,1.739,30.9,23.0,0,25,14,11,0.9003200000000001,"11:5
1
1
까지
새로운
충분히
를금
주세요
드시기
전
9989
-
매일두유
한번에
""E I
매일두유
드시기전
충분히
1
름금
까지
9989
-
주세요
구",['까지'],False,False,False,False,False,0,0,[],[],0,0,0,0,0,0,0,0,0,0,0
000956.jpg,000956,640,640,640,640,0.4096,1.139,0.864,1.139,20.3,12.1,0,14,8,6,0.7951428571428573,"하비스트
하비스스는
문지과
롯네제고
facebook
201
22:51
까지
꼬05
2교251
리닉
까지
하
하비스",['까지'],False,False,False,False,False,0,0,[],[],0,0,0,0,0,0,0,0,0,1,0
001107.jpg,001107,877,1169,877,1169,1.025213,2.208,2.205,2.208,47.9,40.1,0,30,16,14,0.8709666666666666,"김치폭케기
김치북세기스울
해물흥
해물소
안심
프로젝트
21:02
28
까지
유통기힌
15:10
A15
일면사리가
들어있어
극물
라면
롬는
인면사리가
김치복해가
해물송
우통기
보터
라면
H있하며게
-
15:10
210228까지
하운
김치북세계스탕
A15","['까지', '유통기한']",True,False,False,True,False,1,1,['Y2_sep'],['2021-02-28'],0,0,0,0,0,0,0,0,0,3,0
001267.jpg,001267,1118,1490,960,1280,1.66582,7.229,2.424,7.229,429.9,41.4,0,71,57,14,0.9021830985915492,"제품명
허니부쉬레몬
식품유형
고형차
내용량
30g3gX10개입/0kca
내포장재질
고름고룸
19990372301-514
제조원
주다정/경기도포천시영중면영일로97번길28
소비자상담실
080-542-6656수신자요금부담
에리스리톨사과산
굽문
무수구연산
향키베이스
유화제
허니부
리논오공로
아서설함K감미료
원재료명
아스파탐감미료이산화규소
고형분65%
40%08%
정제소금국산
타우리
직사광선을피하고
서늘한재애보관하십시오
반품및교환장소:구입처및게조원
부정불량식품
신고는국변엄이1399
먹지고기복승아토마토아항신류호두닭고기쇠고기오어조기류굴적복홍합포함잣을사용한
유
지품과같은제조지실에서제조하고있습니다본제품은당알굴어리스를을포함한지품으로각랑
섭큐시설시를일으킬수입습니다
원료특성상분말이
굳어질수있으나변질된것은
섭취하시기
총내용량:30838X10개입
1개입Bg당Okca
우BAEL
1일영감성분기준차예대한비올
나트름Ong 0%
탄수화물0g0%당류0g0%
지방00g0%
트랜스지방
0%
포화지방
100g 0%콜레스테롤Omg 0%
비타민C
61m961%
1일영암성분
기준치에대한비울망은2000kc리기준이므로개인먹컬요연람에마라다를수있습니다
유통기한
까지
20221905
유통기한
움몽음패궁
소비자
고
타수호
202
5
0g 0%
단백실
1지방0080%트랜스지방0%
-
비타민C6img
개입Bg당Okcal
61%","['까지', '유통기한', '제조일자']",True,True,False,True,False,0,0,[],[],0,0,0,1,2,1,15,6,0,0,0
001420.jpg,001420,756,1008,756,1008,0.762048,2.726,1.836,2.726,30.3,29.4,0,28,16,12,0.9448571428571427,"CHOCO!
ATE
COOKIE
Mini
한
먹을
수
있는
올릿가득
거도
초코칩
쿠키
2021/07/0
255
B2
11:01
255
COOKIE
2021/07/01
입에
Nu
B2
초코칩
-
먹을수있는
가득
쿠키
11:01",[],False,False,False,False,False,1,1,['Y4_sep'],['2021-07-01'],0,0,0,0,0,0,0,0,0,2,0
001821.jpg,001821,640,640,640,640,0.4096,8.398,4.87,8.398,253.7,102.8,0,122,88,34,0.8341147540983607,"ACC이크한
껌오88
00%
가준치예대만비탕
미강유
소곡분
나르채
300
19
15입
219
30%
6%
59
ARSY
6618
카카오색소
-
9%
239
11
중조사
지방
79
13%
가
트랜스지방05
199
9미만
-
포화지방
05
9미만
H목보교단호
200105495111기구미
249
16%
콜레스테를
69
대두시고긴부린망콩자다고기오징에
18
mg
1%
48
45
로
19
10
2%
49
환불에드니다
사즈의사함
1일
곰유용용
기준치에
기준이므로
궁%료
보편하십시오
흡습되사기
다를
부정철략색품신고는
수입스
국변언이
1393
OTHER
나올북할시
202009
-
동작구여의마방로
11리신화방동
01
까지
p:!WW!
nongshim
2B02
교려는
C0그
1936
샌지오금부담전호
2000-023-5181
공
격양살지
재품의
신선도
유지를
위해
질소충전포장을
하였습니다
울특할시
보관하십시오
-
품화
ITWWWNOngShImCO
동작구여의대방로11리신국방동
국민명이1339
제조하고
60이k래
미
-
202009요21까장
2
이므로
장
콜레스테
포화자
트랜스지방059미만
6618
00
피요88
18mg
기준차예대만
박교빈1936
15
비율%
13%
49
4810
69
059면
총내응작금
/~
53","['까지', '제조일자']",False,True,False,False,False,1,1,['Y4_sep'],['2020-09-21'],0,0,0,1,0,0,9,2,0,0,0
001643.jpg,001643,765,1020,765,1020,0.7803,5.904,1.857,5.904,68.6,9.0,0,35,28,7,0.7449999999999999,":
-1 Ue~어
1:다
미부우틀피
656!
10평교는
D16
0문
2
4명
당류5320
D금
돔금
2문
%9도
풍ADLOK회L
ACTIMA
골우8웅랑
가곤치즈살균제품/130어상예서2초
313Ekca
Boletuses ExCusive!
ProCessed ChBeSe
0기올용는
Exclusive포션치즈
그물버섯Boletuses
음Y표른
10료교군우동
웅Y
음유융n?
-t I - wan I tn 
드:1
상품품
10물:
1:려
1",[],False,False,False,False,False,0,0,[],[],0,0,0,0,0,0,0,0,0,0,0
002977.jpg,002977,640,640,640,640,0.4096,3.499,0.651,3.499,42.0,9.1,0,18,14,4,0.7559444444444444,"Ty
YOo
ANLLA
시물기준시개단혼
주기하:0
2020
0512
본제은동도
기휘림치하시고시
분소개자보당
기준회회거불념
산소방자티티무
고라잉험실
C0126호F
2020 05
리자
12
-",[],False,False,False,False,False,0,0,[],[],0,0,0,0,0,0,0,0,0,0,0
000108.jpg,000108,3024,4032,960,1280,12.192768,6.018,2.296,6.018,161.1,52.9,0,87,63,24,0.8794942528735634,"N
Brnd
물신아시마
컴수머가
되는
길
두부
으로
만든
산콩
국산콩을
사용하여
O%
만들어
농惠
고소하고
CaIT300 gX 2
냉장보관0~10
'C
이미지사진
100g당
66kca!
소비기한
지방
0g포화지방07g5
%
%
초드12숙파지1스
599
O0 KCR!
기이로
EL OF10 BR /U
시기비랍니트
<비지
부쟁해경
기준에
//
및
교환징소
구입처
1206
이9分
142044
대1
원외
고시
소미사
있습니다
문생해로
수
기순에닌
반품
품신고는
및
교환장소:
구입처및
0논
것
고
1399
8
809387
742044
유
려
599
구
:
또
G
'OO
국산콩을
1399
>
09
66kca
사용하여
두부
LeBrnG
소비기한
1만들어
25-10-24까지14
X
! ! I
809387
742044
I!","['까지', '소비기한']",True,False,True,False,False,1,1,['Y2_sep'],['2025-10-24'],0,0,0,0,0,2,1,3,0,0,0
001937.jpg,001937,640,640,640,640,0.4096,1.611,2.032,2.032,9.0,12.4,90,13,8,5,0.7615384615384614,"eclipse
머르
외납니다
-
61요
내는
뒤
|
eclipse
-
무:
645
221518-2-0578-",[],False,False,False,False,False,0,0,[],[],0,0,0,0,0,0,0,0,0,0,0
000963.jpg,000963,813,1084,813,1084,0.881292,6.114,3.649,6.114,160.9,68.6,0,76,52,24,0.8822105263157894,"0M3
XCNKS
2023/11/14
L20640
04
스파케티면
맛있게삼
스파게타
Fresco
쿨스파게티는
려H스음오1이러0
흠을만들어싸르게
좋은
파스타는
좋은
조리가가능한
스파게티
입니/다
D맛플
세몰리내밀에서
회
스파게티를
ST편
잘아는
르룹늘
음
위해
맛을
가정에서
간편하게
수
있도록
즐기실
어려름
정통
스파게티를
준비하였습니다
프레스코스마게티SPAGE
STEP2
달리아
100%
듀럼밀
세몰리나
채료명
밀함유
상단표시일께지
로마F
의기교원
보상발
4분
양정보
ST편P
타
Fresco
간편하게
잘아는
시작됩니다
L20640
2023/11/14
미무허고
즐
기실
맛을
별한
00기고룸
스파게티를
수있도록
가정에서
등음
04
광이업
스파게터
스파게티면맛었게
STEP
부도
비:",[],False,False,False,False,False,2,1,['Y4_sep'],['2023-11-14'],0,0,0,0,0,0,1,1,0,0,0
000849.jpeg,000849,3024,4032,960,1280,12.192768,0.534,0.607,0.534,9.9,2.8,0,6,4,2,0.9273333333333335,"ROCHER
2105
2026
218KBBNH
218KBBNH
ROCHER",[],False,False,False,False,False,0,0,[],[],0,0,0,0,0,0,0,0,0,0,0
000467.jpg,000467,3060,4080,960,1280,12.4848,9.339,5.866,5.866,136.4,273.8,90,127,81,46,0.8583937007874015,"GHANA
하YY눔
가나와
R71-4567-
함께한
55더
50년의
이야기를
지금
바로
음성메세지
유효기간
~25
3
31
Im il It fil
돼지고기
""801062136822
트셔도
콩
<
병
호
본사
달해
모므
하0
99
지
또
점
Y1공
-
사
600
장
고
TC
머
Toi:
385kcal
38g38%
부
로21길25
가
<1
FIC
중
동품
-
이
O/
장
방
야
점마
大
만음
당
12%
어
안밤
여
잔
부
A6
수신자요금부담080-024-6060
정
서0
고
5
트
과
5
1C
|
Ifoodcom
물
미
남
주
670-4557-5050
내포장재질
름이고룸
롯데웰푸드쥐서울시영등포구양평로21길25
-
아표대교룸목
119690086003670
IR'이고름논모
코아
코코아반가나산가공유지코코아매스코코아빈베네수엘라산
향료바닐린
10평논전
1399밀달걀땅콩돼지고기
표면이
생길수있으나
IIolY
무해하니드셔도
+'
!:!
고운마음안버리는밝은마음
+
음성메세지
지금
가나와함께한
GHANA
ww lottewellfood com
롯데웰푸드
바로
수신자요금부담080-024-6060
총내용량70g385kcal
들어
3%탄수화물39g12%당류38g38%
간
려
50년의
%트랜스지방05 g미만포화지방159100%
~25
F0
하YY눔
%66로료%Sbu
이야기를
대한비울%은2000kcal기준이므로개인의필요열량에파라다를수있습니다
8
""80
1062
636822",[],False,False,False,False,False,0,0,[],[],0,1,0,1,2,1,6,8,1,0,0
003297.jpg,003297,1329,1771,960,1280,2.353659,2.02,2.21,2.21,40.0,57.9,90,29,13,16,0.9683103448275862,"유통기한:
20211021까지원주B15
PEACOCK
기름에
튀기지
않은
구운사리면
BAKED
NOODLE
조리예
강4개입
無
면류첨가
구운사리면
기름에
지방함유량이낮고
기름으로튀기지
BAKED
PEACOCK
튀기지
불지
않고고온으로구워
NOODLE
여왕
않은
유통기한
20211021까지원주B5
우묘
禪","['까지', '유통기한']",True,False,False,True,False,2,1,['Y4_sep'],['2021-10-21'],0,0,0,0,0,0,0,0,0,0,0
001152.jpg,001152,1008,756,1008,756,0.762048,4.866,5.633,5.633,69.8,162.2,90,110,49,61,0.8794454545454543,"*
610400
|
100
16
-
올
기흥
Importer:
DKSH
Singapore
Pte
Ltd
47
Jalan
Buroh
#09-01
Singapore
6194971
6U
bare
56956%
머리
고
Store in a
Cool
and dry
place
자
Best
before
Her
Hut5:
2
註寄與海最字
G뚜/mA/a
IS:
3190
589918%
[{{면
2021/10/31
탄수화물
음료
L4690
17n96%
Y
남
100g
NET
O다도
|
A조자[LNDT SHO!!
1미
108023-5181
종이
고늘하고
9T
크으수비자가
399
목미오
용량
100 g 535 kcal
성방
나트름
17n96%
탄수화물
589918%
당류56956%
식이섬유
1998%
지방31g57%
트랜스지방
059무만
포화지방
20
9133%
콜러스터롤
12m94%
65912%
명양성분
기준치에대한
금%롱
2000 kcal
기준이므로
개인의
필요
6요
따라다를
있습니다
1밀
구
Best
Store
47 Jalan Buroh
100g1
Importer: DKSH
白理
1
-
대
I coo!
NE]
and
#09-
Fm
I dry place
L4690
2021/10/31
A션
0",['BEST_BEFORE'],True,False,False,False,False,2,1,['Y4_sep'],['2021-10-31'],0,0,0,0,0,0,11,6,0,0,0
002664.jpg,002664,640,640,640,640,0.4096,3.702,0.458,3.702,45.1,25.7,0,30,24,6,0.8264333333333332,"Noo
PD5Nbt
1010/77:
I NUtLOGOWICh!
091760Z
GICLA
41
TTOFLA1
156
-
202
411145
CLsco?C교e
PAUCRE5I GWhchS
대동1
RG PEC리R1EOt
9I1
5har시
PROD:
2020
-0818
ExP:
2021
-08-18
0ge1760Z
PROD:
ExP:
2021-08-18
2020-08-18
202563",[],False,False,False,False,False,2,2,"['Y4_sep', 'Y4_sep']","['2021-08-18', '2020-08-18']",0,0,0,0,0,0,0,0,0,0,0
002548.jpg,002548,2048,1536,1280,960,3.145728,3.139,2.489,3.139,112.6,85.8,0,44,27,17,0.9213409090909089,"촉촉한삶은계란
극8/o /어z
방금삶아낸것처럼
영양과수분은
그대로
EGG
냉장보관
010
BOID
중량:
100g/
1314 kcal
50gX2개입
상기제품은
아미지컷입니다
유통기한:
210402까지B17
알가열제품비살균제품
통란스품의유형알가열제품
은
1009509
2개
KCa!
개509
주치어
계란함유
20M0
유통기한
중량:100g/
명장봉광
영양과
극8/o/어z
210402까지B17
1314Kcal[50gX2개입
수분은
방금삶아낸것처럼
촉촉한삶은계란
SORTEGG
그대로
알가열제품
계란함유
알가열제품비살균제품
상기제품은아미지컷입니다
TORNG","['까지', '유통기한']",True,False,False,True,False,2,1,['Y2_sep'],['2021-04-02'],0,0,0,0,0,0,0,4,0,0,0
002766.jpg,002766,640,640,640,640,0.4096,1.899,0.759,1.899,3.5,1.7,0,13,10,3,0.767076923076923,"LNo
CREAM
LIR
개
C
BeS!
bofora
D6
IDur0
내답대
COCONU7
D6
Bes! bofore",[],False,False,False,False,False,0,0,[],[],0,0,0,0,0,0,0,0,0,0,0
001917.jpg,001917,1051,1402,959,1280,1.473502,1.801,1.432,1.801,15.0,15.0,0,9,5,4,0.9224444444444446,"UMI AWI!
GOLD
25052021
152
00:53
152
25052021
EGoLo
00:53",[],False,False,False,False,False,0,0,[],[],0,0,0,0,0,0,0,0,0,2,0
002723.jpg,002723,1515,2073,935,1280,3.140595,1.12,0.53,1.12,27.8,29.2,0,13,7,6,0.9240769230769232,"BEST
RE
19/12120
812
917834
8-2-0424-19
1125-3
917834
19/12120812
BESI
8-2-0424-19
R든
1125-3",[],False,False,False,False,False,0,0,[],[],0,0,0,0,0,0,0,0,0,0,0
002285.jpg,002285,640,640,640,640,0.4096,2.852,0.939,2.852,68.8,23.8,0,31,22,9,0.8552580645161293,"쓸라구미
리에신
민재르명
21010?
530272
2200AUE
구목
깨지
단수화물40912%
005R동
문사지방0
당류289
1/0kca!
빈C 500ng 500Y
%
28%
골레스테를01g
지방0g
0%
OTHEN
개리의할요
까지
단수화물409 12%
쓸라구민
2201
01
/0kC
UE
고러온단
끼
부트",['까지'],False,False,False,False,False,0,0,[],[],0,0,0,0,0,0,4,2,0,0,0
001426.jpg,001426,604,936,604,936,0.565344,3.719,2.999,3.719,155.9,64.9,0,62,40,22,0.8519354838709677,"PuIOA?
No]
소가
두부
1년인냉는
모림두부린어회가뿐
-02
ne
만든
깐깐한
두부
부침용
대두
100
%
0-2:
포장재질내면:들리M설인러대클으로빈옹기-어용는불용이가능습니다
10C
HACCP
장보관
빈품교관본및구입서본레품은공정려의안고소비자분명결기준어거
고본도는보생을반실수인십다고과기터:0-102-15-물무문은고작의
플리자
므시프
리드0터음거
-
부방불강사산고는국린업어199
WWOUTLONE K
10450454
유통
20200417
FS2
까지
충북음성군대소면삼양로
기한
고
3009
068600
KCa!
시T마A
려음
10C
만든깐깐한
ne
음성군대소면삼양로
두부
동한
는보상
소가
20200417
불림식품시고는국인교다
대두100%
-
1-2-16
-
FS2
물무문은고객의
대용는께봄S이가능습니다
No]
환출
까지
0",['까지'],False,False,False,False,False,2,1,['Y4_sep'],['2020-04-17'],0,0,0,0,0,0,2,0,0,0,0
001802.jpg,001802,640,640,640,640,0.4096,2.601,16.767,16.767,10.1,137.3,90,163,15,148,0.8265766871165643,"[Cxurir De piEIreaDa anieS Ce
BaStF1P
Skall forvaras
Store in a cool
0!
Em
GONSUne
대
Gr!
T5E
PUP
I/Fabricado naSuica
503
I smell-free place
117리고원
Sval
Rd
FOrvaras
10
Skall
비4개미
40
fresco
1030
피궁
Guardar
금니
85
0035
PUP
C0ol
P
내!
3101S
free place
H3us
Bensheim
D-64602
Goods
Consumer
SWISs
SCG
GmbH
H
AG
Frey
Chocolat
5033
든
PU리l금ZYS
Buchs
Fabricante!
Manufacturer
Tilverkare:
무
Tillverkad
11
SchweIz
60:
Fabricado
Switzerland
!
금pW
601:
1135
135
//35
BSt F
Protein
proteinas
protein
SIRe
Sehh
S0o
SPbNs
of which
6009RDP
hidratos
S21PIPA
Carbohy
90
S29N1P5
Which
J0
Ifell
Hpidos
fat
61금님금
면1b3U?
Energy
1S미
ChOCOlatG
조부부
ChOCOl!!
내!
LLITLLIUILL!
%
14:
SPI05
커I!
국
내
LLIF1A!UIUI!
glutcn
%
33
:505
GODOD
가린대
Aavouring
PUE
COnCain
May
Cmulsifict:
[N7EU
머니D
VXOS
별도표시일까지
하
고1139MGI15
%
80
bluebcrries
%
08
고0
%
08
raspbcrries
1105
리9터
ecihn
13MOUUNS
%
5
Crispies
FICE
55PUI!
1OD0
P11s
남
CmulsiHer:
기5
2
1311119
6
COrNAaKCS
pOwdcr
COTTFAKEs
1030
S교LL34
입용nS
Ingredients:
핵은
교
내1A1
52Ids니
고
1030
-
MiIK
-
43N9","['MFG', '까지', '별도표기']",False,True,False,False,True,0,0,[],[],0,0,0,0,0,0,2,0,0,0,0
001177.jpg,001177,835,1113,835,1113,0.929355,1.395,1.227,1.395,6.5,6.5,0,5,4,1,0.687,"ASE
AM
동쿠범무
1전0라L03크대
162612021",[],False,False,False,False,False,0,0,[],[],0,0,0,1,0,0,0,0,0,0,0
002957.jpg,002957,640,640,640,640,0.4096,2.409,1.472,2.409,33.7,26.9,0,24,15,9,0.8001666666666667,"1RCa
반비를
%
세조일자란
내니
G00kca!
라슨있습니다
LDPE
ICiCOKr
제조면원일
3
02:23
김민찬
20210102
VE1
P
-
금
제조연월일
V터
20210102802:23김민찬
동이므로
1표
10",['제조일자'],False,True,False,False,False,1,1,['Y4_sep'],['2021-01-02'],0,0,0,1,0,0,0,0,0,1,0
002886.jpg,002886,898,1199,898,1199,1.076702,1.664,0.885,1.664,41.8,3.2,0,12,11,1,0.8577500000000001,"꼬리금링
고객상담실
영양정보
0917g
총내용량80
탄수화물
B3g135%
트랜스지방이
포화지방하관
00%
단백초
꼬리금털",[],False,False,False,False,False,0,0,[],[],0,0,0,0,0,0,2,2,0,0,0
000994.jpg,000994,1023,1364,960,1280,1.395372,1.03,0.476,1.03,4.5,0.0,0,6,4,2,0.7608333333333333,"동과
!트:4FF1F
PR
00
n
PROB",[],False,False,False,False,False,0,0,[],[],0,0,0,0,0,0,0,0,0,0,0
001327.jpg,001327,640,640,640,640,0.4096,6.179,5.933,6.179,263.5,113.2,0,104,63,41,0.8395769230769231,"제품명
기한
식품유형
유탕면
품목보고번호
표기일까지
198803831271796
포강개질
면:소맥눈
국산
변성전분
스프:춘장소맥분마국산호주샌카라멸
구아겸
활소믹글루텐프랑스산
경계염
미감에스
대뒤와국산마국캐나다호주등
정제소금
'룸곡물타R터
에스트륵기스분말
정계염
양파분
조미콩단백분
맛베이스
자
유산균발효분말
불맛캄뽕조미유
대마구
드개드
기요요차케프가가오게가
지원88
C
나트
112019
당류79
20210719
휴지
궁性
지방179
덜고
마음은
채우고
원주
12A1
오길자
트랜스지방09
포화지방
89
러스타롤0n9
b국61009
119
물을악8스문경도남기고닥라버린후
회싱스프롱넘고
1400
다농웅
5
당림학2본술경도어독면불물프교X회게드십시오
0
112079
00
6
:
801073
대하금몽름금무파
든먹기스
-
정계
미요
말토덱스트
국산
호주사
든기일까지
변성전분
카라멀
구연산
lo려
1대
품
녹차풍미유
원주12A1오길자
20210719께지
맛케이스
나스
아산
드다기3개근
중진계
캐나다호주등
양식
군을며무
종
커여
서울
머
1:
정제소금
-
니드
경계염
포강개질
800
신미계산도
미감에스
3길104
궁","['까지', '별도표기']",False,False,False,False,True,2,1,['Y4_sep'],['2021-07-19'],0,1,0,0,0,0,0,0,0,0,0
000627.jpg,000627,3024,4032,960,1280,12.192768,2.766,3.013,2.766,9.8,1.5,0,21,13,8,0.7990952380952382,"ZEROSUGAR
개레조
PE
대E마F2
ExF
F
SugarlSIS
맛있는
청포도
Lsipt
GTECR
Grope
1N
Sugarls!
H년
GTe
느_
Grope
T:
-
ZEROSUGAR",[],False,False,False,False,False,0,0,[],[],0,0,0,0,0,0,0,0,0,0,0
001396.jpg,001396,577,717,577,717,0.413709,2.588,1.439,2.588,62.4,42.2,0,29,20,9,0.9233103448275862,"이미
유기농
정성스럽게
고르고
볶아서
부드럽고
구수한
100%
국내산
유기농
를께
산
보리차
무표백제
품질유지기한
10gX20T
고러
2022!
1101
록1%00
산보리차
유기농
표표
구수한100%국내산유기농
정성스럽게고르고
2022101
볶아서
태퓨비과
를께",['품질유지기한'],True,False,False,False,False,0,0,[],[],0,0,0,0,0,0,3,0,0,0,0
002351.jpg,002351,756,1008,756,1008,0.762048,6.001,3.86,6.001,170.7,95.3,0,71,55,16,0.8964366197183098,"유동기한2021
0913
기를
캔후지퍼를
닫고
직사광선을
피하여
서늘한
곳에
보관하시고
남은
제품은
밀봉하여
보관하십시오
CCP인증을
1여금
안전하게
실수
있도록
만들었습니다
재배한
Y'lo는
우리의땅고줏가루
Red
PePPer
PH
님
수
07
원%
느낄
100g당
1일영감성부
10075
본래의
맛을
액젓에약30분
기준치에대한바금
하여
고추
식수나
나트룸50mg
25%
이하로
JO!
선별공정
은해1울
500 g
탄수화물539
16%
100g당
370kcal
당류189
18%
가백
물배상책임보험가홉
영
가를팬후지피르단고직사광신드피하여서늘한곳에보관하시고남은제품은밀봉하여보관하십시오
우리의땅고줏가투
Y llo애논
분아
유동가한20210913
1009당370kca
00을융울
유원용%
후H매Y
1009당
리
2
18g
I100g5",[],False,False,False,False,False,1,1,['Y4_sep'],['2021-09-13'],0,0,0,0,0,0,3,7,0,0,0
002035.jpg,002035,640,640,640,640,0.4096,2.647,2.276,2.647,65.3,50.2,0,37,18,19,0.8696756756756758,"171220
L352MW 12:14
하누를
시작나는
Utelld
자
성분명:설탕
-
음패공
식품의유형:준초콜릿
7%
91L58I10EYY
탈지분유8
즐넛13%
정보:해이줄
알레르기
개니E
하서하르바닉리학
Utellda
즐넛13%
L352MW--
171220
하누를
지분유87%
:준초
12:14
시작당하는
음리
음공:
악레르기
저지방코코
에트
8곰9
구우
우데/
주
6",[],False,False,False,False,False,2,1,['Y2_sep'],['2017-12-20'],0,0,0,0,0,0,4,2,0,2,1
3351.jpeg,3351,3024,4032,960,1280,12.192768,1.751,3.343,1.751,38.4,28.3,0,28,11,17,0.8457857142857143,"Enjo!
음목
양념순살닭강정
제중년움
원원22저
월잉싱강8시
2생기한료
880111
:432
[고>논용1>는요::
으스스지
페이스트토마토:
가가
<4:
-
|
어
주O
다
산]
산]]
치킨소스[토마
피구
구
HL
}H
페이스트토마
Enjo!",[],False,False,False,False,False,0,0,[],[],0,0,0,0,0,0,0,0,0,0,1
001927.jpg,001927,640,640,640,640,0.4096,1.439,1.532,1.439,27.9,17.5,0,11,6,5,0.9515454545454545,"ROASTED
OHOVLSID
20210427까지
망공도는견과류가공품
120g
/피스타치오100%
구운피스타치오
PISTACHIO
ROASTED
/피스타치오100%
120g",['까지'],False,False,False,False,False,1,1,['Y4_sep'],['2021-04-27'],0,0,0,0,0,0,2,2,0,0,0
000889.jpg,000889,975,708,975,708,0.6903,2.614,2.777,2.777,6.5,7.5,90,19,10,9,0.8637894736842104,"Tropical
OLS
스층
트트티T
'
/uice
100%
Tropical
FRUIT
Bowlse
100%Juice
터트티T
FRUIT
e
Bowlse
꼬대1
내니
DSNO
Tropical",[],False,False,False,False,False,0,0,[],[],0,0,0,0,0,0,2,0,0,0,0
001710.jpg,001710,965,1285,961,1280,1.240025,1.919,3.63,1.919,35.1,23.5,0,23,13,10,0.8711739130434782,"CLOTTE
마가렛트
1 fii  if
 i
부터
고객지원센터
-
080-024-6060
in ifn i
까지
수신자요긍부담
롯데제과
http://wwwlotteconfcoKr
CLOTTE
-i y-!
44
마가렛트
조천
!
+ I
까지
080-024-6060
고객지센터",['까지'],False,False,False,False,False,0,0,[],[],0,0,0,0,2,0,0,0,1,0,0
001909.jpg,001909,1213,910,1213,910,1.10383,5.82,10.187,10.187,130.4,422.2,90,135,40,95,0.8919037037037035,"20211229
치즈
롬눈궁
HH
""924047
려Y
Y
치즈+
원zl어이 I2총
가
아아를위해무농약7곡물을사용하고색소향료등을
아
라눔
머C
있습니다
릉롬눈
첨가하여더욱맛이좋습니다
포극둥구호동
2개어
이
국내산7까지무농약
긍콩
+
미
를올하
첨가하지않아더욱안심입니다
눈녀욱롬
품입울
를어이2공
HHrl어o
요
칼슘과치즈를
Oivenet
소비자분쟁해결가
국
주
제조시
HACCP
따우른
복하
부
Qivenet
Vene
지국쯤는
치즈
Hrl어o
Grain
Friend
국내산
7까지
릉롬눈
기름에
튀기지
둥를
맛과
10
좋으며
달지
않은우리
아이
간식
국내산
8가지
우리
아이를
위한과자
혼합곡물
칼슘과치즈를
첨가하여
더욱맛이
좋습니다
아이가한손에딱잡고
먹는간식
아이가게잡고먹을수있는핑거푸드Fr9rFo00타입의
우리
화를오
먹거리
아이를
위해
무농약7곡물을
사용하고
색소
향료
등을
첨가하지
하요
이미지사진
무농약7곡물
치즈
고칼습
래파금
참쌀서리태
수수
혹미
고용교과:
습기와직사광선을피하고서늘한실온에보관하시고
1개봉후가급적빨리드시기바랍니다주의사항
웅음의
을곰올
누워있는아이나업혀있는아이에게는주지
2021122
마십시오
특정성분에알레르기가있는경우에는성분을확인한후먹이십시오이제품은메밀
땅콩밀고등어거
새우
되지고기
복숭아토마토
닭고기
쇠고기
제품과같은
제조시설에서
제조하고
있습니다
부정불량식품
신고는국번없이
1399
본제품은
공정거래위원회
고시소비자
분쟁해결기준에
의거교환또는
쿄롬궁
있습니다
반품및교환:
구입처
고객상담실
식품안전관리민중
2개개어
HACCP
Wwwivenetcokr
식풍의익품안진지
080-
850-4311
""3093601924047
IVT2004GF3","['까지', '제조일자']",False,True,False,False,False,1,1,['Y4_sep'],['2021-12-29'],0,0,1,0,0,1,0,0,0,0,0
002462.jpg,002462,897,1196,897,1196,1.072812,2.22,1.04,2.22,49.1,0.6,0,21,16,5,0.8216666666666667,"마그네슴Mo
소F
칼룸
42-84
05-08
보무
원회고시소비가분상혜
받을수있습니다
오조처금
12개월까지
뚜껑DPE
/페트
80
04
288
d:룡
:3
:
::
:
!:",['까지'],False,False,False,False,False,0,0,[],[],0,0,0,0,0,0,0,0,0,0,0
003154.jpg,003154,880,1173,880,1173,1.03224,1.44,1.184,1.44,15.6,7.2,0,7,4,3,0.9081428571428571,"유통기한
20210711
까지
흔들어
유통기한
든호:
까지","['까지', '유통기한']",True,False,False,True,False,1,1,['Y4_sep'],['2021-07-11'],0,0,0,0,0,0,0,0,0,0,0
002736.jpg,002736,999,1332,960,1280,1.330668,7.014,4.321,7.014,161.3,46.2,0,115,92,23,0.9258695652173913,"20
원산지
기1[1
6대01R
~10C
냉장제품
PEOTHER!
결기준에
의거
/페트
신고는
세기
345kCal
재활용
어려움
1000님
10
류80
지방27950%
콜레스테롤
70ng 23%
단백질25g 45%
20kca가
주이므로
수있습니다
1빔
명양성
Emmi
Raclette
Classic
Slices
Swiss
Semi-hard
Cheese
47
%Fat in dry
 matter
from
pasteurised
Gow'
MIk
Ingredients
Made
이
pasteurized
Ow
K
Salt
bacteria
Culture
rennet
Contairns
iK
per 100g contains
Energy
1437K/346KCa!
278
Of whlch saturates
169
Carbohydrate
<19
Of which sugars
<019
Proteln
259
Sait
209
Packaged ina
protective
atmosphere
Importeur
Flne F&E servlce Co Ltd
06017
Seoul Korea
Keep
refrigerate
at+4Cto+8C
Best before
28042021
CH
2066
L1002021551
200
ge
Articel Nutber
1282849
Product o Switzeriand
EnmiScheiz AG
CH-EOUZLUZELI
33901
라끌레뜨200g
20
Best before:
200ge
Keep refrigerate at t4C to t8C
mporteur: Fine F8e Service 
Packeged in a protective atmosphere
Emmi Raclette
""edient
CLre
HAade
Ferne
miIk
pasteurized cow's milk salt
28042021
Classic Slices
CoLtd
47% Fat in dry matter
라끌레뜨2009
8
Frtlcel Nurber 128284
L1002021551
06017 Seoul Korea
 from
페트",['BEST_BEFORE'],True,False,False,False,False,0,0,[],[],0,0,0,2,0,0,5,6,0,0,0
001226.jpg,001226,640,640,640,640,0.4096,2.537,1.368,2.537,67.9,37.0,0,21,14,7,0.8909047619047621,"제조일자:
20201228
유통기한:
20220627
판매1위에는
이유가있다
해찬들만의
움운
기술로더욱맛있게매운
10
고객센터
C-9501200
1666-541문터
/4C0A!
유통기한:
제조일차:
공
20220627
20201228
판매1위에는이유가있다
맛이게","['유통기한', '제조일자']",True,True,False,True,False,4,2,"['Y4_sep', 'Y4_sep']","['2020-12-28', '2022-06-27']",0,0,0,0,0,0,0,0,0,0,0
001779.jpg,001779,640,640,640,640,0.4096,1.249,0.783,1.249,35.4,25.5,0,15,9,6,0.8887333333333333,"23
고객지원센터
080-024-5050
롯데제과
수신지열금무당
htpI I wwwotecontCo Kr
2104D9
19:02
까지
080-024-6060
고객지원센터
210409
1901
FOTNCLLVS HY
소",['까지'],False,False,False,False,False,1,1,['Y2_sep'],['2021-04-09'],0,0,0,0,2,0,0,0,0,1,0
001990.jpg,001990,640,640,640,640,0.4096,0.606,0.34,0.606,8.0,8.0,0,2,1,1,0.998,"20221123
20221123",[],False,False,False,False,False,2,1,['Y4_sep'],['2022-11-23'],0,0,0,0,0,0,0,0,0,0,0
002590.jpg,002590,1038,1385,959,1280,1.43763,11.777,3.548,11.777,60.6,15.5,0,150,125,25,0.9333866666666667,"ANTICA
MODENA
LEAHTS
Aromatisch
Satt
mit einer
Holznote
Parfume
dense
AVec
des
Senteurs
 de bois
Aromatico
Corposo
COn
SENLOr!
egno
Zutaten:
Weinessig
Konzentrierter
Traubenmost
Gekochter
Traubenmost
Farbstoff
Zuckerkulor
E150d
Antioxidationsmitte!
Schwefeldloxid
Ingredients:
Vinaigre
Ge
V
mout
de
raisin
Concentre
mout
de
aiSin
CuIt
Colorant
Caramel
Ei50d
antioxydant
anhydride
Sulfureux
Ingredienti:
Aceto
대i
Vino
Mosto
G'uVa
Concentrato
mosto
G'uva
Cotto
Colorante:
Caramello
E150d
antiossidante
Canidride solforosa
100 mI
Enthalten
Contiennent
Contengono:
Energie/energie/energia
670
정
160 kcal
Fett/lipides/grassi
<019
Kohlenhvdrate
/glucides/car
rboidrati
Eiweiss!
/proteines/proteine
09g
Saure:
alkoholhaltig
acidite:
6%
Contient de
'alcoo
acidita:
Contiene
alcoo
MINDESTENS
HALTBAR BIS
Cons
de pref
avant:
L3010
27:10
2023
Hergestellt
Von
Produit
par
Prodotto
e imbottigliato da
ACETUM
Spa
- Via Pertini 440
41032
Cavezz0
Modena
Italia
Certificato
Ga
Organismo
Co구tr
autoriz2at0
0/
Ministero
delle
Politiche
Agricole
Allimentari e Forestali
3
""015352
S
319658
Made
n Italy
MINDESTENS HALTBAA BIS:
TOmuatico
Le
Hergestellt von
I!!
ACETUM Spa -
1P]1
41032 Cavezz0
COTUO5!
Aceto
AOLUITC AIF
MODENA
Made in Italy
5S
ANTICA
Produit par I Prodotto 
Modena Italia
:
Via
 Pertini 440
I cons de pref avant
Ida
rboidrati34 g
여!
플음",[],False,False,False,False,False,0,0,[],[],0,0,0,0,0,0,1,3,0,0,0
000680.jpg,000680,1172,2084,719,1280,2.442448,2.189,2.041,2.189,27.0,25.0,0,17,10,7,0.9461176470588235,"OTHER
HAGP
|
021
739
8
809117
소비기한
20251015
까지
소비기한
20251015
809117
021
1739
OTHER
D","['까지', '소비기한']",True,False,True,False,False,2,1,['Y4_sep'],['2025-10-15'],0,0,0,0,0,0,0,0,0,0,0
002512.jpg,002512,953,1242,953,1242,1.183626,1.972,1.308,1.972,18.3,19.8,0,12,7,5,0.9073333333333333,"건블루베리
70%
블루베리
2021:11
04
DLKO5
A
블루베리70%
건블루베리
20211104
DLKO5 A
등",[],False,False,False,False,False,1,1,['Y4_sep'],['2021-11-04'],0,0,0,0,0,0,2,0,0,0,0
002056.jpg,002056,710,962,710,962,0.68302,6.968,3.549,6.968,124.4,25.0,0,74,55,19,0.8541351351351351,"fK
전통의
세계적인
차
브랜드
120년
모래
지종해
어:
식용
악품우로
금무고
만은한
양이
식물입
다
자극적이지
않본
고는
0Y대
주단
필요말
또
감자리에
두곤
규식이
티백든
교
0F
HF
10돔
잘
통과하고
피라미드
허브티의
맛과
10문
보다
깊고
풍부하게
담교는
속
있는
공간이
0목
허브티가
휘가로호
모습을
직접
1출
수
1016
보는
또한
202112 17
무요
2021 12
우러나는
[
고
네
-
-
프문
|
의
백에
습
맛고
-
단
국금
에
있어",[],False,False,False,False,False,1,1,['Y4_sep'],['2021-12-17'],0,0,0,0,0,0,0,0,0,0,0
002055.jpg,002055,640,640,640,640,0.4096,14.116,4.335,14.116,97.9,43.5,0,171,139,32,0.909748538011696,"음:
2433
K/KAXK!
590
kCaL/KKaA
P
51
8/r
Jas/
EA[
/
31
84r
3
046920
02872
{<]:
80g/r
Best
before
end:
10g/r
12
2021
gIF
305
06:39
25881
2AK에
15
L5640
PAP
006
8/r
Kingdom:
4
NeW
Square
Ireland:
PO
BOX
13038
Consumir
preferentemente
antes
de!
in
de/
수
Africa
Pty
PT
4
Bree
Ioppua
Bast
fore
utgangen
금V:
TOAH
Lindt
&
Sprungli
Espana
Parasta
Ennen
Stribueras
금!
Mar
Kkinoija:
40
KOHLa:
CM
TaMR:
6A
SE-
169
72
Solna
/
U
A
IT
G
U
A
시
N
T
E
TeppMTOHH
PD:
CHOCOL!
ADLFaERIKEN
LINDT
SPRONGL!
AG
TCH3M
Ha
KILCHDLXG
SWIT2EALAND
000
POCCHA
MoCKBa
TOMCLLCHHE
18
MANUFACT
URED
시
FRANCE
BY:
19N
SPRUNGL!
5A5
GOCOA
FR-64400
OLORON-SAINTE-MARIE
C
Iugar
fresco
SeCo
도경DT
Och!
Svalt
XpaHT6
HdU
B03AyXa
Ne!
Weight
Peso
Neto
Nettopaino
AAAXKHOCTM
He
50
g/T
Nettovikt
MaCca
HETTO:
Cht SvaIT
En lugar fresco y seco
2433K/KAX
006 g/r
15g/r
10g/r
80g/
31g/r
519/7
BO3AyXa HE
Solna
-
00
PMD
0
Parasta ennen
COnSUmIF
Best before end:
KOHLI: CM
L5640
12
AAN
P터
2021
MaCCa HETTO:
TaMR
305
Nettopaino
antes del fin de/-+
06:39
R
258816","['BEST_BEFORE', 'MFG']",True,True,False,False,False,0,0,[],[],0,0,0,0,0,0,0,10,0,2,0
001622.jpg,001622,763,1018,763,1018,0.776734,3.193,1.286,3.193,70.5,15.6,0,27,22,5,0.7841111111111111,"역선만
고풍
등굴소
남배신
금론
윤리
기능한만감실
란식향산미털
무첨가로
조료다라
우리가죽된
로동
대두밀새우조지류급럽은
IF
C20-850-1200
얼
1666-5471문개Rd0!
고풍
ALL
20220114
11:12
VE
20220114
화료구
샘고
11:12
머",[],False,False,False,False,False,2,1,['Y4_sep'],['2022-01-14'],0,0,0,0,0,0,0,0,0,2,0
000620.jpg,000620,1613,763,1280,605,1.230719,2.549,1.637,2.549,75.7,84.0,0,33,20,13,0.9515454545454546,"황산류최고/
소비자기본법에
능
국변없이
1399
직사광선을
피하고
고는
서늘한곳에보교
홍고추씨
입자는
원료고유의성분이다
개봉후
안심하고
드십시오
2026
07
06
까지
13:55
안심하고드십시오
2026
후냉장
고객상담실80-024-31수신자요금부담
국변없0
소비자기본법에따라피해
1399:직사광선을
13:55
홍고추씨입자는
8
피하고서늘한
까지
원료고유의성분이다",['까지'],False,False,False,False,False,0,0,[],[],0,0,0,0,0,2,0,0,0,2,0
002155.jpg,002155,640,640,640,640,0.4096,3.252,2.081,3.252,53.7,18.8,0,28,22,6,0.8162857142857144,"씹는껌
자기전에
휘바
LOfT트
자일리톨
210521
버스와
함께하서요
클
자일리정
스가
출상합냐권
닥티
자
대한만국을
뭐매
치고
봉사금차
[문
1눔음
치라
진료가어기오
자기전에씹는껌
자일리
LOTTE
2120521
룸
휘바",[],False,False,False,False,False,1,1,['Y2_sep'],['2021-05-21'],0,0,0,0,0,0,0,0,0,0,0
002884.jpg,002884,802,1069,802,1069,0.857338,7.945,4.945,7.945,252.8,105.9,0,96,60,36,0.9030416666666666,"Fresco
프레스코
[
포도씨유
22
11:5T
까지
안심캡사용법
뚜껑을열면
년마개가
함께열리며뚜껑을닫으면
마개도
유구륜울
겨울철이나'
냉장보관하실
있으나아는포도씨유
유고유특성으로
사용중공기에장시간노출
시에는
약간의
이취가발생할
월yh이
후에는
뚜껑을
서늘하고고늘진곳에
모군교
주십시오
식품유형
기타식물성유재
유통기한
상단표기일까지
원료명
포도씨유
M
내용량
9051
제조원
BOAGES AGHCULTURAL
I & IDLSTFL EAEOLS SAU!
마
울주군삼남면반구대로:
주식회사오뚜기
울산광역시
수입판마원
'부정-
불량식품
신고는:
국변없이
1399
:본제품은소비자
분쟁해결기준에
보상받으실수
의거교환또는
고객상담실
100 g당 9Okca! Ig-10m!
나트른
탄수화불
185%트랜스지방
여포화지방
단백절
|이나이
몽결현승
음로
또
한심캡
메는
2220T20
영양정보
주의사항
포도씨유
는
염려가
2뚜]
늘하고
뚜껑을
의거교환또는
단/
링
없습니다
특성으로
포도씨유
프레스코
|
유통기
인
마개도
페프탁리
2311
포화지방
중공기에장시간노출
11:57까지
/동인구
뚜껑
상단표기
는
후에는","['까지', '별도표기', '유통기한', '제조일자']",True,True,False,True,True,0,0,[],[],0,0,0,0,0,1,1,1,0,1,0
002519.jpg,002519,640,640,640,640,0.4096,3.21,0.752,3.21,75.2,7.6,0,20,19,1,0.8477500000000001,"마남부초
건거내고십사오
미표
조하고
서늘한
OTHER
시설에서계조하고
곳에보관하십시오
원와고시
있습니다
익거
풍금볶금극상
수있습니다
교혼
부용물품식품
신고는
국변없이1399
808018
20230125
20230125",[],False,False,False,False,False,2,1,['Y4_sep'],['2023-01-25'],0,0,0,0,0,1,0,0,0,0,0
001036.jpg,001036,640,640,640,640,0.4096,12.919,3.897,12.919,266.3,84.5,0,158,123,35,0.7717594936708861,"02394DR
식품의
GSUESRGUE
유형
컨디
크레우음4보
93749309
부불면
54%
30%
유자A
7%
토화자
GYL!
5%
21
2%
NGau3LnALars!
단력질038
1%
Talady
3220
지범
1%
N005
NS
2408%
ULgRiUpi
일
금유용
개인의
UNEnGCrHUA
품린소유움트템
HULE6UuH!?
800AF
2500321서용시호구징년
109기4국
15인19
25호
V10-3-1523-11281
HRSELECHUSLSL
본재품은
공징기건무인회고시소변차
이라금
독일
Sr2an
Candies
Ingredicnts
S9a
GuCLSEeSyTup
GEAr7
91Condensed
F00utadb
F고
제조사
신고는
국변요함
Whey Butter 48951 Cane 
SgarSyup
S!
Enulgf의 Soy
AUGUST
STORCK KG
Lecithin
3221Fav0I
PanaN9g9123790H2
Huatulutuijususidnu 
Ppsrt2실비
F0SO로
BLOUHMCUILUH!
Clsffen
Aordt cor
0443-7
L552AR11
WrwWerthels-originaLCom 
D51A
45100P건2ng세
24
대교
usn
D5trbufedb
16037하
카리6U기재
MIGC GrP
Cuvertue ixr  Corp 
Storenacoddypa Betbere
2Sn Nin9 Lane
Cofrposie Goup
Naca Ofy Thir
04-84 Sngapore 57399
158
ngnuainglan
12223
{4보0
07072020
Cnuauf
R
10120
150-2681
15081
ExP
07102021
원개4412
uwinan
DR38E
포장제잘
90
I-!
D06
382:
피해서늘하고
중중
을균동
직사광선을
29
곳에
보관
유통기한
제품에
표시한
건조한
일까지
제조일/
대
Store na cod dy pace Bust bece
Hey Butter
</10-3-11523-1-1281
BG1%SBL1
H191254%
0L225508 0a34uDR
ExP07102021
PR07072020
DR38E
TULESS/46
2%
HULefUUu!
미0
피해
CearZA
이
어는
교료피理
포장제잘
LoDDENS
>
유7%
F
평눌보
유용
보
수밀한다크로통상퓨전로
단뱍질031%
중랑909 382
를
위미거교문포는
MakaS! UtY PR
29
9","['까지', '유통기한', '제조일자']",True,True,False,True,False,0,0,[],[],0,0,0,0,0,0,13,3,0,0,0
002584.jpg,002584,676,903,676,903,0.610428,6.487,3.8,6.487,47.7,20.7,0,83,55,28,0.8515060240963856,"411-23
M130920
유라
INGREDIENTI:
Saie
marino
fn0 989%
태
G면E
Tartufi!
Neri 06%:
Tartufo
Estivo 05%
4D4
Back Ths
식얼힐년순
aestivum
Vitt
Tartufo
Nero01%
Tuber
Tb의
004층412호
뚜:철
elanDsporum
Vt
Aromi
Pu0
Contenere
로
검은서방송로항05%
TracCe
Spore
Ge!
gerere
Tuber
G0S
Ideale
Piatti
base
-
O pesce
eper
Der
Carne
Salare
Pacqua
della
pasta
Conservare a!
1uCe
fonti di
Calore
DUFFUL문
Dar0
검은서양송로항05%
Riparo da luce e fonti di calore
Salare Pacqua
per piatti a base
Tracce o spore
TelaNDSDOrUm
INGREDIENT: SaLE mariNO
130920
Vrt
CaHe
TaruI0
DaSE
Here
Ar0mi
Nero
DeSCe
Estiyo
u
-
Contenere
오
Sp
-
fino
deale
LD6
989%
료료",[],False,False,False,False,False,2,1,['Y2_sep'],['2013-09-20'],0,0,0,0,0,0,7,0,0,0,0
001033.jpg,001033,640,640,640,640,0.4096,1.999,1.316,1.999,32.2,9.6,0,23,17,6,0.7918695652173914,"HACCF
욕조리
PrCh
Chopped
NOOdIR
2양에
로:
네익에다
20190716까지
F1
3모문
K9
5~6
곰공
KCDD!
1009당
경5드대
브조리
그!
곰공
최갑
일맛에
후루",['까지'],False,False,False,False,False,1,1,['Y4_sep'],['2019-07-16'],0,0,0,0,0,0,0,0,0,0,0
002544.jpg,002544,947,1263,947,1263,1.196061,4.969,2.041,4.969,141.8,25.3,0,56,43,13,0.8748928571428571,"도전
도전비자
한일식픔주
한강라면
그~까이꺼!!
매운맛
덤벼
조리여
178g330
kcal
1588-1530
레프명
구입처및제조원
밀가루밀:미국산
캐나다산
벼서저트
치구드
20019 103%탄수화둘
회
드
지방4699%
트랜스지방
레스테톨
0n00%
단백줄
1200
400
160
D0U
800
2060
9
AL표
Omg
나트룹함량비교표시
브라질
숙면국물형
나트룹
평균함량
/티아>
31
08
서
78g330kcal
한일식픔주
매운맛
상사영
덤벼
536
[1!
큼
:
1000
-
A
콩",['제조일자'],False,True,False,False,False,0,0,[],[],0,0,0,0,0,0,3,4,0,0,0
001902.jpg,001902,640,640,640,640,0.4096,1.738,0.892,1.738,19.5,2.9,0,5,4,1,0.975,"28102021
:308
21:18
24657
:308",[],False,False,False,False,False,0,0,[],[],0,0,0,0,0,0,0,0,0,1,0
000940.jpg,000940,640,640,640,640,0.4096,1.039,1.464,1.464,0.0,3.2,90,4,0,4,0.852,"S
7
고고
0",[],False,False,False,False,False,0,0,[],[],0,0,0,0,0,0,0,0,0,0,0
000876.jpg,000876,1248,937,1248,937,1.169376,1.243,0.873,1.243,4.2,4.5,0,5,3,2,0.8586,"교고1
까지
~aeil
교교1
까지",['까지'],False,False,False,False,False,0,0,[],[],0,0,0,0,0,0,0,0,0,0,0
001012.jpg,001012,939,704,939,704,0.661056,2.679,2.169,2.679,42.8,16.2,0,20,13,7,0.8439500000000001,"650
5980
맞향
융전
고
매콤한
사회장
고기건품입장
제조일:
20201111
유통기한:
20211110
까지
5980
-
고기전용
맞향
유통
고기건옹입정
까지","['까지', '유통기한', '제조일자']",True,True,False,True,False,2,2,"['Y4_sep', 'Y4_sep']","['2020-11-11', '2021-11-10']",0,0,0,0,0,0,0,0,0,0,0
003193.jpg,003193,979,1306,959,1280,1.278574,3.139,1.303,3.139,68.2,51.7,0,42,25,17,0.8713095238095238,"1단계
순한맛
매코달복
해요!
유통기한
2107
13까지
A17:12
muone
15010
라면사
셀편삭감
국들
둥
-
-
명
간편하게
즐겨보세요!
J~10%
떡볶이떡
초개
균려모욱
1개
한가닥까지쫄깃합니다
모
미겨의룸머너
유통기한
210713까지
순한맛
매코달족해요
단계
muone
생면사감
부미세
A17:12
길틈에
국
~10%
간편하게
라면사
즐겨보세요","['까지', '유통기한']",True,False,False,True,False,1,1,['Y2_sep'],['2021-07-13'],0,0,0,0,0,0,2,0,0,2,0
002065.jpg,002065,640,640,640,640,0.4096,4.557,5.987,4.557,124.8,78.2,0,90,50,40,0.8586666666666665,"요큰려
658
%마국전
함량
토마토
%
특정성분
9
%스페인산19
소주의사항
로르곱
반드시
후
포장재는
사용
-
이
조
십시오
제품과
사용한
제품
있습니다:
%
다칠
설에서
제조하고
제품
가
유리재질이므로파손되어
본
극배
보송
나
주의하여주십시오:
-
-
소리를
시
-
있습니다
신고는
455
:
2~3인분
15:47
미국산
20210903
9
%
십고전설가냐권
특정성분
습부
스기
돼홍서
궁웅
1
합저
20210903
6
0
실도하
>
우
유변넘마
모우
신의
>
보질주조로
넣은공사
大
재려
-
다용니소
극0흥
10
중부움
소유버스
8
흥에는
소국
15:47
00
그
러극
60
주오문문
강주야
므
누0",['제조일자'],False,True,False,False,False,2,1,['Y4_sep'],['2021-09-03'],0,0,0,0,0,0,3,0,0,2,0
003048.jpg,003048,640,640,640,640,0.4096,0.464,0.416,0.464,11.3,0.0,0,7,6,1,0.9311428571428573,"2021
07704
느큰1
tart!
Salsa
Mmil
Salsa",[],False,False,False,False,False,0,0,[],[],0,0,0,0,0,0,0,0,0,0,0
003050.jpg,003050,640,640,640,640,0.4096,2.668,1.018,2.668,23.9,9.3,0,15,13,2,0.7965999999999999,"2509
Auto 커auge
사후
Brimil
대I
Mozzarella
보건
160221
Qut:
10150838
0744
OG시
SrHccr
160221
2509",[],False,False,False,False,False,2,1,['Y2_sep'],['2016-02-21'],0,0,0,0,0,0,0,0,0,0,0
002364.jpg,002364,640,640,640,640,0.4096,4.562,3.27,4.562,155.3,72.5,0,78,48,30,0.8887820512820511,"껍질속에
숨겨진
Wonderfu!
놀라운
보동
PSTACHIIOS
288
내방상
102당면조
1008당
나
Y요로욱
피스타치오
직접
재배하고
담았습니다
202108
04까지
피스타치오와
까먹는
간식
재미에
바져보세요
레/픔명
원더풀
F
소재지
피스타치오
파라마운트즈
가염
소재지
늘동Y/공야폰
휴35모구
및
주더채움/경기도
송마구
올림p로212
러라아부스드
고양시
제폼
라굴고오은울구를
뒷면
궁국시오리표
46번489-19
및
피스타치오미국산
가장
순
레품명
및소재지
PISTA
껍질속에
까먹는
르제
202108
제전
료리공
금
재미에
명소
피스타치오
숨겨진
경가도
-
바져
은
SOIIH
어
줄라운
농두
보세요
재배하고
송마구
간식
순
40번길:
림믹로212:
8919",['까지'],False,False,False,False,False,0,0,[],[],0,0,0,0,0,0,0,0,0,0,0
002143.jpg,002143,756,1008,756,1008,0.762048,2.434,1.788,2.434,42.7,29.8,0,25,17,8,0.8877999999999999,"상전행에복
210208
까지F1
대표어묵
논미하로
분산이크
F/S
농구
CAKES
008
FOR
얇은사각
어
황금식감
더욱
맛있는
부산어묵
얇아서더욱맛있는
얇은사각
부산어묵
2음금다
중
210208까지F1
008
FAMILV",['까지'],False,False,False,False,False,2,1,['Y2_sep'],['2021-02-08'],0,0,0,0,0,0,0,0,0,0,0
003126.jpg,003126,756,1008,756,1008,0.762048,0.821,1.23,0.821,22.9,11.8,0,13,7,6,0.8583076923076921,"반건조
무농악
210216
고구마로
만문
내면곤관
659
반건조
관
무면
유육
금무
고구마로",[],False,False,False,False,False,1,1,['Y2_sep'],['2021-02-16'],0,0,0,0,0,0,0,0,0,0,0
001301.jpg,001301,1108,1477,960,1280,1.636516,4.384,4.944,4.944,40.7,48.1,90,77,42,35,0.9096363636363635,"HESE
PARMIGIANO
REGGIANO
AGED
OVER
15 MONTHS
Product
이
Italy
Autorizzazione
Parmigiano
Reggiano
Vigente
09/2012
Keep
refrigerated
+C/
+100C
Production day:
30
11
20
Best before:
67
:11
21
15kg
E
려니1
LOTT0:
LH[U3351
D8:46
621
드
IN1ULIJO
FORIIAGG!
SRL
4tah
 Via Emilio
Lepido
58
- Parma
Autorizzazione Parmigia
LOTT0:
Keep refrigerated 
Product of Italy
IMIULINO
Production day:
AGED OVER 15 MONTHS
Best before:
가
원산지
U
이고
15kg
 PARMIGIANO 
[IH:46
LHD335I
E
FORMAGGI
+0C/+10C
2911
3011
Reggiano vigente 09/2012
58 - Parma
 REGGIANO
SRL
-
0
21
2
GD
:tnsib91pn!
102
OMA3MSA9
191091
BECCIVMO",['BEST_BEFORE'],True,False,False,False,False,0,0,[],[],0,0,0,0,0,0,0,2,0,1,0
000657.jpg,000657,953,1694,720,1280,1.614382,2.16,1.673,2.16,20.4,9.4,0,8,7,1,0.8298749999999999,"179
랜스차방
60
19
스를
5
20260727까저
20260727까져",[],False,False,False,False,False,2,1,['Y4_sep'],['2026-07-27'],0,0,0,0,0,0,0,0,0,0,0
001857.jpg,001857,971,1377,902,1280,1.337067,8.631,1.702,8.631,202.7,2.9,0,102,94,8,0.9016568627450979,"의한
한글표시사항
칠리소스
페쪽영:
레드킴리34%
식품유흥
SONS
SDN BHD
제조자
MALAYSIA
말레이지아
워산지
수입원
서울시강동구
'류
레드칠리34%
원재료엄
정계소금
사탕수수식즈
운
3589
포장재절
제품별도표시일까지
국무극3
유통기한
롱류운Y는
군교
서늘한
곳에보관
수입원
라유운
__
본제품은
교환
또는
보상받으실수
기준에
미거
부정불량식품
신고는
1야평규는
11399
Nutrition
Information
er
100
Per
100%
Energy
1112년
266 kcal
Protein
219
Fat-Total
Less
Than 01g
Saturated
LeSS
Than 01g
Carbohydrate
6459
Sugar
5939
Salt
43g
히리론
다른
재료들의
분리가
발생할수
이
17!
이는
제품의
문제가
아님
기
잘흔들어
여루비
1시십시454
SHAKE
WELL
EFORE USE
1321-A시
NOREFRIGER
TION
NECESSARY
ATCH
NO
COm
EST
BEFORE
1Fr
-
BATCHNO
GOREFRIGE
SHAKE WEL!
1Frtr
ST BEFORE:
FION NECESSARY
FORE USE
101","['까지', '별도표기', '유통기한', '제조일자']",True,True,False,True,True,0,0,[],[],0,0,0,0,0,0,3,4,0,0,1
002136.jpg,002136,697,950,697,950,0.66215,8.856,3.342,8.856,326.2,116.3,0,85,65,20,0.8884705882352941,"기준과
정성으로
우리
식문화의가시는
식품
발피
비기
새롭게
높여가는
신세계푸드의
Ohet
저품명
멸차볶음고추장소스
식품유형
소시살균제품
올바르다
제조원
전라북도순상군순창읍민속마을길55-9
주신세계푸드/
1-81바무공교무공고유오
고소하게감칠맛좋은
1통기한
후면하단표기일까지
멸치!
실온보관개봉후냉장보관
1올반
180g60gX3개입
장송
볶음고
원시료명
A매
정제스
천야념
Anchovy
올리고당
문장함유
용하음
Olbaan
추장에
대두밀토마토함유
대한민국식품명인36호
폴리어틸렌용기리드지폴리프로팔레뚜
블피하교둥
19970499063240
멸치볶음고추장소스를
바르고정갈하게
만듭니다
깔끔합니다
튜브용기로휴대가간편하고
고소함을
담았습니다
국내산
노보상받을수있습니다
불량식품신고:국변없이1399
고객기무
http/uwwshinsegaefoodcomcs/vocsf
조래에
AAE
023397-6113
상품의이마름돔기우켜
유통기한
20211011
911433
까지
8""809547""
올반
바르고정갈하게
멸치볶음고추장소스
296공음몸논머워h
Olbaan Foo
볶음고
유통기한
/튜브용기로휴대가간편하고깔끔합니다
고소하게감칠맛좋은
ADChOy
20211011
마금
담았습니다
드고추쟁
새롭게높여가는신세계푸드의식픔브랜드입니다
지
좀
가서
3397-611
구원남면원남산단로128-14","['까지', '별도표기', '유통기한', '제조일자']",True,True,False,True,True,2,1,['Y4_sep'],['2021-10-11'],0,1,0,0,1,1,0,1,0,0,0
002256.jpg,002256,1030,1374,959,1280,1.41522,2.486,3.001,2.486,63.2,28.8,0,37,18,19,0.8163243243243244,"MS
림가앞
명
605
29i68 g9go o2t60 s80i8
조원
가화에어
제:
충청북도진천
주한국생활간
소분원
경기도안성시
주한국생활건경
고환포드보상
상품:
서울
광진구동일로
4302
ELE14
|
91988
9947년
30565
99152
99990
605
OH
머니
고
F거
Or
건으
주
>
게F
HC
H",[],False,False,False,False,False,0,0,[],[],0,0,0,0,0,0,0,1,0,0,0
000550.jpg,000550,1050,1400,960,1280,1.47,3.588,1.924,3.588,115.7,28.8,0,48,38,10,0.8892708333333333,"100g당
155K2
양정보
1일영양성분
유율울
기준치에마린을
1일
기준치에대한비율
주내용량동
지방
229%
48
4mg
트름4581
트랜스지방이
8%
2488
다수화물
2%
포화지방
148
9%
당류23:
7%
단백질
58
20mg
99
톨레스테롤
HACGP
캡:철
라벨:PP
3
""80929881466!
-
소비기한
20250529B
까지
소비기한
정보
20250529B
8809
을융울
고
I
스지방이
X
81466","['까지', '소비기한']",True,False,True,False,False,2,1,['Y4_sep'],['2025-05-29'],0,0,0,1,0,0,5,3,0,0,0
000937.jpg,000937,769,1025,769,1025,0.788225,3.909,5.299,3.909,41.2,27.2,0,31,13,18,0.7384516129032259,"내용링4509
:용목
레살근제물
품목보관로
0000
1019
남감보변해사는
메트
101005
139762
WhSempiOCO
222[
LE 11S:49
22206119:49
한품부고힉지
-
고료
돈
-
""
1
-
금명의
금
-
1011495
새고
구
다
16
惠런",[],False,False,False,False,False,1,1,['Y2_sep'],['2010-10-05'],0,0,0,0,0,0,0,0,0,0,0
001247.jpg,001247,640,640,640,640,0.4096,5.585,7.756,5.585,182.9,29.7,0,72,40,32,0.8135694444444445,"주면
세풍
초코집쿠키
시주모
과자
19870415003165
주시
주오리온제4청주공장
중청북도청주시흥덕구월명로249
원재료명
마름하공롱'가유하바후'자논림바림288
프랑스산
초코집벽설탕
식물성유지
산도조절제2종
식염
코코아분말2
벽설탕
전란역물엇가공연유
코코아분말1
치즈분말
유화제
언하이드로밀
금금
혼합제제합성향
21012061016
크릇
혼합제제합
까지
료
카카오추출물
기한
20119A
성향료
카라멜색소
륜름
시고가
H 16HBOGOTOR
8당1117
109202
머
10
He
머
-
갑
O및
-
0
이
F주
리거
-
어
201191A
21013060
내
olY
구
[
적0
요교
이
|
나
H!
마려
은
>
년
요
마",['까지'],False,False,False,False,False,0,0,[],[],0,1,0,1,0,0,0,0,0,0,0
002224.jpg,002224,984,1312,960,1280,1.291008,4.125,3.466,4.125,68.5,67.6,0,47,23,24,0.8883617021276597,"해주세요
No
눌러
이용
*네스프레소
극국우
가능합니다
모든
오리지널
DY
FYIo워L
0루R
애
1차추출
에스프레쇠4Om로
네스
프레소
30초
머신사용
2차
대기후
유통기한
20220914
유통기한
20220914
2차추출
롱고110m로
해주세요
IY
미부의나
병
하내
30초
1차추출
고록
튼을
FYI0웠L
글께
극궁우
에스프레소40m로
10루부
*네스프레소
Y
Y라
*네스프레소
No
6",['유통기한'],True,False,False,True,False,2,1,['Y4_sep'],['2022-09-14'],0,0,0,0,0,0,0,0,0,0,0
001539.jpg,001539,640,640,640,640,0.4096,9.023,0.554,9.023,166.4,5.3,0,61,59,2,0.7884098360655739,"HErs
-
CHOCOBANANA
CREME
WAFERS
허쉬
MIN
조코바나는
무스
미니
마제면
말레이시아
바나
라
러대고
너
2211림
OTH든F
계포하고안입니다
돼지고기
복숭아
보마로오두
쇠고기는
공정거래위원회
고시소비자
나무어
대하
교담
가에
부집당은
규지피는
한내리는
가금전
지사광선및
습기를
피해
서늘한
보관주시
고지원렌터:970
혼하집기
신물
시고는국는
4687-2311
'HERSHEYS
모
마
총니임공100
비
160r98%
트랜스지방09
탄수화품64020%
당류27027%
1험형할병복기문차에
포화지방
209133:
옛
블레스네종00
대단
비불폰2000KCR!
음
220118",[],False,False,False,False,False,1,1,['Y2_sep'],['2022-01-18'],0,0,0,0,0,0,3,0,0,0,0
001741.jpg,001741,640,640,640,640,0.4096,2.324,0.798,2.324,19.4,12.5,0,11,8,3,0.7670909090909092,"__
정화동10차
국산
탁시시소결
HACCP
2122
1101
동징위지가관
동징유지가관
1층
20221101",[],False,False,False,False,False,1,1,['Y4_sep'],['2022-11-01'],0,0,0,0,0,0,0,0,0,0,0
000598.jpg,000598,1299,763,1280,751,0.991137,7.237,9.804,7.237,221.1,93.1,0,125,62,63,0.9189599999999999,"소비기한측면표기일까지
서동로
23길
11
F4
주오리온
식품안전관리인중
제4청주
HACCP
청주시
HACCP
인증제품
흥덕구
픔룡
183
HACCP마란?
2017041515830
2공몸어0:
식학차에서위생적이고
[옥수수
외국산
러시아
헝가리
IFY
당혼합제제
1폴리글리세린지방산
비탄지방산에스테르
식물성유지3
우지4
혼합제제
2탄산수소나
8
""801117
546519
료
카라멜색소N
혼
I
4향료
료류름
우유
함유
소비
부터
게
조개류굴
홍합포함
혼입가능
250910
09:55
피해보상
직사광선을
Ho
기한
260309A
F4
까지
전화
문자
080-023-5700
명은
곳
의잔민즈
게
A
이
9
조가
입
7041515830
잎
Z스5
더<
외
무
국산
주시
<
아이
<
[이
F4
직사광
표
이이
우유
러시아
이
도
:쥐오리온
주
궁이
구
H
문자
전
탄산
명로
등
궁이
0인
-
정
4
제4청주
까지
또
수소나
즈
러
-
유지
183
잎""
가능
뚜
>
가
소비
O2C제
HACCP
HACCP인증제품
9:
55
자","['까지', '별도표기', '소비기한']",True,False,True,False,True,2,2,"['Y2_sep', 'Y2_sep']","['2025-09-10', '2026-03-09']",0,0,1,1,1,0,0,0,0,2,0
002647.jpg,002647,1251,938,1251,938,1.173438,3.257,2.414,3.257,66.0,15.5,0,26,19,7,0.8821923076923076,"음울울
가준차에대
12201240지
지방
149
26%
트랜스지방이요
HACCP
비닐류
14%
포화지방88
53%
단백질
39
5%
SSGCOM
R600
울%은1000대기준어므로개인의골요열량레다학디를수있습니다
HHIO
는
남는
0
SSGCOM
요거트분발05%함
안전관리인증
HHIO",[],False,False,False,False,False,0,0,[],[],0,0,0,0,0,0,5,0,0,0,0
002346.jpg,002346,640,640,640,640,0.4096,1.659,1.435,1.659,23.9,19.1,0,16,8,8,0.8851249999999999,"Pl/1u0?
우유대신
코코넷으로!
식물성
액티비아
풀무원다논
ACTVA
12
식물성
ACTIVA
우유대신
음공리료
ArUD가
12께지
액티비아
125",[],False,False,False,False,False,0,0,[],[],0,0,0,0,0,0,0,0,0,0,0
000944.jpg,000944,818,1090,818,1090,0.89162,7.092,4.05,7.092,56.8,18.4,0,58,40,18,0.7251724137931035,"JOn6
256
부9면
US
5L
대안
S~J
CJLELI
AA
2대
3JB96
9S대
면
3너gt
10
J SJIX13
9SRI
39A
GLS!
ULAtJ!
J93
loas gSl 8u
3호0
SJ
S22
SLiusg
sa!!
46
L
CsisaS Ja
6남S너
동다
원9스
PROD:
03/04/2020
ExP:
03/07
/2021
L308e9420
22:13
PROD: 3
355556
-너
UO]106
3SSg원
10
나무
하에
Gle
몸은
S>
대눈
S
E
E:
95LGL
면
CUCAA",[],False,False,False,False,False,0,0,[],[],0,0,0,0,0,0,0,3,0,1,0
001440.jpg,001440,640,640,640,640,0.4096,1.887,0.799,1.887,26.3,10.0,0,10,9,1,0.8446000000000001,"구피
AP로
가자
F1-A11:16
202109
03까지
계품명
인격미스나
1사
20210903까지",['까지'],False,False,False,False,False,1,1,['Y4_sep'],['2021-09-03'],0,0,0,0,0,0,0,0,0,1,0
003026.jpg,003026,852,1136,852,1136,0.967872,8.197,6.578,8.197,259.0,81.3,0,106,65,41,0.8856320754716982,"210410까지
내용량5609
주의사항
유통기한:
토
포장재는
전자레인지용이
얼미종
전자레인지어서
조리하지마십시오
포장재
품목보고번호:
개봉시
치아를
사용
하면
손상을
입을수가있으니
1992015423619
춘수해
주세요
두
편차발생시제품
남산375%/어육
표면에
맺히는
물방울
인하여
하로표
우려가있으니
트치즈![자연치즈
주의
지뭐을
제품에
치즈가번져보이는
미편
것은
치즈
사
가공치즈
산도조
10목류료
치즈호주산/원유
099울부
935gX
16개/1개35
/당
이노신산이나트
방32g6%트랜스지방05
91%당류2g2%
5'
1499:
대두
공부
영양성분기준치에
주이므로
대한비율%은2000
여
KCa
있습니다
료피
음움는
밀몰헤수우롭다경
전복
새독
0
11
모표
가
아
퓨리피
坊
2
이
기일까지
[자연치즈
23619
리다
야
음움은
주의사항
|
IC
전자레인지용이아니므로
모F
주
210410까지
IF
0
0
>
자
하면
거
머표
치즈
스
6
손상을
있습니다
O
화지방
맺히는
입을수가있으
OYEYF
14","['까지', '유통기한']",True,False,False,True,False,2,1,['Y2_sep'],['2021-04-10'],0,0,1,0,0,0,4,2,0,0,0
000870.jpg,000870,1008,756,1008,756,0.762048,4.566,2.906,4.566,111.5,64.0,0,63,41,22,0.8895238095238095,"곰유88림
밀
곰유음음
음600
XxP
정보
음500
기준치에도
룡흥
-
763?
나트름
210N0
1%
지방
309
56%
15102021
68
0
탄수
화물539
16%
트랜스지방
059
AHE44A
13:28
Lr
당류
259
25%
66용후
60
159
콜레스테를
5mg
29
단백질129
22
100g당
부기즈1비학비무200
1009
내용량
0
109당
당류259
레스테
수화물539
-
롤5mg
16%
1%
이지방309
1009당
드랜스지방05
-
56%
응용
-
터X
1092123128
000
597638",[],False,False,False,False,False,0,0,[],[],0,0,0,1,0,0,7,3,0,1,0
002891.jpg,002891,640,640,640,640,0.4096,1.975,0.584,1.975,9.3,9.4,0,7,4,3,0.765,"마
대0목
될
크0111-11
20211111
불이
-",[],False,False,False,False,False,2,2,"['Y2_sep', 'Y4_sep']","['2001-11-11', '2021-11-11']",0,0,0,0,0,0,0,0,0,0,0
000001.jpg,000001,3024,4032,960,1280,12.192768,6.493,7.374,6.493,233.4,181.8,0,130,65,65,0.9318153846153846,"첨단로
161
궁교
홀푸드코리아주/제주특
별자치도
제주시
첨단로
213-3
301호
내포장재질
매고름0고륙
여표티교눔목
20130628332176
반품및교환
구입처
소비자상담실
1899-1494
직사광선을
피하고
서늘
理께
균과
하고
습하지
않는
곳에
실온
섭취방법
1일
1~3회
1회
섭취량
및
1포씩
궁
래
섭취
드십시오
하거나
물에
오우오
드십시오
가볍게
흔들어서
부정불량식품
신고는
유평표논
본제품은
공정거래위원회
1399
고시소비자
분쟁해결
올이러군회공몸
기준에
구음요
HACCP
소비자
애우프
보상해드립니다
식품의약품안전처
까지
소비기한
20270626
LOT NO
543123
소비자상담실
반품
품목보고번호
내포장재질
301호
별자치
궁규
첨단로
가볍게
하거나
섭취량
하고습하지
보상해드
소비자피
기준에
고시
1399
1포씩
LOT NO
소비기한
및교환
소비자
드십시오
}므
H
동
어
동
해에
오
섭취방법
직사
제주시
량식품
푸드
제품은
YO
않는
정C
더
구입처
대해
광선을
1899-1
20130628332176
코리아주/제주특
H우요
No
신고는
곳에
첨단로
공정거래위원회
피하고
1494
1~3회
니스
HACCP
평표논
이
균피국
213-3
까지
섭취
서늘
1회","['까지', '소비기한']",True,False,True,False,False,1,1,['Y4_sep'],['2027-06-26'],0,2,0,0,0,2,0,0,1,0,0
002620.jpg,002620,640,640,640,640,0.4096,1.635,0.888,1.635,15.0,2.9,0,14,10,4,0.6739285714285713,"2당2
서용람250
O uP viTh ChHEESE
미P
WaN
351승문
개온
희합니다
JUTNIHSA
3천5
WITH CHEESE
자51보S보NIF
HOt
DP",[],False,False,False,False,False,0,0,[],[],0,0,0,0,0,0,0,0,0,0,0
000157.jpg,000157,3024,4032,960,1280,12.192768,1.541,0.474,1.541,0.0,0.0,0,0,0,0,0.0,,[],False,False,False,False,False,0,0,[],[],0,0,0,0,0,0,0,0,0,0,0
002939.jpg,002939,886,1181,886,1181,1.046366,6.736,4.991,6.736,33.2,20.7,0,94,62,32,0.9254468085106383,"Coconut is
국된
the
most
nourishing
foods in
the
World
Sxtra
Virgin
Coconut
이
Suarantes
장
high
ConteR:
medium-chain
fatty
acidSMCT
Enhance
VO내!
ite
recipes
&
6ody
Care with
COCOLIFE
COCOE
!
INGREDIENTS
100%
UNREFINED
COLD-PRESSED
EXTRA
IRGIN
COCONUT
OIL
PRODUCT
OF
VIETNA
STORAGE
Keep
away
Tr0r
direct
I sunlight
No
refrigeration
required
Coconut
이
melts
at25C
WWW장수농가
LOT
NO
VA351
ExXP
DATE
2022/07/29
680
809413
EXP DATE
LOT NO
Coconut oil 
STORAGE
PRODUCT
COLD-PRESSED
INGREDIENTS
COCOLIFE
Enhance yOu!
a high conte
the worid
Coconut is
2022/07/29
:Keep away
OF
VA351
00
VIETNA
EXTRA
:1000
fedium-Chain
금는
RGIN
UNREFINED
recipes
direct sunlight
COCONUT OIL
&
fatty acidsMCT
WWW장수농가
I guarante
관:",['EXP'],True,False,False,False,False,2,1,['Y4_sep'],['2022-07-29'],0,0,0,0,0,0,1,0,2,0,0
000840.jpeg,000840,3024,4032,960,1280,12.192768,6.033,3.758,6.033,175.0,69.3,0,70,50,20,0.9243428571428572,"옥수수
3청가
벽돌모양레드벨벳
케이크
제품명
[90 g430 kcal
식품유형
빵류
소비기한
별도
표시일까지
보관방법
냉장보관0~10C
트레이:
종이
용가:
PEIT
포크
PS
내포장재
20210363
128114
품목보
고번호
서울시
종로구
새문안로3길
36
유통전문
제이탑컴버니
133호
내수동
용비어천가
판매원
경기도
공융
처인구
모현읍초부로
제조원
타르트엔코
132-12
TEL
031
1-323-4177
소비기한
3
809243
동란안께
현오고
기차
0
타르트엔코
333호
0363128114
얇은
소비기한
제
거천가
:이클'
소비가
종로구
처인구모현읍초부로
위
909
새문안로3길36
430 kca
표시일까지
호오고
F
옥수수","['까지', '별도표기', '소비기한', '제조일자']",True,True,True,False,True,0,0,[],[],0,0,0,1,1,0,0,2,0,0,0
002434.jpg,002434,1004,1285,1000,1280,1.29014,4.853,5.267,4.853,178.7,143.0,0,81,44,37,0.9455679012345678,"제품명
유기농
아름다운
보성녹차
침출차
읽信패공
유기농차나무잎
100%
뮤리
보성군
율
11g119
10개
품목보고번호
199605
19025-34
내포장재질
여과지천연펄프
:부정불량식품
신고는
아규논
1399
주의사항
본제품은공정거래위원회고시
소비자분쟁해결
받을수
있습니다
기준에의거교환또는
제조원
最욱
보성제다
반품및교환장소
구입처
및제조원
유통기한
별도표시
2023
0107
유통기한:
까지
영농조합
보성제다
법
인
유통기한
유통기한
반품및교환장소
제조원
주의사항
내포장재질
품목보고번호
율
제품명
별도표시
구입처
페류하호풍
119119X10개
유기농차나무잎
19960519025-34
점
유기농아름
출차
또요
20230107
준에
농조
및제조원
으무
메
보성제다
신고는
극낚
보성녹치
보상을
국변없이1399
100%전남보성군
고시
릉쿄
<
있습니다
까지","['까지', '별도표기', '유통기한', '제조일자']",True,True,False,True,True,1,1,['Y4_sep'],['2023-01-07'],0,0,0,1,1,2,2,1,0,0,0
001861.jpg,001861,1084,1445,960,1280,1.56638,20.66,2.14,20.66,82.8,40.2,0,196,182,14,0.8611479591836733,"ACOUA
FREDDA D
MONTAGNA
Kulhydrat-
-Kallrydrat
Irpastiano solo con acqua
Frda금oana
Jdir 2ucr2r
CallaMajela
CnSUGr5
perassicurareunaperfeatanutain cotura
Cale51ucares:
- rs ypis xuars
3
COLD
HOUNTAIN
WATER
Waaran!
Iikers
rSurr
We only make our dough wih cld Maela mountain
- VaraV SoCerarter
11Ct0ENSure
F름re
:Fibre
F함r
atthe pasta
A remains perfecly Frm when cooking
Ballastsstof
F름ra
293
Fbra-Vete
KoustFibe-Fr6tT
5
TRAFILA
 RUVIDA AL
BRONZO
Pr모n
Probeinas
Evwitten  rptin- Protein
Ho I condinent
Sale-Sait-
S>-Salz- Sal- Sa--t 
COARSE
BRONZE
DRAWING
SitS
0
We draw our pasta withbronze draw plabes to
""PAESE DI COLINAZIONE
Www
dececco
Com
'DEL GRANO: UE E nON UE 
G3c0
PAESE DI
I MOLTURA:
630
:[TALL
EPD
SEAVIZ/O CLENT!
8003861100
DNV-GL
Dicharazidhe Aheientale
모R0무0구
STP-CE-PC-AGRO 3J
H DI AEG SP-O022 
Pasta
우mola
grano
rD
1I contenere
ia
DuUn
Wheat:
I Pates alimmentairgs
Seoin?
Dasta
Cortain soy
SETpUle
PEUt
I corternri 
S이컴
Teigwaren
Hartweizengie
Enthalten
금니5
Pasta alimentica de 
Tempo di cottura:
Cooking time/
/Temps
S de cuisson:
de semola de trigo dun'
Kochzeit
Tenpo
Coccion:
Terpo
de
Gortener
Soja
Hassa de semdla do
Conento:
Kooktid
/Kogetid:/
/Koxtid: 10-12 min
90
-pode conter soja /Deegwaren
harde
ae:
ACCHETTT!
PESO LiQUIDO
spja
/
Pasta
Ser니오
kan indeholde soja / Pasta
Etegryn
Kkan innchslla soja 
500 ge116
3 fot교
PP5
bien하 unii
/Store awayrin hea!
Best before</
ight:
PLP
PONe
IdaTpplac
A consommer
Mindestens
Ides souroes do chaexgh
de
es
Gndroit
hunid
haltbar bis
preferentemente antes del
I Consumir
Licht
/Consumir
I de preferencia
Antes
/Ten minste
Houdbaar
tot
/
Bedst
Bast
fure:
Pcalory
y de a uz
在//時:
드A
ARfEr
onge de fonles do aby de
Unidos/
Exp:18
06
23
Ggtbroonen
beware가
06:37
L11/05
C
Lott
00220170
ecCo
d
Fpp
hA
대
taly
Prott
ile di
마
he
etter
660158
: Via F De Cecco
aly:C:
- Cda CaldariStas
naCHtaly
da!1886
Nv-GL
wwwdececcocom
Lott 00220170
06:37 L11/05 C
Exp:18 06:
511
500 ge11I6
PESO LiQUIDO
터
&2
:/ Best before?
800-8610
할EEH0",['BEST_BEFORE'],True,False,False,False,False,1,1,['Y2_sep'],['2037-11-05'],0,0,0,1,0,0,0,2,0,2,0
001555.jpg,001555,640,640,640,640,0.4096,1.113,0.699,1.113,0.0,0.0,0,0,0,0,0.0,,[],False,False,False,False,False,0,0,[],[],0,0,0,0,0,0,0,0,0,0,0
001366.jpg,001366,1282,961,1280,959,1.232002,9.249,6.678,9.249,160.8,97.5,0,132,83,49,0.9062878787878788,"Yabapo
BapocNet Weight
MEon
SiaOpEntIKn
EoHuaVOn
aVa
100
550
9:
EvEpVEIa:
1797
K/425
Kcal;
중량50g212kcal
8
Aapa:
869;
EK
TWV
OOiV
KOpEOUEVa:
589:
Y0atavBpaKES
867
00OV
03g:
9:
EK
T0V
Aapa:
715
9;
HpwtElvEc:
AKatl:
100
직사광선을
다
피해
서늘하고
건조한
곳에
보관
유통기한
제품어
표시한
일까지
읽는법상PROD-제조일/
유통기한일월년순
PFOD
290e2020
포장재질:
종이
ExP
299920:21
수입원:
매크로통상주전
화
02-6300-
-8181
Y롱Y
서초구
-
강남대로27
1502호
양재동
2T센테
E
37E3
OTHER
Made in
Germany
AIdtNPETALOE
IDx Od3000o
Enpo uEpoc
HuEpounvia
Hapayync
dd/mm/yyy
HapaOKEUalETar OT
IEPUQVIO
AVCAWON KaIA RpOTIUNON HOIV
910:
ddmm/yyyy
원산지독의
중량50g212kcal
250
ExP
PFOD
09
2919
3753
29062020
보관
을
TOV OOiOV
POC
2021
직사광선을
HuEpounvia Klapayoyrc dd/mm/yyy
Anapa:
피해
0V
ETLONUCVON
서늘
6
수
?
160V
공병
건조
서초구강남대로
:매크
aVa
이
종이
TE[VES:
통상/주전
}제조일/
균께
리프
은
화
포
제품에
02-
양재동
6300-8181
OTLEPLaVIC
표
시한
0
2T센터
일까지","['까지', '유통기한', '제조일자']",True,True,False,True,False,0,0,[],[],0,0,0,0,0,0,0,6,0,0,0
000254.jpg,000254,3024,4032,960,1280,12.192768,5.372,4.405,5.372,146.5,72.5,0,83,50,33,0.8938192771084339,"기준차여
나트름65교8
탄수화물498
당류368
지방068
트랜스지방
포화지방병8
콜레스테롤
18
단백질28
1일
금유88
기준치에
비올%온
이므로
히
2%
필요
다를
수
있습
제품
내부에
수분이
많고
이하에
보관해주시고
궁한
하절기
약호
제조과정
직사광선을
중
원료가
굳거나
용
고온에서
궁문
갈변화도
수
이
소비
250813/14:45
기한
260812
F2
까지
26
Com
OTHER
260812 2
250813/14:45
용
제조과정
이하에
균품
중파
검은
주시고
수분이
고
원료가
A
링에
궁니바대
굳거나
하절기
2F2
|>
10
이
고온에서
금고
게
H
궁한
OTHEF
20
갈변화도
병지
무해합니
송
大","['까지', '제조일자']",False,True,False,False,False,4,2,"['Y2_sep', 'Y2_sep']","['2025-08-13', '2026-08-12']",0,0,0,0,0,0,1,0,0,2,0
000083.jpg,000083,3024,4032,960,1280,12.192768,1.909,1.462,1.909,11.2,10.0,0,10,6,4,0.8501999999999998,"상큼달콤롯데샌도
롯샌
H공
ig  ii  ii i
까지
 a iis
롯샌
행평사상품
파인애플
:",['까지'],False,False,False,False,False,0,0,[],[],0,0,0,0,0,0,0,0,0,0,0
000081.jpg,000081,3024,4032,960,1280,12.192768,2.853,1.906,2.853,40.1,33.7,0,22,12,10,0.9109545454545457,"-_
소비기한
202505
19
10:2
202605
18
사크란?
까지
고
안전하다고
하는마크입니다
마터국
고안전하다고
크란?
흥
소비기한
202605
202505
10:27
까지
교과","['까지', '소비기한']",True,False,True,False,False,0,0,[],[],0,0,0,0,0,0,0,0,0,1,0
001219.jpg,001219,850,642,850,642,0.5457,0.931,1.617,0.931,12.0,11.2,0,7,4,3,0.9064285714285714,"Aha자s
유통기한
2021
0114
유통기한
2021
0114",['유통기한'],True,False,False,True,False,0,0,[],[],0,0,0,0,0,0,0,0,0,0,0
001235.jpg,001235,930,722,930,722,0.67146,6.328,2.673,6.328,129.3,59.8,0,63,42,21,0.9219682539682538,"1008당
나트름570mg
LO
탄수화물
608
당류38
지방
358
트랜스지방
05g미만
포화지방
168
상기사진은
회
콜레스테롤
Omg
78
1일
곰88
기준치에
호
비율%은
20OKCa!
필요
다를
있습니다
기준이고로
러
450
OTHER
20032704:44
부단
고객지
원센터
200926
#2
까지
과
080
-024-6060
수신자요
근무당
루
상기사진은이미지컷입니다
OTHER
단백질
지방
탄수화물
나트
B800L
0
포화지방
포
욱570mg
200926
20032704:4
O0
608
Omg
05g미만
으무
드
/#2",['까지'],False,False,False,False,False,2,1,['Y2_sep'],['2020-09-26'],0,0,0,0,0,0,0,5,0,0,0
001856.jpg,001856,640,640,640,640,0.4096,3.47,1.567,3.47,21.8,5.0,0,25,20,5,0.83372,"SPRAY
GON
COMPAGHAHUE
TALNASA
VaPuteA
03030BO05고
A2d5WN
PF
GAS
ZN금S
RA
SACCA
S초
CON
Infosprg!!
O
DaCoOnmfre?
280512023
L20302
S2UN
SENZA
L20302 NND7S!
GAS
JINET?
COMPAGN",[],False,False,False,False,False,0,0,[],[],0,0,0,1,0,0,0,1,0,0,0
000886.jpg,000886,640,640,640,640,0.4096,1.315,1.274,1.315,15.4,3.8,0,9,4,5,0.8635555555555555,"주어사넹
SSGCOM
8'804433
100120
CEREA!
유동가원
SSGCOM
0
:",[],False,False,False,False,False,1,1,['Y2_sep'],['2010-01-20'],0,0,0,0,0,0,0,0,0,0,0
001713.jpg,001713,1535,2048,959,1280,3.14368,6.156,1.857,1.857,3.4,4.6,90,55,48,7,0.9102727272727273,"Mindestens
haltbar
bis
/Ten minste
houdbaai
r tot/
eorseimmer de
 preference avant le/Best
Before:/
AOAMOr
Kata
LoLruod
TPIV
arto/Minimalni trvanlivost
do:
8
층0
2행
Kuhl und
trocken
Iagern
/Koe!
en
droog
bewarenIA
Conser
Ve!
dans
frais
/Store in a
Un
endroit
Sec
et
Coo
dry
place
/puXdGOEtal
Spoop
KOL
Enpo
UEpos/
Skladujte
OE
chrante
suchu a
pred
teplem
8
Iagern
003T
I/Koel en droog
ISkladujte v suchu a
2염
Sec et",['BEST_BEFORE'],True,False,False,False,False,0,0,[],[],0,0,0,0,0,0,0,0,0,0,0
000630.jpg,000630,3024,4032,960,1280,12.192768,3.855,4.019,3.855,176.2,137.3,0,73,42,31,0.9411506849315068,"2026
0331
GUTTING
P
1N
제품명
검은콩귀리호두두유
원액두유두류고형분
포장재질내면
7%
이상
료명
논금
대두-미국산
정제수
볶음귀리가루귀리-캐나다산
설탕
기타과당
산
호두페이스트호두-미국산
요
검은콩농축액검은콩-국
두-미국산
호두혼합견과페이스트땅콩
잣
탄산칼슘
의
복류
아몬드
정제소금국산
표기일까지
호
대두
호두
땅콩저
잣함유
가공두유멸균제품
2018049104473
유통전문판매
-서울우유협동조한
경기도
아시
료명
UTTINGPJIIN
C
2018049104473
가공두유멸균제품
전문판매-
두-미국산
[주
논
논음바곡용플구
호두페이스트호두-미국산
검은콩귀리호두두유
일까지
-서
잣
서울우유협동
탄산칼슘
볶음귀리가루귀리-캐나다산
정제소금국산
2026033
호두혼합
포장재질내면
대두호두땅콩
검은콩농축액검은콩-국
정제수
설탕
잣함유
기타과당
아몬드
아
요","['까지', '별도표기']",False,False,False,False,True,0,0,[],[],0,0,2,0,0,0,1,0,0,0,0
000329.jpg,000329,3024,4032,960,1280,12.192768,7.757,2.519,7.757,262.9,48.1,0,73,57,16,0.8883835616438357,"오늘
좋은
G0oD
T0DAY
하게톡터지는
사비맛쌈무
108
속산
Wasabi
Radish
2025
1225까지
블로공
예
냉장보관0~10c
무60%
[42Kcal/
210g
0S8
포화지방
클레스테를
단맥질
수화물당류지방
트랜스지방
나트
탑키
가전면라인승
0%
HACCP
34%
3%
Ong
670m8
58
[lgog
금자
BolxRc
결미o고어0002금%/롱n
053-716
제조업소쥐초록힐무드/대구광역시달성군구지면달성2차로3께주초록엘푸드ABC동
뭐국산
표시일까지
롯대쇼평주/서울특별시중구남대문로8피소공동/
/1899300-~소비기한:전면
도조정세천연함로와사비방어사과산소브산칼룸보존로
구연산
샤카린나트룸감미료
혼합제제덕스타
지파청시소비다만C총회항색쇠글리신
아황샌나트름산화방지제
아황산류함유
포장재질내면:
제품으소비자기본법에
따른소비자
그이원
미파에워
보
d WasabiF
사비
하게톡터지는
[42Kc이l/고형량210g
Radish
맛쌈무
_
20251225까지
냉장보관0~10c
G00D T0ODAY
어종
공Nr
무60%
국로공
향료와/
6","['까지', '소비기한', '제조일자']",True,True,True,False,False,1,1,['Y4_sep'],['2025-12-25'],0,0,0,0,0,0,5,3,0,0,0
002109.jpg,002109,656,1015,656,1015,0.66584,7.113,2.865,7.113,306.2,52.0,0,71,61,10,0.9301971830985915,"좋은
헤이즐넛향
향이
100%
ARABICA
COFFEE
원두커피백
가
식품의유형
커피
제품명
향이좋은
헤이즐넛향
원두커피백합성헤이줄
원재료명및함량
일두97%브라질산60%
품목보고번호
20090449018-10
합성향료헤이즐넛향
내용량
어
609
저이물룬
20%
베트남산2
20%
유통기한
별도
고이륜
티백여과지
고름이고룸
49X15개입
요료
천안시
서북무
연암울금로
표시일까지
제조원
전화는
수신자
요금
기
고객만족센터
080-25-13830
:습기및
직사광선을
피하시고
건조한
실혼에
:보관상주의사항
보
균피
HACCP
반품및고환처:구입처및판매원본제품은공정거래위원회고시소비자분정
해결기준에의거교환포는보상을받을수있으며개봉시에는빈품이되지않습니다단제조장
품질하자가있을경우는제와됩니다:부정불량식품신고는국번업이1399
유통기한
8
'804645
003639
WwwmcnuityCOkr
유통기한
한이좋은
WwwmcnuItyCOKr
""804645
신고는국년없이1399
헤이즐넛향
""803639
이되지않습니다단제조장
100% ARABICA COFFEE
원두커피백","['까지', '유통기한', '제조일자']",True,True,False,True,False,0,0,[],[],0,0,0,1,0,2,6,0,0,0,0
003305.jpg,003305,640,640,640,640,0.4096,2.067,0.633,2.067,22.2,0.0,0,11,10,1,0.9569090909090909,"CARE
HER
LUBAICATED
CH20002
ULTRA
TN
Exp:
03/2025
809350
088834
Exp:",[],False,False,False,False,False,0,0,[],[],0,0,0,0,0,0,0,0,0,0,0
001648.jpg,001648,640,640,640,640,0.4096,0.749,0.72,0.749,25.2,8.9,0,12,8,4,0.8914166666666666,"ExPIRY
DATE
/유통기한
202112/14
PCUU2P5117L3X12
도래
한
식품위생비
ExPIRY
DATE/유통기한
식품위생세
인","['EXP', '유통기한']",True,False,False,True,False,1,1,['Y4_sep'],['2021-12-14'],0,0,0,0,0,0,0,1,0,0,0
001474.jpg,001474,756,1008,756,1008,0.762048,4.369,1.434,4.369,145.5,24.4,0,48,39,9,0.8773541666666667,"18
생강과
매실로맛을낸맛술은
국산성
누린내를
없애주
고
기의
기를
0보우조오교
고기노라를
더욱맛요
~
없애주고
생선살을
4약금금
유지시켜
생선요라들더욱
깔끔하게~
요리의구실맛과풍마를흥
시켜줍니다
생강&매실
로
시작과끝을
십선류생선구0
생선조를
생선피개등
3균술
물고기제육볶용
요리듬
3큰술
:밥
류초밥
1큰술
일서무우동바고차구이
11111110 +--11 ehl
3큰솥
202207 10E
까지
20220710E
류초밥
강X
문
휴린
리:
로요리의시작과
파
금골관",['까지'],False,False,False,False,False,2,1,['Y4_sep'],['2022-07-10'],0,0,0,0,0,0,0,0,0,0,0
000498.jpg,000498,3060,4080,960,1280,12.4848,1.818,1.762,1.818,7.0,5.8,0,9,5,4,0.7958888888888889,"고
08
1500
WWW
 fi firi
1500
연
44!
C",[],False,False,False,False,False,0,0,[],[],0,0,0,0,0,0,0,0,0,0,0
003223.jpg,003223,640,640,640,640,0.4096,1.536,1.215,1.536,23.0,17.8,0,20,10,10,0.9625,"OVEN-READ!
BEST IF
USED
2022/JUN/14
바
112436960CA13:29
Barilla
OVEN-READY
LASAGNE
1399
Barilla
Barta
12436960A
2022/
BEST IF USED BY
OVEN-READY LASC
OVEN-READY
/JUN/14
LASAGNE
2399",[],False,False,False,False,False,0,0,[],[],0,0,0,1,0,1,0,0,0,1,0
002287.jpg,002287,640,640,640,640,0.4096,2.325,0.923,2.325,39.3,19.6,0,24,17,7,0.8047916666666666,"기
새콤달콤
BE인C우
1500
도
CI2OAA
<새콤달금
GolGa/
레모너이드
emonode
CROU'N
211231
40n9A1009
1159480
KC!
2당
X4개인
120내
생콤달콤
샌달
레모너이스
발
1123
W1500",[],False,False,False,False,False,1,1,['Y2_sep'],['2021-12-31'],0,0,0,0,0,0,0,0,0,0,0
001840.jpg,001840,979,1305,960,1280,1.277595,3.211,3.837,3.211,117.8,39.5,0,34,22,12,0.8876176470588235,"렌테
D02F
있
닭고기
시
제품은공정거래워원
RRLRY
기준에의거교환및환불
반픔및교환장소구입처및
보관및취급방법:
하YuYE!
보관하시기바라며개봉후에는낭
가급적빠른
옥은
손상되었거나내용물이
경우드시지마시고
구입처에서
교환하시기
바랍니다
부정불량식품
고국변없이1399
20210930까지A
CO29
20210930까지A
교환하시
가급적빠른시일내에
팽창손상되었
머피
-
교환장소
아
원
처어
동",['까지'],False,False,False,False,False,2,1,['Y4_sep'],['2021-09-30'],0,0,0,0,1,1,0,0,0,0,0
002669.jpg,002669,959,1278,959,1278,1.225602,2.147,1.957,2.147,44.6,27.6,0,33,21,12,0.8964848484848486,"5R든
AG<
Slouu
Unfused
커피
100%콜드
브루
커프
78%
중량
10gI1gX
10
해
10
STICKS
202204
18
029334
04
11:10
까지
유동기한
SMOOTH
02933404
20220418
Slowy
R
60
Fnfused
11:10
78%
TAsTE
1OsTiCKS",['까지'],False,False,False,False,False,1,1,['Y4_sep'],['2022-04-18'],0,0,0,0,0,0,3,0,0,2,0
002277.jpg,002277,934,1237,934,1237,1.155358,2.188,1.266,2.188,9.4,0.0,0,8,6,2,0.8335000000000001,"S:B있
WI
364
02
1039
NET
Joo
L",[],False,False,False,False,False,0,0,[],[],0,0,0,0,0,0,0,0,0,0,0
002486.jpg,002486,640,640,640,640,0.4096,2.248,2.223,2.248,43.1,38.7,0,33,18,15,0.9524848484848486,"창립
홈플러스
24
R5
ARY
ANNi
구운캐슈넛트
350
9
100
%
캐슈넛트
견과류
가공품
땅콩
또는
2022
0803GBH
캐
구운캐슈넛트
24
홈플러스창립
-
anNiversar
20220803GBH
카
극耳
넛트
350
100
견과
날아
가공품",[],False,False,False,False,False,1,1,['Y4_sep'],['2022-08-03'],0,0,0,0,0,0,1,0,0,0,0
000338.jpg,000338,3024,4032,960,1280,12.192768,0.684,1.999,0.684,14.0,13.8,0,10,5,5,0.9523999999999999,"AKFA
까지
20260528
14:48
[IFE
[1F
14:48
2026
0528
즈",['까지'],False,False,False,False,False,1,1,['Y4_sep'],['2026-05-28'],0,0,0,0,0,0,0,0,0,2,0
002302.jpg,002302,969,1292,960,1280,1.251948,2.262,1.014,2.262,32.0,15.3,0,27,16,11,0.9221851851851851,"FIS
SNACK
야
Taste
80
Kcal
24
9
1
08
매운맛
기타어육가공품비살균제품
74:38
%
오물
농공울욱
24
농공울을
0
80
74:38
Kca
우
SNACK
Hot!
Taste
매운맛",[],False,False,False,False,False,0,0,[],[],0,0,0,0,0,0,1,1,0,0,0
002829.jpg,002829,640,640,640,640,0.4096,2.931,1.023,2.931,24.2,2.1,0,20,15,5,0.7459499999999999,"카호카카
Be5t
601rrO
DigunaKarz sebc/ur!
2202:
CF0702
4/23:46
[
COCOUC
Spcciolist
SUr WGU DD10r6US0
ScIrlcah
K0A
주+가3무y
4KC11t
퓨르
Scirlah
Speciollst
1K
Sebc/u!",[],False,False,False,False,False,0,0,[],[],0,0,0,0,0,0,0,0,0,1,0
000601.jpg,000601,1613,763,1280,605,1.230719,2.569,1.708,2.569,49.7,54.3,0,21,14,7,0.9691428571428572,"차이가
없습니다
나올수있나
컴퓨터로
계량하므로
중량에는
20250428
:
-
부터
20260127
까지
맛있는
약속
성간혹빈봉지가나올수있으나컴퓨터로
20260127
20250428
계량하므로
중량에는차이가없습니다
까지
맛있는약속",['까지'],False,False,False,False,False,4,2,"['Y4_sep', 'Y4_sep']","['2025-04-28', '2026-01-27']",0,0,0,0,0,0,0,0,0,0,0
002252.jpg,002252,916,1221,916,1221,1.118436,3.505,2.601,3.505,118.1,42.2,0,38,26,12,0.8640789473684211,"컨피던트
영ve
Det
6D순산양유아서
순한
맛있는
부드럽고
간장소스
국물요리악은
우수터에간편하게한스푼
요
조금국재대두국색먹막야조정정정저수유카농설탕2%
6발효주정
4
노0
티무명몰리이든테
HH보고번호:1970430017
직공선나습잔곳을비늘고등풍
WwwivenotcoKr
고국상문실080-650-431
우염니는
MT2001SG1
49
유통기한:
까지
22010
르
부드럽고순한
영ive et
유통기한:
MT2001SG
2010
맛있는
순산양유아서
고원기평명양조간장
간장소스
발요수정
인","['까지', '유통기한']",True,False,False,True,False,0,0,[],[],0,0,0,1,0,0,1,0,0,0,0
002040.jpg,002040,640,640,640,640,0.4096,2.099,1.066,2.099,48.7,26.4,0,22,15,7,0.9688636363636363,"Selected
With
Pride
20211203까지
R리Y
로스팅하여
최적의
온도와
고소하고
풍미가
좋습니다
베트남산
캐슈넛
카슈넛최대
구운캐슈너
카슈넛최대생산지인
Selected
20211203까지
Pride
With
캐슈넛
구운캐슈너",['까지'],False,False,False,False,False,2,1,['Y4_sep'],['2021-12-03'],0,0,0,0,0,0,0,0,0,0,0
001624.jpg,001624,810,1080,810,1080,0.8748,1.991,1.707,1.991,21.4,19.4,0,13,7,6,0.8596923076923078,"20220426A
IC
백설
육류&
해산물
0/28
마늘생강금
마늘생방방
육류&해산물
20220426 A
J또
&
/28",[],False,False,False,False,False,2,1,['Y4_sep'],['2022-04-26'],0,0,0,0,0,0,0,0,0,0,0
001040.jpg,001040,1008,756,1008,756,0.762048,0.686,0.774,0.686,10.5,8.7,0,5,4,1,0.9304,"EX
20220415
DDER
116
EXP:2022O415 DDER TJ16",[],False,False,False,False,False,1,1,['Y4_sep'],['2022-04-15'],0,0,0,0,0,0,0,0,0,0,0
000052.png,000052,1179,2556,590,1280,3.013524,2.776,2.191,2.776,62.8,53.8,0,38,23,15,0.9073421052631581,"섯
가지
야채
VECG표또
가재
8제
토마토
시금치다
모
주
5교
민
ww lott eAwellfood
고객지원센터
수신자요금
080-024-
6060
국제스낵협회정회원
09:00
G
20251119
SNaC:
다코코!
다코코
국제스낵협회정회원
SNaC:
시금치
수신자요금
20251119
09:00
주
부능
오마
080-024-6060
5
섯가지야채
5
0",[],False,False,False,False,False,2,1,['Y4_sep'],['2025-11-19'],0,0,0,0,1,0,0,1,0,2,0
002518.jpg,002518,1036,1381,960,1280,1.430716,5.439,3.149,5.439,265.4,156.1,0,70,48,22,0.9518571428571428,"TEA
LELON BALM
三굽고
ㄷ의따뜻한물에
립에넣고
1t-80
티벽개를
티백을
건져내고드십시오
Tip
약~2분간우려낸후
이마트의
상표입니다
Brand는
No
레몬밤티
식품유형
침출차
/서울특별시성동구뚝섬로377성수동2가
이마트
02/380-5678
/경기도
성남시중원구둔촌대로531
대한다업주
B107호
/031 607-3900
쌍용트윈타워
B동B105호
135909g*15티백
품목보고번호
20030275066150
레몬밤
100%
독일산
표기일
나일론여과지
플류피
구입처및제조원
OTHER
본제품은공정거래위원회고시
소비자분쟁해결기준에의거교환
또는환불받을수있습니다
부정불량식품신고는국번없이1399
8""
808018
520723
품질유지기한
20230125
품길유지기한
부정불량식품신고는국번없이1399
또는환불받을수있습니다
보관방
레몬밤100%독일산
35909g*15티백
기준에의거교환
밀을
도표기일
B107호
쿠예브고
세
품과
같은시설에서제조하고있습니다
8""808018""520723
식품유형
60
20230125
품목보고번호
둔촌대로531쌍용1트윈타워
2003027506150
/02/380-5678","['제조일자', '품질유지기한']",True,True,False,False,False,2,1,['Y4_sep'],['2023-01-25'],0,1,1,0,1,2,2,2,0,0,0
001913.jpg,001913,990,1320,960,1280,1.3068,2.278,2.265,2.278,23.0,21.8,0,21,10,11,0.9198095238095237,"2가능
ILDONG
룸어o
후디스
초유웨하스
유통기한
_21
14
우유
까지
후디스
초유우
ㄸ
우유
웨하스
221
유통기한:
 14
-
3
까지","['까지', '유통기한']",True,False,False,True,False,0,0,[],[],0,0,0,0,0,0,0,0,0,0,0
000040.jpg,000040,3024,4032,960,1280,12.192768,1.253,1.469,1.253,12.4,10.4,0,12,7,5,0.7979166666666667,"21251011
:2드HEH드i?
GOOD
TODAY
착유
:
인증
225
1:25
600원
EH드
0900",[],False,False,False,False,False,0,0,[],[],0,0,0,0,0,0,0,0,0,1,0
000177.jpg,000177,3024,4032,960,1280,12.192768,2.644,2.34,2.644,30.6,8.5,0,24,16,8,0.8512916666666666,"유
642
AV
Sable
AT시
사브레
쇼비기한
2025
0819
부터
2026
0818
-
A
까지
6
309
r르뜨}
앞
사브레
::
Sable
0
[0","['까지', '소비기한']",True,False,True,False,False,0,0,[],[],0,0,0,0,0,0,0,0,0,0,0
000144.jpg,000144,3024,4032,960,1280,12.192768,3.22,1.276,3.22,59.4,47.6,0,43,28,15,0.9006279069767441,"Sueet
딸기청
Bueet
1청
TaS
Fruit
20270325
D
Strusbewry
Main lngredien?
N1838
Juninn
80
No
Brand
%
7
종비교과
로
소비자다
-
당신이스마트
컨슈머가되는길
580
K/19FY!
카파곳이게카빔기90이
Y마
딸기당절임딸기40
308
LYU!
N183:
당신이스마트컨슈머가되는길
No Brand
액상차
20270325
딸기청
Wain Nngredic
-
딸기당절임딸기40
580
Straubun
09
뜨하게",[],False,False,False,False,False,2,1,['Y4_sep'],['2027-03-25'],0,0,0,0,0,0,0,0,0,0,0
002734.jpg,002734,1535,2048,959,1280,3.14368,1.204,1.307,1.204,21.5,11.6,0,15,9,6,0.8988666666666667,"개봉
시오
딸기향
어
뜯는곳
주의
있으니
A주의:손이
베일수
개봉
뜯는
%
빨리드
/비빌류
타10",[],False,False,False,False,False,0,0,[],[],0,0,0,0,0,0,0,0,0,0,0
003170.jpg,003170,1298,974,1280,960,1.264252,6.991,2.003,6.991,91.1,36.3,0,79,66,13,0.8718101265822784,"ILEDEFRANCE
CHARMIDOR
Ingredients:
:Lait de vadhe pasteurise
ferments Se1 
Clorant
OCOU
Caqulant
F
Fromage au lait
 pasteurise
Jait de chevre
 atmosphere protectrice 
2미S
Cheese made
from pasteurize
SeeG
ISTA!
ther
May contain traces ofewe and
goat's milk
hazelnuts
DrIVe
Eastern Creek
NS!! 2766 FOR
DDOLEO
in Australia
RIEFRAF!!
Pnone
290162
[A
아68
~
이구기
아호0cLaa-9-
5대4부다
Valeurs nutritionnelles
Fromageries PERREAULT
Itrition
53204 Chateau-Gontier France
74R/8K[G
53014
Product of France
WwwiledefrancecheeseCom
I tranches/slices/면즈
00151401
150ge
""Date de poduction
Mnufacturing Dtl원
AconommerdepreeanceacrtlaBxtbefreJs egi
20-04-21
268/296L4 A
후원산지
후제전원
FR0A
GERS
PERDREALLT
C든5
프랑스
102790
1717
5층반품
0221
겹기도
하남시먹
회로
ILEDEFRANCE CHARMIDOR
5
<019
1010
ACn
268/296L4 A
20-04-21
150ge
53204
0드9드
[Product of France
6
D50151401",[],False,False,False,False,False,2,1,['Y2_sep'],['2020-04-21'],0,0,0,0,0,0,0,2,0,0,0
001688.jpg,001688,1025,1367,959,1280,1.401175,1.331,1.813,1.331,3.3,0.0,0,3,3,0,0.6466666666666666,"41가-
[1:
I t FE1",[],False,False,False,False,False,0,0,[],[],0,0,0,0,0,0,0,0,0,0,0
002771.jpg,002771,640,640,640,640,0.4096,9.131,1.115,9.131,134.8,6.4,0,70,65,5,0.7877000000000001,"IF
1AS1!
NOT
USE
DO
토마토
페스토
맨
드라이드
4:6%
함유
402%
로마로
재조사상
S
내풍링
190
시물록시
농타구
래도
프기일까지읽는:
바질:
-
16%
보도로마
102X방라가뮤
우유
우유
지료스규
그리정
노치즈
퓨트
규물관
피스표:
전료도
10시615
재금어
사용하어
합고
먹습니다
유리
로수로
만습니다
보대
운단
드셰요
뚜껑
철
가로행는
유
수합
국면없이
1399
로
식품
신고는
오0니다
세집
가준에
하거
나물
소피거도르
0
202-
년J284
DO NOT USE IF
29'무!
뚜껑:
유리
N1Sup",['까지'],False,False,False,False,False,0,0,[],[],0,0,0,0,0,1,3,0,0,0,1
000483.jpg,000483,3060,4080,960,1280,12.4848,0.967,1.095,0.967,14.3,7.9,0,2,1,1,0.839,"202104 152717-106743/N
202104151",[],False,False,False,False,False,0,0,[],[],0,0,0,1,0,0,0,0,0,0,0
002264.jpg,002264,640,640,640,640,0.4096,0.709,0.559,0.709,8.0,0.0,0,3,3,0,0.6903333333333334,"무전
5164
22714",[],False,False,False,False,False,0,0,[],[],0,0,0,0,0,0,0,0,0,0,0
002373.jpg,002373,724,966,724,966,0.699384,3.204,2.882,3.204,70.2,54.6,0,55,32,23,0.9340545454545454,"TIV
No
Brand
브랜드가
아니다
소비자다
최적의
소재와
제조방법을
가장
최저의
가격대를
만드는
것
이것이
하비표피어
류
o음
스마트
컨슈머가
되는
길
COOP
0Cm기준
간편한
8~10
감자전
후라이야
믹스
Otato
Pancake
Mi
o유
부류세하비포피얼흥
가장최저의
릉표요Y하
브랜드가
No
감자전믹스
간편한
스마트
아니다
Brand
가격대를
컨슈머가
만드는것
소비자디
되는
찾아
길
Mi
TIM
유
어
8",['제조일자'],False,True,False,False,False,0,0,[],[],0,0,0,0,0,0,0,0,0,0,0
002424.jpg,002424,665,886,665,886,0.58919,1.416,1.234,1.416,6.0,6.0,0,2,1,1,0.9995,"314492
314492",[],False,False,False,False,False,0,0,[],[],0,0,0,0,0,0,0,0,0,0,0
002832.jpg,002832,830,1107,830,1107,0.91881,1.631,1.13,1.631,11.5,12.2,0,7,5,2,0.8982857142857144,"BEST BEFORE
2021
98
30
H218E3고
22381래
20210830",['BEST_BEFORE'],True,False,False,False,False,1,1,['Y4_sep'],['2021-08-30'],0,0,0,0,0,0,0,0,0,0,0
001134.jpg,001134,833,1112,833,1112,0.926296,3.351,1.87,3.351,8.9,5.5,0,71,53,18,0.9517746478873238,"EP
REFRIGERATED
MADE
IN
USA
DANIELE
INC
GENOA
SALAME
PROVOLONE
CHEESE
&
TARALL
NO
NITRATES
OR
NITRITES
ADDED*
made
in
New
England
Al1
natural
ingredientst
Minimally
artificial
ingredients
added
US
processed
10
INSPECTED
*Except for
those
naturally
OcCurring
in sea:
Salt&
DEPAHTMENT OF
AND PASSED BY
Cultured
CelEFy
powder
AGFICULTURE
NET
WT3OZ
773:
Dt-ET
LDT
65?
E5T
5
PROVOLONE
EPREFRIGERATED
NONITRATES
GENOA
All natural
NET WT 3 OZ
DANIELE INC
OR NITRITES
CHEESE
Geler
ingredientst
SALAME
0어먹부부
SELL Er DA-ZAET LDT O5T EST SI
Fedients added
5ADDED*
TARALLI
MADE IN USA",[],False,False,False,False,False,0,0,[],[],0,0,0,0,0,0,0,0,0,0,0
002101.jpg,002101,640,640,640,640,0.4096,1.989,0.555,1.989,19.3,15.6,0,13,9,4,0.8909230769230769,"-
42
[215
Ka
조철릿가공품
유돔기한
09
1?
2021
유동기한
20210917
142
B215KCa",[],False,False,False,False,False,1,1,['Y4_sep'],['2021-09-17'],0,0,0,0,0,0,0,0,0,0,0
000530.jpg,000530,1050,686,1050,686,0.7203,1.778,1.218,1.778,22.7,18.5,0,14,9,5,0.7973571428571429,"926
06
24~-
클루베리즘
풍
1%
1939
프두페리났
정리스트로우
루베리줍
9260624-
1%함유
클두베리맛
93인",[],False,False,False,False,False,0,0,[],[],0,0,0,0,0,0,2,0,0,0,0
000451.jpg,000451,3060,4080,960,1280,12.4848,8.941,4.169,8.941,202.5,41.7,0,103,80,23,0.8715339805825244,"오
Callbee
-
어니버터
수
멋게
18와를
러니
1
FY0
캐온
생감자!
흘라모
신선한
리피음티다
3
신선한
기름에
보관하여주십
튀겨줍니다
고시에
식품
1399
토마토
새우
니버터츠
가
호드
조개류
금융Y
제품고
네소
하고
있습니다
소리
충전
포장을
하였습
~루문류더와세
은
기야윅
실처럼
권교
제품표면
허니버터칩을
안심하고
대요
0
1o곰
즐겨보세요!
드색
가루는
파슬리입니다
종
을융7
6 09
325
kcal
F2
19:31
393%지방
35911%
250828
A1
름문
한지비
19935%
트랜스지방
09
까지
260227
곰유용유
기준치에
비
이
따라
있습니다
O FOOD OR
검색해보세
OTHEA
허니버터
1와를금탕
피티다
튀겨줍니다
신선한기름에
스
5는
[
무
주:
소은의
상정을
토
으
에
-
SF00!
원돔
아
3
매콤
소리
41",['까지'],False,False,False,False,False,2,2,"['Y2_sep', 'Y2_sep']","['2025-08-28', '2026-02-27']",0,0,0,0,0,1,3,1,0,1,0
000692.jpg,000692,1223,2175,719,1280,2.660025,4.188,1.942,4.188,26.4,9.9,0,21,16,5,0.843047619047619,"TEN
E4무
보F
가경류지본
땅
라기씨유
쌀가루
너대
우유
260821F
식
1
Ghama
Case
Ccc
개재의
하기씨유
쌀가루
포도
오
0",[],False,False,False,False,False,1,1,['Y2_sep'],['2026-08-21'],0,0,0,0,0,0,0,0,0,0,0
000576.jpg,000576,1050,1400,960,1280,1.47,1.704,2.152,1.704,16.9,16.1,0,15,8,7,0.7341333333333334,"제조일자하인하세요
세종일지
2
EEE
-
생산담당
박수
궁금
유머유
제조일지
제조일자학지한세요
20단F05
2
Ishe
[",['제조일자'],False,True,False,False,False,0,0,[],[],0,0,0,0,0,0,0,0,0,0,0
002533.jpg,002533,640,640,640,640,0.4096,1.536,0.893,1.536,16.3,10.6,0,12,9,3,0.9189166666666667,"N
가득
추장
관GrOU!
N13
지시지
2022
06
30
20220630
주
특장",[],False,False,False,False,False,1,1,['Y4_sep'],['2022-06-30'],0,0,0,0,0,0,0,0,0,0,0
000325.jpg,000325,3024,4032,960,1280,12.192768,9.878,16.018,9.878,279.5,163.6,0,195,76,119,0.8566717948717949,"오리이다
극머우
건강하고
YorihadA
공하노곰
를교
레시피로
가장
한식을
경험할수있는
비롯한전
남도도
HMR전운
반숙
계린장
쿄쿄니
미로문
넘치는
간장소스
공라0L들
반숙
장조림을
버우교
별도표시일까지
소비기한/
대소원면
메가폴리
총내용량3009
100g당116kcal
조재시
서
813m염
S
기타과당
배당체]
향조간장진글리신
대파액기스
74
청양고추엘기스
트랜스지방0염
포화지방
418
스나트룸
콜레스테롤
207n9
함유
단백질
78
1일영양성분
기준이음로
고번호202104230298
판매원본제품은
조비자기본
구입처
-
및
부상받을
소비자분
다
:부정을
살류메추리알
8
""
'809869
기
등성이있습디당제품에간혹검은
호하
6
용롬
하니오니안심하시고
드시기
바랍니다간장소스
보이는
HACC
하고르시면됩니다
251103
밥도둑
초
문
털르란
수
건
표금우
Nloe
거
품
고
[
<
조
기
도묘
ㄴ
>다아
A
마려
고
주
문정
아요
대프
0210423029
<
Hi
동공당오
리프로
<
문
기스
주
지
어r묘
건
>
저
지
고울
모:
머
조개류굴
정
또!
전
제
살
물
정
'요
오
균제품
시메
제수
산조
수
|
아
이
251103
FV
8
0유
{
주설장
서
또
00
오
고
료표
룸
주
E7
의
국국
/4
~
다금복
{
2고
장
억6
<서
채공이
]
스
조
모표
|
파참
동
]올
정다
를
쿄대쿄대
수
정조
절
어려운
로모
지방74
>
콜레스테롤
포화지방
반숙
넘치는
장조
""809869
영무
아
등물
간장소스
116
버우교
Kca
300","['까지', '별도표기', '소비기한']",True,False,True,False,True,2,1,['Y2_sep'],['2025-11-03'],0,0,0,2,1,0,0,3,0,0,0
003215.jpg,003215,1058,1411,959,1280,1.492838,1.173,2.049,1.173,6.0,4.4,0,19,14,5,0.7565789473684211,"S
CKRn
VIRGTN
이TVE
01
-
1009
Hadi""
 t i- t t 
H--""
 t
F  +-- a!
+  
+ I "" t I 
S
OA
표:
+  I t   
1009",[],False,False,False,False,False,0,0,[],[],0,0,0,0,0,0,0,0,0,0,0
002865.jpg,002865,640,640,640,640,0.4096,1.932,0.636,1.932,5.2,2.4,0,5,3,2,0.6921999999999999,"-
Igws2 pleces 140p
0161
일살구
U도",[],False,False,False,False,False,0,0,[],[],0,0,0,0,0,0,0,0,0,0,0
000470.jpg,000470,3060,4080,960,1280,12.4848,9.901,7.686,9.901,288.9,66.6,0,119,75,44,0.8806974789915968,"ORION
저
내용량70g
275
식품유형
캔디류
이근룸
kcal
소비기한
후면
B표
치에대한비
유통전문
로데웰푸드쥐
서울시
2ON
판매원
양평로
수화둘
52
160
419
알코올
3g
엿설탕D-소비톨액감미료
00
앤스지방09
나틴산도조절제2종텍틴혼합제제트
립o
합성향료주정젖산정제수프르폰
지방
09
0%
렌글리콜향료2종기타식용유지가공품/
0mg
0%
딸기농축액오렌지농축액는
5%
름곰
청색소
유화제2종
블랙캐롯농축액
준치메대한비울은2000kCa
밀요열량메피라다를수었습니다
돼지고기대두창우
아
땅콩
닭고기오
20110484438
쇠고기
혼입가능
고객지원센터
080-024-
-6060
자요금부금
httoU/wwwlotte
DCI!
지프으
부정불량
국번
야평
1399
삼키지
않도록
주
8
1801062
'00254:
품이
러Y왕어의
260806D
습도로
보관키
주시고
드십시오
대교
피
쇠고기
움은
그
뚜
=
혼입
정
O
가능
5
상민
-
품목보고번호
ORION
고객지원센터
07
색소
260806D
골
합골
[
000
{
HC
데
080-024
더
L:
조
11
개
돼지고
정트
-606
두
대
>
고웨원궁
무
로
0
수",['소비기한'],True,False,True,False,False,2,1,['Y2_sep'],['2026-08-06'],0,0,0,1,0,1,3,3,0,0,0
002925.jpg,002925,721,961,721,961,0.692881,6.467,9.979,6.467,286.2,176.9,0,132,51,81,0.8740227272727273,"시[A
11011-
BELLATE
Honey
Cherry
Plum
FruitT
Lea
허니체리플럼플릇터
FUE1! 1 ii
액상차
식품유영
내용량
3009309X
|[
10개입
설탕정
정제수
자두퓨레18%자두국산
다크스위트체리농축액3%
미국산:체리100%/고형분68%
블랙커런트농축액015%뉴질랜드산:
블랙커런트100%/고형분65%
구연산
아카시아꿀1%국산
합성향료자두향
품목보고번호
19830464033503
유통기한
Y따루Y표금R
포장재질
고를이룸
이제품은우유대두토마토복숭아를사용한
제품과같은제조시설에서
제조하고있습니다
직사광선을
피하여
건조하고
서늘한곳에
Ho료H요코
렇고
우려가
있으므로개봉및사용시주의하십시오
본
제품은
소비자분쟁해결기준에의거
교환또는보상받으실
수있습니다
유통기한을꼭확인
후
고객상담실:080-024-2311수신자요금부담
포장재질
유통기한
품목보고번호
원재료명
식품유형
!
Honey
고객
표교국
포있사루
시
아r무
정
장으
코
444
음춤
재
상단표시일까
미
미국산:체
다크스위트체리농축액3%
동주
300
맥상치
블랙커런트능
444
주
금음
절
:
허니체리
향료자두향
정제수
FruitTea
080
Cherry
BELLATE
0-024
-
|
아카시아꿀1
모
0{60
4실
거
산
I335
%9곰/%00이라
자두퓨레18%자두:국산
리플림플류
I1[1L!
루
요
Yl
토마토
100%/
주
실등우
이
H
하고
제조하
수
수
015%뉴질랜드신
:
의>
초
신자요금부담
복숭아를
/고형분65%
C
0
이
1%국산
Plum
고
10
[>
>","['유통기한', '제조일자']",True,True,False,True,False,0,0,[],[],0,1,0,0,1,0,15,1,0,0,0
000105.jpg,000105,3024,4032,960,1280,12.192768,1.99,1.869,1.99,30.2,5.0,0,20,15,5,0.8862499999999999,"-기
2025
1109까지
김F1
단무지:F2
RE
M
U
MBAP
SE
김밥세트
줄
4409
5인분
군복요
MMM
4409
-
출이
<",['까지'],False,False,False,False,False,0,0,[],[],0,0,0,0,0,0,0,0,0,0,0
001211.jpg,001211,965,723,965,723,0.697695,14.712,11.244,14.712,439.9,194.3,0,223,138,85,0.8583497757847535,"이Y이룸
바아리요러
아랍에미레이트
oYlo아려름
이l이l고교름
유고전부지지
설탕
밀가루
밀가루
유류룬타
전지분유
코코아버터
크츠콜레
전지부유
크코어러터
큰아버터
카라멜
머르아우
코코아버터
큰코아메스
모를
금쿠이마스
O미
식물성유지
유지방
코코아매스
식물성유지
분유
식물성유지
글리
합성향료
0원회고로
합성
스테르
마클레
헤이즐넛향
탄산수소
웨미메밀가루
나트룸
유류
거제표
부코아분말
시럽
타사스시라트
우룸러스
탄산칼슘
정제소금
러시든
녀트륭
향료
F르IA
우유대두함유
밀
우유
함유
밀
우유
대두
함유
극0R위유류리름금목
극R의유FE마름금모0
발생가능성애
를부후움유
사용한
궁료눈
대두를
사용한:
제품과같은
땅콩
호두를
사용한
제품과같은
광콩
제조시설에서
제조하고
있습니다
제조시설에서
제조하고
있습니다
제조시설에서제조하고
마무
리다
식품유형
초콜릿가공품
유통기한
제품뒷면별도표시된
일까지
소명
및소재지
02리1교류
료회무
은금늘
충정로10516층
마근동
농EoaY
구
제품은
공정거래위원회
고시
소비자
유요곰
해결기준에
의거
극넛
받으실
07무
반품처:
구입처
및
수입원
군피
직사광선을
피하여
건조하고
서늘한
곳에
:부정
불량식품
신고
국변
0평
1399
소비자
류R
080
600
2000
유통기한
2021
07
03
02957846
비닐류
OTHER
Ce
809415
434934
까지
유통기한
본제품은
식품유항
초콜릿가공품
직사광선
공정거래위원회
밀우유대두함유
2021
02957846
피하요
07
고시
건조하고
-
소비자
03
공무남방하
서를
유곰
크아리미요
우
해결기준에
곳에보관
빌
부
무
5
러
의거
다무
방우
모
0
오마
공무공공름
빙요모
80941
교환
불량식품
-
또는
탈지분
넛향
유께
내
헤이
U
신고
외교
산수소
-
-
0
야
668lo평표논
건
내고
349
1>
DF
디므
10
유무
이Y아고름
있습니다
마
FL
룸공0년는
들녹이
정체
2든
소사대
-
스레르
'소비자상담실:
반품처:
막망
서
OTHE
플류피
구입처
이란
:080-600-2000
및수입원
FF마FY","['까지', '별도표기', '유통기한', '제조일자']",True,True,False,True,True,0,0,[],[],0,0,0,0,2,1,0,0,0,0,0
000199.jpg,000199,3024,4032,960,1280,12.192768,9.368,3.906,9.368,280.3,46.7,0,121,97,24,0.8917603305785123,"3키
깊고
신감할맛
CF
Lalit
Master
Mohan
악하게하여
달는
로
물에
모는
1개어서
준비한후
-
영우
주면
궁
1에
야주요
소비기한
건더기를
/품목보고번호
19690364004
추가하념
크림파우더
버테
가
국산
호주산
커리분
16
-
음곱하트
태는
절제
칠리시즈
마늘분말S
맛베이스
복합조미식를
매운맛분
파프리카츠
파
쇠고기함유
유통전문
샘표식품취
비식품주
경기도
화성시
118
서울트
판매
중구
충무로
5
매원
및구입처
포장재질
내면-폴리에틸렌
고
이시
사용
보관시
개는
반드시
이/
부정
신고는
아든논
직싯
1399
총내용량
2객5
100g
450
 kcal
타수화물
58g
%당류
18
19g19
F06g포화지방
0%
10g 67%
%
미기준이므로개인의필요열량에따라다틀수있습니다
8
""0
1005
00
고객지원실
1144
2080-875-9999
www tasiacokr
2027
70907
B1
]r
10g 18%
58
을7울
포화지
화성시황계남길118
 100 g 450 kcal
포장재
구모
20270907B1
[
Hit Moha
셀중
>
|
|
<주
중
7
마
N
30
>
-",['소비기한'],True,False,True,False,False,1,1,['Y4_sep'],['2027-09-07'],0,0,0,1,1,1,3,9,0,0,0
001519.jpg,001519,640,640,640,640,0.4096,2.262,1.432,2.262,26.7,23.2,0,18,11,7,0.8572222222222222,"장
창엽1905년
교음
영향냉도
ORIGINAL
2202
12
D?
1684
SAUCT
45L8150ACa0
창업1995년
山움
송표간장
2022
ORIGINAL
12071554
규음",[],False,False,False,False,False,0,0,[],[],0,0,0,0,0,0,0,1,0,0,0
002706.jpg,002706,640,640,640,640,0.4096,1.726,1.015,1.015,12.0,17.6,90,13,8,5,0.8247692307692307,"Crose
MADE IN USA
5
EGULFFH
-
0712-21
17:51
10
MADE IN USA
30피어
50e
한용
07-122117:5110",[],False,False,False,False,False,1,1,['Y2_sep'],['2007-12-21'],0,0,0,0,0,0,0,0,0,1,0
001823.jpg,001823,640,640,640,640,0.4096,1.709,2.212,1.709,20.6,11.5,0,11,5,6,0.8572727272727273,"개조번호:
사용기한:
20210609
하루한일간견볶흥
경
사용기한
개조번호:
-
021
6
0",[],False,False,False,False,False,1,1,['Y4_sep'],['2021-06-09'],0,0,0,0,0,0,0,0,0,0,0
001965.jpg,001965,942,1256,942,1256,1.183152,2.447,2.175,2.447,39.1,26.9,0,17,10,7,0.833764705882353,"-024-31수시요금부0
고껴사다시:
오뚜기
오뚜
주식회사
충북음성군대소대풍분단로대
WWOffogico Kr
20231012
KO9
9
20231012
K09
WwoffogiK
어게
북음군대소업대풍시단로한
주식회사
오뚜기",[],False,False,False,False,False,2,1,['Y4_sep'],['2023-10-12'],0,0,0,0,0,0,0,0,0,0,0
002763.jpg,002763,1112,803,1112,803,0.892936,5.318,2.754,5.318,30.2,17.7,0,49,36,13,0.8497755102040817,"APPELLATION
D'ORRGINE
PROR보GE도
250
DE~I-SEIL
80%
IGNY DEMI-SEL
Sne deait pasteurse sel2X
S farments lactiques
06-11-21
Mat GV/Ft/Fat/
CNormande Proquiten France
Isigny
+6
TBXIIUINT
ACOnSOTTET
I de peference avantlz:
311
BUITER
250g
Ksal 2% lactic starters
1SteMere
I from pasteurised milk
 Kulturcn Hcrkunft dcr Mich: Nornandie
60S8NI6
SEMI+6PCCULbCWhrCn
Mndestens hAltEar bis:
Turmenbattio
모2
ISIGHY GE2OUTEH BOTER
Hartomst van de melk:
cRe r0:
I Geprooxcerd hn Frar Dn
TE bEWarEA a2N 46C mMUTU TIC0 rirSIc bOUn
hr!
LHTANGE
I[GNY DEMI-SEL
250g
Produit en France
Fisiesel2% ferments lactiques
19 Rahm
DEMI-SEL
311
06-11-21
Fruntt dor Mik: Normand
Isigny
250g
%
0",[],False,False,False,False,False,2,1,['Y2_sep'],['2006-11-21'],0,0,0,0,0,0,3,3,0,0,0
002150.jpg,002150,640,640,640,640,0.4096,6.438,9.889,6.438,158.6,77.6,0,110,55,55,0.8501909090909091,"60
ChunXugone
CHERF
정제수
토마토페이스트중국산
교은
발효초
양패국산
고줏가루
한우야채유
리
바질오레가노
정제소금
흑후추
용가유리
19950449002348
1층
성분
혼입
가능
고
건조한곳에보관
계품은
소비자
개봉
후에는
익거
균께요유
향식품
신고는
105규논
또는
보상
040019-919수신자요긍부담
1399
DAESAHG
시시
본용로타어
S/WWNLrODEDDCOUA
Csm
유물기한:
보래수하여
유리N
차왕용삼사다
소중한
자원
케끗한
단금
2021
03
31
-
F2
주
까지
1
-
하의
2021
신고는
가
곳에
내
I[
물용
모
균복
1002348
머
또
모
시
1
03
0
익거
-
어
없이
0
마
10
대문
이I
소중한
GL
1399
부담
조
스트
이
31F2
토마토
자원
또는
D
이
CS
0도
개끗한환경
RE
0
국산
HI
그리
0
양패
CHEI
요
까지",['까지'],False,False,False,False,False,0,0,[],[],0,1,0,0,0,2,0,0,0,0,0
002394.jpg,002394,640,640,640,640,0.4096,2.599,1.668,2.599,10.9,4.3,0,19,11,8,0.8435263157894738,"JL
01
2020
Kraft
F8
0734
RIGINAL
BESt WhenusedBy date shOhn
LOTE FCN!Df CD!Tao
TUCKFLAPINTOCOSE
METALASOLAPAPARACER
RIGINAL
중
분표는
Best whenused by dateshomn
TALASOLAPA PARACR
UCKFLAPINTOCOSE
공
10l",[],False,False,False,False,False,0,0,[],[],0,0,0,0,0,0,0,1,0,0,0
000859.jpg,000859,640,640,640,640,0.4096,0.423,0.963,0.963,0.0,2.3,90,2,0,2,0.7424999999999999,"00
9",[],False,False,False,False,False,0,0,[],[],0,0,0,0,0,0,0,0,0,0,0
002181.jpg,002181,920,1344,876,1280,1.23648,8.173,3.486,8.173,185.1,67.8,0,83,64,19,0.8318674698795179,"우니
1000
토마토샐러드
교플농
잘
롱
균류유
품보보고번호
201045530
식름유영
시a
A이든
차스
가기
시
유사서
정교소금
영양정보
총내용량
2509
100g당
350kcal
표도땅
대두토카토란밀식고기
함은
모
고림이교륜음고
나드룹
000m934%
단수물
694%
당류
101%
서구
대소면
사다로
128
지방396%
트랜스지방
포화자방
53
도
가
콜레스테를
10mg3%
고
10미만1%
지
나자
90
하시고얼지
주약하십시오
르하는고
080-024-
231수신자요금부담
8801045
시
76307
21124
OTHER
까지
14:17
뚜컴LDPE
라벨:PP
고객상담
양상추샐러드
80-024-231수신자요금부담
비000
201
토마토샐러드
느
왕
교플농
드레싱
효
부원
8801045
-
료
100g당
까지
총내용량250g
350kcal",['까지'],False,False,False,False,False,0,0,[],[],0,0,0,1,0,0,6,6,0,1,0
001518.jpg,001518,914,1218,914,1218,1.113252,4.203,2.884,4.203,61.0,27.5,0,41,29,12,0.8498536585365853,"본
지풍은소스자부하
간장
창엽
11905년
기준위거혼드보단
53
수
유습다
재료명
음
탈지대두
영양정보
소명망
몽고송표간장
주저
ORIGINAL
무작
2022
12
1634
HAGOP
MONGGO
SONGPYO
ORIGINAL
SOY
SAUCE
45L3150kca
그대로
창업1905년
20221207
ORIGINAL
깊은
AL
음
1534
50
17
-
제품은
소자",[],False,False,False,False,False,1,1,['Y4_sep'],['2022-12-07'],0,0,0,0,0,0,0,1,0,0,0
001705.jpg,001705,985,1314,959,1280,1.29429,2.611,2.142,2.611,71.7,71.7,0,37,23,14,0.9597837837837838,"서울우유
Cheese
치즈블렌딩
마스더
치즈
체다
국산버터의
완벽한밸런스
GOUDA
CheddaR
20210604
이미지사
유통기한
butte
15:58
B
이
|가공치즈
180 g550kcal
체다40%
고다20%
버터4%
*냉장제품
10매입
유통기한
치즈마스더
Cheddar
hees?
15:58 B
20210604
|가공치즈
180g550kcal체다40%고다20%버터4%X냉장제품
GOUDA
고다체다국산버터의
최상의치즈블렌딩
butte
완벽한밸런스",['유통기한'],True,False,False,True,False,2,1,['Y4_sep'],['2021-06-04'],0,0,0,0,0,0,6,4,0,2,0
002703.jpg,002703,948,1264,948,1264,1.198272,4.752,2.167,4.752,157.4,24.2,0,48,39,9,0.8348333333333334,"주
6물%0
}
드
69%0
고맛
다루츠
사려리퓨려
22%함위
포도함
오렌지맛
합성포도항
사과맛
딸기맛
사과사
Yt
리라피페는
이제품은우유를사용한제품과같은제조시설에서제
본제품은
고적삭담팀T7108023-518
또는구입처
PERFETT!
식품신고는국번없
하고건조
Cur Helle
보관하십시오
사탕째침을경우질식도는식도손상의
있으나역
구이하여주십시오
월아람방
바로휴지동
부거자0
파료평자
총내용량
2022110/29
2A444
나트름5ng0%
탄수화물
OROD
다루츠
2022110/29
사과맛
정드
건44
딸기맛
오렌지
意
가",['제조일자'],False,True,False,False,False,0,0,[],[],0,0,0,0,0,0,3,0,0,0,0
002551.jpg,002551,640,640,640,640,0.4096,2.178,0.859,2.178,26.5,13.5,0,19,13,6,0.8750526315789474,"No
Brand
3D-09-2021
DASUC
STRONG
MINTS
Peppermeiit
FavO7
N3OHF7
스트롱민트
50g195
GD/천연향료페퍼민트향
1%
스트롱민트
PUAL이
30-09-2021
Peppe
Flavo
DAUSZ",[],False,False,False,False,False,0,0,[],[],0,0,0,0,0,0,1,1,0,0,0
002017.jpg,002017,913,1282,911,1280,1.170466,1.375,2.476,2.476,2.5,6.4,90,10,2,8,0.6938,"Exr 3R?i is호
:-큰:습:
9-4
:
1
6:
D~:
1 90
6
9:8",[],False,False,False,False,False,0,0,[],[],0,0,0,0,0,0,0,0,0,0,0
003034.jpg,003034,640,640,640,640,0.4096,1.224,0.547,1.224,11.7,10.3,0,15,12,3,0.9001333333333332,"Delioamor
COCONUIT
SUGAR
Gula
Jawa
21
111
2022
P
NET WEGHT:S0OG H7 C2
WWWDE
n0rCOT
21112022P
Delianoor
NET WEGHT:5G 7 o0 ",[],False,False,False,False,False,0,0,[],[],0,0,0,0,0,0,0,1,0,0,0
003199.jpg,003199,640,640,640,640,0.4096,3.593,1.971,3.593,69.3,14.0,0,37,30,7,0.8210540540540541,"명:아보키
유기타스
교로
소
소재지:
러스주02-
2459
강서구
-6009
조업
TUADG
모일
100%
도
표시
/밀/년순
놀리어
마하다
결현상으로
생김
있으나
보관시
태로
며
품질
없습니
교한
-
소구입처
102125
95근5력5
1102125
소
-
물
권고대
도구",[],False,False,False,False,False,0,0,[],[],0,0,0,0,0,0,1,0,0,0,0
002637.jpg,002637,1004,1338,960,1280,1.343352,6.877,2.233,6.877,181.5,47.4,0,84,68,16,0.9106547619047619,"사하사
1981
To0
Swext S
SOHN
Oice
CANDY
HMAWSWE
Eetspacecokr
o허Y룰
구미
캔디
우롱기한
BEST
BEFORE
서품유형
캔디류
내용량
100g325kca!
제조사
[Trolli GmbH
연월일순으로표기된날까지
20221101
사의역돈스이스주
서울시강남구봉은사로
스걸B연삼동1층T022176-0324
영양정보
용량
325kcal
부리원
1일동앙성문
12016-0364562호
음울
기준차매대민비음
나트룸80mg
4%
24%
탄수화물779
49%
당류499
0%
지방0g
Y려
오내
트랜스지방0g
프탈레이트폴리프로필런
01
60
콜레스테롤0mg
0%
중과리적거
6zt
%8
료
POTATO
GLUCOS
SYRUPSUGAR
WATER
MODIFED
TARCH
CIRIC ACIDE330
LACTICACID
TURAERIC
SWEET POTATO
COLOURING
SAFFLOWER
RED GRAPE
SPIRULINA
SOM CANDY
108
|
[325KC
총내용량당
영양정보
우롱기한 BEST BEFORE
트랜스지방0g
지방0g
당류49g
트룸80mg
20221101
비료
을융
Oace
325kcal","['BEST_BEFORE', '까지', '제조일자']",True,True,False,False,False,2,1,['Y4_sep'],['2022-11-01'],0,0,0,0,1,0,5,11,0,0,0
001153.jpg,001153,640,640,640,640,0.4096,2.38,1.801,2.38,38.7,23.8,0,25,15,10,0.8127200000000001,"610400010016
100rt:
OKSH SnApbE PE LId
Oalun Buroh
09-01
Sngpore 61949
Sore in a cooland dy place
Bet before
6A/
宗지료
2021/10/31
L4690
0
100g
NEI
문스무스
kCa!
100g NEI
30
교리C0리Nd
Sln Buroh 09-01
Drter DKSSn2:
[4690
2021/10/31
Crplae",[],False,False,False,False,False,2,1,['Y4_sep'],['2021-10-31'],0,0,0,1,0,0,0,3,0,0,0
002931.jpg,002931,732,977,732,977,0.715164,2.898,2.378,2.898,56.6,37.6,0,42,26,16,0.8882619047619048,"DoLce
Lorlle
돌체
라떠
24
충C주
중량
4152
9
929
[17
3
980
KCal*2A
-
커피
549%
무지방농축우유
고공
08%
유통기한
26
민전를
까지
078680
301037
유통기한
16시인천A
돌체라떼
까지
24
연유파우더
커피
L
[6
80
층C주
08I
그
-
지방농축우유
24가","['까지', '유통기한']",True,False,False,True,False,0,0,[],[],0,0,0,0,0,0,2,1,0,0,1
001608.jpg,001608,839,1118,839,1118,0.938002,0.957,0.169,0.957,4.2,0.0,0,2,2,0,0.5255000000000001,"근O1OE근무
이국4를",[],False,False,False,False,False,0,0,[],[],0,0,0,0,0,0,0,0,0,0,0
001081.jpg,001081,785,998,785,998,0.78343,8.273,9.484,8.273,259.4,168.0,0,173,95,78,0.9024682080924856,"9%
kcal
기준이드
로뉴
499
2000
비율%은
1일:
영양성분
기준치에
수
있습니다
개인의
필요
0올
러
HACCP
8
104
대포장
지퍼백
Y
개봉
2
류
그림처럼
후면에
표기된
눈곰고
개봉후그림처럼
잡는곳:
흥
대칭되는
지퍼를
입대
곰마
제품의
신선도를
이모
개봉해
주세요
유지시켜
미목
*개봉시주의사항
양손으로
제품개봉이
유목Y
점선을
가위로
자른후
지퍼사아를
원활하지않을
경우
잡고개봉해:
주세요
가위로
자를때지퍼를
지퍼
곡
떨어지는
6
없도록주역해주세요
Ho lo움kB요
경우
지퍼와
포장지가분리되는
경우가
있으니주의해
주세요
202106
17
까지
B26
박순옥
1536
농심
고객상담
수신자요금부담
080
023-5181
본사:서울특별시동작구
Wwwnongshi
서육왕
112신대방동
Com
the
ZIP-PAK
Symbo
ZIP-PAKG
and
이f
TN
Se
registered
trademarks
본사:서울특별시동작구
AP-PAKe
Sre registered
없도록주의해
자른
*개봉시주의사항
잡아개봉해
1미
싱되
잡는곳
개봉
대포장
농심
인의
1일영양성
%666다로고
로12신대방동
주세요
FE
둥품
루
부분
및Y프Y
BR오
and the
3221200스국
가동이
양손으로제품
주세요
8919
마는
trademarks
경우
가위로
개봉이
치>
6
ZIP-PAK
00
포장지기
무
원활하지
상담
1536
ElYY
0
N
까지
19
드
아
신선도
입
줍니다
그림처럼
023
수신자요
경우
ZF
지퍼
경우가
제품상단의
책음
분이
-
HACCPA
Symboe
주의해
떨어지는
롱모
TN
L
만
Com
-
가위로
60
유용",['까지'],False,False,False,False,False,0,0,[],[],0,0,0,0,1,0,1,0,0,0,0
000319.jpg,000319,3024,4032,960,1280,12.192768,1.949,1.719,1.949,34.3,32.2,0,22,11,11,0.9408636363636362,"간자
소비기한
20260214까지
11:19
E1509
Bh5
천
맛을
즐기는
FYI0R
라탕면
라탕면
전
FYI0E
Bh5
즐
맛을
20260214까지
11:19
기는
E1509
소비기한","['까지', '소비기한']",True,False,True,False,False,2,1,['Y4_sep'],['2026-02-14'],0,0,0,0,0,0,0,0,0,2,0
001512.jpg,001512,767,1023,767,1023,0.784641,4.832,3.496,4.832,177.1,123.5,0,85,53,32,0.9174000000000001,"한여름
눈꽃이
류늘
이유
물0룡819
한정
생산된
소금만을
하나
엄선하였습니다
천혜의
자연환경을
가진
신안바디
미무
갯벌의
적고부드러운
한여름
눈꽃
구운소금은
실시긴
온도관리
온도를
조정하여
제대로
구원
습니다식약처
요곤
가열온도
800도
이상
샘표만의
3단계
으로더
믿을수
있습니다
천일염선별
워터샤워
마네틱
퓨를
클린시스템
클린시스템
간을맞출때사용
하거을
깔끔하고
궁름Y
국물요리:
아삭하고
있는
나물
짭조름
하고
201805 16
한여름
?조
엄선하였습니다
한여름눈꽃이
678월에만
20180516
담백한구이
있는
많
800도이상
습니다
온도를
나물
눈꽃
월서사서원
식약처권장가열온도
깔끔하고시원한
간을맞출때
3단계
구운소금은
외
무침
흥교로는
을고몽품
][
생산된소금만을
짭조름하고
비기싱
가진신안바다
있습니다
클린시스템
여",[],False,False,False,False,False,2,1,['Y4_sep'],['2018-05-16'],0,0,0,0,0,0,0,0,0,0,0
001777.jpg,001777,640,640,640,640,0.4096,2.137,1.104,2.137,9.5,9.8,0,27,18,9,0.8839259259259259,"Yonie
SaUCe
Chill
POHGG!
5
14
CKR
-
2021
-
3205
Noodles
ng
Noodles
qutees
-
Noedels
NOODLES
Noodles
19
Noedels
Qutees
Jgnie
Noodles
100
꿈도
114111",[],False,False,False,False,False,0,0,[],[],0,0,0,0,0,0,0,0,0,0,0
001791.jpg,001791,864,628,864,628,0.542592,8.799,2.89,8.799,92.6,50.7,0,43,32,11,0.8379534883720929,"세계일류상품
분병즈소
트제이제일자당
주사회사
로
드
으너가금작
협상로
보다하
여시
분가터품어서요
파유%%
물미능사:품는
고객행북센터
080-850-1200
주의사함
부불터드금료
1666-5471
문가상담
예본는
유통기한:
20
80
13
F1
까지
3
80
--
007
8
11
주의사함
유통기한:
20 08 13 F1
4조
까지
1분가디풀어서요
1666-5471
080-850-1200
고객행센터
유%
계일류상품","['까지', '유통기한']",True,False,False,True,False,1,1,['Y2_sep'],['2020-08-13'],0,0,0,0,2,0,0,0,0,0,0
003142.jpg,003142,891,1187,891,1187,1.057617,8.165,5.865,8.165,109.0,73.5,0,137,90,47,0.9333868613138687,"COFFEEREA
RABastt-
Signature
Blend
FuL!l
Potential
Sourced
Coffees
that
interplay
harmoniously
I've
With
each
other
They
are
characterized
by
their
Vibracy
and
Complexity
of flavour
Sweetness
themselves
best 
0
Coffee
The
roasting
Iending
techniques
I've
developed
enhance
and
brewing
taste
and
texture
Of
each
Coffee
the
intrinsic
중비동름
국웅Y
커피들은
루
훌륭한
Paul
Bassett
커피에
가장
로
어울리는
더오문류
조화를
이루며
보여줍니다
그리고
문
로스팅
야눔
생동감을
방식은
특별한
커피가
가진
봉습니다
기법과
추출
이
만기다립니
풍미를
가장
맛있게
표륜
Pu
Krw
두부물도록한후
다
2020
1212
무
제조
2021
1211
까지
Paul Bassett
the intrinsic taste 
nding
Vith each other
've sourced coffees
풍미를가장맛있게
기법과추출방식은
SFECHLY COFFEEEEAN!
PE
etness
20211211까지
20201212
Vibracy
3
미륜
They
가장
and
보여줍
사용된
best
and
IR
that
잘
I texture
어울리
Complexity
o
interplay
커피
오
Coffee
제조
피들은
Of
developed
그리고
each coffee
서로간의훌륭한
The
harmonious!
대하공구
저만의로스팅
Enhanc
roasting
by thei","['까지', '제조일자']",False,True,False,False,False,2,2,"['Y4_sep', 'Y4_sep']","['2021-12-11', '2020-12-12']",0,0,0,0,0,0,0,0,0,0,0
002420.jpg,002420,516,608,516,608,0.313728,1.192,1.245,1.192,7.6,7.9,0,3,1,2,0.9713333333333333,"23102020
23
102020",[],False,False,False,False,False,0,0,[],[],0,0,0,0,0,0,0,0,0,0,0
000585.jpg,000585,1050,1400,960,1280,1.47,23.233,11.859,23.233,232.2,246.2,0,309,218,91,0.9040809061488673,"G6
CET
Golden
A
Pure
Indulgence
Baked
Treat
In
Every
Cookies
Cookies
Bite
CLASSIC
BUTTER
COOKIES
Oil
Sugar
Butter
Ful
Cream
Milk
Powder
Wheat
Flour
Vegetable
에
Palm
R
ENTS:
Sodium
Bicarbonate
NS
500i
ALLERGEN
INFORMA
Flavouring
and
Raising
Agent
also
processes
products
that
Manufactured
equipment
that
Containi
Theat
milk
&
Soy
Minyak
Kelapa
Sawit
Gula
Mentega
Serb
AMUAN:
Tepung
Gandum
Minyak
Sayuran
karbonat
CNS
50
MAK
Kismis
Perisa
Yeno
Dion
atan
yang
juga
memproses
원재료명
소재지
7
Vegetale
Huile
De
Palme
부유원응%
결기준에
*본제품은계란너트류
조회시
T오
트랜스지방이g
*부정
피주
유
머F
A
Sodium
Bicarbon
이
0도
Lever
있습니다
이
que
SUr
des
equipements
든
또
1149
의거
|-
S:
Harina
De
Trigo
Aceite
유
야
모표
식품
전자변
romatizante
Permitido
Ga
13%
사광선을
교환
*본제품은
601kcal
che
Y
Soja
Fabricado
ER!
신고는
건포도
모
ES:
Farinha
de
Trigo
Cle
또는
0조
T
수
>
니표
또
S
Permitidos
Levedante
피하
보상음
머
국변없이
공정거래위
합
1-265-8045
Fabricado
Em
equipame
F149
1/9
위
RESOURCES
서늘
nozes
124%
품
유화제
DI
이
286번
S
위
UC
버터
성있
1399
있습니다
같은
미
총내용량1149 601kca
균피
고시
6
반품
제조시설에서제조
0
SDN
초량
포장재
>
버터12%
퓨력금
소비자
IBHD
산지
므로
O
질
905음궁둑'
6해
곰
트
6우유정제소금
금금
점
단백질8g
지방299
잎
캔류
우
여
초
구입처
54%
15%
B:CKB2
ENTS:
곰유워용
금%룡표핵 lo관L
1일
료이해
2000kca기준이므로
%0
6u룰고룬
93%
15%
62
Wheat
탄수화물7924%
13%
나트룸265rng
당류24924%
& soy
지방29g 54%
품원%
총내용량1149
BUTTER
601kcal!
Fiour
*부정불량식품신고는
Baked Trea
1399
평교논
Cookies
A Golden
CT
弓
균피둥루름원:피
결기준에의거교환또는보상을받을수있습니다
캔류
Agent
든:건26
곱표Y
하고있습니다*본제품은공정거래위원회
:CKBT1124
본제품은계란너트류를사용한제품과같은제조시설에서제조
Sod
ON
에
CLASSIC
공무공름
음공
equipment
0o
Palm
전지분유건포도합성향료버터향탄산수소나트룸
밀가루
요%류'R'
드
GLOBAL
Y
Oil
PREMIUM RESOURCES SDNBHD
소재지
Minyak
래동올울운요
905음콩누'움용지6교982:
 that also
Sugar
을
JolY이려
TEL051-265-8045
소비기한
OOKIES
별도표시일까지
금공레표
601kca
1149
래너요丘
Butt
Pure
제품명
OrO0
E바H를피
과자
FuIl
ever
Fabricado
ALLERGEN
Gu
0
MilK
Ge
Powder
Ace
?
I","['MFG', '까지', '별도표기', '소비기한', '제조일자']",True,True,True,False,True,0,0,[],[],0,0,0,0,1,2,11,4,0,0,0
000121.jpg,000121,3024,4032,960,1280,12.192768,6.243,4.076,6.243,205.5,71.0,0,97,62,35,0.9064123711340206,"계피
4%
천연향료사과
애니스
샤씨
05
%]
계피향
%01
37
순화동
/
031375-6678
160-21
'화성시
제조원
내면
[20080364310229
다습한곳을
피하고
개봉한차는
포장재절PE/
'MY뤄워귄五
퓨목보고번호/
주의사항:고온
위
실혼
이물질이
이생길수
아니므로
보관상의
루유물입
복숭아
룸
弓러물
또는
드십시오
고시
소비자
OTHER
눈을
본제품은공정거래위원회
습니다
및
부쟁해결
받을수있습니다반품
부정
화장소:구입처및제조원
10평논
1399
809580
861504
불량식품
신고는
-
No Brand
No
Brand는
20271413
LOCHA G0
WIXC0FF2?
No
202?
있5출
NoBrand는모두이마트의상표입니다
1413
399
수은조
띠>
바으
아
-
아
-
PLAL
|
계피
송산로
7길37순화동
거
%
4
그
F
실
-
이
160-21
소비
천연향료사과
이루고자
861504
품움
무
UT우LIr
HAG
-",['제조일자'],False,True,False,False,False,0,0,[],[],0,1,0,0,1,1,2,0,0,0,0
001716.jpg,001716,640,640,640,640,0.4096,1.448,1.422,1.448,28.4,24.6,0,21,12,9,0.889047619047619,"유통기한
느어둑
202102
07P1
마E
긴국등
브랜트
육74%
대금
살
놈o
채
수
국
채
1등브랜트
어욱
어묵
른유
20210207P1
유통기한",['유통기한'],True,False,False,True,False,1,1,['Y4_sep'],['2021-02-07'],0,0,0,0,0,0,1,0,0,0,0
000077.jpg,000077,3024,4032,960,1280,12.192768,2.157,1.489,2.157,17.3,18.2,0,12,7,5,0.9497499999999999,"India
마늘베이스
028%
98
2026
03
07
India
2026:
03
7
마늘베이스028%[마늘분말",[],False,False,False,False,False,0,0,[],[],0,0,0,0,0,0,2,0,0,0,0
002211.jpg,002211,640,640,640,640,0.4096,4.301,2.837,4.301,135.8,54.5,0,55,37,18,0.9107818181818182,"987041
5003307
249
표기일까지
복숭애중국산
올리고
스산
801117
식물성유지1경회
4555719
지방산에스테르
궁교지의
오거트분말
4종
푸마르산
조제크림분
HACP
니
hto-Iwswghonwyld cos 
4종
잔탄검
곡류가공품
유통
부터
일매지는
질소층전
20032311:08
기한
까지
가낮은
개봉
2009 22BCR
곳에
보관
더:
전화
080-023-57
나
4종선
산
87041500330
전화080-023-57
낮은곳
잔납?
곳에보관
질소충전
곡류가공품
-
>
한
타유
쥐오리온
092B0B
2B11:08
HACCP","['까지', '별도표기']",False,False,False,False,True,1,1,['Y2_sep'],['2020-09-22'],0,0,0,1,0,0,0,0,0,1,0
003096.jpg,003096,640,640,640,640,0.4096,1.488,1.892,1.488,30.8,16.0,0,19,12,7,0.8271578947368422,"12
국
20221012
가아디
까지
02로
메밀국수
닥드럽고
소바용
빈기심기
기비
BUCKWHEAT
BUCKWHEAT
므
소방용
20221012
것한
까지
므프오",['까지'],False,False,False,False,False,2,1,['Y4_sep'],['2022-10-12'],0,0,0,0,0,0,0,0,0,0,0
000229.jpg,000229,3024,4032,960,1280,12.192768,2.441,1.178,2.441,31.1,14.5,0,33,24,9,0.839969696969697,"이스하니스
6
ZAREULA
공신인로100인
in
Denmark
resl
NOZZARELLA
Mini
100%
공궁
국산
공공
기준
Hasw
MilK
0
0
1256
:H
조리예
K-MILK
9
3공용규는
VNOZ2ARELLA
res
Milk Hasw
1256
'ZZAREULA
De오ark
원료원유기준
조리예
Mini",[],False,False,False,False,False,0,0,[],[],0,0,0,0,0,0,1,0,0,0,0
002135.jpg,002135,640,640,640,640,0.4096,3.479,1.224,3.479,47.5,10.0,0,19,16,3,0.931,"원재료명
돼지고
가은
시설에
교환또
해결기준에
소비시
:02-6403
88EE-
비자
상담실
없이
660
유돔기민
222112
OTHER
유통기한
222112
-",['유통기한'],True,False,False,True,False,0,0,[],[],0,0,0,0,0,0,0,0,0,0,0
000795.jpeg,000795,3024,4032,960,1280,12.192768,1.312,1.19,1.312,11.2,4.1,0,16,9,7,0.835,"Endak
소또
SPIC!
4시
-
873437
Enadk
GE세E운
오예스
6
77
:
S
Enaak
GE세L운
OI",[],False,False,False,False,False,0,0,[],[],0,0,0,0,0,0,0,0,0,0,1
001577.jpg,001577,607,810,607,810,0.49167,9.5,11.84,9.5,274.4,173.2,0,180,81,99,0.9212777777777776,"Premium
Jea Ole
MILK FLAVOR
OOLONG TEA
제품명
으트
가득
우롱차
내용량
15
9
15
9X10
티백
침출차
품목보고번호
19980467010471
원재료명
으티
가득
우롱채베트남산100
%우롱차
98
%
합성향료밀크향2
%
내포장재질
여과지
포장재질
폴리락타이드PLA
문의
및교환처
본사및구입처
'소비자상담실
02597
3949
업소명
녹차원쥐본사:
서울시
서초구
서초대로4길
84
소재지
공장소재지:충남
금산군
진산면
실학로
67
 WWW NOKCHAWONCOKR
직사광선
및고온다습한곳을
피해
곳에
부정불량식품
1야평표논
제품은
신고는
1399`0
룸
사용한
제품과
같은
제조시설에서
제조하고
있습니다
:본
제품은
공정
부궁해라
고시
소비자분쟁해결기준에
의거
교환
또는
외교
수
있습니다
유통기한
20221105
까지
336652
유통기한
문의및교환
98%
다모파
업소명및
내포장재질
0
음래공
소재지
우
고
정
동
제품
수
T이
0
0
있습
이
MILK FLAVOR
Y
고
모표
20221105
이
ㄴ
>
K
녹차원쥐
마는
료
15915
WWWANOKCH
밀크향가득
그
5
고료피금
-
장소재지:
166
:
무
향2
가득
-
9X10티/백
장
정
|<
본사:
여과지포장재질
%
우롱
Sea Oe
16
K
미
중
우롱채베
|
1
VOK
서울시서초
K
OOLONGTEA
까지
2
호
COKR
의거
고
I
K
고스품
두
9980467010471
F도
산100
FIo오
02597--
리락
모
H
학로
초대
타이드
극F
모표등
이
로
우롱
공
>
6
3949
용공상
>
한정을","['까지', '유통기한', '제조일자']",True,True,False,True,False,2,1,['Y4_sep'],['2022-11-05'],0,1,1,0,1,1,4,0,0,0,0
000487.jpg,000487,3060,4080,960,1280,12.4848,1.52,1.385,1.385,0.0,1.3,90,1,0,1,0.67,대민,[],False,False,False,False,False,0,0,[],[],0,0,0,0,0,0,0,0,0,0,0
002083.jpg,002083,715,1147,715,1147,0.820105,5.411,5.179,5.411,38.9,29.7,0,84,47,37,0.9570595238095236,"Faorloue
au
Portugal
BEST
BEFORE:
/A
Consommer
de
preference
avant le
Mindestens
haltbar
bis:
Consumir
prefe-
rentemente
antes
del:
Ten
minste
houdbaar
tot:
Da
Consumarsi
preferibilmente
entro
il:
Szaraz
hiivis
helyen
taroland6
Minoseget
megorzi:
09:1
Prod
date:
13/03/2020
Best
before:
06/112020
h류
-
007:
30303G8
HER
HER
61336932158
HER
미
ER
taroland6
entro il:
Consum
minste
rentemente
haltbar
prefe
BEST
8이reue
L00730303G8
Best before:
Prod
09:1:
rence
BEFORE: I A
date:
Tarsi_ preferibilmente 
houdbaar
bis:
Szaraz
Minoseget megorzi:
avant le: I Mindestens
Portuga
0611/2020
13/03/2020
antes
Consumir
hivos helyen
Consommer de
tot:
del:
I Da
 Ten
prefe","['BEST_BEFORE', 'MFG']",True,True,False,False,False,0,0,[],[],0,0,0,1,0,0,0,2,0,0,0
002229.jpg,002229,640,640,640,640,0.4096,0.916,1.027,0.916,4.3,4.2,0,7,5,2,0.6890000000000001,"2B/13/3/
/
/1]
경평
SSA
2813/23
_",[],False,False,False,False,False,0,0,[],[],0,0,0,0,0,0,0,0,0,0,0
001176.jpg,001176,640,640,640,640,0.4096,1.525,3.183,1.525,12.2,12.0,0,26,8,18,0.8134230769230769,"]D
BEST
BEFORE:
/M
070921
_
037F
15:40
ED
DTA
GHOCOC
1ATFAT
SUGA기도
26사
19
699:
1호9
DUMUHIV
FOAHAT/ON
BEST BEFORE:
대
볶
DMN
소
TONERY
Mal",['BEST_BEFORE'],True,False,False,False,False,1,1,['Y2_sep'],['2007-09-21'],0,0,0,0,0,0,0,0,0,1,0
000792.jpeg,000792,3024,4032,960,1280,12.192768,3.034,1.162,3.034,7.4,2.7,0,9,6,3,0.707,"101
무IN
141
C6
CARISTA
0
현드:도
물드
!",[],False,False,False,False,False,0,0,[],[],0,0,0,0,0,0,0,0,0,0,0
000871.jpg,000871,640,640,640,640,0.4096,4.371,0.79,4.371,56.4,2.8,0,24,21,3,0.7982083333333333,"EXP
내드름10차
미지방209
56
학물539
트랜스지방05의
15102021 68
16%
ARE44A
13:28
둥류
150
25%
66
55
60
002당
클레스미를
2무
-
2
음무
EXP
132",[],False,False,False,False,False,0,0,[],[],0,0,0,0,0,0,2,0,0,1,0
002724.jpg,002724,640,640,640,640,0.4096,0.375,0.765,0.375,28.0,27.1,0,14,7,7,0.9255714285714286,"BEL아RE
BESI
812
19/12120
1125~3
8-2-042419
917834
917834:
19/
BESI
112120812
8-2-042419
BEFORE
125-~3",[],False,False,False,False,False,0,0,[],[],0,0,0,1,0,0,0,0,0,0,0
000422.jpg,000422,3060,4080,960,1280,12.4848,4.024,1.274,4.024,53.1,21.0,0,24,19,5,0.8411666666666667,"하이트
페이트하엠
C0N
하이트하임
마이드아렌
자사HA
이이트하일
CROWN
20250910
A5
Mhal Sncnu!
20260609
본9
Nazelnwi
까지
맛있는약속
5920공고
4780
33
ROUTN
20260609
20250910
A5
4780",['까지'],False,False,False,False,False,4,2,"['Y4_sep', 'Y4_sep']","['2025-09-10', '2026-06-09']",0,0,0,0,0,0,0,0,0,0,0
001186.jpg,001186,640,640,640,640,0.4096,2.185,1.569,2.185,20.2,10.9,0,19,13,6,0.8163684210526314,"9
LOTTE
쿠키
마가렛트
오리지넘
Y
14:
3금
부터
고1-
2분
고
까지
0LOTTE
마가렛트
실:
가
14금3
끼져",['까지'],False,False,False,False,False,0,0,[],[],0,0,0,0,0,0,0,0,0,0,0
002560.jpg,002560,1052,1403,959,1280,1.475956,8.822,2.519,8.822,241.8,45.7,0,116,98,18,0.896706896551724,"SUIKeOr
JDdvok
NOTOI!
OerOG
궁o허Y-표l류
FlolYF
직사광선을
건초하고
피
캔디류
서늘
프으하
안
곳에보관
02380-5678
쥐이마트
377
성수동2가
소재지
보
CANDY
기준에
제조
JUST
의거
월피극비터
사
유통기한
제품
부
불량식품
신고는
중퓨표돈
돼지고가
WOORVO!
융
을
200g720kcal
Sotures
HvorV m
흐
'음丘
옥수수전분유전자
영양정보
Koolhydr
있음
총내용재장
de carbo
1009당3601]
정제수
구연산웰락
D[-사과산
나트룸30mg2%6
WOOrVN
또현진
단탄수화물102%
Ocucares
향료
지방0g0%
음포공
트랜스지방이
Eiwitten
시럽
포화차니
콜레스티를Ong0%
축액블랙커런트
전화당시럽구연산청
2out Sa
Produce
푸마르산
'카나우바악스'
코코넛오일
심황색소
착색료이산화티타눔
포장재질
산지
Tan
718469
""320912
00 Ten minsle houdbaar tot:
200ge
O Best before:
D Mindestens haltbar
bis:00 A con
mmer de
preference
CVOn1 le: 5 Cons
ir preferentemente
Gnles del:
OCoN5
Tir de preferencig
Cnles de:O BBt fore
4392T04
14:역
S Mindst holdbar
1:0 Best for:
P
1O ennen
음공
CAND
지
21021
921T04
377
7성수동2가
Y아YIFY
14:9
영양정보
본령
드떡
건승거
원
다
1846
200ge
32091","['BEST_BEFORE', '유통기한', '제조일자']",True,True,False,True,False,1,1,['Y2_sep'],['2032-09-12'],0,0,0,0,1,0,4,4,0,0,0
002368.jpg,002368,716,927,716,927,0.663732,7.708,2.917,7.708,327.0,46.5,0,91,80,11,0.9047142857142855,"온수
30m를
골고루
부어준
후
20조
후에
120m의
온수를
2~3회
걸쳐
나누어
부어
주세요
150rn/1잔
제품명
콜롬비아
슈프리모
핸드드립
원두커피
식품의
커피
품목보고번호
20004908-45
원재료명
함량
커피원두
100%콜롬비아산
100%
내용량
56989X깨입
포장재질
여과지
고료피교룸
페리바군를l이고률
프탈레이트
내포장재질
고를이고룸
유통기한
별도
표시일까지
제조원
궁머균
남논으
티주/충남
서북구
성환읍
42
고객만족센터
080--25-1383
이
전화는
수신지
요금
질소충전팩
유균군공
주의사항
보관상
주의사항:습기및직사광선을
피하시고건조한
균피국
하십시오
반품
고환저
본제품은
궁6신&운
소비자분정
고
HACGP
개봉사에는반품이도
되지않습니다단
제조정상
품질하자가있을경우는제외롭니다
부정불량식품신고는국번없이
190
이지품은
00
대두되지고기를사용한제품과같은제조시설에서제조하고있습니다
유통기한
드드
유동기호
중낙르흐8~
온수30m를골고루
부어주세요
부어준후
155:2
111:1:
20초후에120m의온수를
150m/1잔
머명
때","['까지', '별도표기', '유통기한', '제조일자']",True,True,False,True,True,0,0,[],[],0,0,0,0,0,0,2,0,0,1,0
000196.jpg,000196,3024,4032,960,1280,12.192768,2.872,1.622,2.872,37.6,18.4,0,17,11,6,0.8538235294117648,"갈릭비프짜장
하늘용시고기
0
체려카
3986
오즈
3980
4980
2027
0227까지-1
5[
2027
12
갈릭비프짜장
27까지-1
<대상목
&",['까지'],False,False,False,False,False,0,0,[],[],0,0,0,0,0,0,0,0,0,0,0
003301.jpg,003301,1444,1927,959,1280,2.782588,1.388,1.278,1.278,28.5,41.1,90,23,12,11,0.9556956521739132,"Best if used
Before:
21-04-2023
원
오
7900
006
-
900!18
목유은궁
100g
%0
인하상품
Best if used
0%
100g당
7900
원
I1 before: 21-04-2023
7900
원
그
65320007900!18",[],False,False,False,False,False,0,0,[],[],0,0,0,1,0,0,1,2,0,0,0
000633.jpg,000633,1980,3520,720,1280,6.9696,4.291,3.307,4.291,89.5,43.8,0,53,36,17,0.9104339622641511,"탄수화물
/
29
29
348
%
지방
8
랜스지방
058미만
포화지방
/
레스테를
30
558
10
%
78
고유88
기준치에
대한
비물%온
2000
C
기준이므로
13
다른
수
있습니다
소비기한
2025!
1224카제
23:28
580
809
V
2580
소비기한
스테론
요거트
89608 1
23:2:
20251224지
-
30
058미만
n용
-
10
~
단다
오
348",['소비기한'],True,False,True,False,False,1,1,['Y4_sep'],['2025-12-24'],0,0,0,0,0,0,2,0,0,1,0
001964.jpg,001964,640,640,640,640,0.4096,1.724,0.552,1.724,35.2,19.5,0,9,7,2,0.8543333333333334,"원
하단범도표기
격부증퓨라컬퓨리드자퓨
제조문차
20191010
유동기한
20211009
유름기20211009
잔즈함자20191010",['제조일자'],False,True,False,False,False,4,2,"['Y4_sep', 'Y4_sep']","['2019-10-10', '2021-10-09']",0,0,0,0,0,0,0,0,0,0,0
002755.jpg,002755,960,683,960,683,0.65568,8.905,6.085,8.905,139.6,96.4,0,135,85,50,0.8526814814814815,"무사
理理四帝
""B8 음Y
15%
5
海之者
교크
05g미만
:그자그和-
행장보관""냉장제품""우유함유
惠和信之一31-4
포화지방59
공롱YY
33%
포장재질:폴리에틸렌
8%
부부남-
및
공구
:Y공
미국
민피
13%
史海惠化老宗1金289微
영양성분기준치에
信8g
金反君配最05g
100kcal
10평
1399
1일
금%룡A
79
표 CIY비교료
200OKCal
기준이므로
아니
8륜
Y0를
부방
를
수
부평
극포공
+t
로서
1드크크
2고1
드
10
든분든든는다
'SIMPLE
AtArla
1 deliVE
WholesOme
Datural
Cheese
Dased on Our
WHOLESOME
Philospby of
atural
Goodness
We pride 
OUrSelves in
O0d
the fc OUr
턱oducts do not
Contain any
artifcial
G NUIRIHOUS
A
aV0rF 
PrESErVatives
Arla* Gola has a rich
UUtterY
Slightly sweet Aavor and a
54858
70368""
Huun
Sooth
C2금D
Haket onahuroer
Stack it
With your
81050652
없이1399
및수입원
B iFY
노
포장재
보0
지
GE NUIRI10US
도
원산지:미국
더>
WHOLESOM!
시기
꼬립교료
SIMPLE
미부탕
unuys
랍니다
함유
H
다를수있습니다
인파대
[
콜레스테롤25m9
ODOKCa!
-
화지방59
Smooth CrEv
543373
드드ST
oiCeS Or
ake
따라
13%
33%
15%
크고1드1대
AUPL
89
Stack it with yOu
I artifcial
09-
[28
信一31-4
上
<惠L
FI
8105065
7036
부차-",[],False,False,False,False,False,0,0,[],[],0,0,0,0,0,2,7,4,0,0,0
001382.jpg,001382,948,1264,948,1264,1.198272,4.135,4.639,4.135,105.4,85.8,0,80,41,39,0.9503625,"표준코드
8806500009923
사용기한
20230105
제조번호
K58C
5DN42XV7PP
제
-
조
자
전공정위탁제조제조의뢰자
GlaxoSmithKline
Export
Ltd
980
Great
West
Road
Brentford
Middlesex
TW8
9GS
논용
전공정위탁제조제조자
GlaxoSmithK/line
Pharmaceuticals
SA
189
Grunwaldzka
Street
60-322
Poznan
모굴륙
수
입자:글락소
스미스클라인
서울특별시
용산구
92
GRO6307
서울특별시
수입자:
60-322
TW8 9GS
Ltd 980 Great
전공정위탁제조제조의뢰자
제조자
제조번호
사용기한
표준코드
Poznan
용산구
글락소
논웅
거
웅
제조자:
West Road
DM4
58
모굴륙
한강대로
스미스클라인
S
어
2Xv7PP
내
9
50
Grunwaldzka
GlaxoSmithKline
92
Brentford
GlaxoSmithKline Export
05
Middlesex
Street
시
IGRO6307",['제조일자'],False,True,False,False,False,1,1,['Y4_sep'],['2023-01-05'],0,0,1,0,0,0,0,0,0,0,0
003295.jpg,003295,2016,1511,1280,959,3.046176,4.268,2.562,4.268,13.2,6.2,0,58,37,21,0.853,"TONG
PHAM
Su
DUNG
MAU
HCP
고이기G
~
CA~
TU
RETORT
TIEYTRUNG
CONG
NGHE
FIF- I:
+1 I 
 + I
1 1 
+++ I  I
I: FEI JI
Heang
대:
FON
PHo
NEMUOA
GA
TH!T
1
1963
1FOST
G의
Go
G6
T
:
ST스
서
FON
NayT1963
~
G
G
'CONG NGHE
THAT
FoST
Hang Gi
PHO
TU
무품
55
THIT
DUNG
TORT
GA
E
MAU
TRUNG
IK'FEk",[],False,False,False,False,False,0,0,[],[],0,0,0,0,0,0,0,0,0,0,0
003157.jpg,003157,640,640,640,640,0.4096,1.715,0.716,1.715,53.4,9.0,0,21,18,3,0.8300476190476191,"1개요
9팀
오리가케
나트움
단수화함
프
지방
0념
504출도
컴레스터템
단력질
부정
품링식품
국민없이1399
신고
유통기한
202110 26
까지
오리가케
02
1026","['까지', '유통기한']",True,False,False,True,False,1,1,['Y4_sep'],['2021-10-26'],0,0,0,0,0,1,0,0,0,0,0
000732.jpg,000732,1328,2361,719,1279,3.135408,1.955,0.896,0.896,0.8,1.0,90,6,4,2,0.7473333333333333,"A  1 su ul !
s I
-
-
II s
부",[],False,False,False,False,False,0,0,[],[],0,0,0,0,0,0,0,0,0,0,0
003024.jpg,003024,890,1195,890,1195,1.06355,4.384,3.563,4.384,118.6,34.4,0,60,35,25,0.8472833333333333,"SKIFV
5K1
13:09
2021
[257Xw--02
:22
구우
nutelld
하누를
줘워피!
기성분방남
:식품의
유형준초콜릿원재료명및스
탈지분유87%
헤이즐넛13%
식물성지방
레시틴
%레E요
DUTGI?
국변없이
부정불량식품신고는
무
1000S 343
내용량2109
당류
5639 56%
나드룸
42m9
2%
탄수화물
605g19%
4ng18
콜레스테롤
08
106g 71%
hutelld
257Xw--02
하누를
>
식품의
동
성지!
마
은용
:준초
시작하는
머F
05
~
2109
더>
까
유유
[
[
뚜껑
오
주우
0
大",[],False,False,False,False,False,0,0,[],[],0,0,0,0,0,0,6,2,0,2,0
003066.jpg,003066,640,640,640,640,0.4096,2.737,1.234,2.737,41.5,22.8,0,23,15,8,0.9206521739130435,"No
크림
Maxim
아이스
늘름
20211112
커
피
믹스
19:2
20
STIGKS
중량:118
920KCal/1개
599총400 kca/20개
중량:118
20211112
아이스
눈름
Maxim
19:2
MaX
아이스",[],False,False,False,False,False,2,1,['Y4_sep'],['2021-11-12'],0,0,0,0,0,0,0,1,0,0,0
003160.jpg,003160,1058,1411,959,1280,1.492838,3.429,2.093,3.429,50.2,25.5,0,36,23,13,0.8628888888888888,"올아러라회금
HACCP
사
는자연의
릉눔우
:
긍물
동원F&B
블포피고름
HER
WON
유통기한
2021
06
13
까지
전행호
H:
34
02
801155
728809
IoE운:
전행호
2021
08:34
블콩포피고
-
릉눔우hbY
1
2
까지
담은
동원F&B
0
010","['까지', '유통기한']",True,False,False,True,False,0,0,[],[],0,0,0,0,0,0,0,0,0,1,0
002082.jpg,002082,1548,2032,975,1280,3.145536,1.516,2.277,2.277,3.8,12.0,90,5,2,3,0.7596,"1오재도
12:
15건병오3F
10190709
12:",[],False,False,False,False,False,0,0,[],[],0,0,0,0,0,0,0,0,0,1,0
000019.jpg,000019,3024,4032,960,1280,12.192768,2.289,2.513,2.289,42.7,42.9,0,27,13,14,0.9256666666666667,"4가저치즈로
더욱
풍부해진
지즈샌드
Rich
202507108
부터
20260409
까지
맛있는
약속
과
피
얼사이즈!
/040
RG
35
Sarc
408
브레
치즈샌드
202507108
20260409
까지맛있는약속
부터
Rich
가u",['까지'],False,False,False,False,False,2,1,['Y4_sep'],['2026-04-09'],0,0,0,2,0,0,0,0,0,0,0
001212.jpg,001212,640,640,640,640,0.4096,4.06,1.524,4.06,120.4,41.0,0,30,24,6,0.8697,"려빌방
말우유대드함유밀무유함무
혼재품은
공생거래위원회
고사소비자
분쟁에결기준에의게르환또는보반으실수입릅니다
민품차
보간방탑
직사공신을
피하여
건조하고
서물한곳에보관
부상불킹품신고국변없이399
소비자
류유
050-600-2100
유통가친
2021
07
03
02957846
OTHER
809415
434934
02957846
2021 07 03
수인습니
소비사상담실
민품차구입치맛수엽원
050-600-2000",[],False,False,False,False,False,1,1,['Y4_sep'],['2021-07-03'],0,0,0,0,2,0,0,0,0,0,0
000429.jpg,000429,3060,4080,960,1280,12.4848,13.507,9.647,13.507,398.4,180.4,0,206,136,70,0.8952475728155339,"이미지
담슨
네스카페의
커피
한
0로
약속
高금06
커피
를욱
CUPOF
네스카페는
|품질
커피
고
를
재배
약교
지속가능하고윤리적인
RESPECT
있습니다
생산하도록
함께더나는
하루를
네스카페와
여세
IFF01938--
컴단레스먹르
자세하얼아보기
초이스
모키
식품유형
제품명
테이스터스
커피
업소명및소패지
롯데네슬레
|코리아
주식회사
충청북
도
청주시
NstE
흥덕구
백봉로
72번길2기
소비기한
아래에
표시된
일자까지
원재료명
및함량커피100%
커피두
힉한상실
외국산
포장재질내면
고룹이고률
품목보고번호
19810415002415
로레신은라의입종으로세회어
고성시소의동을혁하는것으로
품질
개봉
후에는
건조하고
서늘한곳에
울문피움름고
하약자인습니다
릉굴께
H위성
커피의
맛과
릉우
본제품은
회공라유운
세
질소충전
적고국상실O80-T00-5334
소비지
요곰
래우
기준에
의거
후
곡넛
보상받으실수있습다
1399
소비자상담실
신고는국군업어
나듬어엔나요?
080-
-730
-5336
부정
불량식품
Taster's
Choice
Used unde kcese
72m9
is
금
registered
trader
Ahark
Distributed
LOTTE
1""?
 Ltd
by
-NestleKorea
비기한
8801
l I tl ti
I!!
410437184
OTHER
 y -i  u 
II E
세업운리인
세계1위의식품회사로서서
틀
전달하기
매키지어뉴트N서널
Nurition
Health&
Wellness를
소비자들에게
르
대한
Nestie
컴퍼스를
표기하고
있습니다
""Good Food
Good Life
최고의맛과
--NESCA
RESPEGT
CUPON
FF01938--
본운88 108교HCIceSN JuHHy lo19L
커피의맛과향을
품질보존을
주cl
데네슬레코리아
H
드런
이도
테이스터스
]아래에
해결
네스카페와
네스
고0고부파E
기준에
간직하세요
표시된
0
주식회사|
초이스마일드모키
후에는
 !
롬이고릎
결력을
일자까지
의거
함께더나는
모
내fe
제품으로
건조하고서늘한
중
모
It ti
:
청북
원지
II 
머피
-
또는
네스카페의약속
하루를만드세요!
구
묘
정
|>
세계
불량식품
+드
재배
류일료
제품은:
함량
무미
이
반드시
커피100%
덕구
신고는국권업이1399
수있럽도
움름
백봉로
[도
보라
커","['까지', '소비기한']",True,False,True,False,False,0,0,[],[],0,1,0,1,0,2,2,2,0,0,0
002937.jpg,002937,640,640,640,640,0.4096,1.66,0.912,1.66,15.2,6.0,0,10,9,1,0.9086000000000001,"사라
82
DREAN
CACAO
82
%
21
1111
드림카카오면
211111",[],False,False,False,False,False,1,1,['Y2_sep'],['2021-11-11'],0,0,0,0,0,0,1,0,0,0,0
001304.jpg,001304,1036,1381,960,1280,1.430716,2.026,1.511,2.026,30.3,27.3,0,25,16,9,0.91188,"CHOICe
드즈1-
1
부드럽게
극歸
버터
Spreadable
Butter
가공버터
51
%
200
91570
 kca
조리예
냉장제품
가공버터51%1 200 91570 kcal
극
부드
럽게
CHoice
&
즈1_너1
橄냉장제품
조리예",[],False,False,False,False,False,0,0,[],[],0,0,0,0,0,0,2,1,0,0,0
002903.jpg,002903,640,640,640,640,0.4096,4.058,1.184,4.058,39.6,2.0,0,29,24,5,0.8426206896551725,"SLICED
ALMOND
FRE아
WTH
DAY
FAMILY!
EVERY
OUR
FOR
교
포자
본재품은탕공
토마로:
호두
전회
생산되요하니다
장라인계서
합도
직사랑산의
주예는
신고는
국한이1크F
개명
부정
ALMOND
FOR
Fres고 nut
아
는",[],False,False,False,False,False,0,0,[],[],0,0,0,0,0,0,0,0,0,0,0
001583.jpg,001583,700,934,700,934,0.6538,2.345,1.938,2.345,42.4,2.4,0,23,21,2,0.7753913043478259,"고
우유고본들
Shake
이우
-
그디건
1시든1도
산
음러메루
우지함핵유:
산도
핫이크
조점
곰국
세믹스
분말
조리방법
부기
원기도
입양시
회김도
므폰
무주",[],False,False,False,False,False,0,0,[],[],0,0,0,0,0,0,0,0,0,0,1
003237.jpg,003237,640,640,640,640,0.4096,1.856,1.3,1.856,19.9,5.8,0,15,10,5,0.9409333333333334,"2021
63
궁0까지
장연기EE
Fresh
Sandwich
Bread
국민
샌드위치
식빵
샌드
식빵
위치
[
Bread",['까지'],False,False,False,False,False,0,0,[],[],0,0,0,0,0,0,0,0,0,0,0
001750.jpg,001750,992,1323,959,1280,1.312416,7.223,2.077,7.223,231.2,27.6,0,52,43,9,0.8702115384615384,"10111
원유식염유산균
정제수
로마노치즈페이스트뉴질래드사
두조적저
가공유지베타아토8카로티낼착색료어-토코페
제품후면하단표시일까
우표리피둠10~30균부
20090
퓨무유용흥용06목곤류
창군상하면
It eRY학
공미관울롬논
홈플러스주서울특별시강서구
화곡로38
소비재:
결기준에의거교환또는보상받을
있습니다:부정불링축산물신교는
메밀계란토마토
복숭아를
사용한제품과같은제조시설에서제조하고있습니다
유통기한이내에느로개복호도
과광
유통기한
20210628
기준치에
와
까지
8%
지방5g
9%
D이현경23:54
트랜스지방059미면
%0
포화지방39
20%
]%
1글
칼슘120ng
OTHER
3%
[
그117
기준치에대한
0요
항
뜨요
표고
D이현경23:54
20210628
머
H","['까지', '유통기한', '제조일자']",True,True,False,True,False,2,1,['Y4_sep'],['2021-06-28'],0,0,0,0,0,0,4,1,0,2,0
001018.jpg,001018,680,912,680,912,0.62016,1.071,2.05,1.071,2.1,0.0,0,3,1,2,0.8253333333333334,"그드1
:
""",[],False,False,False,False,False,0,0,[],[],0,0,0,0,0,0,0,0,0,0,0
000248.jpg,000248,3024,4032,960,1280,12.192768,9.837,6.987,9.837,215.7,156.4,0,139,87,52,0.9309136690647482,"하십시오
재공
그
검은색
공공
짙은
lo뉴른
드셔도
爲
간혹
더뭐콩
H롬
옥수수의
의거
교환
0
1399
소비자기본
10구논
신고는
불량식품
부정
곳
및
반품본사
의
질소충전포장을
유지를
OTHER
신선도
하였습니다
""801043""036672
8
까지
0421
2026
0721
B64이희나
후리
내용량83g
420
kcal
9
17%
55
31%
탄수화물
620
mg
나트룹
20
37%
3%
지방
9
당류
339
47%
9
포화지방
9
트랜스지방
0
50
9%
0%
단백질
g
9
-
콜레스테를
0
비율원
kcal
알
영양성분
기준치에대한
2000
다를
기준이므로
필요
여올
있습니다
서울
본사
도자구
중이대방로
간혹보이는
몰롬
소비자기본
옥수수의
신선도
반품:본사
하였습니다
영양정보
유지를
나트룸
U으
당류33g3%
재
트랜스지방0g
은
콜레스테를
의
신고는
2026
의거
0뉴
620 mg
질소충전포장을
안심하고
고{
교환
J논
B64이희나
%60
H롬
무콩
지방
31%|
0421
포화지방
드셔도
1399
20 g37%
탄수화물
니
부분은
爲
본사:서울
따라다를
7947%
원료인
OTHER
420 kcal
내용량839
55917%
2000 kcal
습니다",['까지'],False,False,False,False,False,0,0,[],[],0,0,0,0,0,2,12,9,0,0,0
000088.jpg,000088,3024,4032,960,1280,12.192768,2.657,2.657,2.657,47.2,47.6,0,35,20,15,0.944657142857143,"공정상
간혹
빈봉지가
나오거나
개수의
차이가
있을
수
있으나
계량으로
총
중량에는
차이가
비부평
부터
소비
fi
!*_! *
까지
기한
있으나
기
서
:
공정상간혹빈봉지가나오거나개수의
우뜨
컴퓨터
계량으로
저
:
중량에는
차이가
차이가있을
없습니다
표",['까지'],False,False,False,False,False,0,0,[],[],0,0,0,0,0,0,0,0,0,0,0
001019.jpg,001019,640,640,640,640,0.4096,0.846,0.487,0.487,0.0,0.6,90,2,0,2,0.7795000000000001,"'
7",[],False,False,False,False,False,0,0,[],[],0,0,0,0,0,0,0,0,0,0,0
002414.jpg,002414,1080,1439,960,1280,1.55412,9.105,4.454,9.105,178.5,105.7,0,123,88,35,0.9039024390243902,"고
건조하고
보관하십시오
SgVrvo
59
yISuaG
경우가있으나
Honey
Oleoresin
SCent
Pap부고
--Amylase
Honey
006
변질된
제품은
Net
Content
:1009
아UL
시는
하하여
Manufacturer
: HANJIN FOOD CO
고시
241
소비자
Add
88-3
Jangnimbeonyeong
연회
경
극배
환불
릉료
-r0
Saha--gu
Busan
보사A
Korea
Tel:
+82-51-261
-9944
릉름룸
교웅Y
제품과
Storage
Avoid
direct
우유
Sunlight
제조하였습니다
store
at
Cool
and
Gry
place
일에서
선도유지의
목적이며
0궁공
무해하나드시지
불량식품
신고는
국변답이이
1399
부정
""802896
000780
드십시오
8
변질의
10%
있으므로
후에는
바로
개봉
-
가열하지십시오
봉지째
IoY러Y
352
0아
저도
KCS
0
20211101까지
oy러 움
후에는변질의위험이
불량식품
나드시지
선도유지의목적이며
중에서제조하였습니다
뉴
신고는
름룸
가열하지대십시오
있으므로바로드십시오
교환또는
T6iass
국변답이
교웅Y
그
환불
0l공
1399
제품과
소비자
받을
니다
00저도
Store
Add:88-3
20211101까지
-ro
Saha-gu
cool and dry place
FO0D CLD
006
Sunlight
Korea
EONG","['MFG', '까지', '제조일자']",False,True,False,False,False,2,1,['Y4_sep'],['2021-11-01'],0,0,0,0,0,2,1,1,0,0,0
002212.jpg,002212,1200,851,1200,851,1.0212,8.36,14.558,8.36,299.6,312.2,0,170,65,105,0.8659,"든고환정소:구암원처
모생린을수있습니다
등은공성거리위원회
은뜨식까포함된제품과같은제조시설에서제조하고있습니다
생상곡류
밀봉하여
품신고는국번없이199
큰엽혼함R제30-토코페를
분리유청단백분말미국산
비
건조하고
회소비자분쟁해결
경
원료에서
서늘한곳
표파눔목
환원철
물글구르된
아FYo르대-Dp자궁
[아스코브산나트룬
결기준에의거하여교환또는
산화아연
주익
정제소금
-
밀가루미국산
슈가시럽
운동
받기쉬우므로개봉
'크lY2른용국
19830360016170
밀대두우유함유
주심시요
믹스베리피스뉴
식물성유재:
오트푸레이크
안성시공단2로29신소현동
탄산칼슘
발견될수
며
비타민B염산
을7
2
캐나다산]
MRY
글리세
스페
브라운
설
3309
유통기한
음목
60
2020
1030
-
07:45
최광훈
까지
곡류가공품
채우고싶을때
소비자
27330
홈페이지
식회사
4세
호
유
홈
1라0
:
801083""273303
수
룸류
상하지
의공
올플는유8늘임일금
개봉
교락
쉬우므로
건조하고
하는린대시밀봉하여
여기문은국류게품으로습기나해층익
OTHER
600110금논극고름입
플려피
HACCP
은:
유통기
모생만을수있습니다
극비합터
의거하여
기준에
소비자분쟁해결
본래듬은공정거래위원회
080--023-6411
있습니다
제조하고
분론드식고기까포행된제품과같은제조시설에서
수신자
소비자
19830360016170
고를c고룸
주식회사
드류n욱
문의처
름
~
믹스베리피스뉴
논과파용하교과
:45
20
[
돈
Y른
리lY른
음궁물E-DE호
'로공궁
허어고
수
를패
자세한
30
이YoM-Dplx궁
마리고
제품에
미Y음
고른
홈페이자를
Y뭉a머A
아스코브산나트룸
드류
더이
음
kellogg cok
MMM
MRY
탄산칼슘
정제소금
홈페이지
거
[개
밀가루미국산
스페셜
식물성유재
슈가시럽
까지
공교피
M이
티야균크
6
330
을7
H
0국로/
제조
로
경기도
2로
금운
신소현동
29
곡류가공품
음공목
LLT
채우고
후모
허기를
가볍게
러야z","['까지', '유통기한', '제조일자']",True,True,False,True,False,0,0,[],[],0,2,0,0,0,0,0,0,0,1,0
000292.jpg,000292,3024,4032,960,1280,12.192768,1.74,1.28,1.74,17.8,18.4,0,7,5,2,0.9078571428571429,"Aa Md
13/0212026
13925
023
0
139250 0123
13/0212026",[],False,False,False,False,False,0,0,[],[],0,0,0,0,0,0,0,0,0,0,0
003209.jpg,003209,970,1293,960,1280,1.25421,9.008,4.575,9.008,333.5,156.3,0,142,98,44,0.9032676056338027,"사용
M써의군껌
|o궁류
무어
조한
삶은
비의/1
우려가
가급적한번
3삶은면과숙주
강한충격에
육수를만들
바랍니다
면이
드시기
트
육수를부으면
주의하시기바랍
쪽파를
그릇에담은
T
주의하십시오
소고기를
비거
080-996-7777
정통
고객지원실요금은샘표가
방콕식
총내용량250
900
kcal
나트룸
15
mg
%
탄수화물
205
63
%
글음
09
0
%
지방
259
5
%
트랜스지방
09
포화지방
09
0
%
%
퓨터이Y이크
콜레스테롤
O
0
라이스누들
80염인분줄
불리는경우:
실온수에30분이상담가움
理理
159
27
%
삶는경우:끓는물에2분간삶은후친물
1일
곰유
치에
해
비율%은
2000
kcal기준이드
이
류
다를수
새우를넣고익히기
있습니다
글롬E
면을넣고다가면이부드러무
티아시아키친핏타이소스859을넣
1~2분간졸이듯이볶기
블류
0숙주와쪽파를넣고숨이죽을때까지
유궁
3
301005""000703
OTHER
Tip
기호에따라고충가루팡공사루를부러
호요
E
Wt' I  -I
다이
뿐단아니라가즈
파스타
태션
Eri n wtn I -tz
지방259
고객지원실요금은샘표가부담합니다
트랜스지방09
60글음
15mg
-
080-996-7777
종
내용량250
900 kcal
이
OTHER
하십시
비닐류
83
3
-
S
C
5-
수
2팬에오일을두르고계란을
R0를어렌터oY이크0
5시
80g을
4숙주와
궁
1~2분간졸이듯이볶기
퓨터이호이크
음음를해Y
삶는경우:끓는물에2분간삶은후친
불리는경우
정통방콕식빳타
파를
-
궁
쪽피를
넣고
그릇에
숨이죽을때까지
문니마유품
859을
스크럼는",['까지'],False,False,False,False,False,2,2,"['Y2_sep', 'Y2_sep']","['2030-10-05', '2000-07-03']",0,0,0,0,2,0,5,6,0,0,1
002591.jpg,002591,640,640,640,640,0.4096,7.913,0.911,7.913,97.2,2.9,0,56,53,3,0.7481785714285714,"ANTICA
MODENA
고
IVUc 005 SCOtC4r1
900
06 D0
보010
AonatIco
CoP0SO CON
Zut교TCA:
가08t
500
Far65t0!
T
Ingredhents
VT79
CrI
A C010/211:
E150D
1무1
Ch210!
0
IngTCC67t
G010
10011
6701G0
000
cS!P
지oh0o
52TE
6%
CONLeAt de Ialcoo!
COA1/470
RIG00
HDDE5TES
WI
30
10
2?대10
2023
OR/Pr0UPSr!
Pr00010
Hcr00StR!
C knbotUgh0a
ACETUHSp모
VPrU고440
CuV빔20
10001
11114
41092
C0A살r60
196
Made n 112ly
9P
물중
/Pro00!",[],False,False,False,False,False,0,0,[],[],0,0,0,0,0,0,1,1,0,0,0
001436.jpg,001436,739,985,739,985,0.727915,2.791,1.121,2.791,44.2,37.9,0,32,20,12,0.90953125,"간식
추억으의
00
ZZANG
SNACK
신소한
스
고스한
추억을
간직한
퍼지는
20210920
하08
11:57
황미숙
이
계프
02
%
함유
0
퍼지는
추억을간직한고스한
짱이야
추억의
ZZANG
SNACK
간식
11:57항미숙
20210920
0무
고소",[],False,False,False,False,False,2,1,['Y4_sep'],['2021-09-20'],0,0,0,0,0,0,1,0,0,2,0
002919.jpg,002919,848,1132,848,1132,0.959936,1.843,2.164,2.164,10.9,12.6,90,17,10,7,0.884764705882353,"CKUNCV
Spe
BA
SA
sicland
DE-OKO-OO1
EU-Landwirtschaft
400
1109202
-
3ioland
EU-Landwirtschaft
DE-OKO-OO1
1109202
또
교
[400",[],False,False,False,False,False,0,0,[],[],0,0,0,0,0,0,0,0,0,0,0
002251.jpg,002251,640,640,640,640,0.4096,5.806,1.753,5.806,52.0,0.0,0,40,40,0,0.785725,"POUCLT
T0
도
50
Satur전
/7a/7S
Sodiuh
3OS
Tota!
G3:
치28
Dietary
FiU안
Tota!
Sugars
13%6
Inc!
OO
Added
Proteis
OG
SUD2ITS
Hot A 5lg면
Vit DOT
0%
Tr0n037
CacUn10T04%
10
VIt A 100m
Potas190ng25
0%~ViC22n045
MOINSKTRATE
GF무태
00-513000Hd
CeTL1D
FREHR
Organic
Cy0fegoA리
09Y2021
평비135들P",[],False,False,False,False,False,0,0,[],[],0,0,0,0,0,0,4,0,0,0,0
001957.jpg,001957,1227,860,1227,860,1.05522,9.909,4.006,9.909,144.4,69.4,0,102,77,25,0.9130686274509804,"A
Consommer
de
preference
partir
avant
fin
비출
vement
before
:
목
Best
무염
과차
운용
End
80g
426kcal
김한호
Ituration
de
15
heures
OCI
2021
RAZ
원산지
프랑스
ne
Ce
Parfun
HSoulenu
정제소금팽창께
우유밀계란함유
ESL
QutohISe!
9US
before:월/년의
01일까지
ilisation
ju8la0t9월sep10원001월n0%12월dec
이나
F르llole
선을피하고건조하고서늘한곳에보관하세요
Ileure
1봉40미당
213kcal
당류119
Poute
11%
24
05g미만
66유려호
60%
RaZ
백질294%
OTHER
내모당
RaZ
NCE
TEL
02
98
70
60
73
FAX
02
98
70
69
41
488430""
wwwbiscuiteriedelapointedurazcom
02
500
파레뜨브르통
TEL 02 98 70 60
wwwbiscuiteriedelapointedurazcom
9770P
식품의유형과자
1봉409
F
73-FAX0298706941
원사것
내용량80g 426kca
우유밀계란함유
여의군피
프랑스
YCF
du RaZ
1S:
Ne
Ituration de 15 heures
Jement a
QutO
partir
--
OCI
 avant fin:
2021",['까지'],False,False,False,False,False,0,0,[],[],0,0,0,1,1,0,4,5,0,0,0
001839.jpg,001839,640,640,640,640,0.4096,1.562,0.528,1.562,21.9,10.7,0,9,7,2,0.8557777777777777,"두
규환하시기
불림식동신고
국변없
-
2021
1015까지B
20211015까지B
1",['까지'],False,False,False,False,False,1,1,['Y4_sep'],['2021-10-15'],0,0,0,0,0,0,0,0,0,0,0
002717.jpg,002717,1098,1464,960,1280,1.607472,2.847,2.754,2.847,34.9,20.1,0,33,17,16,0.8568787878787879,"6AFS442
제품명
SNAk
FARM
총내용량100
ORGEER
APE
목구
20mg
오
타수
물63g
PP
총내용량80g
38%
플라스틱PP
270 kca!
8330
SNAk fARM
APe
50
270 kca!
영
오야
흥
머
FL
0
0묘
어
1>
H버거모양
맛",[],False,False,False,False,False,0,0,[],[],0,0,0,0,0,0,1,3,0,0,0
002033.jpg,002033,640,640,640,640,0.4096,2.177,0.401,2.177,31.1,21.0,0,16,12,4,0.8,"물음음
복음자리달기경식중유형
-
만풍이용:
-
계조원엽소명
소
06-2즈!
유통기한:
2022
03
22
2022
0322
가당달기기25%랄기80%국산
Co1R야",['유통기한'],True,False,False,True,False,0,0,[],[],0,0,0,0,0,0,2,0,0,0,0
000912.jpg,000912,640,640,640,640,0.4096,9.353,2.245,9.353,67.7,5.2,0,38,35,3,0.6409473684210527,"N당5A
조
네스라올맛회게
된
만드는
방법
다롯성
GOOULUfS
부카공개차
유익한
소
경1010어0012동01
미주약코시
하연A
치9도부시
성무시
1음4구
宗
민자로
코로리문문2회
한국
편고
비트단0!
2022
0300구
래로
재조킨
과
중함환
고사스자
U0UrT
토는지로
-
부리
복림서동:
-
202
유익한",[],False,False,False,False,False,1,1,['Y2_sep'],['2000-12-01'],0,0,0,0,0,0,0,0,0,0,0
002408.jpg,002408,937,1249,937,1249,1.170313,2.534,3.188,2.534,59.0,49.0,0,35,18,17,0.7396285714285715,"보해199
스비시
자립스
낭고주층
조기입까재임럽년은
비코루트추출물
마인애플
023431-01004울시
르시80s1%
9주10810
파션푸릇
전연항료
PRO:
29102019
00:0
:
29!0N02?
Dany
혼
도
00
66R!
마10앙탕
29102022
23 10 201:
시소비시분생애컴
:
농
06:07
푼용교
큰
표이지
주약대2문
-01004울시
123431",[],False,False,False,False,False,0,0,[],[],0,0,0,0,0,0,1,0,0,2,0
003302.jpg,003302,1621,1240,1280,979,2.01004,5.004,4.538,5.004,196.0,189.8,0,75,41,34,0.9677066666666665,"건강기능
리
분께
거곤
건강기능식품이력추적관리번호
식품이력추적등록번호7719620
유통기한
육류
위주의
식습관으로
지방질
섭취가
곡험
제조번호:
210027
인스턴트
식품
섭취를
많이
하시는
212302
206
분
유통기한:
까지
부족한운동으로
어으르
걱정되시는분
WwwtfoOd?
8OKr
FYlo
식품이력추적
이력추적
중성지방수치가걱정되시는분
관리번호를
건강기능식품의
정보를
확인하실수있습니다
구입문의
*자세한사항은제품설명서를참조하세요
080-977-3308수신자부담
유통기한
제조번호
식품이력추적등록번호7719620+유통기한
건강기능식품이력추적관리번호
*자세한사항은제품설명서를
정보를
관리번호를
NWWLTOO
확인하실수
입력하시면건강기능식품의
80K에서식품이력추적
있습니다
두
건강기능
참조하세요
까지
080-977-
중성지방수치가
부족한
인스턴트
많으신는
육류위주의
운동으로
식품
-3308수신자부담
식습관으로지방질섭취가
구입문의
혈행건강이걱정되시는
섭취를
걱정되시는
많이하시는
고
고
고","['까지', '유통기한', '제조일자']",True,True,False,True,False,0,0,[],[],0,0,0,0,1,0,0,0,0,0,0
001462.jpg,001462,756,1008,756,1008,0.762048,12.824,9.715,12.824,431.4,83.5,0,190,126,64,0.8820105263157895,"Y러Y
조리시
제품상단의
그대로세워약
000W기준2분
SECRET
데워드십시오
REC
CIPE
끓는물이용시
봉지패
맛을
끓는
물애제품을
간직한
여교비문
신선한
원재료!
#첨가
-아세신함칼룸암아료
첨가
-아스타탐암미료
CRET
CIPE
명가
노하우로
유통기한
RDR!I111T
9:4년
까지
제품명
오즈키친
영양닭죽
식품유형
즉석조리식픔레트르트식품
품목보고번호
197201?
닭가슴살국산
참쌀국산
양파구리
당든
근옥수A유
정제수
닭고기육수
닭육수농축측액
인삼페이스트
흥대증진제
호주를
원료명
파마늘
참기름
닭고기조마분말
식물성분해단백
후추분
트룸
-토코쾌롤호화
정제소금
혼합제제
폴리인산나트룸
피로인산나트름
대두
밀계란
우유
돼지고기
닭고기
쇠고기
상단표시일까지
즐기고
식을
싶은
부얼
정성을
제품은
게새우
토마토
오징어
메추리알
친으로
행복한하루
같은
제조시설에서
제조하고
있습니다
:본
제품은
울융
보상
수있습니다:부정
불량식품
신고는
국변없이
1399
-
4509
:
실온시장기
치시9
0
kca
개봉한채로
두지마십시오
:본제품은
가압가열
살균한
제품이므로
주이하십
보존이
가능합니다:가열된
우려가
있으므로
만약본
제품은
매우뜨거워화상의
구입처또는
제품에
이상이
/비협
있을
교환하시기
보관시/
주9하시기
30표료
룸륜
있으니
이하에서는
바버
드로
부얼
즐기고
행복한하루
정성을
싶은
H
명든
0
존이
70
제조
머비
이
년
[
이
우Y
HIi
그대로
하호
내
고3경명
-
4대
내
유통기한
원재료
간직한
FH
|
H>
4
|
그
9H
無첨:
1
1
|
너무
3時첨가
전자레인지조리시
께
허요터도
-
드십시오
세뭐
대
유
소
미
주
1
무
주:
--
F
K
유
거
로
2부
무","['까지', '유통기한', '제조일자']",True,True,False,True,False,0,0,[],[],0,0,0,0,0,1,0,0,0,0,0
000621.jpg,000621,1613,763,1280,605,1.230719,1.502,1.33,1.502,28.4,9.7,0,11,7,4,0.911,"의미가
불량시풍
품신고는국먼없이1399
소비기한
08
25AF2
2026
2026
08
머
25AF2",['소비기한'],True,False,True,False,False,0,0,[],[],0,0,0,0,0,1,0,0,0,0,0
001142.jpg,001142,683,910,683,910,0.62153,3.023,1.175,3.023,32.0,3.3,0,22,21,1,0.7812727272727273,"INGREDEHITS: CaNOla Oh [PrOLeCIEd wih
FAALLIL
Virea!
Fre요RRAG
A/DL/
ED0S9AF
마호42
AAti0Xi100AL5R5
V기CkX보51A
HUainz
브
AnDreacOT
80
1065
103925
허27
6:U5
E5T
BEFLRF
2금
21
P92E8BB/념",[],False,False,False,False,False,0,0,[],[],0,0,0,0,0,0,0,0,0,0,0
001103.jpg,001103,640,640,640,640,0.4096,1.809,1.053,1.809,4.2,2.7,0,6,4,2,0.7508333333333334,"Mne
Biw
2디2
19
싼업
L러드",[],False,False,False,False,False,0,0,[],[],0,0,0,0,0,0,0,0,0,0,0
000600.jpg,000600,1613,763,1280,605,1.230719,1.241,1.78,1.78,20.8,26.8,90,8,2,6,0.921125,"20250901부터
20260831까지F2A
20250901부
202608317
/오
까지F2A
꼬골릿가공
4%",['까지'],False,False,False,False,False,3,2,"['Y4_sep', 'Y4_sep']","['2025-09-01', '2026-08-31']",0,0,0,1,0,0,1,0,0,0,0
001133.jpg,001133,640,640,640,640,0.4096,1.9,1.174,1.9,21.4,0.0,0,13,11,2,0.8822307692307692,"카
안심
프로피터
재조립자:
20
20
노2
12
20
2조
02
-
|",[],False,False,False,False,False,0,0,[],[],0,0,0,0,0,0,0,0,0,0,0
000777.jpeg,000777,3024,4032,960,1280,12.192768,9.001,6.02,9.001,174.9,83.7,0,129,83,46,0.9244883720930231,"2%
우위힉케
rte 68
상번
F0원
0%
328:
5
내표장재
10%
을피하고
Je3 5g A0ded
Sugars
오E
400
고시소비자는
0%
Calcium
11ng 0%
Potas
비과
신고는
34mg 0%
국면
080-215-98
피원용%
총내용량1329
1009당
559Kca
-
1009당
나트룸
428mg
탄수화물599
%
CUL MILK
당류5369
54%
INCENTRATE
SOY!
LECITHIN
1CAN
지방3379
AND ARTIFICIAL
62%
 NATURAL
COLORS
ADDED
트랜스지방09
PPERIMINT
이니
LAKE
BLUE
1LAKE
포화지방
3049
203%
JCT
CONTAINS
MILK
AND:
SOY
콜레스테를
2mg
1%
단백질59
대
K26560-14C23F
소비기한:
2026
03
7000
ANDES
CANDIES
DELAVAN
W153115 USA
LLC
WW!
I tootsiecom
-
10-26560-
-KORO1
P
AKE
ERMINT OIL
CONTAINS
NATUURAL AND
BLUE1 LAKE
NTRATE
Added Sugar?
SOY LECITHIN
MILK AND SOY
COLORS
uch a trient in
A:IUFCIA!
Potas 34mg 0%
GMAILK
""41186
ADDED
0004
1
|
10%
-
G TRI LLIC
DELAVAN WI 53115 USA
소비기한:
K26560-14C23
돈
영양정보
1미0
10-26560-KOR01
ANDES CANDIES
따
고피
>
스터
랜스지
프
5369
428m9
3049
2026
:
1009당
559
8
K
100",['소비기한'],True,False,True,False,False,0,0,[],[],0,0,0,0,0,0,13,5,0,0,0
002561.jpg,002561,640,640,640,640,0.4096,3.48,0.645,3.48,47.4,7.2,0,22,19,3,0.850681818181818,"식품유협
0Y-A2
르디류
센세이션
성수동2가
유몽기한
건
-
원개로명
35
포광재길
산지
네덜란드
2091
-
-
200ge
043교92!T04
14:
92무림1
:14:
200ge",[],False,False,False,False,False,0,0,[],[],0,0,0,0,0,0,0,0,0,1,0
003326.jpg,003326,1373,1831,959,1280,2.513963,5.265,1.571,5.265,32.2,11.7,0,49,39,10,0.8907755102040817,"자연치즈
함유
99%
ARS
MexICaNSIE
FOUR
ESE
DED
MONTERE!
JACK
CHEDA
JESiDILACHE
NO bST
HORMONF
0
~r11
MILKFROM CONS!
MALFWIT
DFOD S! HON
WITOUTA!
1/4
*NOSIGNFC
AITDOIFFRIL/
BEE!SHO!
BETWEL!
100
180m9
NET WT
SAT FAT
SO므드M
TOTAL
DERIVED
CALORIES
SUGAAS
208
2269
AND NON-FOSTI-TREN
2596DV
196D!
S9F4180
Mexican
자연치즈
FOUR
K
함유99%
ESE
STYLE
훌
소",[],False,False,False,False,False,0,0,[],[],0,0,0,0,0,0,2,0,0,0,0
001763.jpg,001763,1008,756,1008,756,0.762048,3.367,2.607,3.367,64.7,68.3,0,43,27,16,0.9306511627906977,"No
Brand
브랜드가
아니다
소비자다
참깨스틱
Sesame
Sticks
비표피어
#스마트컨슈
#고소한
#간식
#우유랑
#참깨스틱
참깨
202112:23
N182
149
%
참깨향
01%
220
10%
Kcal
하비표피어
린문
커Y회미
#간식#우유랑
#노브랜드퓨스마트컨슈머
Sesame
참깨스틱
참깨149%참깨향01%
브랜드가
No
아니다소비자다
Brand
#참깨스티
Sticks
#고소한
202112:23
노브랜드의이념과실천
N182
Y회미",[],False,False,False,False,False,2,1,['Y4_sep'],['2021-12-23'],0,0,0,0,0,0,5,0,0,0,0
002869.jpg,002869,640,640,640,640,0.4096,6.942,2.819,6.942,123.2,13.3,0,60,51,9,0.8388166666666667,"No
Br:
프랜르가
아니다
마
2021080
2분
탕
6000
조리
8979
355
1318%
원면리
E中
1A느A
NOODIF
껌운8
355
KC
50
레스티를
2명
0119
0
모리지방
단력질
100:
2터
:용
1000
1200
34
5
1500
R0D
62
1700
5
1800
0피남1
나트함링비교요시
2000T
8
은기미무어
프시본선가거
350RL
물을
N926
사모티모게고수우레이크를
화상주의
202108
N926
무
ALA
NOODLE
中
50
220망
0",[],False,False,False,False,False,0,0,[],[],0,0,0,0,0,0,1,0,0,0,0
000616.jpg,000616,1613,763,1280,605,1.230719,4.774,3.181,4.774,115.3,76.4,0,63,38,25,0.874126984126984,"명풍
개0
있으니
가급적
사용
변질우려가
보관하여도
고객상담실
및
구입처
반품
교환장소
의거
파비합터
제품은
소비자기본법에
cci
교논
1399
신고는
소비자중심
부정
불량식품
080-019-919수신자요금부담
주랑해라유운
고객상담실
6
F12405
지사진
https//
Iwwwjungoneshop com
httos//
I/www daesang com
18:32
0
09
까지
2020
소고객상담실
서우
모대
불량식품
머흥
2026
교환장소
소비자기본법에
변질우려가
노
남문어V616-610-080
신고는
:고객상담실
6601[0평고논
의거
O
파비합터
및
구입처
아주
드-
소비자중심
주리해라C요운
cc
좀",['까지'],False,False,False,False,False,0,0,[],[],0,0,0,0,0,1,0,0,0,1,0
003325.jpg,003325,640,640,640,640,0.4096,3.452,1.646,3.452,33.9,13.6,0,41,28,13,0.8647317073170732,"Kraft
자연치즈
함유
99I
Triple
Ckeddar
REDDED
VERMONT
AITE
CHEDUA
HARPH
Auar & HILD eODaRC
HE
N0rbS!
9하2021-302-16107
HORYDNE
1/4
CUF
110
170
NET
WT
宗AA
1A:
802
2269
EALOFLL
원다V
EDDED
Triple Ckeddar
금
VERMON
-
CUF
17
자연치즈
Kraft
함유
05T260
99I
NOROST",[],False,False,False,False,False,0,0,[],[],0,0,0,0,0,0,0,0,0,0,0
000436.jpg,000436,3060,4080,960,1280,12.4848,2.957,2.187,2.957,19.5,13.1,0,15,9,6,0.7935333333333333,"공동
사
으렌차
iF:트i
뚜껑
회전
시대부
은박이
개봉됩니다
6증
1:
!2!
움10뉴
뚜껑회전시내부
:",[],False,False,False,False,False,0,0,[],[],0,0,0,0,0,0,0,0,0,0,0
001885.jpg,001885,955,1301,939,1280,1.242455,5.723,4.42,5.723,190.8,137.7,0,92,60,32,0.9613586956521738,"PROCES
OUR
UNIQUE
가장
좋은
식품입니다
아기에게
모유가
FEEDING
IS
BEST
BREAST
FOR
BABIES
NOTICE
IMPORTANT
전문가와
을호회
수유하시기
프로누트라어드밴스는
지공휴일
제외
Aptamile3:
수유를
거부할
수유할경우아기가모유
수도
있습니다
카카오록
A
분유로
아기의
건강을
위해
수유
준비과정을
수유중아기를혼자두지마십시오
주시기
미거A
주의
깊게준수하여
658159
tamil
27752-02
0400444
'718117""6
10112
ExP:
2021-12-05
PROD:
2020-06-05
202112
05
10096
1833
000970
241
[N3
18:59
DANONE
OUR UNIQUE PRC
10400444
658159
주의깊게준수하여
모유가아기에게가장좋은
중아기를혼자
PROD
%
-
-
프로누
주시기바랍니다
두자
비F
어드밴스는전문가와
[N3
2020-06-05
아기가모유
100961833
2021-12-05
아기의
18:59
수유를
건강을
거부할수도
위해수유
을호하요
준비과정을
있습니다
수유하시기
127752-02
ANONE",[],False,False,False,False,False,4,2,"['Y4_sep', 'Y4_sep']","['2021-12-05', '2020-06-05']",0,0,0,1,1,0,0,0,0,2,0
000136.jpg,000136,3024,4032,960,1280,12.192768,6.094,2.175,6.094,132.5,60.3,0,69,50,19,0.9052608695652175,"카0'
트랜스지빙
08
-138
치즈오일
048
포화지방
밀함유
35
10n
톨레스테롤
산공단
%
98
28
대층
울%은
2000
kc?
구세종대로
기준치에
곰유88
다를
수
있습니
륜
-5678
준이므로
OTLR
내표장:CER
가급적
빠른
861077371800
재할용
어게울
온도편차
인하여
변질
안전단리입
HACCP
장으로
No
Brand는
모두
어미드이
소비기한
20251202
A
까지
다
6
문
준이므로
유88
소비기한
스테톨
포화지빙
트랜스
No Brand는오두이마트이상표입다
~
기준치에대
20251202
1011는
웅여륜
궁%룡
~
2000
까지
수있습나","['까지', '소비기한']",True,False,True,False,False,2,1,['Y4_sep'],['2025-12-02'],0,0,0,1,0,0,0,0,0,0,0
000517.jpg,000517,1050,1400,960,1280,1.47,2.928,2.035,2.928,96.6,82.3,0,93,57,36,0.934763440860215,"2킬주
신고는
~이
가급적멀니
평논
불량식품
개봉후
오금
S99
<
피해주세요
-2002
내용량50
kca
당류
12%
26
9
26
음보
40
화물
9
0
%0
콜레스
테롤
m9
0
%
090
3
9
5%
-
05
m9
36
%
F
타민B6
타민B2
02
19
13
%
비율%은
2
O0G
Cal
준이므로
경료
다
E!!
문드
까지
OTHER
타민B2 05 mg
비율%은
090%/
화물
피해주세요
개봉
40912%
2002
콜레스
가급적
2300
36%
테롤
당류
I cal
목을롬
D mg
E!!
준이므로
타민B6
신고는
%
한드
02
종
평논
OTHER
J:
비닐류
내용량50
까지
395
13
필요
kCa
1399",['까지'],False,False,False,False,False,0,0,[],[],0,0,0,0,0,1,9,2,0,0,0
002958.jpg,002958,758,1011,758,1011,0.766338,2.373,1.355,2.373,36.8,30.5,0,21,13,8,0.8952857142857144,"순도100%
순후추
BLACK
PEPPER
PODER
후추10%
0D백
4508
고과과굴를식음한
여조고
세트
컴_돌리프로골면
20220727B
202207278
순후추
ACE
BLACK
후추100%
순도100%
4508
80104",[],False,False,False,False,False,1,1,['Y4_sep'],['2022-07-27'],0,0,0,1,0,0,4,0,0,0,0
001494.jpg,001494,640,640,640,640,0.4096,3.289,1.698,3.289,31.7,14.6,0,45,36,9,0.7135555555555555,"DICHLARALAONE NLLIRL
OACFHFRL4
DOURCHSCHH!TTLIGHE
대
F발
ECEARAOA
IERAGE
TJDLHJONA
Gr Cu2cGRr5YS회
고탕
어부hich Su시C요
고
bcog
HCuAcdRT
LRIVCO ZDCF!
어hichsuaD
RrottincEweFrl
1
Pro dotto PEf:
ES2S!
COARAGNLA
Hct:ESTellE LurAr
JuCCUf0V
VIPCOIE:
1LAN
지시
T2PEND
03030Br
1[114
로
치
COUSS도
I03S:
PEcnbuCNC cOIro
17스LG
L1구0S202
17/QUG/202
""06830
-
fsraaht
L1705202
IA
DECARTNA
H
FF",[],False,False,False,False,False,0,0,[],[],0,0,0,0,0,0,0,0,0,0,0
002255.jpg,002255,640,640,640,640,0.4096,2.366,0.536,2.366,201.6,11.8,0,51,45,6,0.8280980392156863,"세
모양물어
부머주고
티미요-
말강하고맛와는
부김
10평규논
철리
공경거래위원회
-
1399
주
보상을
받을수와습니다
224번길28
성동면산입단지로3길28
규국유올러몽눔회
유회
모기고기함유
0899-fS2-080:루B우IZL
208치
Wwwbokumjari
주면
COKr
도표가일가지
음하고습기가없는서
5S5090%/편수화동
[수화무B012%/당류195%00%
트린스시방0로화자상090%서울
교복숭아대두우
우유를사용
영상성분가문치에대란비물은200영기준이므로
Org 0%단벽실395%
페연으킹수입습니다게
개직사람선을피하여
2020 1027
한한데드실
경우
20211026
부터
금역리이므로
R공
까지
805오오오
OTHER
없는서
유문
든
표
러
충남논산시",['까지'],False,False,False,False,False,2,2,"['Y4_sep', 'Y4_sep']","['2020-10-27', '2021-10-26']",0,0,0,0,0,1,7,0,0,0,0
000655.jpg,000655,1254,2229,720,1280,2.795166,1.853,1.285,1.853,102.5,70.6,0,68,44,24,0.9298676470588234,"기평
73
100
9당
568
오
탄수화물
339
10%당류
34%
169
트룸10mg
16
74%
트랜스지방
0g
방
포화지방
39
20%
클레스를Ong 0%
199
35%
입
곰
기준치에
비율%은
2
000
kcal
준이로
거인의
필요
10올
러
다를
수
있습니다
소비기
226
08
27
3252
F2
174%트랜스지방
2060827
Omg 0%
ng34%탄수화물
이
기준지에
니요
10울
비율%은
[류
Og
33g10%당류
B252
포화지방
--
19g35%
2000
39
수있습니다
20%
kcal
16g16
568
차",[],False,False,False,False,False,0,0,[],[],0,0,0,0,0,0,12,6,0,0,0
