file,cv2_ok,cv2_h,cv2_w,cv2_imread_ok,pil_frames,pil_format,pil_w,pil_h,border_top,border_bot,border_left,border_right,border_frac,pil_ok,image_id,id_num,w,h,exif_orientation,format,ext,has_exif
000001.jpg,True,4032,3024,False,1,JPEG,3024,4032,0,0,0,0,0.0,True,000001,1,3024,4032,1,JPEG,.jpg,False
000002.jpg,True,4032,3024,False,1,JPEG,3024,4032,0,0,0,0,0.0,True,000002,2,3024,4032,1,JPEG,.jpg,False
000003.jpg,True,4032,3024,False,1,JPEG,3024,4032,0,0,0,0,0.0,True,000003,3,3024,4032,1,JPEG,.jpg,False
000004.jpg,True,4032,3024,False,1,JPEG,3024,4032,0,0,0,0,0.0,True,000004,4,3024,4032,1,JPEG,.jpg,False
000005.jpg,True,4032,3024,False,1,JPEG,3024,4032,0,0,0,0,0.0,True,000005,5,3024,4032,1,JPEG,.jpg,False
000006.jpg,True,4032,3024,False,1,JPEG,3024,4032,0,0,0,0,0.0,True,000006,6,3024,4032,1,JPEG,.jpg,False
000007.jpg,True,5712,4284,False,2,MPO,4284,5712,0,0,0,0,0.0,True,000007,7,4284,5712,6,MPO,.jpg,True
000008.jpg,True,4723,2285,False,2,MPO,2285,4723,0,0,0,0,0.0,True,000008,8,2285,4723,1,MPO,.jpg,True
000009.jpg,True,5712,4284,False,2,MPO,4284,5712,0,0,0,0,0.0,True,000009,9,4284,5712,6,MPO,.jpg,True
000010.jpg,True,4032,3024,False,1,JPEG,3024,4032,0,0,0,0,0.0,True,000010,10,3024,4032,1,JPEG,.jpg,False
000011.jpg,True,4032,3024,False,1,JPEG,3024,4032,0,0,0,0,0.0,True,000011,11,3024,4032,1,JPEG,.jpg,False
000012.jpg,True,4032,3024,False,1,JPEG,3024,4032,0,0,0,0,0.0,True,000012,12,3024,4032,1,JPEG,.jpg,False
000013.jpg,True,4032,3024,False,1,JPEG,3024,4032,0,0,0,0,0.0,True,000013,13,3024,4032,1,JPEG,.jpg,False
000014.jpg,True,4032,3024,False,1,JPEG,3024,4032,0,0,0,0,0.0,True,000014,14,3024,4032,1,JPEG,.jpg,False
000015.jpg,True,4032,3024,False,1,JPEG,3024,4032,20,0,0,0,0.078125,True,000015,15,3024,4032,1,JPEG,.jpg,False
000016.jpg,True,4032,3024,False,1,JPEG,3024,4032,0,0,0,0,0.0,True,000016,16,3024,4032,1,JPEG,.jpg,False
000017.jpg,True,4032,3024,False,1,JPEG,3024,4032,0,0,0,0,0.0,True,000017,17,3024,4032,1,JPEG,.jpg,False
000018.jpg,True,4032,3024,False,1,JPEG,3024,4032,0,0,0,0,0.0,True,000018,18,3024,4032,1,JPEG,.jpg,False
000019.jpg,True,4032,3024,False,1,JPEG,3024,4032,0,0,0,0,0.0,True,000019,19,3024,4032,1,JPEG,.jpg,False
000020.jpg,True,4032,3024,False,1,JPEG,3024,4032,0,0,0,0,0.0,True,000020,20,3024,4032,1,JPEG,.jpg,False
000021.jpg,True,4032,3024,False,1,JPEG,3024,4032,0,0,0,0,0.0,True,000021,21,3024,4032,1,JPEG,.jpg,False
000022.jpg,True,4032,3024,False,1,JPEG,3024,4032,0,0,0,0,0.0,True,000022,22,3024,4032,1,JPEG,.jpg,False
000023.jpg,True,4032,3024,False,1,JPEG,3024,4032,0,0,0,0,0.0,True,000023,23,3024,4032,1,JPEG,.jpg,False
000024.jpg,True,4032,3024,False,1,JPEG,3024,4032,0,0,0,0,0.0,True,000024,24,3024,4032,1,JPEG,.jpg,False
000025.jpg,True,4032,3024,False,1,JPEG,3024,4032,0,0,0,0,0.0,True,000025,25,3024,4032,1,JPEG,.jpg,False
000026.jpg,True,4032,3024,False,1,JPEG,3024,4032,0,0,0,0,0.0,True,000026,26,3024,4032,1,JPEG,.jpg,False
000027.jpg,True,4032,3024,False,1,JPEG,3024,4032,0,0,0,0,0.0,True,000027,27,3024,4032,1,JPEG,.jpg,False
000028.jpg,True,4032,3024,False,1,JPEG,3024,4032,0,0,0,0,0.0,True,000028,28,3024,4032,1,JPEG,.jpg,False
000029.jpg,True,4032,3024,False,1,JPEG,3024,4032,0,0,0,0,0.0,True,000029,29,3024,4032,1,JPEG,.jpg,False
000030.jpg,True,4032,3024,False,1,JPEG,3024,4032,0,0,0,0,0.0,True,000030,30,3024,4032,1,JPEG,.jpg,False
000031.jpg,True,4032,3024,False,1,JPEG,3024,4032,0,0,0,0,0.0,True,000031,31,3024,4032,1,JPEG,.jpg,False
000032.jpg,True,4032,3024,False,1,JPEG,3024,4032,0,0,0,0,0.0,True,000032,32,3024,4032,1,JPEG,.jpg,False
000033.jpg,True,4032,3024,False,1,JPEG,3024,4032,0,0,0,0,0.0,True,000033,33,3024,4032,1,JPEG,.jpg,False
000034.jpg,True,4032,3024,False,1,JPEG,3024,4032,0,0,0,0,0.0,True,000034,34,3024,4032,1,JPEG,.jpg,False
000035.jpg,True,4032,3024,False,1,JPEG,3024,4032,0,0,0,0,0.0,True,000035,35,3024,4032,1,JPEG,.jpg,False
000036.jpg,True,4032,3024,False,1,JPEG,3024,4032,0,0,0,0,0.0,True,000036,36,3024,4032,1,JPEG,.jpg,False
000037.jpg,True,4032,3024,False,1,JPEG,3024,4032,0,0,0,0,0.0,True,000037,37,3024,4032,1,JPEG,.jpg,False
000038.jpg,True,4032,3024,False,1,JPEG,3024,4032,0,0,0,0,0.0,True,000038,38,3024,4032,1,JPEG,.jpg,False
000039.jpg,True,4032,3024,False,1,JPEG,3024,4032,0,0,0,0,0.0,True,000039,39,3024,4032,1,JPEG,.jpg,False
000040.jpg,True,4032,3024,False,1,JPEG,3024,4032,0,0,9,0,0.03515625,True,000040,40,3024,4032,1,JPEG,.jpg,False
000041.jpg,True,4032,3024,False,1,JPEG,3024,4032,0,0,0,0,0.0,True,000041,41,3024,4032,1,JPEG,.jpg,False
000042.jpg,True,4032,3024,False,1,JPEG,3024,4032,15,0,0,0,0.05859375,True,000042,42,3024,4032,1,JPEG,.jpg,False
000043.jpg,True,4032,3024,False,1,JPEG,3024,4032,11,0,0,0,0.04296875,True,000043,43,3024,4032,1,JPEG,.jpg,False
000044.jpg,True,4032,3024,False,1,JPEG,3024,4032,0,0,0,0,0.0,True,000044,44,3024,4032,1,JPEG,.jpg,False
000045.jpg,True,4032,3024,False,1,JPEG,3024,4032,0,0,0,0,0.0,True,000045,45,3024,4032,1,JPEG,.jpg,False
000046.jpg,True,4032,3024,False,1,JPEG,3024,4032,0,0,0,0,0.0,True,000046,46,3024,4032,1,JPEG,.jpg,False
000047.png,True,2556,1179,False,1,PNG,1179,2556,0,0,0,0,0.0,True,000047,47,1179,2556,1,PNG,.png,True
000048.jpg,True,4032,3024,False,1,JPEG,3024,4032,0,0,0,0,0.0,True,000048,48,3024,4032,1,JPEG,.jpg,False
000049.jpg,True,4032,3024,False,1,JPEG,3024,4032,4,0,0,0,0.015625,True,000049,49,3024,4032,1,JPEG,.jpg,False
000050.jpg,True,4032,3024,False,1,JPEG,3024,4032,0,0,0,0,0.0,True,000050,50,3024,4032,1,JPEG,.jpg,False
000051.jpg,True,4032,3024,False,1,JPEG,3024,4032,0,0,0,0,0.0,True,000051,51,3024,4032,1,JPEG,.jpg,False
000052.png,True,2556,1179,False,1,PNG,1179,2556,0,0,0,0,0.0,True,000052,52,1179,2556,1,PNG,.png,True
000053.png,True,2556,1179,False,1,PNG,1179,2556,5,0,0,0,0.01953125,True,000053,53,1179,2556,1,PNG,.png,True
000054.jpg,True,4032,3024,False,2,MPO,3024,4032,0,0,0,0,0.0,True,000054,54,3024,4032,6,MPO,.jpg,True
000055.jpg,True,5712,4284,False,2,MPO,4284,5712,0,0,0,0,0.0,True,000055,55,4284,5712,6,MPO,.jpg,True
000056.jpg,True,4032,3024,False,2,MPO,3024,4032,0,0,0,0,0.0,True,000056,56,3024,4032,6,MPO,.jpg,True
000057.jpg,True,5712,4284,False,2,MPO,4284,5712,0,0,0,0,0.0,True,000057,57,4284,5712,6,MPO,.jpg,True
000058.jpg,True,5712,4284,False,2,MPO,4284,5712,0,0,0,0,0.0,True,000058,58,4284,5712,6,MPO,.jpg,True
000059.jpg,True,4032,3024,False,2,MPO,3024,4032,0,0,0,0,0.0,True,000059,59,3024,4032,6,MPO,.jpg,True
000060.jpg,True,4032,3024,False,2,MPO,3024,4032,0,0,0,0,0.0,True,000060,60,3024,4032,6,MPO,.jpg,True
000061.jpg,True,4032,3024,False,2,MPO,3024,4032,0,0,0,0,0.0,True,000061,61,3024,4032,6,MPO,.jpg,True
000062.jpg,True,4032,3024,False,2,MPO,3024,4032,0,0,0,0,0.0,True,000062,62,3024,4032,6,MPO,.jpg,True
000063.jpg,True,4032,3024,False,2,MPO,3024,4032,0,0,0,0,0.0,True,000063,63,3024,4032,6,MPO,.jpg,True
000064.jpg,True,4032,3024,False,2,MPO,3024,4032,0,0,0,0,0.0,True,000064,64,3024,4032,6,MPO,.jpg,True
000065.jpg,True,5712,4284,False,2,MPO,4284,5712,14,0,0,0,0.0546875,True,000065,65,4284,5712,6,MPO,.jpg,True
000066.jpg,True,5712,4284,False,2,MPO,4284,5712,8,0,0,0,0.03125,True,000066,66,4284,5712,6,MPO,.jpg,True
000067.jpg,True,5712,4284,False,2,MPO,4284,5712,0,0,0,0,0.0,True,000067,67,4284,5712,6,MPO,.jpg,True
000068.jpg,True,5712,4284,False,2,MPO,4284,5712,0,0,0,0,0.0,True,000068,68,4284,5712,6,MPO,.jpg,True
000069.jpg,True,5712,4284,False,2,MPO,4284,5712,0,0,0,0,0.0,True,000069,69,4284,5712,6,MPO,.jpg,True
000070.jpg,True,4032,3024,False,1,JPEG,3024,4032,0,0,0,0,0.0,True,000070,70,3024,4032,1,JPEG,.jpg,False
000071.jpg,True,4032,3024,False,1,JPEG,3024,4032,0,0,0,0,0.0,True,000071,71,3024,4032,1,JPEG,.jpg,False
000072.jpg,True,4032,3024,False,1,JPEG,3024,4032,0,0,0,0,0.0,True,000072,72,3024,4032,1,JPEG,.jpg,False
000073.jpg,True,4032,3024,False,1,JPEG,3024,4032,0,0,0,0,0.0,True,000073,73,3024,4032,1,JPEG,.jpg,False
000074.jpg,True,4032,3024,False,1,JPEG,3024,4032,0,0,0,0,0.0,True,000074,74,3024,4032,1,JPEG,.jpg,False
000075.jpg,True,4032,3024,False,1,JPEG,3024,4032,0,0,0,0,0.0,True,000075,75,3024,4032,1,JPEG,.jpg,False
000076.jpg,True,4032,3024,False,1,JPEG,3024,4032,0,0,0,0,0.0,True,000076,76,3024,4032,1,JPEG,.jpg,False
000077.jpg,True,4032,3024,False,1,JPEG,3024,4032,0,0,0,0,0.0,True,000077,77,3024,4032,1,JPEG,.jpg,False
000078.jpg,True,4032,3024,False,1,JPEG,3024,4032,0,0,0,0,0.0,True,000078,78,3024,4032,1,JPEG,.jpg,False
000079.jpg,True,4032,3024,False,1,JPEG,3024,4032,0,0,0,0,0.0,True,000079,79,3024,4032,1,JPEG,.jpg,False
000080.jpg,True,4032,3024,False,1,JPEG,3024,4032,0,0,0,0,0.0,True,000080,80,3024,4032,1,JPEG,.jpg,False
000081.jpg,True,4032,3024,False,1,JPEG,3024,4032,0,0,0,0,0.0,True,000081,81,3024,4032,1,JPEG,.jpg,False
000082.jpg,True,4032,3024,False,1,JPEG,3024,4032,0,0,0,0,0.0,True,000082,82,3024,4032,1,JPEG,.jpg,False
000083.jpg,True,4032,3024,False,1,JPEG,3024,4032,0,0,0,0,0.0,True,000083,83,3024,4032,1,JPEG,.jpg,False
000084.jpg,True,4032,3024,False,1,JPEG,3024,4032,0,0,0,0,0.0,True,000084,84,3024,4032,1,JPEG,.jpg,False
000085.jpg,True,4032,3024,False,1,JPEG,3024,4032,0,0,0,0,0.0,True,000085,85,3024,4032,1,JPEG,.jpg,False
000086.jpg,True,4032,3024,False,1,JPEG,3024,4032,0,0,0,0,0.0,True,000086,86,3024,4032,1,JPEG,.jpg,False
000087.jpg,True,4032,3024,False,1,JPEG,3024,4032,0,0,0,0,0.0,True,000087,87,3024,4032,1,JPEG,.jpg,False
000088.jpg,True,4032,3024,False,1,JPEG,3024,4032,0,0,0,0,0.0,True,000088,88,3024,4032,1,JPEG,.jpg,False
000089.jpg,True,4032,3024,False,1,JPEG,3024,4032,0,0,0,0,0.0,True,000089,89,3024,4032,1,JPEG,.jpg,False
000090.jpg,True,4032,3024,False,1,JPEG,3024,4032,0,0,0,0,0.0,True,000090,90,3024,4032,1,JPEG,.jpg,False
000091.jpg,True,4032,3024,False,1,JPEG,3024,4032,0,0,0,0,0.0,True,000091,91,3024,4032,1,JPEG,.jpg,False
000092.jpg,True,4032,3024,False,1,JPEG,3024,4032,0,0,0,0,0.0,True,000092,92,3024,4032,1,JPEG,.jpg,False
000093.jpg,True,4032,3024,False,1,JPEG,3024,4032,0,0,0,0,0.0,True,000093,93,3024,4032,1,JPEG,.jpg,False
000094.jpg,True,4032,3024,False,1,JPEG,3024,4032,0,0,0,0,0.0,True,000094,94,3024,4032,1,JPEG,.jpg,False
000095.jpg,True,4032,3024,False,1,JPEG,3024,4032,0,0,0,0,0.0,True,000095,95,3024,4032,1,JPEG,.jpg,False
000096.jpg,True,4032,3024,False,1,JPEG,3024,4032,0,0,0,0,0.0,True,000096,96,3024,4032,1,JPEG,.jpg,False
000097.jpg,True,4032,3024,False,1,JPEG,3024,4032,0,0,0,0,0.0,True,000097,97,3024,4032,1,JPEG,.jpg,False
000098.jpg,True,4032,3024,False,1,JPEG,3024,4032,0,0,0,0,0.0,True,000098,98,3024,4032,1,JPEG,.jpg,False
000099.jpg,True,4032,3024,False,1,JPEG,3024,4032,0,0,0,0,0.0,True,000099,99,3024,4032,1,JPEG,.jpg,False
000100.jpg,True,4032,3024,False,1,JPEG,3024,4032,0,0,0,0,0.0,True,000100,100,3024,4032,1,JPEG,.jpg,False
000101.jpg,True,4032,3024,False,2,MPO,3024,4032,0,0,0,0,0.0,True,000101,101,3024,4032,6,MPO,.jpg,True
000102.jpg,True,4032,3024,False,2,MPO,3024,4032,0,0,0,0,0.0,True,000102,102,3024,4032,6,MPO,.jpg,True
000103.jpg,True,4032,3024,False,1,JPEG,3024,4032,0,0,0,0,0.0,True,000103,103,3024,4032,6,JPEG,.jpg,True
000104.jpg,True,4032,3024,False,2,MPO,3024,4032,0,0,0,0,0.0,True,000104,104,3024,4032,6,MPO,.jpg,True
000105.jpg,True,4032,3024,False,2,MPO,3024,4032,0,0,0,0,0.0,True,000105,105,3024,4032,1,MPO,.jpg,True
000106.jpg,True,4032,3024,False,1,JPEG,3024,4032,0,0,0,0,0.0,True,000106,106,3024,4032,6,JPEG,.jpg,True
000107.jpg,True,4032,3024,False,2,MPO,3024,4032,0,0,0,0,0.0,True,000107,107,3024,4032,6,MPO,.jpg,True
000108.jpg,True,4032,3024,False,2,MPO,3024,4032,0,0,0,0,0.0,True,000108,108,3024,4032,6,MPO,.jpg,True
000109.jpg,True,4032,3024,False,1,JPEG,3024,4032,0,0,0,0,0.0,True,000109,109,3024,4032,6,JPEG,.jpg,True
000110.jpg,True,4032,3024,False,2,MPO,3024,4032,0,0,0,0,0.0,True,000110,110,3024,4032,6,MPO,.jpg,True
000111.jpg,True,4032,3024,False,2,MPO,3024,4032,0,0,0,0,0.0,True,000111,111,3024,4032,6,MPO,.jpg,True
000112.jpg,True,4032,3024,False,2,MPO,3024,4032,0,0,0,0,0.0,True,000112,112,3024,4032,6,MPO,.jpg,True
000113.jpg,True,4032,3024,False,2,MPO,3024,4032,0,0,0,0,0.0,True,000113,113,3024,4032,6,MPO,.jpg,True
000114.jpg,True,3024,4032,False,2,MPO,4032,3024,0,0,0,0,0.0,True,000114,114,4032,3024,1,MPO,.jpg,True
000115.jpg,True,4032,3024,False,2,MPO,3024,4032,0,0,0,0,0.0,True,000115,115,3024,4032,6,MPO,.jpg,True
000116.jpg,True,4032,3024,False,1,JPEG,3024,4032,0,0,0,0,0.0,True,000116,116,3024,4032,6,JPEG,.jpg,True
000117.jpg,True,4032,3024,False,2,MPO,3024,4032,0,8,0,0,0.03125,True,000117,117,3024,4032,6,MPO,.jpg,True
000118.jpg,True,4032,3024,False,2,MPO,3024,4032,0,0,0,0,0.0,True,000118,118,3024,4032,6,MPO,.jpg,True
000119.jpg,True,4032,3024,False,2,MPO,3024,4032,0,0,0,0,0.0,True,000119,119,3024,4032,6,MPO,.jpg,True
000120.jpg,True,4032,3024,False,2,MPO,3024,4032,0,0,0,0,0.0,True,000120,120,3024,4032,6,MPO,.jpg,True
000121.jpg,True,4032,3024,False,2,MPO,3024,4032,0,0,0,0,0.0,True,000121,121,3024,4032,6,MPO,.jpg,True
000122.jpg,True,3024,4032,False,2,MPO,4032,3024,0,0,0,0,0.0,True,000122,122,4032,3024,1,MPO,.jpg,True
000123.jpg,True,4032,3024,False,2,MPO,3024,4032,0,0,0,0,0.0,True,000123,123,3024,4032,6,MPO,.jpg,True
000124.jpg,True,4032,3024,False,2,MPO,3024,4032,0,0,0,0,0.0,True,000124,124,3024,4032,6,MPO,.jpg,True
000125.jpg,True,4032,3024,False,2,MPO,3024,4032,0,0,0,0,0.0,True,000125,125,3024,4032,6,MPO,.jpg,True
000126.jpg,True,4032,3024,False,2,MPO,3024,4032,0,0,0,0,0.0,True,000126,126,3024,4032,6,MPO,.jpg,True
000127.jpg,True,4032,3024,False,2,MPO,3024,4032,0,0,0,0,0.0,True,000127,127,3024,4032,6,MPO,.jpg,True
000128.jpg,True,4032,3024,False,2,MPO,3024,4032,0,0,0,0,0.0,True,000128,128,3024,4032,6,MPO,.jpg,True
000129.jpg,True,4032,3024,False,2,MPO,3024,4032,0,0,0,0,0.0,True,000129,129,3024,4032,6,MPO,.jpg,True
000130.jpg,True,4032,3024,False,2,MPO,3024,4032,0,0,0,0,0.0,True,000130,130,3024,4032,6,MPO,.jpg,True
000131.jpg,True,4032,3024,False,2,MPO,3024,4032,0,0,0,0,0.0,True,000131,131,3024,4032,6,MPO,.jpg,True
000132.jpg,True,4032,3024,False,2,MPO,3024,4032,0,0,0,0,0.0,True,000132,132,3024,4032,6,MPO,.jpg,True
000133.jpg,True,4032,3024,False,2,MPO,3024,4032,0,0,0,0,0.0,True,000133,133,3024,4032,6,MPO,.jpg,True
000134.jpg,True,4032,3024,False,2,MPO,3024,4032,0,0,0,0,0.0,True,000134,134,3024,4032,6,MPO,.jpg,True
000135.jpg,True,4032,3024,False,2,MPO,3024,4032,0,0,0,0,0.0,True,000135,135,3024,4032,6,MPO,.jpg,True
000136.jpg,True,4032,3024,False,2,MPO,3024,4032,0,0,0,0,0.0,True,000136,136,3024,4032,6,MPO,.jpg,True
000137.jpg,True,4032,3024,False,2,MPO,3024,4032,0,0,0,0,0.0,True,000137,137,3024,4032,6,MPO,.jpg,True
000138.jpg,True,4032,3024,False,2,MPO,3024,4032,0,0,0,0,0.0,True,000138,138,3024,4032,6,MPO,.jpg,True
000139.jpg,True,4032,3024,False,2,MPO,3024,4032,0,0,0,0,0.0,True,000139,139,3024,4032,6,MPO,.jpg,True
000140.jpg,True,4032,3024,False,2,MPO,3024,4032,0,0,0,0,0.0,True,000140,140,3024,4032,6,MPO,.jpg,True
000141.jpg,True,4032,3024,False,2,MPO,3024,4032,0,1,0,0,0.00390625,True,000141,141,3024,4032,6,MPO,.jpg,True
000142.jpg,True,4032,3024,False,2,MPO,3024,4032,0,0,0,0,0.0,True,000142,142,3024,4032,6,MPO,.jpg,True
000143.jpg,True,4032,3024,False,2,MPO,3024,4032,0,0,0,0,0.0,True,000143,143,3024,4032,6,MPO,.jpg,True
000144.jpg,True,4032,3024,False,2,MPO,3024,4032,0,0,0,0,0.0,True,000144,144,3024,4032,6,MPO,.jpg,True
000145.jpg,True,4032,3024,False,2,MPO,3024,4032,0,2,0,0,0.0078125,True,000145,145,3024,4032,6,MPO,.jpg,True
000146.jpg,True,4032,3024,False,2,MPO,3024,4032,0,0,0,0,0.0,True,000146,146,3024,4032,6,MPO,.jpg,True
000147.jpg,True,4032,3024,False,2,MPO,3024,4032,0,0,0,0,0.0,True,000147,147,3024,4032,6,MPO,.jpg,True
000148.jpg,True,4032,3024,False,2,MPO,3024,4032,0,0,0,0,0.0,True,000148,148,3024,4032,6,MPO,.jpg,True
000149.jpg,True,4032,3024,False,2,MPO,3024,4032,0,0,0,0,0.0,True,000149,149,3024,4032,6,MPO,.jpg,True
000150.jpg,True,4032,3024,False,2,MPO,3024,4032,0,0,0,0,0.0,True,000150,150,3024,4032,6,MPO,.jpg,True
000151.jpg,True,4032,3024,False,2,MPO,3024,4032,0,0,0,0,0.0,True,000151,151,3024,4032,6,MPO,.jpg,True
000152.jpg,True,4032,3024,False,2,MPO,3024,4032,0,0,0,0,0.0,True,000152,152,3024,4032,6,MPO,.jpg,True
000153.jpg,True,4032,3024,False,2,MPO,3024,4032,0,0,0,0,0.0,True,000153,153,3024,4032,6,MPO,.jpg,True
000154.jpg,True,4032,3024,False,2,MPO,3024,4032,0,0,0,0,0.0,True,000154,154,3024,4032,6,MPO,.jpg,True
000155.jpg,True,4032,3024,False,2,MPO,3024,4032,0,0,0,0,0.0,True,000155,155,3024,4032,6,MPO,.jpg,True
000156.jpg,True,4032,3024,False,2,MPO,3024,4032,0,0,0,0,0.0,True,000156,156,3024,4032,6,MPO,.jpg,True
000157.jpg,True,4032,3024,False,2,MPO,3024,4032,0,0,0,0,0.0,True,000157,157,3024,4032,6,MPO,.jpg,True
000158.jpg,True,4032,3024,False,2,MPO,3024,4032,0,0,0,0,0.0,True,000158,158,3024,4032,6,MPO,.jpg,True
000159.jpg,True,4032,3024,False,2,MPO,3024,4032,0,0,0,0,0.0,True,000159,159,3024,4032,6,MPO,.jpg,True
000160.jpg,True,4032,3024,False,2,MPO,3024,4032,0,0,0,0,0.0,True,000160,160,3024,4032,6,MPO,.jpg,True
000161.jpg,True,4032,3024,False,2,MPO,3024,4032,0,0,0,0,0.0,True,000161,161,3024,4032,6,MPO,.jpg,True
000162.jpg,True,4032,3024,False,2,MPO,3024,4032,0,0,0,0,0.0,True,000162,162,3024,4032,6,MPO,.jpg,True
000163.jpg,True,4032,3024,False,2,MPO,3024,4032,0,0,0,0,0.0,True,000163,163,3024,4032,6,MPO,.jpg,True
000164.jpg,True,4032,3024,False,2,MPO,3024,4032,0,0,0,0,0.0,True,000164,164,3024,4032,6,MPO,.jpg,True
000165.jpg,True,4032,3024,False,2,MPO,3024,4032,0,0,0,0,0.0,True,000165,165,3024,4032,6,MPO,.jpg,True
000166.jpg,True,4032,3024,False,2,MPO,3024,4032,0,0,0,0,0.0,True,000166,166,3024,4032,6,MPO,.jpg,True
000167.jpg,True,4032,3024,False,2,MPO,3024,4032,0,0,0,0,0.0,True,000167,167,3024,4032,6,MPO,.jpg,True
000168.jpg,True,4032,3024,False,2,MPO,3024,4032,0,0,0,0,0.0,True,000168,168,3024,4032,6,MPO,.jpg,True
000169.jpg,True,4032,3024,False,2,MPO,3024,4032,0,0,0,0,0.0,True,000169,169,3024,4032,6,MPO,.jpg,True
000170.jpg,True,4032,3024,False,2,MPO,3024,4032,0,0,0,0,0.0,True,000170,170,3024,4032,6,MPO,.jpg,True
000171.jpg,True,4032,3024,False,2,MPO,3024,4032,0,0,0,0,0.0,True,000171,171,3024,4032,6,MPO,.jpg,True
000172.jpg,True,4032,3024,False,2,MPO,3024,4032,0,0,0,0,0.0,True,000172,172,3024,4032,6,MPO,.jpg,True
000173.jpg,True,4032,3024,False,2,MPO,3024,4032,0,0,0,0,0.0,True,000173,173,3024,4032,6,MPO,.jpg,True
000174.jpg,True,4032,3024,False,2,MPO,3024,4032,0,0,0,0,0.0,True,000174,174,3024,4032,6,MPO,.jpg,True
000175.jpg,True,4032,3024,False,2,MPO,3024,4032,0,0,0,0,0.0,True,000175,175,3024,4032,6,MPO,.jpg,True
000176.jpg,True,4032,3024,False,2,MPO,3024,4032,0,0,0,0,0.0,True,000176,176,3024,4032,6,MPO,.jpg,True
000177.jpg,True,4032,3024,False,2,MPO,3024,4032,0,0,0,0,0.0,True,000177,177,3024,4032,6,MPO,.jpg,True
000178.jpg,True,4032,3024,False,2,MPO,3024,4032,0,0,0,0,0.0,True,000178,178,3024,4032,6,MPO,.jpg,True
000179.jpg,True,4032,3024,False,2,MPO,3024,4032,0,0,0,0,0.0,True,000179,179,3024,4032,6,MPO,.jpg,True
000180.jpg,True,4032,3024,False,2,MPO,3024,4032,0,0,0,0,0.0,True,000180,180,3024,4032,6,MPO,.jpg,True
000181.jpg,True,4032,3024,False,2,MPO,3024,4032,0,0,0,0,0.0,True,000181,181,3024,4032,6,MPO,.jpg,True
000182.jpg,True,4032,3024,False,2,MPO,3024,4032,0,0,0,0,0.0,True,000182,182,3024,4032,6,MPO,.jpg,True
000183.jpg,True,4032,3024,False,2,MPO,3024,4032,0,0,0,0,0.0,True,000183,183,3024,4032,6,MPO,.jpg,True
000184.jpg,True,4032,3024,False,2,MPO,3024,4032,0,0,0,0,0.0,True,000184,184,3024,4032,6,MPO,.jpg,True
000185.jpg,True,4032,3024,False,2,MPO,3024,4032,0,0,0,0,0.0,True,000185,185,3024,4032,6,MPO,.jpg,True
000186.jpg,True,4032,3024,False,2,MPO,3024,4032,0,0,0,0,0.0,True,000186,186,3024,4032,6,MPO,.jpg,True
000187.jpg,True,4032,3024,False,2,MPO,3024,4032,0,0,0,0,0.0,True,000187,187,3024,4032,6,MPO,.jpg,True
000188.jpg,True,4032,3024,False,2,MPO,3024,4032,0,0,0,0,0.0,True,000188,188,3024,4032,1,MPO,.jpg,True
000189.jpg,True,4032,3024,False,2,MPO,3024,4032,0,0,0,0,0.0,True,000189,189,3024,4032,6,MPO,.jpg,True
000190.jpg,True,4032,3024,False,2,MPO,3024,4032,11,0,0,0,0.04296875,True,000190,190,3024,4032,6,MPO,.jpg,True
000191.jpg,True,4032,3024,False,2,MPO,3024,4032,0,0,0,0,0.0,True,000191,191,3024,4032,6,MPO,.jpg,True
000192.jpg,True,4032,3024,False,2,MPO,3024,4032,0,0,0,0,0.0,True,000192,192,3024,4032,6,MPO,.jpg,True
000193.jpg,True,4032,3024,False,2,MPO,3024,4032,0,0,0,0,0.0,True,000193,193,3024,4032,6,MPO,.jpg,True
000194.jpg,True,4032,3024,False,2,MPO,3024,4032,0,0,0,0,0.0,True,000194,194,3024,4032,6,MPO,.jpg,True
000195.jpg,True,4032,3024,False,2,MPO,3024,4032,0,0,0,0,0.0,True,000195,195,3024,4032,6,MPO,.jpg,True
000196.jpg,True,4032,3024,False,2,MPO,3024,4032,0,0,0,0,0.0,True,000196,196,3024,4032,6,MPO,.jpg,True
000197.jpg,True,4032,3024,False,2,MPO,3024,4032,0,0,0,0,0.0,True,000197,197,3024,4032,6,MPO,.jpg,True
000198.jpg,True,4032,3024,False,2,MPO,3024,4032,0,0,0,0,0.0,True,000198,198,3024,4032,6,MPO,.jpg,True
000199.jpg,True,4032,3024,False,2,MPO,3024,4032,0,0,0,0,0.0,True,000199,199,3024,4032,6,MPO,.jpg,True
000200.jpg,True,4032,3024,False,2,MPO,3024,4032,0,0,0,0,0.0,True,000200,200,3024,4032,6,MPO,.jpg,True
000201.jpg,True,4032,3024,False,2,MPO,3024,4032,0,0,0,0,0.0,True,000201,201,3024,4032,6,MPO,.jpg,True
000202.jpg,True,4032,3024,False,2,MPO,3024,4032,0,0,0,0,0.0,True,000202,202,3024,4032,6,MPO,.jpg,True
000203.jpg,True,4032,3024,False,2,MPO,3024,4032,0,0,0,0,0.0,True,000203,203,3024,4032,6,MPO,.jpg,True
000204.jpg,True,4032,3024,False,2,MPO,3024,4032,0,0,0,0,0.0,True,000204,204,3024,4032,6,MPO,.jpg,True
000205.jpg,True,4032,3024,False,2,MPO,3024,4032,0,0,0,0,0.0,True,000205,205,3024,4032,6,MPO,.jpg,True
000206.jpg,True,4032,3024,False,2,MPO,3024,4032,0,0,0,0,0.0,True,000206,206,3024,4032,6,MPO,.jpg,True
000207.jpg,True,4032,3024,False,2,MPO,3024,4032,0,0,0,0,0.0,True,000207,207,3024,4032,6,MPO,.jpg,True
000208.jpg,True,4032,3024,False,2,MPO,3024,4032,0,0,0,0,0.0,True,000208,208,3024,4032,6,MPO,.jpg,True
000209.jpg,True,4032,3024,False,2,MPO,3024,4032,0,0,0,0,0.0,True,000209,209,3024,4032,6,MPO,.jpg,True
000210.jpg,True,4032,3024,False,2,MPO,3024,4032,0,0,0,0,0.0,True,000210,210,3024,4032,6,MPO,.jpg,True
000211.jpg,True,4032,3024,False,2,MPO,3024,4032,0,0,0,0,0.0,True,000211,211,3024,4032,6,MPO,.jpg,True
000212.jpg,True,4032,3024,False,2,MPO,3024,4032,0,0,0,0,0.0,True,000212,212,3024,4032,6,MPO,.jpg,True
000213.jpg,True,4032,3024,False,2,MPO,3024,4032,0,0,0,0,0.0,True,000213,213,3024,4032,6,MPO,.jpg,True
000214.jpg,True,4032,3024,False,2,MPO,3024,4032,0,0,0,0,0.0,True,000214,214,3024,4032,6,MPO,.jpg,True
000215.jpg,True,4032,3024,False,2,MPO,3024,4032,0,0,0,0,0.0,True,000215,215,3024,4032,6,MPO,.jpg,True
000216.jpg,True,4032,3024,False,2,MPO,3024,4032,0,0,0,0,0.0,True,000216,216,3024,4032,6,MPO,.jpg,True
000217.jpg,True,4032,3024,False,2,MPO,3024,4032,0,0,0,0,0.0,True,000217,217,3024,4032,6,MPO,.jpg,True
000218.jpg,True,4032,3024,False,2,MPO,3024,4032,0,0,0,0,0.0,True,000218,218,3024,4032,6,MPO,.jpg,True
000219.jpg,True,4032,3024,False,2,MPO,3024,4032,0,0,0,0,0.0,True,000219,219,3024,4032,6,MPO,.jpg,True
000220.jpg,True,4032,3024,False,2,MPO,3024,4032,0,0,0,0,0.0,True,000220,220,3024,4032,6,MPO,.jpg,True
000221.jpg,True,4032,3024,False,2,MPO,3024,4032,0,0,0,0,0.0,True,000221,221,3024,4032,6,MPO,.jpg,True
000222.jpg,True,4032,3024,False,2,MPO,3024,4032,0,0,0,0,0.0,True,000222,222,3024,4032,6,MPO,.jpg,True
000223.jpg,True,4032,3024,False,2,MPO,3024,4032,0,0,0,0,0.0,True,000223,223,3024,4032,6,MPO,.jpg,True
000224.jpg,True,4032,3024,False,2,MPO,3024,4032,0,0,0,0,0.0,True,000224,224,3024,4032,6,MPO,.jpg,True
000225.jpg,True,4032,3024,False,2,MPO,3024,4032,0,0,0,0,0.0,True,000225,225,3024,4032,6,MPO,.jpg,True
000226.jpg,True,4032,3024,False,2,MPO,3024,4032,0,0,0,0,0.0,True,000226,226,3024,4032,6,MPO,.jpg,True
000227.jpg,True,4032,3024,False,2,MPO,3024,4032,0,0,0,0,0.0,True,000227,227,3024,4032,6,MPO,.jpg,True
000228.jpg,True,4032,3024,False,1,JPEG,3024,4032,0,0,0,0,0.0,True,000228,228,3024,4032,6,JPEG,.jpg,True
000229.jpg,True,4032,3024,False,2,MPO,3024,4032,0,0,0,0,0.0,True,000229,229,3024,4032,6,MPO,.jpg,True
000230.jpg,True,4032,3024,False,2,MPO,3024,4032,0,0,0,0,0.0,True,000230,230,3024,4032,6,MPO,.jpg,True
000231.jpg,True,4032,3024,False,2,MPO,3024,4032,0,0,0,0,0.0,True,000231,231,3024,4032,6,MPO,.jpg,True
000232.jpg,True,4032,3024,False,2,MPO,3024,4032,0,0,0,0,0.0,True,000232,232,3024,4032,6,MPO,.jpg,True
000233.jpg,True,4032,3024,False,2,MPO,3024,4032,0,0,0,0,0.0,True,000233,233,3024,4032,6,MPO,.jpg,True
000234.jpg,True,4032,3024,False,2,MPO,3024,4032,0,0,0,0,0.0,True,000234,234,3024,4032,6,MPO,.jpg,True
000235.jpg,True,4032,3024,False,1,JPEG,3024,4032,0,0,0,0,0.0,True,000235,235,3024,4032,1,JPEG,.jpg,False
000236.jpg,True,4032,3024,False,1,JPEG,3024,4032,0,0,0,0,0.0,True,000236,236,3024,4032,1,JPEG,.jpg,False
000237.jpg,True,4032,3024,False,1,JPEG,3024,4032,0,0,0,0,0.0,True,000237,237,3024,4032,1,JPEG,.jpg,False
000238.jpg,True,4032,3024,False,1,JPEG,3024,4032,0,0,0,0,0.0,True,000238,238,3024,4032,1,JPEG,.jpg,False
000239.jpg,True,4032,3024,False,1,JPEG,3024,4032,0,0,0,0,0.0,True,000239,239,3024,4032,1,JPEG,.jpg,False
000240.jpg,True,4032,3024,False,1,JPEG,3024,4032,0,0,0,0,0.0,True,000240,240,3024,4032,1,JPEG,.jpg,False
000241.jpg,True,4032,3024,False,1,JPEG,3024,4032,0,0,0,0,0.0,True,000241,241,3024,4032,1,JPEG,.jpg,False
000242.jpg,True,4032,3024,False,1,JPEG,3024,4032,0,0,0,0,0.0,True,000242,242,3024,4032,1,JPEG,.jpg,False
000243.jpg,True,4032,3024,False,1,JPEG,3024,4032,0,0,0,0,0.0,True,000243,243,3024,4032,1,JPEG,.jpg,False
000244.jpg,True,4032,3024,False,1,JPEG,3024,4032,0,0,0,0,0.0,True,000244,244,3024,4032,1,JPEG,.jpg,False
000245.jpg,True,4032,3024,False,1,JPEG,3024,4032,0,0,0,0,0.0,True,000245,245,3024,4032,1,JPEG,.jpg,False
000246.jpg,True,4032,3024,False,1,JPEG,3024,4032,0,0,0,0,0.0,True,000246,246,3024,4032,1,JPEG,.jpg,False
000247.jpg,True,4032,3024,False,1,JPEG,3024,4032,0,0,0,0,0.0,True,000247,247,3024,4032,1,JPEG,.jpg,False
000248.jpg,True,4032,3024,False,1,JPEG,3024,4032,0,0,0,0,0.0,True,000248,248,3024,4032,1,JPEG,.jpg,False
000249.jpg,True,4032,3024,False,1,JPEG,3024,4032,0,0,0,0,0.0,True,000249,249,3024,4032,1,JPEG,.jpg,False
000250.jpg,True,4032,3024,False,1,JPEG,3024,4032,0,0,0,0,0.0,True,000250,250,3024,4032,1,JPEG,.jpg,False
000251.jpg,True,4032,3024,False,1,JPEG,3024,4032,0,0,0,0,0.0,True,000251,251,3024,4032,1,JPEG,.jpg,False
000252.jpg,True,4032,3024,False,1,JPEG,3024,4032,0,0,0,0,0.0,True,000252,252,3024,4032,1,JPEG,.jpg,False
000253.jpg,True,4032,3024,False,1,JPEG,3024,4032,0,0,0,0,0.0,True,000253,253,3024,4032,1,JPEG,.jpg,False
000254.jpg,True,4032,3024,False,1,JPEG,3024,4032,0,0,0,0,0.0,True,000254,254,3024,4032,1,JPEG,.jpg,False
000255.jpg,True,4032,3024,False,1,JPEG,3024,4032,0,0,0,0,0.0,True,000255,255,3024,4032,1,JPEG,.jpg,False
000256.jpg,True,4032,3024,False,1,JPEG,3024,4032,0,0,0,0,0.0,True,000256,256,3024,4032,1,JPEG,.jpg,False
000257.jpg,True,4032,3024,False,1,JPEG,3024,4032,0,0,0,0,0.0,True,000257,257,3024,4032,1,JPEG,.jpg,False
000258.jpg,True,4032,3024,False,1,JPEG,3024,4032,0,0,0,0,0.0,True,000258,258,3024,4032,1,JPEG,.jpg,False
000259.jpg,True,4032,3024,False,1,JPEG,3024,4032,0,0,0,0,0.0,True,000259,259,3024,4032,1,JPEG,.jpg,False
000260.jpg,True,5712,4284,False,1,JPEG,4284,5712,0,0,0,0,0.0,True,000260,260,4284,5712,1,JPEG,.jpg,False
000261.png,True,2556,1179,False,1,PNG,1179,2556,22,2,0,0,0.09375,True,000261,261,1179,2556,1,PNG,.png,True
000262.jpg,True,4032,3024,False,1,JPEG,3024,4032,0,0,0,0,0.0,True,000262,262,3024,4032,1,JPEG,.jpg,False
000263.jpg,True,4032,3024,False,1,JPEG,3024,4032,0,0,0,0,0.0,True,000263,263,3024,4032,1,JPEG,.jpg,False
000264.jpg,True,4032,3024,False,1,JPEG,3024,4032,0,0,0,0,0.0,True,000264,264,3024,4032,1,JPEG,.jpg,False
000265.jpg,True,4032,3024,False,1,JPEG,3024,4032,0,0,0,0,0.0,True,000265,265,3024,4032,1,JPEG,.jpg,False
000266.jpg,True,4032,3024,False,1,JPEG,3024,4032,0,0,0,0,0.0,True,000266,266,3024,4032,1,JPEG,.jpg,False
000267.jpg,True,4032,3024,False,1,JPEG,3024,4032,0,0,0,0,0.0,True,000267,267,3024,4032,1,JPEG,.jpg,False
000268.jpg,True,4032,3024,False,1,JPEG,3024,4032,0,0,0,0,0.0,True,000268,268,3024,4032,1,JPEG,.jpg,False
000269.jpg,True,4032,3024,False,1,JPEG,3024,4032,0,0,0,0,0.0,True,000269,269,3024,4032,1,JPEG,.jpg,False
000270.jpg,True,4032,3024,False,1,JPEG,3024,4032,0,0,0,0,0.0,True,000270,270,3024,4032,1,JPEG,.jpg,False
000271.jpg,True,4032,3024,False,1,JPEG,3024,4032,0,0,0,0,0.0,True,000271,271,3024,4032,1,JPEG,.jpg,False
000272.jpg,True,4032,3024,False,1,JPEG,3024,4032,0,0,0,0,0.0,True,000272,272,3024,4032,1,JPEG,.jpg,False
000273.jpg,True,4032,3024,False,1,JPEG,3024,4032,0,0,0,0,0.0,True,000273,273,3024,4032,1,JPEG,.jpg,False
000274.jpg,True,4032,3024,False,1,JPEG,3024,4032,0,0,0,0,0.0,True,000274,274,3024,4032,1,JPEG,.jpg,False
000275.jpg,True,4032,3024,False,1,JPEG,3024,4032,0,0,0,0,0.0,True,000275,275,3024,4032,1,JPEG,.jpg,False
000276.jpg,True,4032,3024,False,1,JPEG,3024,4032,0,0,0,0,0.0,True,000276,276,3024,4032,1,JPEG,.jpg,False
000277.jpg,True,4032,3024,False,1,JPEG,3024,4032,0,0,0,0,0.0,True,000277,277,3024,4032,1,JPEG,.jpg,False
000278.jpg,True,4032,3024,False,1,JPEG,3024,4032,0,0,0,0,0.0,True,000278,278,3024,4032,1,JPEG,.jpg,False
000279.jpg,True,4032,3024,False,1,JPEG,3024,4032,0,0,0,0,0.0,True,000279,279,3024,4032,1,JPEG,.jpg,False
000280.jpg,True,4032,3024,False,1,JPEG,3024,4032,0,0,0,0,0.0,True,000280,280,3024,4032,1,JPEG,.jpg,False
000281.jpg,True,4032,3024,False,1,JPEG,3024,4032,0,0,0,0,0.0,True,000281,281,3024,4032,1,JPEG,.jpg,False
000282.jpg,True,4032,3024,False,1,JPEG,3024,4032,0,0,0,0,0.0,True,000282,282,3024,4032,1,JPEG,.jpg,False
000283.jpg,True,4032,3024,False,1,JPEG,3024,4032,0,0,0,0,0.0,True,000283,283,3024,4032,1,JPEG,.jpg,False
000284.jpg,True,4032,3024,False,1,JPEG,3024,4032,0,0,0,0,0.0,True,000284,284,3024,4032,1,JPEG,.jpg,False
000285.jpg,True,4032,3024,False,1,JPEG,3024,4032,0,0,0,0,0.0,True,000285,285,3024,4032,1,JPEG,.jpg,False
000286.jpg,True,4032,3024,False,1,JPEG,3024,4032,0,0,0,0,0.0,True,000286,286,3024,4032,1,JPEG,.jpg,False
000287.jpg,True,4032,3024,False,1,JPEG,3024,4032,0,0,0,0,0.0,True,000287,287,3024,4032,1,JPEG,.jpg,False
000288.jpg,True,4032,3024,False,1,JPEG,3024,4032,0,0,0,0,0.0,True,000288,288,3024,4032,1,JPEG,.jpg,False
000289.jpg,True,4032,3024,False,1,JPEG,3024,4032,0,0,0,0,0.0,True,000289,289,3024,4032,1,JPEG,.jpg,False
000290.jpg,True,4032,3024,False,1,JPEG,3024,4032,0,0,0,0,0.0,True,000290,290,3024,4032,1,JPEG,.jpg,False
000291.jpg,True,4032,3024,False,1,JPEG,3024,4032,0,0,0,0,0.0,True,000291,291,3024,4032,1,JPEG,.jpg,False
000292.jpg,True,4032,3024,False,1,JPEG,3024,4032,0,0,0,0,0.0,True,000292,292,3024,4032,1,JPEG,.jpg,False
000293.jpg,True,4032,3024,False,1,JPEG,3024,4032,0,0,0,0,0.0,True,000293,293,3024,4032,1,JPEG,.jpg,False
000294.jpg,True,4032,3024,False,1,JPEG,3024,4032,0,0,0,0,0.0,True,000294,294,3024,4032,1,JPEG,.jpg,False
000295.jpg,True,4032,3024,False,1,JPEG,3024,4032,0,0,0,0,0.0,True,000295,295,3024,4032,1,JPEG,.jpg,False
000296.jpg,True,4032,3024,False,1,JPEG,3024,4032,0,0,0,0,0.0,True,000296,296,3024,4032,1,JPEG,.jpg,False
000297.jpg,True,4032,3024,False,1,JPEG,3024,4032,0,0,0,0,0.0,True,000297,297,3024,4032,1,JPEG,.jpg,False
000298.jpg,True,4032,3024,False,1,JPEG,3024,4032,0,0,0,0,0.0,True,000298,298,3024,4032,1,JPEG,.jpg,False
000299.jpg,True,4032,3024,False,1,JPEG,3024,4032,0,0,0,0,0.0,True,000299,299,3024,4032,1,JPEG,.jpg,False
000300.jpg,True,4032,3024,False,1,JPEG,3024,4032,0,0,0,0,0.0,True,000300,300,3024,4032,1,JPEG,.jpg,False
000301.jpg,True,4032,3024,False,1,JPEG,3024,4032,0,0,0,0,0.0,True,000301,301,3024,4032,1,JPEG,.jpg,False
000302.jpg,True,4032,3024,False,1,JPEG,3024,4032,0,0,0,0,0.0,True,000302,302,3024,4032,1,JPEG,.jpg,False
000303.jpg,True,4032,3024,False,1,JPEG,3024,4032,0,0,0,0,0.0,True,000303,303,3024,4032,1,JPEG,.jpg,False
000304.jpg,True,4032,3024,False,1,JPEG,3024,4032,0,0,0,0,0.0,True,000304,304,3024,4032,1,JPEG,.jpg,False
000305.jpg,True,4032,3024,False,1,JPEG,3024,4032,0,0,0,0,0.0,True,000305,305,3024,4032,1,JPEG,.jpg,False
000306.jpg,True,4032,3024,False,1,JPEG,3024,4032,0,0,0,0,0.0,True,000306,306,3024,4032,1,JPEG,.jpg,False
000307.jpg,True,4032,3024,False,1,JPEG,3024,4032,0,0,0,0,0.0,True,000307,307,3024,4032,1,JPEG,.jpg,False
000308.jpg,True,4032,3024,False,1,JPEG,3024,4032,0,0,0,0,0.0,True,000308,308,3024,4032,1,JPEG,.jpg,False
000309.jpg,True,4032,3024,False,1,JPEG,3024,4032,0,0,0,0,0.0,True,000309,309,3024,4032,1,JPEG,.jpg,False
000310.jpg,True,4032,3024,False,1,JPEG,3024,4032,0,0,0,0,0.0,True,000310,310,3024,4032,1,JPEG,.jpg,False
000311.jpg,True,4032,3024,False,1,JPEG,3024,4032,0,0,0,0,0.0,True,000311,311,3024,4032,1,JPEG,.jpg,False
000312.jpg,True,4032,3024,False,1,JPEG,3024,4032,0,0,0,0,0.0,True,000312,312,3024,4032,1,JPEG,.jpg,False
000313.jpg,True,4032,3024,False,1,JPEG,3024,4032,0,0,0,0,0.0,True,000313,313,3024,4032,1,JPEG,.jpg,False
000314.jpg,True,4032,3024,False,1,JPEG,3024,4032,0,0,0,0,0.0,True,000314,314,3024,4032,1,JPEG,.jpg,False
000315.jpg,True,4032,3024,False,1,JPEG,3024,4032,0,0,0,0,0.0,True,000315,315,3024,4032,1,JPEG,.jpg,False
000316.jpg,True,4032,3024,False,1,JPEG,3024,4032,0,0,0,0,0.0,True,000316,316,3024,4032,1,JPEG,.jpg,False
000317.jpg,True,4032,3024,False,1,JPEG,3024,4032,0,0,0,0,0.0,True,000317,317,3024,4032,1,JPEG,.jpg,False
000318.jpg,True,4032,3024,False,1,JPEG,3024,4032,0,0,0,0,0.0,True,000318,318,3024,4032,1,JPEG,.jpg,False
000319.jpg,True,4032,3024,False,1,JPEG,3024,4032,0,0,0,0,0.0,True,000319,319,3024,4032,1,JPEG,.jpg,False
000320.jpg,True,4032,3024,False,1,JPEG,3024,4032,0,0,0,0,0.0,True,000320,320,3024,4032,1,JPEG,.jpg,False
000321.jpg,True,4032,3024,False,1,JPEG,3024,4032,0,0,0,0,0.0,True,000321,321,3024,4032,1,JPEG,.jpg,False
000322.jpg,True,4032,3024,False,1,JPEG,3024,4032,0,0,0,0,0.0,True,000322,322,3024,4032,1,JPEG,.jpg,False
000323.jpg,True,4032,3024,False,1,JPEG,3024,4032,0,0,0,0,0.0,True,000323,323,3024,4032,1,JPEG,.jpg,False
000324.jpg,True,4032,3024,False,1,JPEG,3024,4032,0,0,0,0,0.0,True,000324,324,3024,4032,1,JPEG,.jpg,False
000325.jpg,True,4032,3024,False,1,JPEG,3024,4032,0,0,0,0,0.0,True,000325,325,3024,4032,1,JPEG,.jpg,False
000326.jpg,True,4032,3024,False,1,JPEG,3024,4032,0,0,0,0,0.0,True,000326,326,3024,4032,1,JPEG,.jpg,False
000327.jpg,True,4032,3024,False,1,JPEG,3024,4032,0,0,0,0,0.0,True,000327,327,3024,4032,1,JPEG,.jpg,False
000328.jpg,True,4032,3024,False,1,JPEG,3024,4032,0,0,0,0,0.0,True,000328,328,3024,4032,1,JPEG,.jpg,False
000329.jpg,True,4032,3024,False,1,JPEG,3024,4032,0,0,0,0,0.0,True,000329,329,3024,4032,1,JPEG,.jpg,False
000330.jpg,True,4032,3024,False,1,JPEG,3024,4032,0,0,0,0,0.0,True,000330,330,3024,4032,1,JPEG,.jpg,False
000331.jpg,True,4032,3024,False,1,JPEG,3024,4032,0,0,0,0,0.0,True,000331,331,3024,4032,1,JPEG,.jpg,False
000332.jpg,True,4032,3024,False,1,JPEG,3024,4032,0,0,0,0,0.0,True,000332,332,3024,4032,1,JPEG,.jpg,False
000333.jpg,True,4032,3024,False,1,JPEG,3024,4032,0,0,0,0,0.0,True,000333,333,3024,4032,1,JPEG,.jpg,False
000334.jpg,True,4032,3024,False,1,JPEG,3024,4032,0,0,0,0,0.0,True,000334,334,3024,4032,1,JPEG,.jpg,False
000335.jpg,True,4032,3024,False,1,JPEG,3024,4032,0,0,0,0,0.0,True,000335,335,3024,4032,1,JPEG,.jpg,False
000336.jpg,True,4032,3024,False,1,JPEG,3024,4032,0,0,0,0,0.0,True,000336,336,3024,4032,1,JPEG,.jpg,False
000337.jpg,True,4032,3024,False,1,JPEG,3024,4032,0,0,0,0,0.0,True,000337,337,3024,4032,1,JPEG,.jpg,False
000338.jpg,True,4032,3024,False,1,JPEG,3024,4032,0,0,0,0,0.0,True,000338,338,3024,4032,1,JPEG,.jpg,False
000339.jpg,True,4032,3024,False,1,JPEG,3024,4032,0,0,0,0,0.0,True,000339,339,3024,4032,1,JPEG,.jpg,False
000340.jpg,True,4032,3024,False,1,JPEG,3024,4032,0,0,0,0,0.0,True,000340,340,3024,4032,1,JPEG,.jpg,False
000341.jpg,True,4032,3024,False,1,JPEG,3024,4032,0,0,0,0,0.0,True,000341,341,3024,4032,1,JPEG,.jpg,False
000342.jpg,True,4032,3024,False,1,JPEG,3024,4032,0,0,0,0,0.0,True,000342,342,3024,4032,1,JPEG,.jpg,False
000343.jpg,True,4032,3024,False,1,JPEG,3024,4032,0,0,0,0,0.0,True,000343,343,3024,4032,1,JPEG,.jpg,False
000344.jpg,True,4032,3024,False,1,JPEG,3024,4032,0,0,0,0,0.0,True,000344,344,3024,4032,1,JPEG,.jpg,False
000345.jpg,True,4032,3024,False,1,JPEG,3024,4032,0,0,0,0,0.0,True,000345,345,3024,4032,1,JPEG,.jpg,False
000346.jpg,True,4032,3024,False,1,JPEG,3024,4032,0,0,0,0,0.0,True,000346,346,3024,4032,1,JPEG,.jpg,False
000347.jpg,True,4032,3024,False,1,JPEG,3024,4032,0,0,0,0,0.0,True,000347,347,3024,4032,1,JPEG,.jpg,False
000348.jpg,True,4032,3024,False,1,JPEG,3024,4032,0,0,0,0,0.0,True,000348,348,3024,4032,1,JPEG,.jpg,False
000349.jpg,True,4032,3024,False,1,JPEG,3024,4032,0,0,0,0,0.0,True,000349,349,3024,4032,1,JPEG,.jpg,False
000350.jpg,True,4032,3024,False,1,JPEG,3024,4032,0,0,0,0,0.0,True,000350,350,3024,4032,1,JPEG,.jpg,False
000351.jpg,True,4032,3024,False,1,JPEG,3024,4032,0,0,0,0,0.0,True,000351,351,3024,4032,1,JPEG,.jpg,False
000352.jpg,True,4032,3024,False,1,JPEG,3024,4032,0,0,0,0,0.0,True,000352,352,3024,4032,1,JPEG,.jpg,False
000353.jpg,True,4032,3024,False,1,JPEG,3024,4032,0,0,0,0,0.0,True,000353,353,3024,4032,1,JPEG,.jpg,False
000354.jpg,True,4032,3024,False,1,JPEG,3024,4032,0,0,0,0,0.0,True,000354,354,3024,4032,1,JPEG,.jpg,False
000355.jpg,True,4032,3024,False,1,JPEG,3024,4032,0,0,0,0,0.0,True,000355,355,3024,4032,1,JPEG,.jpg,False
000356.jpg,True,4032,3024,False,1,JPEG,3024,4032,0,0,0,0,0.0,True,000356,356,3024,4032,1,JPEG,.jpg,False
000357.jpg,True,4032,3024,False,1,JPEG,3024,4032,0,0,0,0,0.0,True,000357,357,3024,4032,1,JPEG,.jpg,False
000358.jpg,True,4032,3024,False,1,JPEG,3024,4032,0,0,0,0,0.0,True,000358,358,3024,4032,1,JPEG,.jpg,False
000359.jpg,True,4032,3024,False,1,JPEG,3024,4032,0,0,0,0,0.0,True,000359,359,3024,4032,1,JPEG,.jpg,False
000360.jpg,True,4032,3024,False,1,JPEG,3024,4032,0,0,0,0,0.0,True,000360,360,3024,4032,1,JPEG,.jpg,False
000361.jpg,True,4032,3024,False,1,JPEG,3024,4032,0,0,0,0,0.0,True,000361,361,3024,4032,1,JPEG,.jpg,False
000362.jpg,True,4032,3024,False,1,JPEG,3024,4032,0,0,0,0,0.0,True,000362,362,3024,4032,1,JPEG,.jpg,False
000363.jpg,True,4032,3024,False,1,JPEG,3024,4032,0,0,0,0,0.0,True,000363,363,3024,4032,1,JPEG,.jpg,False
000364.jpg,True,4032,3024,False,1,JPEG,3024,4032,0,0,0,0,0.0,True,000364,364,3024,4032,1,JPEG,.jpg,False
000365.jpg,True,4032,3024,False,1,JPEG,3024,4032,0,0,0,0,0.0,True,000365,365,3024,4032,1,JPEG,.jpg,False
000366.jpg,True,4032,3024,False,1,JPEG,3024,4032,0,0,0,0,0.0,True,000366,366,3024,4032,1,JPEG,.jpg,False
000367.jpg,True,4032,3024,False,1,JPEG,3024,4032,0,0,0,0,0.0,True,000367,367,3024,4032,1,JPEG,.jpg,False
000368.jpg,True,4032,3024,False,1,JPEG,3024,4032,0,0,0,0,0.0,True,000368,368,3024,4032,1,JPEG,.jpg,False
000369.jpg,True,4032,3024,False,1,JPEG,3024,4032,0,0,0,0,0.0,True,000369,369,3024,4032,1,JPEG,.jpg,False
000370.jpg,True,4032,3024,False,1,JPEG,3024,4032,0,0,0,0,0.0,True,000370,370,3024,4032,1,JPEG,.jpg,False
000371.jpg,True,4032,3024,False,1,JPEG,3024,4032,0,0,0,0,0.0,True,000371,371,3024,4032,1,JPEG,.jpg,False
000372.jpg,True,4032,3024,False,1,JPEG,3024,4032,0,0,0,0,0.0,True,000372,372,3024,4032,1,JPEG,.jpg,False
000373.jpg,True,4032,3024,False,1,JPEG,3024,4032,0,0,0,0,0.0,True,000373,373,3024,4032,1,JPEG,.jpg,False
000374.jpg,True,4032,3024,False,1,JPEG,3024,4032,0,0,0,0,0.0,True,000374,374,3024,4032,1,JPEG,.jpg,False
000375.jpg,True,4032,3024,False,1,JPEG,3024,4032,0,0,0,0,0.0,True,000375,375,3024,4032,1,JPEG,.jpg,False
000376.jpg,True,4032,3024,False,1,JPEG,3024,4032,0,0,0,0,0.0,True,000376,376,3024,4032,1,JPEG,.jpg,False
000377.jpg,True,4032,3024,False,1,JPEG,3024,4032,0,0,0,0,0.0,True,000377,377,3024,4032,1,JPEG,.jpg,False
000378.jpg,True,4032,3024,False,1,JPEG,3024,4032,0,0,0,0,0.0,True,000378,378,3024,4032,1,JPEG,.jpg,False
000379.jpg,True,4032,3024,False,1,JPEG,3024,4032,0,0,0,0,0.0,True,000379,379,3024,4032,1,JPEG,.jpg,False
000380.jpg,True,4032,3024,False,1,JPEG,3024,4032,0,0,0,0,0.0,True,000380,380,3024,4032,1,JPEG,.jpg,False
000381.jpg,True,4032,3024,False,1,JPEG,3024,4032,0,0,0,0,0.0,True,000381,381,3024,4032,1,JPEG,.jpg,False
000382.jpg,True,4080,3060,False,1,JPEG,3060,4080,0,0,0,0,0.0,True,000382,382,3060,4080,1,JPEG,.jpg,True
000383.jpg,True,4080,3060,False,1,JPEG,3060,4080,0,0,0,0,0.0,True,000383,383,3060,4080,1,JPEG,.jpg,True
000384.jpg,True,4080,3060,False,1,JPEG,3060,4080,0,0,0,0,0.0,True,000384,384,3060,4080,1,JPEG,.jpg,True
000385.jpg,True,4080,3060,False,1,JPEG,3060,4080,0,0,0,0,0.0,True,000385,385,3060,4080,1,JPEG,.jpg,True
000386.jpg,True,4080,3060,False,1,JPEG,3060,4080,0,0,0,0,0.0,True,000386,386,3060,4080,1,JPEG,.jpg,True
000387.jpg,True,4080,3060,False,1,JPEG,3060,4080,0,0,0,0,0.0,True,000387,387,3060,4080,1,JPEG,.jpg,True
000388.jpg,True,4080,3060,False,1,JPEG,3060,4080,0,0,0,0,0.0,True,000388,388,3060,4080,1,JPEG,.jpg,True
000389.jpg,True,4080,3060,False,1,JPEG,3060,4080,3,0,0,0,0.01171875,True,000389,389,3060,4080,1,JPEG,.jpg,True
000390.jpg,True,4080,3060,False,1,JPEG,3060,4080,0,0,0,0,0.0,True,000390,390,3060,4080,1,JPEG,.jpg,True
000391.jpg,True,4080,3060,False,1,JPEG,3060,4080,0,0,0,0,0.0,True,000391,391,3060,4080,1,JPEG,.jpg,True
000392.jpg,True,4080,3060,False,1,JPEG,3060,4080,0,0,0,0,0.0,True,000392,392,3060,4080,1,JPEG,.jpg,True
000393.jpg,True,4080,3060,False,1,JPEG,3060,4080,0,0,0,0,0.0,True,000393,393,3060,4080,1,JPEG,.jpg,True
000394.jpg,True,4080,3060,False,1,JPEG,3060,4080,0,0,0,0,0.0,True,000394,394,3060,4080,1,JPEG,.jpg,True
000395.jpg,True,4080,3060,False,1,JPEG,3060,4080,0,0,0,0,0.0,True,000395,395,3060,4080,1,JPEG,.jpg,True
000396.jpg,True,4080,3060,False,1,JPEG,3060,4080,0,0,0,0,0.0,True,000396,396,3060,4080,1,JPEG,.jpg,True
000397.jpg,True,4080,3060,False,1,JPEG,3060,4080,0,0,0,0,0.0,True,000397,397,3060,4080,1,JPEG,.jpg,True
000398.jpg,True,4080,3060,False,1,JPEG,3060,4080,0,0,0,0,0.0,True,000398,398,3060,4080,1,JPEG,.jpg,True
000399.jpg,True,4080,3060,False,1,JPEG,3060,4080,0,0,0,0,0.0,True,000399,399,3060,4080,1,JPEG,.jpg,True
000400.jpg,True,4080,3060,False,1,JPEG,3060,4080,0,0,0,0,0.0,True,000400,400,3060,4080,1,JPEG,.jpg,True
000401.jpg,True,4080,3060,False,1,JPEG,3060,4080,0,0,0,0,0.0,True,000401,401,3060,4080,1,JPEG,.jpg,True
000402.jpg,True,4080,3060,False,1,JPEG,3060,4080,0,0,0,0,0.0,True,000402,402,3060,4080,1,JPEG,.jpg,True
000403.jpg,True,4080,3060,False,1,JPEG,3060,4080,0,0,0,0,0.0,True,000403,403,3060,4080,1,JPEG,.jpg,True
000404.jpg,True,4080,3060,False,1,JPEG,3060,4080,0,0,0,0,0.0,True,000404,404,3060,4080,1,JPEG,.jpg,True
000405.jpg,True,4080,3060,False,1,JPEG,3060,4080,0,0,0,0,0.0,True,000405,405,3060,4080,1,JPEG,.jpg,True
000406.jpg,True,4080,3060,False,1,JPEG,3060,4080,0,0,0,0,0.0,True,000406,406,3060,4080,1,JPEG,.jpg,True
000407.jpg,True,4080,3060,False,1,JPEG,3060,4080,0,0,0,0,0.0,True,000407,407,3060,4080,1,JPEG,.jpg,True
000408.jpg,True,3060,4080,False,1,JPEG,4080,3060,0,0,0,0,0.0,True,000408,408,4080,3060,1,JPEG,.jpg,True
000409.jpg,True,4080,3060,False,1,JPEG,3060,4080,0,0,0,0,0.0,True,000409,409,3060,4080,1,JPEG,.jpg,True
000410.jpg,True,4080,3060,False,1,JPEG,3060,4080,0,0,0,0,0.0,True,000410,410,3060,4080,1,JPEG,.jpg,True
000411.jpg,True,4080,3060,False,1,JPEG,3060,4080,0,0,0,0,0.0,True,000411,411,3060,4080,1,JPEG,.jpg,True
000412.jpg,True,4080,3060,False,1,JPEG,3060,4080,0,0,0,0,0.0,True,000412,412,3060,4080,1,JPEG,.jpg,True
000413.jpg,True,4080,3060,False,1,JPEG,3060,4080,0,0,0,0,0.0,True,000413,413,3060,4080,1,JPEG,.jpg,True
000414.jpg,True,4080,3060,False,1,JPEG,3060,4080,0,0,0,0,0.0,True,000414,414,3060,4080,1,JPEG,.jpg,True
000415.jpg,True,4080,3060,False,1,JPEG,3060,4080,0,0,0,0,0.0,True,000415,415,3060,4080,1,JPEG,.jpg,True
000416.jpg,True,4080,3060,False,1,JPEG,3060,4080,0,0,0,0,0.0,True,000416,416,3060,4080,1,JPEG,.jpg,True
000417.jpg,True,4080,3060,False,1,JPEG,3060,4080,0,0,0,0,0.0,True,000417,417,3060,4080,1,JPEG,.jpg,True
000418.jpg,True,4080,3060,False,1,JPEG,3060,4080,0,0,0,0,0.0,True,000418,418,3060,4080,1,JPEG,.jpg,True
000419.jpg,True,4080,3060,False,1,JPEG,3060,4080,0,0,0,0,0.0,True,000419,419,3060,4080,1,JPEG,.jpg,True
000420.jpg,True,4080,3060,False,1,JPEG,3060,4080,0,0,0,0,0.0,True,000420,420,3060,4080,1,JPEG,.jpg,True
000421.jpg,True,4080,3060,False,1,JPEG,3060,4080,0,0,0,0,0.0,True,000421,421,3060,4080,1,JPEG,.jpg,True
000422.jpg,True,4080,3060,False,1,JPEG,3060,4080,0,0,0,0,0.0,True,000422,422,3060,4080,1,JPEG,.jpg,True
000423.jpg,True,4080,3060,False,1,JPEG,3060,4080,0,0,0,0,0.0,True,000423,423,3060,4080,1,JPEG,.jpg,True
000424.jpg,True,4080,3060,False,1,JPEG,3060,4080,0,0,0,0,0.0,True,000424,424,3060,4080,1,JPEG,.jpg,True
000425.jpg,True,4080,3060,False,1,JPEG,3060,4080,0,0,0,0,0.0,True,000425,425,3060,4080,1,JPEG,.jpg,True
000426.jpg,True,4080,3060,False,1,JPEG,3060,4080,0,0,0,0,0.0,True,000426,426,3060,4080,1,JPEG,.jpg,True
000427.jpg,True,4080,3060,False,1,JPEG,3060,4080,0,0,0,0,0.0,True,000427,427,3060,4080,1,JPEG,.jpg,True
000428.jpg,True,4080,3060,False,1,JPEG,3060,4080,0,0,0,0,0.0,True,000428,428,3060,4080,1,JPEG,.jpg,True
000429.jpg,True,4080,3060,False,1,JPEG,3060,4080,0,0,0,0,0.0,True,000429,429,3060,4080,1,JPEG,.jpg,True
000430.jpg,True,4080,3060,False,1,JPEG,3060,4080,0,0,0,0,0.0,True,000430,430,3060,4080,1,JPEG,.jpg,True
000431.jpg,True,4080,3060,False,1,JPEG,3060,4080,0,0,0,0,0.0,True,000431,431,3060,4080,1,JPEG,.jpg,True
000432.jpg,True,4080,3060,False,1,JPEG,3060,4080,0,0,0,0,0.0,True,000432,432,3060,4080,1,JPEG,.jpg,True
000433.jpg,True,4080,3060,False,1,JPEG,3060,4080,0,0,0,0,0.0,True,000433,433,3060,4080,1,JPEG,.jpg,True
000434.jpg,True,4080,3060,False,1,JPEG,3060,4080,0,0,0,0,0.0,True,000434,434,3060,4080,1,JPEG,.jpg,True
000435.jpg,True,4080,3060,False,1,JPEG,3060,4080,2,0,0,0,0.0078125,True,000435,435,3060,4080,1,JPEG,.jpg,True
000436.jpg,True,4080,3060,False,1,JPEG,3060,4080,0,0,0,0,0.0,True,000436,436,3060,4080,1,JPEG,.jpg,True
000437.jpg,True,4080,3060,False,1,JPEG,3060,4080,0,0,0,0,0.0,True,000437,437,3060,4080,1,JPEG,.jpg,True
000438.jpg,True,4080,3060,False,1,JPEG,3060,4080,0,0,0,0,0.0,True,000438,438,3060,4080,1,JPEG,.jpg,True
000439.jpg,True,4080,3060,False,1,JPEG,3060,4080,0,0,0,0,0.0,True,000439,439,3060,4080,1,JPEG,.jpg,True
000440.jpg,True,4080,3060,False,1,JPEG,3060,4080,0,0,0,0,0.0,True,000440,440,3060,4080,1,JPEG,.jpg,True
000441.jpg,True,4080,3060,False,1,JPEG,3060,4080,0,0,0,0,0.0,True,000441,441,3060,4080,1,JPEG,.jpg,True
000442.jpg,True,4080,3060,False,1,JPEG,3060,4080,0,0,0,0,0.0,True,000442,442,3060,4080,1,JPEG,.jpg,True
000443.jpg,True,4080,3060,False,1,JPEG,3060,4080,0,0,0,0,0.0,True,000443,443,3060,4080,1,JPEG,.jpg,True
000444.jpg,True,4080,3060,False,1,JPEG,3060,4080,0,0,0,0,0.0,True,000444,444,3060,4080,1,JPEG,.jpg,True
000445.jpg,True,4080,3060,False,1,JPEG,3060,4080,0,0,0,0,0.0,True,000445,445,3060,4080,1,JPEG,.jpg,True
000446.jpg,True,4080,3060,False,1,JPEG,3060,4080,0,0,0,0,0.0,True,000446,446,3060,4080,1,JPEG,.jpg,True
000447.jpg,True,4080,3060,False,1,JPEG,3060,4080,0,0,0,0,0.0,True,000447,447,3060,4080,1,JPEG,.jpg,True
000448.jpg,True,4080,3060,False,1,JPEG,3060,4080,0,0,0,0,0.0,True,000448,448,3060,4080,1,JPEG,.jpg,True
000449.jpg,True,4080,3060,False,1,JPEG,3060,4080,0,0,0,0,0.0,True,000449,449,3060,4080,1,JPEG,.jpg,True
000450.jpg,True,4080,3060,False,1,JPEG,3060,4080,0,0,0,0,0.0,True,000450,450,3060,4080,1,JPEG,.jpg,True
000451.jpg,True,4080,3060,False,1,JPEG,3060,4080,0,0,0,0,0.0,True,000451,451,3060,4080,1,JPEG,.jpg,True
000452.jpg,True,4080,3060,False,1,JPEG,3060,4080,0,0,0,0,0.0,True,000452,452,3060,4080,1,JPEG,.jpg,True
000453.jpg,True,4080,3060,False,1,JPEG,3060,4080,8,0,0,0,0.03125,True,000453,453,3060,4080,1,JPEG,.jpg,True
000454.jpg,True,4080,3060,False,1,JPEG,3060,4080,0,0,0,0,0.0,True,000454,454,3060,4080,1,JPEG,.jpg,True
000455.jpg,True,4080,3060,False,1,JPEG,3060,4080,0,0,0,0,0.0,True,000455,455,3060,4080,1,JPEG,.jpg,True
000456.jpg,True,4080,3060,False,1,JPEG,3060,4080,0,0,0,0,0.0,True,000456,456,3060,4080,1,JPEG,.jpg,True
000457.jpg,True,4080,3060,False,1,JPEG,3060,4080,0,0,0,0,0.0,True,000457,457,3060,4080,1,JPEG,.jpg,True
000458.jpg,True,4080,3060,False,1,JPEG,3060,4080,0,0,0,0,0.0,True,000458,458,3060,4080,1,JPEG,.jpg,True
000459.jpg,True,4080,3060,False,1,JPEG,3060,4080,0,0,0,0,0.0,True,000459,459,3060,4080,1,JPEG,.jpg,True
000460.jpg,True,4080,3060,False,1,JPEG,3060,4080,0,0,0,0,0.0,True,000460,460,3060,4080,1,JPEG,.jpg,True
000461.jpg,True,4080,3060,False,1,JPEG,3060,4080,0,0,0,0,0.0,True,000461,461,3060,4080,1,JPEG,.jpg,True
000462.jpg,True,4080,3060,False,1,JPEG,3060,4080,0,0,0,0,0.0,True,000462,462,3060,4080,1,JPEG,.jpg,True
000463.jpg,True,4080,3060,False,1,JPEG,3060,4080,0,0,0,0,0.0,True,000463,463,3060,4080,1,JPEG,.jpg,True
000464.jpg,True,4080,3060,False,1,JPEG,3060,4080,0,0,0,0,0.0,True,000464,464,3060,4080,1,JPEG,.jpg,True
000465.jpg,True,4080,3060,False,1,JPEG,3060,4080,0,0,0,0,0.0,True,000465,465,3060,4080,1,JPEG,.jpg,True
000466.jpg,True,4080,3060,False,1,JPEG,3060,4080,0,0,0,0,0.0,True,000466,466,3060,4080,1,JPEG,.jpg,True
000467.jpg,True,4080,3060,False,1,JPEG,3060,4080,0,0,0,0,0.0,True,000467,467,3060,4080,1,JPEG,.jpg,True
000468.jpg,True,4080,3060,False,1,JPEG,3060,4080,0,0,0,0,0.0,True,000468,468,3060,4080,1,JPEG,.jpg,True
000469.jpg,True,4080,3060,False,1,JPEG,3060,4080,0,0,0,0,0.0,True,000469,469,3060,4080,1,JPEG,.jpg,True
000470.jpg,True,4080,3060,False,1,JPEG,3060,4080,0,0,0,0,0.0,True,000470,470,3060,4080,1,JPEG,.jpg,True
000471.jpg,True,4080,3060,False,1,JPEG,3060,4080,0,0,0,0,0.0,True,000471,471,3060,4080,1,JPEG,.jpg,True
000472.jpg,True,4080,3060,False,1,JPEG,3060,4080,0,0,0,0,0.0,True,000472,472,3060,4080,1,JPEG,.jpg,True
000473.jpg,True,4080,3060,False,1,JPEG,3060,4080,0,0,0,0,0.0,True,000473,473,3060,4080,1,JPEG,.jpg,True
000474.jpg,True,4080,3060,False,1,JPEG,3060,4080,0,0,0,0,0.0,True,000474,474,3060,4080,1,JPEG,.jpg,True
000475.jpg,True,4080,3060,False,1,JPEG,3060,4080,0,0,0,0,0.0,True,000475,475,3060,4080,1,JPEG,.jpg,True
000476.jpg,True,4080,3060,False,1,JPEG,3060,4080,0,0,0,0,0.0,True,000476,476,3060,4080,1,JPEG,.jpg,True
000477.jpg,True,4080,3060,False,1,JPEG,3060,4080,0,0,0,0,0.0,True,000477,477,3060,4080,1,JPEG,.jpg,True
000478.jpg,True,4080,3060,False,1,JPEG,3060,4080,0,0,0,0,0.0,True,000478,478,3060,4080,1,JPEG,.jpg,True
000479.jpg,True,4080,3060,False,1,JPEG,3060,4080,0,0,0,0,0.0,True,000479,479,3060,4080,1,JPEG,.jpg,False
000480.jpg,True,4080,3060,False,1,JPEG,3060,4080,0,0,0,0,0.0,True,000480,480,3060,4080,1,JPEG,.jpg,False
000481.jpg,True,4080,3060,False,1,JPEG,3060,4080,0,0,0,0,0.0,True,000481,481,3060,4080,1,JPEG,.jpg,False
000482.jpg,True,4080,3060,False,1,JPEG,3060,4080,0,0,0,0,0.0,True,000482,482,3060,4080,1,JPEG,.jpg,False
000483.jpg,True,4080,3060,False,1,JPEG,3060,4080,0,0,0,0,0.0,True,000483,483,3060,4080,1,JPEG,.jpg,False
000484.jpg,True,4080,3060,False,1,JPEG,3060,4080,0,0,0,0,0.0,True,000484,484,3060,4080,1,JPEG,.jpg,False
000485.jpg,True,4080,3060,False,1,JPEG,3060,4080,0,0,0,0,0.0,True,000485,485,3060,4080,1,JPEG,.jpg,False
000486.jpg,True,4080,3060,False,1,JPEG,3060,4080,0,0,0,0,0.0,True,000486,486,3060,4080,1,JPEG,.jpg,False
000487.jpg,True,4080,3060,False,1,JPEG,3060,4080,0,0,0,0,0.0,True,000487,487,3060,4080,1,JPEG,.jpg,False
000488.jpg,True,4080,3060,False,1,JPEG,3060,4080,0,0,0,0,0.0,True,000488,488,3060,4080,1,JPEG,.jpg,True
000489.jpg,True,4080,3060,False,1,JPEG,3060,4080,0,0,0,0,0.0,True,000489,489,3060,4080,1,JPEG,.jpg,False
000490.jpg,True,4080,3060,False,1,JPEG,3060,4080,0,0,0,0,0.0,True,000490,490,3060,4080,1,JPEG,.jpg,True
000491.jpg,True,4080,3060,False,1,JPEG,3060,4080,0,0,0,0,0.0,True,000491,491,3060,4080,1,JPEG,.jpg,True
000492.jpg,True,4080,3060,False,1,JPEG,3060,4080,0,0,0,0,0.0,True,000492,492,3060,4080,1,JPEG,.jpg,True
000493.jpg,True,4080,3060,False,1,JPEG,3060,4080,0,0,0,0,0.0,True,000493,493,3060,4080,1,JPEG,.jpg,True
000494.jpg,True,4080,3060,False,1,JPEG,3060,4080,0,0,0,0,0.0,True,000494,494,3060,4080,1,JPEG,.jpg,True
000495.jpg,True,4080,3060,False,1,JPEG,3060,4080,0,0,0,0,0.0,True,000495,495,3060,4080,1,JPEG,.jpg,True
000496.jpg,True,4080,3060,False,1,JPEG,3060,4080,0,0,0,0,0.0,True,000496,496,3060,4080,1,JPEG,.jpg,True
000497.jpg,True,4080,3060,False,1,JPEG,3060,4080,0,0,0,0,0.0,True,000497,497,3060,4080,1,JPEG,.jpg,True
000498.jpg,True,4080,3060,False,1,JPEG,3060,4080,0,0,0,0,0.0,True,000498,498,3060,4080,1,JPEG,.jpg,True
000499.jpg,True,4080,3060,False,1,JPEG,3060,4080,0,0,0,0,0.0,True,000499,499,3060,4080,1,JPEG,.jpg,True
000500.jpg,True,4080,3060,False,1,JPEG,3060,4080,0,0,0,0,0.0,True,000500,500,3060,4080,1,JPEG,.jpg,True
000501.jpg,True,4080,3060,False,1,JPEG,3060,4080,0,0,0,0,0.0,True,000501,501,3060,4080,1,JPEG,.jpg,True
000502.jpg,True,4080,3060,False,1,JPEG,3060,4080,0,0,0,0,0.0,True,000502,502,3060,4080,1,JPEG,.jpg,True
000503.jpg,True,4080,3060,False,1,JPEG,3060,4080,0,0,0,0,0.0,True,000503,503,3060,4080,1,JPEG,.jpg,True
000504.jpg,True,4080,3060,False,1,JPEG,3060,4080,0,0,0,0,0.0,True,000504,504,3060,4080,1,JPEG,.jpg,True
000505.jpg,True,4080,3060,False,1,JPEG,3060,4080,0,0,0,0,0.0,True,000505,505,3060,4080,1,JPEG,.jpg,True
000506.jpg,True,4080,3060,False,1,JPEG,3060,4080,0,0,0,0,0.0,True,000506,506,3060,4080,1,JPEG,.jpg,True
000507.jpg,True,4080,3060,False,1,JPEG,3060,4080,0,0,0,0,0.0,True,000507,507,3060,4080,1,JPEG,.jpg,True
000508.jpg,True,1400,1050,False,1,JPEG,1050,1400,0,0,0,0,0.0,True,000508,508,1050,1400,1,JPEG,.jpg,False
000509.jpg,True,1400,1050,False,1,JPEG,1050,1400,0,0,0,0,0.0,True,000509,509,1050,1400,1,JPEG,.jpg,False
000510.jpg,True,1400,1050,False,1,JPEG,1050,1400,0,0,0,0,0.0,True,000510,510,1050,1400,1,JPEG,.jpg,False
000511.jpg,True,1400,1050,False,1,JPEG,1050,1400,0,0,0,0,0.0,True,000511,511,1050,1400,1,JPEG,.jpg,False
000512.jpg,True,1400,1050,False,1,JPEG,1050,1400,0,0,0,0,0.0,True,000512,512,1050,1400,1,JPEG,.jpg,False
000513.jpg,True,1400,1050,False,1,JPEG,1050,1400,0,0,0,0,0.0,True,000513,513,1050,1400,1,JPEG,.jpg,False
000514.jpg,True,1400,1050,False,1,JPEG,1050,1400,0,0,0,0,0.0,True,000514,514,1050,1400,1,JPEG,.jpg,False
000515.jpg,True,1400,1050,False,1,JPEG,1050,1400,0,0,0,0,0.0,True,000515,515,1050,1400,1,JPEG,.jpg,False
000516.jpg,True,1400,1050,False,1,JPEG,1050,1400,0,0,0,0,0.0,True,000516,516,1050,1400,1,JPEG,.jpg,False
000517.jpg,True,1400,1050,False,1,JPEG,1050,1400,0,0,0,0,0.0,True,000517,517,1050,1400,1,JPEG,.jpg,False
000518.jpg,True,1400,1050,False,1,JPEG,1050,1400,0,0,0,0,0.0,True,000518,518,1050,1400,1,JPEG,.jpg,False
000519.jpg,True,1400,1050,False,1,JPEG,1050,1400,0,0,0,0,0.0,True,000519,519,1050,1400,1,JPEG,.jpg,False
000520.jpg,True,1400,1050,False,1,JPEG,1050,1400,0,0,0,0,0.0,True,000520,520,1050,1400,1,JPEG,.jpg,False
000521.jpg,True,1400,1050,False,1,JPEG,1050,1400,0,0,0,0,0.0,True,000521,521,1050,1400,1,JPEG,.jpg,False
000522.jpg,True,1400,1050,False,1,JPEG,1050,1400,0,0,0,0,0.0,True,000522,522,1050,1400,1,JPEG,.jpg,False
000523.jpg,True,1400,1050,False,1,JPEG,1050,1400,0,0,0,0,0.0,True,000523,523,1050,1400,1,JPEG,.jpg,False
000524.jpg,True,1400,1050,False,1,JPEG,1050,1400,0,0,0,0,0.0,True,000524,524,1050,1400,1,JPEG,.jpg,False
000525.jpg,True,1400,1050,False,1,JPEG,1050,1400,0,0,0,0,0.0,True,000525,525,1050,1400,1,JPEG,.jpg,False
000526.jpg,True,1400,1050,False,1,JPEG,1050,1400,0,0,0,0,0.0,True,000526,526,1050,1400,1,JPEG,.jpg,False
000527.jpg,True,1400,1050,False,1,JPEG,1050,1400,0,0,0,0,0.0,True,000527,527,1050,1400,1,JPEG,.jpg,False
000528.jpg,True,1400,1050,False,1,JPEG,1050,1400,0,0,0,0,0.0,True,000528,528,1050,1400,1,JPEG,.jpg,False
000529.jpg,True,1400,1050,False,1,JPEG,1050,1400,0,0,0,0,0.0,True,000529,529,1050,1400,1,JPEG,.jpg,False
000530.jpg,True,686,1050,False,1,JPEG,1050,686,0,0,0,0,0.0,True,000530,530,1050,686,1,JPEG,.jpg,False
000531.jpg,True,1400,1050,False,1,JPEG,1050,1400,0,0,0,0,0.0,True,000531,531,1050,1400,1,JPEG,.jpg,False
000532.jpg,True,1400,1050,False,1,JPEG,1050,1400,0,0,0,0,0.0,True,000532,532,1050,1400,1,JPEG,.jpg,False
000533.jpg,True,1400,1050,False,1,JPEG,1050,1400,0,0,0,0,0.0,True,000533,533,1050,1400,1,JPEG,.jpg,False
000534.jpg,True,1050,1400,False,1,JPEG,1400,1050,0,0,0,0,0.0,True,000534,534,1400,1050,1,JPEG,.jpg,False
000535.jpg,True,1050,1400,False,1,JPEG,1400,1050,0,0,0,0,0.0,True,000535,535,1400,1050,1,JPEG,.jpg,False
000536.jpg,True,1400,1050,False,1,JPEG,1050,1400,0,0,0,0,0.0,True,000536,536,1050,1400,1,JPEG,.jpg,False
000537.jpg,True,1400,1050,False,1,JPEG,1050,1400,0,0,0,0,0.0,True,000537,537,1050,1400,1,JPEG,.jpg,False
000538.jpg,True,1400,1050,False,1,JPEG,1050,1400,0,0,0,0,0.0,True,000538,538,1050,1400,1,JPEG,.jpg,False
000539.jpg,True,1400,1050,False,1,JPEG,1050,1400,0,0,0,0,0.0,True,000539,539,1050,1400,1,JPEG,.jpg,False
000540.jpg,True,1400,1050,False,1,JPEG,1050,1400,0,0,0,0,0.0,True,000540,540,1050,1400,1,JPEG,.jpg,False
000541.jpg,True,1400,1050,False,1,JPEG,1050,1400,0,0,0,0,0.0,True,000541,541,1050,1400,1,JPEG,.jpg,False
000542.jpg,True,1400,1050,False,1,JPEG,1050,1400,0,0,0,0,0.0,True,000542,542,1050,1400,1,JPEG,.jpg,False
000543.jpg,True,1400,1050,False,1,JPEG,1050,1400,0,0,0,0,0.0,True,000543,543,1050,1400,1,JPEG,.jpg,False
000544.jpg,True,1400,1050,False,1,JPEG,1050,1400,0,0,0,0,0.0,True,000544,544,1050,1400,1,JPEG,.jpg,False
000545.jpg,True,1400,1050,False,1,JPEG,1050,1400,0,0,0,0,0.0,True,000545,545,1050,1400,1,JPEG,.jpg,False
000546.jpg,True,1400,1050,False,1,JPEG,1050,1400,0,0,0,0,0.0,True,000546,546,1050,1400,1,JPEG,.jpg,False
000547.jpg,True,1400,1050,False,1,JPEG,1050,1400,4,0,0,0,0.015625,True,000547,547,1050,1400,1,JPEG,.jpg,False
000548.jpg,True,1400,1050,False,1,JPEG,1050,1400,0,0,0,0,0.0,True,000548,548,1050,1400,1,JPEG,.jpg,False
000549.jpg,True,1400,1050,False,1,JPEG,1050,1400,0,0,0,0,0.0,True,000549,549,1050,1400,1,JPEG,.jpg,False
000550.jpg,True,1400,1050,False,1,JPEG,1050,1400,0,0,0,0,0.0,True,000550,550,1050,1400,1,JPEG,.jpg,False
000551.jpg,True,1400,1050,False,1,JPEG,1050,1400,0,0,0,0,0.0,True,000551,551,1050,1400,1,JPEG,.jpg,False
000552.jpg,True,1400,1050,False,1,JPEG,1050,1400,0,0,0,0,0.0,True,000552,552,1050,1400,1,JPEG,.jpg,False
000553.jpg,True,1400,1050,False,1,JPEG,1050,1400,0,0,0,0,0.0,True,000553,553,1050,1400,1,JPEG,.jpg,False
000554.jpg,True,1400,1050,False,1,JPEG,1050,1400,0,0,0,0,0.0,True,000554,554,1050,1400,1,JPEG,.jpg,False
000555.jpg,True,1400,1050,False,1,JPEG,1050,1400,0,0,0,0,0.0,True,000555,555,1050,1400,1,JPEG,.jpg,False
000556.jpg,True,1400,1050,False,1,JPEG,1050,1400,0,0,0,0,0.0,True,000556,556,1050,1400,1,JPEG,.jpg,False
000557.jpg,True,1400,1050,False,1,JPEG,1050,1400,0,0,0,0,0.0,True,000557,557,1050,1400,1,JPEG,.jpg,False
000558.jpg,True,1400,1050,False,1,JPEG,1050,1400,0,0,0,0,0.0,True,000558,558,1050,1400,1,JPEG,.jpg,False
000559.jpg,True,1400,1050,False,1,JPEG,1050,1400,0,0,0,0,0.0,True,000559,559,1050,1400,1,JPEG,.jpg,False
000560.jpg,True,1400,1050,False,1,JPEG,1050,1400,0,0,0,0,0.0,True,000560,560,1050,1400,1,JPEG,.jpg,False
000561.jpg,True,1400,1050,False,1,JPEG,1050,1400,0,0,0,0,0.0,True,000561,561,1050,1400,1,JPEG,.jpg,False
000562.jpg,True,1400,1050,False,1,JPEG,1050,1400,0,0,0,0,0.0,True,000562,562,1050,1400,1,JPEG,.jpg,False
000563.jpg,True,1400,1050,False,1,JPEG,1050,1400,0,0,0,0,0.0,True,000563,563,1050,1400,1,JPEG,.jpg,False
000564.jpg,True,1400,1050,False,1,JPEG,1050,1400,0,0,0,0,0.0,True,000564,564,1050,1400,1,JPEG,.jpg,False
000565.jpg,True,1400,1050,False,1,JPEG,1050,1400,0,0,0,0,0.0,True,000565,565,1050,1400,1,JPEG,.jpg,False
000566.jpg,True,1233,894,False,1,JPEG,894,1233,0,0,0,0,0.0,True,000566,566,894,1233,1,JPEG,.jpg,False
000567.jpg,True,1400,1050,False,1,JPEG,1050,1400,0,0,0,0,0.0,True,000567,567,1050,1400,1,JPEG,.jpg,False
000568.jpg,True,1399,914,False,1,JPEG,914,1399,0,0,0,0,0.0,True,000568,568,914,1399,1,JPEG,.jpg,False
000569.jpg,True,1400,1050,False,1,JPEG,1050,1400,0,0,0,0,0.0,True,000569,569,1050,1400,1,JPEG,.jpg,False
000570.jpg,True,1400,1050,False,1,JPEG,1050,1400,0,0,0,0,0.0,True,000570,570,1050,1400,1,JPEG,.jpg,False
000571.jpg,True,1400,1050,False,1,JPEG,1050,1400,0,0,0,0,0.0,True,000571,571,1050,1400,1,JPEG,.jpg,False
000572.jpg,True,1400,1050,False,1,JPEG,1050,1400,0,0,0,0,0.0,True,000572,572,1050,1400,1,JPEG,.jpg,False
000573.jpg,True,1400,1050,False,1,JPEG,1050,1400,0,0,0,0,0.0,True,000573,573,1050,1400,1,JPEG,.jpg,False
000574.jpg,True,1400,1050,False,1,JPEG,1050,1400,0,0,0,0,0.0,True,000574,574,1050,1400,1,JPEG,.jpg,False
000575.jpg,True,1400,1050,False,1,JPEG,1050,1400,0,0,0,0,0.0,True,000575,575,1050,1400,1,JPEG,.jpg,False
000576.jpg,True,1400,1050,False,1,JPEG,1050,1400,40,0,0,0,0.15625,True,000576,576,1050,1400,1,JPEG,.jpg,False
000577.jpg,True,1400,1050,False,1,JPEG,1050,1400,0,0,0,0,0.0,True,000577,577,1050,1400,1,JPEG,.jpg,False
000578.jpg,True,1400,1050,False,1,JPEG,1050,1400,0,1,0,0,0.00390625,True,000578,578,1050,1400,1,JPEG,.jpg,False
000579.jpg,True,1400,1050,False,1,JPEG,1050,1400,0,0,0,0,0.0,True,000579,579,1050,1400,1,JPEG,.jpg,False
000580.jpg,True,1400,1050,False,1,JPEG,1050,1400,0,0,0,0,0.0,True,000580,580,1050,1400,1,JPEG,.jpg,False
000581.jpg,True,1162,1050,False,1,JPEG,1050,1162,0,0,0,0,0.0,True,000581,581,1050,1162,1,JPEG,.jpg,False
000582.jpg,True,1400,1050,False,1,JPEG,1050,1400,0,0,0,0,0.0,True,000582,582,1050,1400,1,JPEG,.jpg,False
000583.jpg,True,1400,1050,False,1,JPEG,1050,1400,0,0,0,0,0.0,True,000583,583,1050,1400,1,JPEG,.jpg,False
000584.jpg,True,1400,1050,False,1,JPEG,1050,1400,0,0,0,0,0.0,True,000584,584,1050,1400,1,JPEG,.jpg,False
000585.jpg,True,1400,1050,False,1,JPEG,1050,1400,0,0,0,0,0.0,True,000585,585,1050,1400,1,JPEG,.jpg,False
000586.jpg,True,1400,1050,False,1,JPEG,1050,1400,0,0,0,0,0.0,True,000586,586,1050,1400,1,JPEG,.jpg,False
000587.jpg,True,1400,1050,False,1,JPEG,1050,1400,0,0,0,0,0.0,True,000587,587,1050,1400,1,JPEG,.jpg,False
000588.jpg,True,1400,1050,False,1,JPEG,1050,1400,0,0,0,0,0.0,True,000588,588,1050,1400,1,JPEG,.jpg,False
000589.jpg,True,1400,1050,False,1,JPEG,1050,1400,0,0,0,0,0.0,True,000589,589,1050,1400,1,JPEG,.jpg,False
000590.jpg,True,1400,1050,False,1,JPEG,1050,1400,0,0,0,0,0.0,True,000590,590,1050,1400,1,JPEG,.jpg,False
000591.jpg,True,1400,1050,False,1,JPEG,1050,1400,0,0,0,0,0.0,True,000591,591,1050,1400,1,JPEG,.jpg,False
000592.jpg,True,1400,1050,False,1,JPEG,1050,1400,0,0,0,0,0.0,True,000592,592,1050,1400,1,JPEG,.jpg,False
000593.jpg,True,763,1613,False,1,JPEG,1613,763,0,0,0,0,0.0,True,000593,593,1613,763,1,JPEG,.jpg,False
000594.jpg,True,763,1613,False,1,JPEG,1613,763,0,0,0,0,0.0,True,000594,594,1613,763,1,JPEG,.jpg,False
000595.jpg,True,763,1613,False,1,JPEG,1613,763,0,0,0,0,0.0,True,000595,595,1613,763,1,JPEG,.jpg,False
000596.jpg,True,763,1613,False,1,JPEG,1613,763,0,0,0,0,0.0,True,000596,596,1613,763,1,JPEG,.jpg,False
000597.jpg,True,763,1613,False,1,JPEG,1613,763,0,0,0,0,0.0,True,000597,597,1613,763,1,JPEG,.jpg,False
000598.jpg,True,763,1299,False,1,JPEG,1299,763,0,0,0,0,0.0,True,000598,598,1299,763,1,JPEG,.jpg,False
000599.jpg,True,763,1613,False,1,JPEG,1613,763,0,0,0,0,0.0,True,000599,599,1613,763,1,JPEG,.jpg,False
000600.jpg,True,763,1613,False,1,JPEG,1613,763,0,0,0,0,0.0,True,000600,600,1613,763,1,JPEG,.jpg,False
000601.jpg,True,763,1613,False,1,JPEG,1613,763,0,0,0,0,0.0,True,000601,601,1613,763,1,JPEG,.jpg,False
000602.jpg,True,763,1613,False,1,JPEG,1613,763,0,0,0,0,0.0,True,000602,602,1613,763,1,JPEG,.jpg,False
000603.jpg,True,763,1345,False,1,JPEG,1345,763,0,0,0,0,0.0,True,000603,603,1345,763,1,JPEG,.jpg,False
000604.jpg,True,763,1613,False,1,JPEG,1613,763,0,0,0,0,0.0,True,000604,604,1613,763,1,JPEG,.jpg,False
000605.jpg,True,763,1613,False,1,JPEG,1613,763,0,0,0,0,0.0,True,000605,605,1613,763,1,JPEG,.jpg,False
000606.jpg,True,763,1613,False,1,JPEG,1613,763,0,0,0,0,0.0,True,000606,606,1613,763,1,JPEG,.jpg,False
000607.jpg,True,763,1423,False,1,JPEG,1423,763,0,0,0,0,0.0,True,000607,607,1423,763,1,JPEG,.jpg,False
000608.jpg,True,763,1613,False,1,JPEG,1613,763,0,0,0,0,0.0,True,000608,608,1613,763,1,JPEG,.jpg,False
000609.jpg,True,763,1613,False,1,JPEG,1613,763,0,0,0,0,0.0,True,000609,609,1613,763,1,JPEG,.jpg,False
000610.jpg,True,763,1613,False,1,JPEG,1613,763,0,0,0,0,0.0,True,000610,610,1613,763,1,JPEG,.jpg,False
000611.jpg,True,763,1613,False,1,JPEG,1613,763,0,0,0,0,0.0,True,000611,611,1613,763,1,JPEG,.jpg,False
000612.jpg,True,763,1613,False,1,JPEG,1613,763,0,0,0,0,0.0,True,000612,612,1613,763,1,JPEG,.jpg,False
000613.jpg,True,763,1613,False,1,JPEG,1613,763,0,0,0,0,0.0,True,000613,613,1613,763,1,JPEG,.jpg,False
000614.jpg,True,763,1613,False,1,JPEG,1613,763,0,0,0,0,0.0,True,000614,614,1613,763,1,JPEG,.jpg,False
000615.jpg,True,763,1613,False,1,JPEG,1613,763,0,0,0,0,0.0,True,000615,615,1613,763,1,JPEG,.jpg,False
000616.jpg,True,763,1613,False,1,JPEG,1613,763,0,0,0,0,0.0,True,000616,616,1613,763,1,JPEG,.jpg,False
000617.jpg,True,763,1613,False,1,JPEG,1613,763,0,0,0,0,0.0,True,000617,617,1613,763,1,JPEG,.jpg,False
000618.jpg,True,763,1613,False,1,JPEG,1613,763,0,0,0,0,0.0,True,000618,618,1613,763,1,JPEG,.jpg,False
000619.jpg,True,763,1613,False,1,JPEG,1613,763,0,0,0,0,0.0,True,000619,619,1613,763,1,JPEG,.jpg,False
000620.jpg,True,763,1613,False,1,JPEG,1613,763,0,0,0,0,0.0,True,000620,620,1613,763,1,JPEG,.jpg,False
000621.jpg,True,763,1613,False,1,JPEG,1613,763,0,0,0,0,0.0,True,000621,621,1613,763,1,JPEG,.jpg,False
000622.jpg,True,763,1613,False,1,JPEG,1613,763,0,0,0,0,0.0,True,000622,622,1613,763,1,JPEG,.jpg,False
000623.jpg,True,763,1613,False,1,JPEG,1613,763,0,0,0,0,0.0,True,000623,623,1613,763,1,JPEG,.jpg,False
000624.jpg,True,763,1613,False,1,JPEG,1613,763,0,0,0,0,0.0,True,000624,624,1613,763,1,JPEG,.jpg,False
000625.jpg,True,763,1613,False,1,JPEG,1613,763,0,0,0,0,0.0,True,000625,625,1613,763,1,JPEG,.jpg,False
000626.jpg,True,4032,3024,False,2,MPO,3024,4032,0,0,0,0,0.0,True,000626,626,3024,4032,6,MPO,.jpg,True
000627.jpg,True,4032,3024,False,2,MPO,3024,4032,0,0,0,0,0.0,True,000627,627,3024,4032,6,MPO,.jpg,True
000628.jpg,True,4032,3024,False,2,MPO,3024,4032,0,0,0,0,0.0,True,000628,628,3024,4032,6,MPO,.jpg,True
000629.jpg,True,4032,3024,False,2,MPO,3024,4032,0,0,0,0,0.0,True,000629,629,3024,4032,6,MPO,.jpg,True
000630.jpg,True,4032,3024,False,2,MPO,3024,4032,0,0,0,0,0.0,True,000630,630,3024,4032,6,MPO,.jpg,True
000631.jpg,True,3520,1980,False,1,JPEG,1980,3520,0,0,0,0,0.0,True,000631,631,1980,3520,6,JPEG,.jpg,True
000632.jpg,True,3520,1980,False,1,JPEG,1980,3520,0,0,0,0,0.0,True,000632,632,1980,3520,6,JPEG,.jpg,True
000633.jpg,True,3520,1980,False,1,JPEG,1980,3520,0,0,0,0,0.0,True,000633,633,1980,3520,6,JPEG,.jpg,True
000634.jpg,True,3520,1980,False,1,JPEG,1980,3520,0,0,0,0,0.0,True,000634,634,1980,3520,6,JPEG,.jpg,True
000635.jpg,True,3520,1980,False,1,JPEG,1980,3520,0,0,0,0,0.0,True,000635,635,1980,3520,6,JPEG,.jpg,True
000636.jpg,True,3520,1980,False,1,JPEG,1980,3520,0,0,0,0,0.0,True,000636,636,1980,3520,6,JPEG,.jpg,True
000637.jpg,True,3520,1980,False,1,JPEG,1980,3520,0,0,0,0,0.0,True,000637,637,1980,3520,6,JPEG,.jpg,True
000638.jpg,True,3520,1980,False,1,JPEG,1980,3520,0,0,0,0,0.0,True,000638,638,1980,3520,6,JPEG,.jpg,True
000639.jpg,True,3520,1980,False,1,JPEG,1980,3520,0,0,0,0,0.0,True,000639,639,1980,3520,6,JPEG,.jpg,True
000640.jpg,True,3520,1980,False,1,JPEG,1980,3520,0,0,0,0,0.0,True,000640,640,1980,3520,6,JPEG,.jpg,True
000641.jpg,True,3520,1980,False,1,JPEG,1980,3520,0,0,0,0,0.0,True,000641,641,1980,3520,1,JPEG,.jpg,True
000642.jpg,True,3520,1980,False,1,JPEG,1980,3520,0,0,0,0,0.0,True,000642,642,1980,3520,6,JPEG,.jpg,True
000643.jpg,True,3520,1980,False,1,JPEG,1980,3520,0,0,0,0,0.0,True,000643,643,1980,3520,6,JPEG,.jpg,True
000644.jpg,True,3520,1980,False,1,JPEG,1980,3520,0,0,0,0,0.0,True,000644,644,1980,3520,6,JPEG,.jpg,True
000645.jpg,True,3520,1980,False,1,JPEG,1980,3520,0,0,0,0,0.0,True,000645,645,1980,3520,6,JPEG,.jpg,True
000646.jpg,True,3520,1980,False,1,JPEG,1980,3520,0,0,0,0,0.0,True,000646,646,1980,3520,6,JPEG,.jpg,True
000647.jpg,True,3520,1980,False,1,JPEG,1980,3520,0,0,0,0,0.0,True,000647,647,1980,3520,6,JPEG,.jpg,True
000648.jpg,True,3520,1980,False,1,JPEG,1980,3520,0,0,0,0,0.0,True,000648,648,1980,3520,6,JPEG,.jpg,True
000649.jpg,True,2358,1326,False,1,JPEG,1326,2358,0,0,0,0,0.0,True,000649,649,1326,2358,1,JPEG,.jpg,True
000650.jpg,True,1930,1086,False,1,JPEG,1086,1930,0,0,0,0,0.0,True,000650,650,1086,1930,1,JPEG,.jpg,True
000651.jpg,True,2542,1430,False,1,JPEG,1430,2542,0,0,0,0,0.0,True,000651,651,1430,2542,1,JPEG,.jpg,True
000652.jpg,True,1979,1113,False,1,JPEG,1113,1979,0,0,0,0,0.0,True,000652,652,1113,1979,1,JPEG,.jpg,True
000653.jpg,True,1844,1037,False,1,JPEG,1037,1844,0,0,0,0,0.0,True,000653,653,1037,1844,1,JPEG,.jpg,True
000654.jpg,True,1890,1063,False,1,JPEG,1063,1890,0,0,0,0,0.0,True,000654,654,1063,1890,1,JPEG,.jpg,True
000655.jpg,True,2229,1254,False,1,JPEG,1254,2229,0,0,0,0,0.0,True,000655,655,1254,2229,1,JPEG,.jpg,True
000656.jpg,True,2425,1364,False,1,JPEG,1364,2425,0,0,0,0,0.0,True,000656,656,1364,2425,1,JPEG,.jpg,False
000657.jpg,True,1694,953,False,1,JPEG,953,1694,0,0,0,0,0.0,True,000657,657,953,1694,1,JPEG,.jpg,True
000658.jpg,True,1898,1068,False,1,JPEG,1068,1898,0,0,0,0,0.0,True,000658,658,1068,1898,1,JPEG,.jpg,True
000659.jpg,True,2284,1285,False,1,JPEG,1285,2284,0,0,0,0,0.0,True,000659,659,1285,2284,1,JPEG,.jpg,True
000660.jpg,True,2317,1303,False,1,JPEG,1303,2317,0,0,0,0,0.0,True,000660,660,1303,2317,1,JPEG,.jpg,True
000661.jpg,True,1870,1052,False,1,JPEG,1052,1870,0,0,0,0,0.0,True,000661,661,1052,1870,1,JPEG,.jpg,True
000662.jpg,True,2402,1351,False,1,JPEG,1351,2402,0,0,0,0,0.0,True,000662,662,1351,2402,1,JPEG,.jpg,True
000663.jpg,True,2092,1177,False,1,JPEG,1177,2092,0,0,0,0,0.0,True,000663,663,1177,2092,1,JPEG,.jpg,True
000664.jpg,True,2124,1195,False,1,JPEG,1195,2124,0,0,0,0,0.0,True,000664,664,1195,2124,1,JPEG,.jpg,True
000665.jpg,True,3520,1980,False,1,JPEG,1980,3520,0,0,0,0,0.0,True,000665,665,1980,3520,6,JPEG,.jpg,True
000666.jpg,True,2735,1538,False,1,JPEG,1538,2735,0,0,0,0,0.0,True,000666,666,1538,2735,1,JPEG,.jpg,True
000667.jpg,True,2364,1330,False,1,JPEG,1330,2364,0,0,0,0,0.0,True,000667,667,1330,2364,1,JPEG,.jpg,True
000668.jpg,True,2225,1252,False,1,JPEG,1252,2225,0,0,0,0,0.0,True,000668,668,1252,2225,1,JPEG,.jpg,True
000669.jpg,True,2404,1352,False,1,JPEG,1352,2404,0,0,0,0,0.0,True,000669,669,1352,2404,1,JPEG,.jpg,True
000670.jpg,True,2054,1155,False,1,JPEG,1155,2054,0,0,0,0,0.0,True,000670,670,1155,2054,1,JPEG,.jpg,True
000671.jpg,True,2596,1461,False,1,JPEG,1461,2596,0,0,0,0,0.0,True,000671,671,1461,2596,1,JPEG,.jpg,True
000672.jpg,True,2415,1358,False,1,JPEG,1358,2415,0,0,0,0,0.0,True,000672,672,1358,2415,1,JPEG,.jpg,True
000673.jpg,True,2669,1501,False,1,JPEG,1501,2669,0,0,0,0,0.0,True,000673,673,1501,2669,1,JPEG,.jpg,True
000674.jpg,True,2312,1301,False,1,JPEG,1301,2312,0,0,0,0,0.0,True,000674,674,1301,2312,1,JPEG,.jpg,True
000675.jpg,True,2098,1180,False,1,JPEG,1180,2098,0,0,0,0,0.0,True,000675,675,1180,2098,1,JPEG,.jpg,True
000676.jpg,True,2602,1464,False,1,JPEG,1464,2602,0,0,0,0,0.0,True,000676,676,1464,2602,1,JPEG,.jpg,True
000677.jpg,True,2166,1218,False,1,JPEG,1218,2166,0,0,0,0,0.0,True,000677,677,1218,2166,1,JPEG,.jpg,True
000678.jpg,True,2270,1277,False,1,JPEG,1277,2270,0,0,0,0,0.0,True,000678,678,1277,2270,1,JPEG,.jpg,True
000679.jpg,True,3190,1794,False,1,JPEG,1794,3190,0,0,0,0,0.0,True,000679,679,1794,3190,1,JPEG,.jpg,True
000680.jpg,True,2084,1172,False,1,JPEG,1172,2084,0,0,0,0,0.0,True,000680,680,1172,2084,1,JPEG,.jpg,True
000681.jpg,True,2425,1364,False,1,JPEG,1364,2425,0,0,0,0,0.0,True,000681,681,1364,2425,1,JPEG,.jpg,False
000682.jpg,True,2661,1497,False,1,JPEG,1497,2661,0,0,0,0,0.0,True,000682,682,1497,2661,1,JPEG,.jpg,True
000683.jpg,True,2062,1160,False,1,JPEG,1160,2062,0,0,0,0,0.0,True,000683,683,1160,2062,1,JPEG,.jpg,True
000684.jpg,True,2577,1450,False,1,JPEG,1450,2577,0,0,0,0,0.0,True,000684,684,1450,2577,1,JPEG,.jpg,True
000685.jpg,True,2297,1292,False,1,JPEG,1292,2297,0,0,0,0,0.0,True,000685,685,1292,2297,1,JPEG,.jpg,False
000686.jpg,True,1728,972,False,1,JPEG,972,1728,0,0,0,0,0.0,True,000686,686,972,1728,1,JPEG,.jpg,True
000687.jpg,True,2720,1530,False,1,JPEG,1530,2720,0,0,0,0,0.0,True,000687,687,1530,2720,1,JPEG,.jpg,True
000688.jpg,True,3283,1846,False,1,JPEG,1846,3283,0,0,0,0,0.0,True,000688,688,1846,3283,1,JPEG,.jpg,True
000689.jpg,True,2166,1218,False,1,JPEG,1218,2166,0,0,0,0,0.0,True,000689,689,1218,2166,1,JPEG,.jpg,True
000690.jpg,True,2308,1298,False,1,JPEG,1298,2308,0,0,0,0,0.0,True,000690,690,1298,2308,1,JPEG,.jpg,True
000691.jpg,True,2543,1430,False,1,JPEG,1430,2543,0,0,0,0,0.0,True,000691,691,1430,2543,1,JPEG,.jpg,True
000692.jpg,True,2175,1223,False,1,JPEG,1223,2175,0,0,0,0,0.0,True,000692,692,1223,2175,1,JPEG,.jpg,True
000693.jpg,True,2875,1617,False,1,JPEG,1617,2875,0,0,0,0,0.0,True,000693,693,1617,2875,1,JPEG,.jpg,True
000694.jpg,True,2720,1530,False,1,JPEG,1530,2720,0,0,0,0,0.0,True,000694,694,1530,2720,1,JPEG,.jpg,True
000695.jpg,True,2326,1308,False,1,JPEG,1308,2326,0,0,0,0,0.0,True,000695,695,1308,2326,1,JPEG,.jpg,True
000696.jpg,True,2341,1317,False,1,JPEG,1317,2341,0,0,0,0,0.0,True,000696,696,1317,2341,1,JPEG,.jpg,True
000697.jpg,True,2357,1326,False,1,JPEG,1326,2357,0,0,0,0,0.0,True,000697,697,1326,2357,1,JPEG,.jpg,True
000698.jpg,True,2286,1286,False,1,JPEG,1286,2286,0,0,0,0,0.0,True,000698,698,1286,2286,1,JPEG,.jpg,True
000699.jpg,True,1995,1122,False,1,JPEG,1122,1995,0,0,0,0,0.0,True,000699,699,1122,1995,1,JPEG,.jpg,True
000700.jpg,True,1581,890,False,1,JPEG,890,1581,0,0,0,0,0.0,True,000700,700,890,1581,1,JPEG,.jpg,True
000701.jpg,True,2366,1331,False,1,JPEG,1331,2366,0,0,0,0,0.0,True,000701,701,1331,2366,1,JPEG,.jpg,True
000702.jpg,True,2106,1185,False,1,JPEG,1185,2106,0,0,0,0,0.0,True,000702,702,1185,2106,1,JPEG,.jpg,True
000703.jpg,True,2148,1208,False,1,JPEG,1208,2148,0,0,0,0,0.0,True,000703,703,1208,2148,1,JPEG,.jpg,True
000704.jpg,True,1682,946,False,1,JPEG,946,1682,0,0,0,0,0.0,True,000704,704,946,1682,1,JPEG,.jpg,True
000705.jpg,True,1549,1240,False,1,JPEG,1240,1549,0,0,0,0,0.0,True,000705,705,1240,1549,1,JPEG,.jpg,True
000706.jpg,True,1592,895,False,1,JPEG,895,1592,0,0,0,0,0.0,True,000706,706,895,1592,1,JPEG,.jpg,True
000707.jpg,True,2210,1243,False,1,JPEG,1243,2210,0,0,0,0,0.0,True,000707,707,1243,2210,1,JPEG,.jpg,True
000708.jpg,True,2338,1315,False,1,JPEG,1315,2338,0,0,0,0,0.0,True,000708,708,1315,2338,1,JPEG,.jpg,True
000709.jpg,True,2124,1195,False,1,JPEG,1195,2124,0,0,0,0,0.0,True,000709,709,1195,2124,1,JPEG,.jpg,True
000710.jpg,True,2132,1199,False,1,JPEG,1199,2132,0,0,0,0,0.0,True,000710,710,1199,2132,1,JPEG,.jpg,True
000711.jpg,True,2179,1226,False,1,JPEG,1226,2179,0,0,0,0,0.0,True,000711,711,1226,2179,1,JPEG,.jpg,True
000712.jpg,True,2049,1152,False,1,JPEG,1152,2049,0,0,0,0,0.0,True,000712,712,1152,2049,1,JPEG,.jpg,False
000713.jpg,True,2516,1415,False,1,JPEG,1415,2516,0,0,0,0,0.0,True,000713,713,1415,2516,1,JPEG,.jpg,True
000714.jpg,True,1969,1108,False,1,JPEG,1108,1969,0,0,0,0,0.0,True,000714,714,1108,1969,1,JPEG,.jpg,True
000715.jpg,True,1982,1115,False,1,JPEG,1115,1982,0,0,0,0,0.0,True,000715,715,1115,1982,1,JPEG,.jpg,True
000716.jpg,True,1527,859,False,1,JPEG,859,1527,0,0,0,0,0.0,True,000716,716,859,1527,1,JPEG,.jpg,True
000717.jpg,True,2078,1169,False,1,JPEG,1169,2078,0,0,0,0,0.0,True,000717,717,1169,2078,1,JPEG,.jpg,True
000718.jpg,True,1871,1052,False,1,JPEG,1052,1871,0,0,0,0,0.0,True,000718,718,1052,1871,1,JPEG,.jpg,True
000719.jpg,True,1965,1105,False,1,JPEG,1105,1965,0,0,0,0,0.0,True,000719,719,1105,1965,1,JPEG,.jpg,True
000720.jpg,True,1824,1026,False,1,JPEG,1026,1824,0,0,0,0,0.0,True,000720,720,1026,1824,1,JPEG,.jpg,True
000721.jpg,True,3520,1980,False,1,JPEG,1980,3520,0,0,0,0,0.0,True,000721,721,1980,3520,6,JPEG,.jpg,True
000722.jpg,True,2301,1294,False,1,JPEG,1294,2301,0,0,0,0,0.0,True,000722,722,1294,2301,1,JPEG,.jpg,True
000723.jpg,True,2063,1160,False,1,JPEG,1160,2063,0,0,0,0,0.0,True,000723,723,1160,2063,1,JPEG,.jpg,True
000724.jpg,True,2040,1148,False,1,JPEG,1148,2040,0,0,0,0,0.0,True,000724,724,1148,2040,1,JPEG,.jpg,True
000725.jpg,True,2437,1371,False,1,JPEG,1371,2437,0,0,0,0,0.0,True,000725,725,1371,2437,1,JPEG,.jpg,True
000726.jpg,True,1792,1008,False,1,JPEG,1008,1792,0,0,0,0,0.0,True,000726,726,1008,1792,1,JPEG,.jpg,True
000727.jpg,True,2041,1148,False,1,JPEG,1148,2041,0,0,0,0,0.0,True,000727,727,1148,2041,1,JPEG,.jpg,True
000728.jpg,True,2024,1138,False,1,JPEG,1138,2024,0,0,0,0,0.0,True,000728,728,1138,2024,1,JPEG,.jpg,True
000729.jpg,True,2192,1233,False,1,JPEG,1233,2192,0,0,0,0,0.0,True,000729,729,1233,2192,1,JPEG,.jpg,True
000730.jpg,True,1797,1117,False,1,JPEG,1117,1797,0,0,0,0,0.0,True,000730,730,1117,1797,1,JPEG,.jpg,True
000731.jpg,True,1897,1067,False,1,JPEG,1067,1897,0,0,0,0,0.0,True,000731,731,1067,1897,1,JPEG,.jpg,True
000732.jpg,True,2361,1328,False,1,JPEG,1328,2361,0,0,0,0,0.0,True,000732,732,1328,2361,1,JPEG,.jpg,True
000733.jpg,True,1179,2097,False,1,JPEG,2097,1179,0,0,0,0,0.0,True,000733,733,2097,1179,1,JPEG,.jpg,True
000734.jpg,True,2390,1344,False,1,JPEG,1344,2390,0,0,0,0,0.0,True,000734,734,1344,2390,1,JPEG,.jpg,True
000735.jpg,True,4032,3024,False,2,MPO,3024,4032,0,0,0,0,0.0,True,000735,735,3024,4032,1,MPO,.jpg,True
000736.jpg,True,4032,3024,False,2,MPO,3024,4032,0,0,0,0,0.0,True,000736,736,3024,4032,6,MPO,.jpg,True
000737.jpg,True,4032,3024,False,2,MPO,3024,4032,0,0,0,0,0.0,True,000737,737,3024,4032,6,MPO,.jpg,True
000738.jpg,True,4032,3024,False,2,MPO,3024,4032,0,0,0,0,0.0,True,000738,738,3024,4032,6,MPO,.jpg,True
000739.jpg,True,4032,3024,False,2,MPO,3024,4032,0,0,0,0,0.0,True,000739,739,3024,4032,1,MPO,.jpg,True
000740.jpg,True,4032,3024,False,2,MPO,3024,4032,0,0,0,0,0.0,True,000740,740,3024,4032,6,MPO,.jpg,True
000741.jpg,True,3004,2253,False,2,MPO,2253,3004,0,0,0,0,0.0,True,000741,741,2253,3004,1,MPO,.jpg,True
000742.jpg,True,4032,3024,False,2,MPO,3024,4032,0,0,0,0,0.0,True,000742,742,3024,4032,1,MPO,.jpg,True
000743.jpg,True,2905,2179,False,2,MPO,2179,2905,0,0,0,0,0.0,True,000743,743,2179,2905,1,MPO,.jpg,True
000744.jpg,True,4032,3024,False,2,MPO,3024,4032,0,0,0,0,0.0,True,000744,744,3024,4032,6,MPO,.jpg,True
000745.jpg,True,2929,2196,False,2,MPO,2196,2929,0,0,0,0,0.0,True,000745,745,2196,2929,1,MPO,.jpg,True
000746.jpg,True,2832,2124,False,2,MPO,2124,2832,0,0,0,0,0.0,True,000746,746,2124,2832,1,MPO,.jpg,True
000747.jpg,True,4032,3024,False,2,MPO,3024,4032,0,0,0,0,0.0,True,000747,747,3024,4032,6,MPO,.jpg,True
000748.jpg,True,4032,3024,False,2,MPO,3024,4032,0,0,0,0,0.0,True,000748,748,3024,4032,6,MPO,.jpg,True
000749.jpg,True,2868,2151,False,2,MPO,2151,2868,0,0,0,0,0.0,True,000749,749,2151,2868,1,MPO,.jpg,True
000750.jpg,True,4032,3024,False,2,MPO,3024,4032,0,0,0,0,0.0,True,000750,750,3024,4032,6,MPO,.jpg,True
000751.jpg,True,3007,2255,False,2,MPO,2255,3007,0,0,0,0,0.0,True,000751,751,2255,3007,1,MPO,.jpg,True
000752.jpg,True,2543,1907,False,2,MPO,1907,2543,0,0,0,0,0.0,True,000752,752,1907,2543,1,MPO,.jpg,True
000753.jpg,True,2660,1995,False,2,MPO,1995,2660,44,0,0,0,0.171875,True,000753,753,1995,2660,1,MPO,.jpg,True
000754.jpg,True,4032,3024,False,2,MPO,3024,4032,0,0,0,0,0.0,True,000754,754,3024,4032,6,MPO,.jpg,True
000755.jpg,True,3520,1980,False,1,JPEG,1980,3520,0,0,0,0,0.0,True,000755,755,1980,3520,6,JPEG,.jpg,True
000756.jpg,True,3520,1980,False,1,JPEG,1980,3520,0,0,0,0,0.0,True,000756,756,1980,3520,6,JPEG,.jpg,True
000757.jpg,True,3520,1980,False,1,JPEG,1980,3520,0,0,0,0,0.0,True,000757,757,1980,3520,6,JPEG,.jpg,True
000758.jpg,True,3520,1980,False,1,JPEG,1980,3520,0,0,0,0,0.0,True,000758,758,1980,3520,6,JPEG,.jpg,True
000759.jpg,True,4032,3024,False,2,MPO,3024,4032,0,0,0,0,0.0,True,000759,759,3024,4032,6,MPO,.jpg,True
000760.jpg,True,4032,3024,False,2,MPO,3024,4032,0,0,0,0,0.0,True,000760,760,3024,4032,6,MPO,.jpg,True
000761.jpg,True,4032,3024,False,2,MPO,3024,4032,0,0,0,0,0.0,True,000761,761,3024,4032,6,MPO,.jpg,True
000762.jpg,True,4032,3024,False,2,MPO,3024,4032,0,0,0,0,0.0,True,000762,762,3024,4032,6,MPO,.jpg,True
000763.jpg,True,634,748,False,1,PNG,748,634,0,0,0,0,0.0,True,000763,763,748,634,1,PNG,.jpg,False
000764.jpeg,True,4032,3024,False,2,MPO,3024,4032,0,0,0,0,0.0,True,000764,764,3024,4032,6,MPO,.jpeg,True
000765.jpeg,True,4032,3024,False,2,MPO,3024,4032,0,0,0,0,0.0,True,000765,765,3024,4032,6,MPO,.jpeg,True
000766.jpeg,True,4032,3024,False,2,MPO,3024,4032,0,0,0,0,0.0,True,000766,766,3024,4032,6,MPO,.jpeg,True
000767.jpeg,True,4032,3024,False,2,MPO,3024,4032,0,0,0,0,0.0,True,000767,767,3024,4032,6,MPO,.jpeg,True
000768.jpeg,True,4032,3024,False,2,MPO,3024,4032,0,0,0,0,0.0,True,000768,768,3024,4032,6,MPO,.jpeg,True
000769.jpeg,True,4032,3024,False,2,MPO,3024,4032,0,0,0,0,0.0,True,000769,769,3024,4032,6,MPO,.jpeg,True
000770.jpeg,True,4032,3024,False,2,MPO,3024,4032,0,0,0,0,0.0,True,000770,770,3024,4032,6,MPO,.jpeg,True
000771.jpeg,True,4032,3024,False,2,MPO,3024,4032,0,0,0,0,0.0,True,000771,771,3024,4032,6,MPO,.jpeg,True
000772.jpeg,True,4032,3024,False,2,MPO,3024,4032,0,0,0,0,0.0,True,000772,772,3024,4032,6,MPO,.jpeg,True
000773.jpeg,True,4032,3024,False,2,MPO,3024,4032,0,0,0,0,0.0,True,000773,773,3024,4032,6,MPO,.jpeg,True
000774.jpeg,True,4032,3024,False,1,JPEG,3024,4032,0,0,0,0,0.0,True,000774,774,3024,4032,6,JPEG,.jpeg,True
000775.jpeg,True,4032,3024,False,2,MPO,3024,4032,0,0,0,0,0.0,True,000775,775,3024,4032,6,MPO,.jpeg,True
000776.jpeg,True,4032,3024,False,1,JPEG,3024,4032,0,0,0,0,0.0,True,000776,776,3024,4032,6,JPEG,.jpeg,True
000777.jpeg,True,4032,3024,False,2,MPO,3024,4032,0,0,0,0,0.0,True,000777,777,3024,4032,6,MPO,.jpeg,True
000778.jpeg,True,4032,3024,False,2,MPO,3024,4032,0,0,0,0,0.0,True,000778,778,3024,4032,6,MPO,.jpeg,True
000779.jpeg,True,4032,3024,False,2,MPO,3024,4032,0,0,0,0,0.0,True,000779,779,3024,4032,6,MPO,.jpeg,True
000780.jpeg,True,4032,3024,False,2,MPO,3024,4032,0,0,0,0,0.0,True,000780,780,3024,4032,6,MPO,.jpeg,True
000781.jpeg,True,4032,3024,False,2,MPO,3024,4032,0,0,0,0,0.0,True,000781,781,3024,4032,6,MPO,.jpeg,True
000782.jpeg,True,4032,3024,False,2,MPO,3024,4032,0,0,0,0,0.0,True,000782,782,3024,4032,6,MPO,.jpeg,True
000783.jpeg,True,4032,3024,False,2,MPO,3024,4032,0,0,0,0,0.0,True,000783,783,3024,4032,6,MPO,.jpeg,True
000784.jpeg,True,4032,3024,False,2,MPO,3024,4032,0,0,0,0,0.0,True,000784,784,3024,4032,6,MPO,.jpeg,True
000785.jpeg,True,4032,3024,False,2,MPO,3024,4032,0,0,0,0,0.0,True,000785,785,3024,4032,6,MPO,.jpeg,True
000786.jpeg,True,4032,3024,False,2,MPO,3024,4032,0,0,0,0,0.0,True,000786,786,3024,4032,6,MPO,.jpeg,True
000787.jpeg,True,4032,3024,False,2,MPO,3024,4032,0,0,0,0,0.0,True,000787,787,3024,4032,6,MPO,.jpeg,True
000788.jpeg,True,4032,3024,False,2,MPO,3024,4032,0,0,0,0,0.0,True,000788,788,3024,4032,6,MPO,.jpeg,True
000789.jpeg,True,4032,3024,False,2,MPO,3024,4032,0,0,0,0,0.0,True,000789,789,3024,4032,6,MPO,.jpeg,True
000790.jpeg,True,4032,3024,False,2,MPO,3024,4032,0,0,0,0,0.0,True,000790,790,3024,4032,6,MPO,.jpeg,True
000791.jpeg,True,4032,3024,False,2,MPO,3024,4032,0,0,0,0,0.0,True,000791,791,3024,4032,6,MPO,.jpeg,True
000792.jpeg,True,4032,3024,False,2,MPO,3024,4032,0,0,0,0,0.0,True,000792,792,3024,4032,6,MPO,.jpeg,True
000793.jpeg,True,4032,3024,False,2,MPO,3024,4032,0,0,0,0,0.0,True,000793,793,3024,4032,6,MPO,.jpeg,True
000794.jpeg,True,4032,3024,False,2,MPO,3024,4032,0,0,0,0,0.0,True,000794,794,3024,4032,6,MPO,.jpeg,True
000795.jpeg,True,4032,3024,False,2,MPO,3024,4032,0,0,0,0,0.0,True,000795,795,3024,4032,6,MPO,.jpeg,True
000796.jpeg,True,4032,3024,False,2,MPO,3024,4032,0,0,0,0,0.0,True,000796,796,3024,4032,6,MPO,.jpeg,True
000797.jpeg,True,4032,3024,False,2,MPO,3024,4032,0,0,0,0,0.0,True,000797,797,3024,4032,6,MPO,.jpeg,True
000798.jpeg,True,4032,3024,False,2,MPO,3024,4032,0,0,0,0,0.0,True,000798,798,3024,4032,6,MPO,.jpeg,True
000799.jpeg,True,4032,3024,False,2,MPO,3024,4032,0,0,0,0,0.0,True,000799,799,3024,4032,6,MPO,.jpeg,True
000800.jpeg,True,4032,3024,False,2,MPO,3024,4032,0,0,0,0,0.0,True,000800,800,3024,4032,6,MPO,.jpeg,True
000801.jpeg,True,4032,3024,False,2,MPO,3024,4032,0,0,0,0,0.0,True,000801,801,3024,4032,6,MPO,.jpeg,True
000802.jpeg,True,4032,3024,False,2,MPO,3024,4032,0,0,0,0,0.0,True,000802,802,3024,4032,6,MPO,.jpeg,True
000803.jpeg,True,4032,3024,False,2,MPO,3024,4032,0,0,0,0,0.0,True,000803,803,3024,4032,6,MPO,.jpeg,True
000804.jpeg,True,4032,3024,False,2,MPO,3024,4032,0,0,0,0,0.0,True,000804,804,3024,4032,6,MPO,.jpeg,True
000805.jpeg,True,4032,3024,False,2,MPO,3024,4032,0,0,0,0,0.0,True,000805,805,3024,4032,6,MPO,.jpeg,True
000806.jpeg,True,4032,3024,False,2,MPO,3024,4032,0,0,0,0,0.0,True,000806,806,3024,4032,6,MPO,.jpeg,True
000807.jpeg,True,4032,3024,False,2,MPO,3024,4032,0,0,0,0,0.0,True,000807,807,3024,4032,6,MPO,.jpeg,True
000808.jpeg,True,4032,3024,False,2,MPO,3024,4032,0,0,0,0,0.0,True,000808,808,3024,4032,6,MPO,.jpeg,True
000809.jpeg,True,4032,3024,False,2,MPO,3024,4032,0,0,0,0,0.0,True,000809,809,3024,4032,6,MPO,.jpeg,True
000810.jpeg,True,4032,3024,False,2,MPO,3024,4032,0,0,0,0,0.0,True,000810,810,3024,4032,6,MPO,.jpeg,True
000811.jpeg,True,4032,3024,False,2,MPO,3024,4032,0,0,0,0,0.0,True,000811,811,3024,4032,6,MPO,.jpeg,True
000812.jpeg,True,4032,3024,False,2,MPO,3024,4032,0,0,0,0,0.0,True,000812,812,3024,4032,6,MPO,.jpeg,True
000813.jpeg,True,4032,3024,False,2,MPO,3024,4032,0,0,0,0,0.0,True,000813,813,3024,4032,6,MPO,.jpeg,True
000814.jpeg,True,4032,3024,False,2,MPO,3024,4032,0,0,0,0,0.0,True,000814,814,3024,4032,6,MPO,.jpeg,True
000815.jpeg,True,4032,3024,False,2,MPO,3024,4032,0,0,0,0,0.0,True,000815,815,3024,4032,6,MPO,.jpeg,True
000816.jpeg,True,4032,3024,False,2,MPO,3024,4032,0,0,0,0,0.0,True,000816,816,3024,4032,6,MPO,.jpeg,True
000817.jpeg,True,4032,3024,False,2,MPO,3024,4032,0,0,0,0,0.0,True,000817,817,3024,4032,6,MPO,.jpeg,True
000818.jpeg,True,4032,3024,False,2,MPO,3024,4032,0,0,0,0,0.0,True,000818,818,3024,4032,6,MPO,.jpeg,True
000819.jpeg,True,4032,3024,False,2,MPO,3024,4032,0,0,0,0,0.0,True,000819,819,3024,4032,6,MPO,.jpeg,True
000820.jpeg,True,4032,3024,False,2,MPO,3024,4032,0,0,0,0,0.0,True,000820,820,3024,4032,6,MPO,.jpeg,True
000821.jpeg,True,4032,3024,False,2,MPO,3024,4032,0,0,0,0,0.0,True,000821,821,3024,4032,6,MPO,.jpeg,True
000822.jpeg,True,4032,3024,False,2,MPO,3024,4032,0,0,0,0,0.0,True,000822,822,3024,4032,6,MPO,.jpeg,True
000823.jpeg,True,4032,3024,False,2,MPO,3024,4032,0,0,0,0,0.0,True,000823,823,3024,4032,6,MPO,.jpeg,True
000824.jpeg,True,4032,3024,False,2,MPO,3024,4032,0,0,0,0,0.0,True,000824,824,3024,4032,6,MPO,.jpeg,True
000825.jpeg,True,4032,3024,False,2,MPO,3024,4032,0,0,0,0,0.0,True,000825,825,3024,4032,6,MPO,.jpeg,True
000826.jpeg,True,4032,3024,False,2,MPO,3024,4032,0,0,0,0,0.0,True,000826,826,3024,4032,6,MPO,.jpeg,True
000827.jpeg,True,4032,3024,False,2,MPO,3024,4032,0,0,0,0,0.0,True,000827,827,3024,4032,6,MPO,.jpeg,True
000828.jpeg,True,4032,3024,False,2,MPO,3024,4032,0,0,0,0,0.0,True,000828,828,3024,4032,6,MPO,.jpeg,True
000829.jpeg,True,4032,3024,False,2,MPO,3024,4032,0,0,0,0,0.0,True,000829,829,3024,4032,6,MPO,.jpeg,True
000830.jpeg,True,4032,3024,False,2,MPO,3024,4032,0,0,0,0,0.0,True,000830,830,3024,4032,6,MPO,.jpeg,True
000831.jpeg,True,4032,3024,False,2,MPO,3024,4032,0,0,0,0,0.0,True,000831,831,3024,4032,6,MPO,.jpeg,True
000832.jpeg,True,4032,3024,False,2,MPO,3024,4032,0,0,0,0,0.0,True,000832,832,3024,4032,6,MPO,.jpeg,True
000833.jpeg,True,4032,3024,False,2,MPO,3024,4032,0,0,0,0,0.0,True,000833,833,3024,4032,6,MPO,.jpeg,True
000834.jpeg,True,4032,3024,False,2,MPO,3024,4032,0,0,0,0,0.0,True,000834,834,3024,4032,6,MPO,.jpeg,True
000835.jpeg,True,4032,3024,False,2,MPO,3024,4032,0,0,0,0,0.0,True,000835,835,3024,4032,6,MPO,.jpeg,True
000836.jpeg,True,4032,3024,False,2,MPO,3024,4032,0,0,0,0,0.0,True,000836,836,3024,4032,6,MPO,.jpeg,True
000837.jpeg,True,4032,3024,False,2,MPO,3024,4032,0,0,0,0,0.0,True,000837,837,3024,4032,6,MPO,.jpeg,True
000838.jpeg,True,4032,3024,False,2,MPO,3024,4032,0,0,0,0,0.0,True,000838,838,3024,4032,6,MPO,.jpeg,True
000839.jpeg,True,4032,3024,False,2,MPO,3024,4032,0,0,0,0,0.0,True,000839,839,3024,4032,6,MPO,.jpeg,True
000840.jpeg,True,4032,3024,False,2,MPO,3024,4032,0,0,0,0,0.0,True,000840,840,3024,4032,6,MPO,.jpeg,True
000841.jpeg,True,4032,3024,False,2,MPO,3024,4032,0,0,0,0,0.0,True,000841,841,3024,4032,6,MPO,.jpeg,True
000842.jpeg,True,4032,3024,False,2,MPO,3024,4032,0,0,0,0,0.0,True,000842,842,3024,4032,6,MPO,.jpeg,True
000843.jpeg,True,4032,3024,False,2,MPO,3024,4032,0,0,0,0,0.0,True,000843,843,3024,4032,6,MPO,.jpeg,True
000844.jpeg,True,4032,3024,False,2,MPO,3024,4032,0,0,0,0,0.0,True,000844,844,3024,4032,6,MPO,.jpeg,True
000845.jpeg,True,4032,3024,False,2,MPO,3024,4032,0,0,0,0,0.0,True,000845,845,3024,4032,6,MPO,.jpeg,True
000846.jpeg,True,4032,3024,False,2,MPO,3024,4032,0,0,0,0,0.0,True,000846,846,3024,4032,6,MPO,.jpeg,True
000847.jpeg,True,4032,3024,False,2,MPO,3024,4032,0,0,0,0,0.0,True,000847,847,3024,4032,6,MPO,.jpeg,True
000848.jpeg,True,4032,3024,False,2,MPO,3024,4032,0,0,0,0,0.0,True,000848,848,3024,4032,6,MPO,.jpeg,True
000849.jpeg,True,4032,3024,False,2,MPO,3024,4032,0,0,0,0,0.0,True,000849,849,3024,4032,6,MPO,.jpeg,True
000850.jpeg,True,4032,3024,False,2,MPO,3024,4032,0,0,0,0,0.0,True,000850,850,3024,4032,6,MPO,.jpeg,True
000851.jpeg,True,4032,3024,False,2,MPO,3024,4032,0,0,0,0,0.0,True,000851,851,3024,4032,6,MPO,.jpeg,True
000852.jpeg,True,4032,3024,False,2,MPO,3024,4032,0,0,0,0,0.0,True,000852,852,3024,4032,6,MPO,.jpeg,True
000853.jpeg,True,4032,3024,False,2,MPO,3024,4032,0,0,0,0,0.0,True,000853,853,3024,4032,6,MPO,.jpeg,True
000854.jpeg,True,4032,3024,False,2,MPO,3024,4032,0,0,0,0,0.0,True,000854,854,3024,4032,6,MPO,.jpeg,True
000855.jpeg,True,4032,3024,False,2,MPO,3024,4032,0,0,0,0,0.0,True,000855,855,3024,4032,6,MPO,.jpeg,True
000856.jpeg,True,4032,3024,False,2,MPO,3024,4032,0,0,0,0,0.0,True,000856,856,3024,4032,6,MPO,.jpeg,True
000857.jpg,True,1008,756,False,1,JPEG,756,1008,0,0,0,0,0.0,True,000857,857,756,1008,1,JPEG,.jpg,False
000858.jpg,True,1107,779,False,1,JPEG,779,1107,0,0,0,0,0.0,True,000858,858,779,1107,1,JPEG,.jpg,False
000859.jpg,True,640,640,False,1,JPEG,640,640,1,0,1,0,0.00390625,True,000859,859,640,640,1,JPEG,.jpg,False
000860.jpg,True,603,796,False,1,JPEG,796,603,0,0,0,0,0.0,True,000860,860,796,603,1,JPEG,.jpg,False
000861.jpg,True,640,640,False,1,JPEG,640,640,9,0,2,0,0.03515625,True,000861,861,640,640,1,JPEG,.jpg,False
000862.jpg,True,770,1027,False,1,JPEG,1027,770,0,0,0,0,0.0,True,000862,862,1027,770,1,JPEG,.jpg,False
000863.jpg,True,640,640,False,1,JPEG,640,640,3,0,0,0,0.01171875,True,000863,863,640,640,1,JPEG,.jpg,False
000864.jpg,True,1145,859,False,1,JPEG,859,1145,0,0,0,0,0.0,True,000864,864,859,1145,1,JPEG,.jpg,False
000865.jpg,True,1006,1342,False,1,JPEG,1342,1006,0,0,0,0,0.0,True,000865,865,1342,1006,1,JPEG,.jpg,False
000866.jpg,True,640,640,False,1,JPEG,640,640,0,1,0,0,0.00390625,True,000866,866,640,640,1,JPEG,.jpg,False
000867.jpg,True,1049,876,False,1,JPEG,876,1049,0,0,0,0,0.0,True,000867,867,876,1049,1,JPEG,.jpg,False
000868.jpg,True,640,640,False,1,JPEG,640,640,0,0,0,0,0.0,True,000868,868,640,640,1,JPEG,.jpg,False
000869.jpg,True,756,1008,False,1,JPEG,1008,756,0,0,0,0,0.0,True,000869,869,1008,756,1,JPEG,.jpg,False
000870.jpg,True,756,1008,False,1,JPEG,1008,756,0,0,0,0,0.0,True,000870,870,1008,756,1,JPEG,.jpg,False
000871.jpg,True,640,640,False,1,JPEG,640,640,1,0,0,0,0.00390625,True,000871,871,640,640,1,JPEG,.jpg,False
000872.jpg,True,756,1008,False,1,JPEG,1008,756,0,0,0,0,0.0,True,000872,872,1008,756,1,JPEG,.jpg,False
000873.jpg,True,640,640,False,1,JPEG,640,640,0,7,0,1,0.02734375,True,000873,873,640,640,1,JPEG,.jpg,False
000874.jpg,True,816,1234,False,1,JPEG,1234,816,0,0,0,0,0.0,True,000874,874,1234,816,1,JPEG,.jpg,False
000875.jpg,True,640,640,False,1,JPEG,640,640,0,0,0,2,0.0078125,True,000875,875,640,640,1,JPEG,.jpg,False
000876.jpg,True,937,1248,False,1,JPEG,1248,937,0,0,0,0,0.0,True,000876,876,1248,937,1,JPEG,.jpg,False
000877.jpg,True,684,913,False,1,JPEG,913,684,0,0,0,0,0.0,True,000877,877,913,684,1,JPEG,.jpg,False
000878.jpg,True,640,640,False,1,JPEG,640,640,0,1,0,5,0.01953125,True,000878,878,640,640,1,JPEG,.jpg,False
000879.jpg,True,776,1035,False,1,JPEG,1035,776,0,0,0,0,0.0,True,000879,879,1035,776,1,JPEG,.jpg,False
000880.jpg,True,640,640,False,1,JPEG,640,640,2,0,0,0,0.0078125,True,000880,880,640,640,1,JPEG,.jpg,False
000881.jpg,True,822,1096,False,1,JPEG,1096,822,0,0,0,0,0.0,True,000881,881,1096,822,1,JPEG,.jpg,False
000882.jpg,True,640,640,False,1,JPEG,640,640,0,6,6,0,0.0234375,True,000882,882,640,640,1,JPEG,.jpg,False
000883.jpg,True,793,1075,False,1,JPEG,1075,793,0,0,0,0,0.0,True,000883,883,1075,793,1,JPEG,.jpg,False
000884.jpg,True,640,640,False,1,JPEG,640,640,0,0,0,0,0.0,True,000884,884,640,640,1,JPEG,.jpg,False
000885.jpg,True,808,1094,False,1,JPEG,1094,808,0,0,0,0,0.0,True,000885,885,1094,808,1,JPEG,.jpg,False
000886.jpg,True,640,640,False,1,JPEG,640,640,1,0,0,5,0.01953125,True,000886,886,640,640,1,JPEG,.jpg,False
000887.jpg,True,802,1069,False,1,JPEG,1069,802,0,0,0,0,0.0,True,000887,887,1069,802,1,JPEG,.jpg,False
000888.jpg,True,640,640,False,1,JPEG,640,640,0,0,0,0,0.0,True,000888,888,640,640,1,JPEG,.jpg,False
000889.jpg,True,708,975,False,1,JPEG,975,708,0,0,0,0,0.0,True,000889,889,975,708,1,JPEG,.jpg,False
000890.jpg,True,935,1246,False,1,JPEG,1246,935,0,0,0,0,0.0,True,000890,890,1246,935,1,JPEG,.jpg,False
000891.jpg,True,640,640,False,1,JPEG,640,640,0,1,0,8,0.03125,True,000891,891,640,640,1,JPEG,.jpg,False
000892.jpg,True,1011,1348,False,1,JPEG,1348,1011,0,0,0,0,0.0,True,000892,892,1348,1011,1,JPEG,.jpg,False
000893.jpg,True,640,640,False,1,JPEG,640,640,0,0,0,0,0.0,True,000893,893,640,640,1,JPEG,.jpg,False
000894.jpg,True,949,1266,False,1,JPEG,1266,949,0,0,0,0,0.0,True,000894,894,1266,949,1,JPEG,.jpg,False
000895.jpg,True,640,640,False,1,JPEG,640,640,0,1,2,0,0.0078125,True,000895,895,640,640,1,JPEG,.jpg,False
000896.jpg,True,640,640,False,1,JPEG,640,640,0,0,0,0,0.0,True,000896,896,640,640,1,JPEG,.jpg,False
000897.jpg,True,1466,1099,False,1,JPEG,1099,1466,0,0,0,0,0.0,True,000897,897,1099,1466,1,JPEG,.jpg,False
000898.jpg,True,640,640,False,1,JPEG,640,640,0,0,0,0,0.0,True,000898,898,640,640,1,JPEG,.jpg,False
000899.jpg,True,1343,1007,False,1,JPEG,1007,1343,0,0,0,0,0.0,True,000899,899,1007,1343,1,JPEG,.jpg,False
000900.jpg,True,640,640,False,1,JPEG,640,640,4,0,0,2,0.015625,True,000900,900,640,640,1,JPEG,.jpg,False
000901.jpg,True,987,1316,False,1,JPEG,1316,987,0,0,0,0,0.0,True,000901,901,1316,987,1,JPEG,.jpg,False
000902.jpg,True,640,640,False,1,JPEG,640,640,3,0,0,3,0.01171875,True,000902,902,640,640,1,JPEG,.jpg,False
000903.jpg,True,1231,924,False,1,JPEG,924,1231,0,0,0,0,0.0,True,000903,903,924,1231,1,JPEG,.jpg,False
000904.jpg,True,640,640,False,1,JPEG,640,640,0,0,0,0,0.0,True,000904,904,640,640,1,JPEG,.jpg,False
000905.jpg,True,1007,1343,False,1,JPEG,1343,1007,0,0,0,0,0.0,True,000905,905,1343,1007,1,JPEG,.jpg,False
000906.jpg,True,640,640,False,1,JPEG,640,640,1,0,8,0,0.03125,True,000906,906,640,640,1,JPEG,.jpg,False
000907.jpg,True,1000,1333,False,1,JPEG,1333,1000,0,0,0,0,0.0,True,000907,907,1333,1000,1,JPEG,.jpg,False
000908.jpg,True,640,640,False,1,JPEG,640,640,0,0,6,0,0.0234375,True,000908,908,640,640,1,JPEG,.jpg,False
000909.jpg,True,895,669,False,1,JPEG,669,895,0,0,0,0,0.0,True,000909,909,669,895,1,JPEG,.jpg,False
000910.jpg,True,640,640,False,1,JPEG,640,640,0,1,0,0,0.00390625,True,000910,910,640,640,1,JPEG,.jpg,False
000911.jpg,True,964,722,False,1,JPEG,722,964,0,0,0,0,0.0,True,000911,911,722,964,1,JPEG,.jpg,False
000912.jpg,True,640,640,False,1,JPEG,640,640,0,3,4,0,0.015625,True,000912,912,640,640,1,JPEG,.jpg,False
000913.jpg,True,1008,756,False,1,JPEG,756,1008,0,0,0,0,0.0,True,000913,913,756,1008,1,JPEG,.jpg,False
000914.jpg,True,949,711,False,1,JPEG,711,949,0,0,0,0,0.0,True,000914,914,711,949,1,JPEG,.jpg,False
000915.jpg,True,640,640,False,1,JPEG,640,640,0,6,0,1,0.0234375,True,000915,915,640,640,1,JPEG,.jpg,False
000916.jpg,True,905,678,False,1,JPEG,678,905,0,0,0,0,0.0,True,000916,916,678,905,1,JPEG,.jpg,False
000917.jpg,True,640,640,False,1,JPEG,640,640,0,3,0,1,0.01171875,True,000917,917,640,640,1,JPEG,.jpg,False
000918.jpg,True,902,678,False,1,JPEG,678,902,0,0,0,0,0.0,True,000918,918,678,902,1,JPEG,.jpg,False
000919.jpg,True,962,711,False,1,JPEG,711,962,0,0,0,0,0.0,True,000919,919,711,962,1,JPEG,.jpg,False
000920.jpg,True,640,640,False,1,JPEG,640,640,0,5,0,0,0.01953125,True,000920,920,640,640,1,JPEG,.jpg,False
000921.jpg,True,888,664,False,1,JPEG,664,888,0,0,0,0,0.0,True,000921,921,664,888,1,JPEG,.jpg,False
000922.jpg,True,640,640,False,1,JPEG,640,640,0,2,0,0,0.0078125,True,000922,922,640,640,1,JPEG,.jpg,False
000923.jpg,True,876,654,False,1,JPEG,654,876,0,0,0,0,0.0,True,000923,923,654,876,1,JPEG,.jpg,False
000924.jpg,True,1008,756,False,1,JPEG,756,1008,0,0,0,0,0.0,True,000924,924,756,1008,1,JPEG,.jpg,False
000925.jpg,True,640,640,False,1,JPEG,640,640,2,0,0,0,0.0078125,True,000925,925,640,640,1,JPEG,.jpg,False
000926.jpg,True,873,654,False,1,JPEG,654,873,0,0,0,0,0.0,True,000926,926,654,873,1,JPEG,.jpg,False
000927.jpg,True,1008,756,False,1,JPEG,756,1008,0,0,0,0,0.0,True,000927,927,756,1008,1,JPEG,.jpg,False
000928.jpg,True,939,702,False,1,JPEG,702,939,0,0,0,0,0.0,True,000928,928,702,939,1,JPEG,.jpg,False
000929.jpg,True,640,640,False,1,JPEG,640,640,0,8,0,1,0.03125,True,000929,929,640,640,1,JPEG,.jpg,False
000930.jpg,True,1008,756,False,1,JPEG,756,1008,0,0,0,0,0.0,True,000930,930,756,1008,1,JPEG,.jpg,False
000931.jpg,True,640,640,False,1,JPEG,640,640,0,0,0,0,0.0,True,000931,931,640,640,1,JPEG,.jpg,False
000932.jpg,True,879,659,False,1,JPEG,659,879,0,0,0,0,0.0,True,000932,932,659,879,1,JPEG,.jpg,False
000933.jpg,True,640,640,False,1,JPEG,640,640,2,0,0,0,0.0078125,True,000933,933,640,640,1,JPEG,.jpg,False
000934.jpg,True,1059,794,False,1,JPEG,794,1059,0,0,0,0,0.0,True,000934,934,794,1059,1,JPEG,.jpg,False
000935.jpg,True,640,640,False,1,JPEG,640,640,7,0,0,0,0.02734375,True,000935,935,640,640,1,JPEG,.jpg,False
000936.jpg,True,1051,788,False,1,JPEG,788,1051,0,0,0,0,0.0,True,000936,936,788,1051,1,JPEG,.jpg,False
000937.jpg,True,1025,769,False,1,JPEG,769,1025,0,0,0,0,0.0,True,000937,937,769,1025,1,JPEG,.jpg,False
000938.jpg,True,640,640,False,1,JPEG,640,640,0,0,0,0,0.0,True,000938,938,640,640,1,JPEG,.jpg,False
000939.jpg,True,929,693,False,1,JPEG,693,929,0,0,0,0,0.0,True,000939,939,693,929,1,JPEG,.jpg,False
000940.jpg,True,640,640,False,1,JPEG,640,640,0,1,0,0,0.00390625,True,000940,940,640,640,1,JPEG,.jpg,False
000941.jpg,True,1112,834,False,1,JPEG,834,1112,0,0,0,0,0.0,True,000941,941,834,1112,1,JPEG,.jpg,False
000942.jpg,True,1058,794,False,1,JPEG,794,1058,0,0,0,0,0.0,True,000942,942,794,1058,1,JPEG,.jpg,False
000943.jpg,True,640,640,False,1,JPEG,640,640,0,0,0,0,0.0,True,000943,943,640,640,1,JPEG,.jpg,False
000944.jpg,True,1090,818,False,1,JPEG,818,1090,0,0,0,0,0.0,True,000944,944,818,1090,1,JPEG,.jpg,False
000945.jpg,True,640,640,False,1,JPEG,640,640,0,4,1,0,0.015625,True,000945,945,640,640,1,JPEG,.jpg,False
000946.jpg,True,962,722,False,1,JPEG,722,962,0,0,0,0,0.0,True,000946,946,722,962,1,JPEG,.jpg,False
000947.jpg,True,640,640,False,1,JPEG,640,640,0,0,2,0,0.0078125,True,000947,947,640,640,1,JPEG,.jpg,False
000948.jpg,True,1246,934,False,1,JPEG,934,1246,0,0,0,0,0.0,True,000948,948,934,1246,1,JPEG,.jpg,False
000949.jpg,True,640,640,False,1,JPEG,640,640,0,0,0,1,0.00390625,True,000949,949,640,640,1,JPEG,.jpg,False
000950.jpg,True,1008,756,False,1,JPEG,756,1008,0,0,0,0,0.0,True,000950,950,756,1008,1,JPEG,.jpg,False
000951.jpg,True,1008,756,False,1,JPEG,756,1008,0,0,0,0,0.0,True,000951,951,756,1008,1,JPEG,.jpg,False
000952.jpg,True,640,640,False,1,JPEG,640,640,0,1,0,2,0.0078125,True,000952,952,640,640,1,JPEG,.jpg,False
000953.jpg,True,1271,953,False,1,JPEG,953,1271,0,0,0,0,0.0,True,000953,953,953,1271,1,JPEG,.jpg,False
000954.jpg,True,640,640,False,1,JPEG,640,640,0,1,0,7,0.02734375,True,000954,954,640,640,1,JPEG,.jpg,False
000955.jpg,True,1106,829,False,1,JPEG,829,1106,0,0,0,0,0.0,True,000955,955,829,1106,1,JPEG,.jpg,False
000956.jpg,True,640,640,False,1,JPEG,640,640,1,0,0,0,0.00390625,True,000956,956,640,640,1,JPEG,.jpg,False
000957.jpg,True,1127,846,False,1,JPEG,846,1127,0,0,0,0,0.0,True,000957,957,846,1127,1,JPEG,.jpg,False
000958.jpg,True,640,640,False,1,JPEG,640,640,0,0,0,0,0.0,True,000958,958,640,640,1,JPEG,.jpg,False
000959.jpg,True,1189,892,False,1,JPEG,892,1189,0,0,0,0,0.0,True,000959,959,892,1189,1,JPEG,.jpg,False
000960.jpg,True,640,640,False,1,JPEG,640,640,1,0,2,0,0.0078125,True,000960,960,640,640,1,JPEG,.jpg,False
000961.jpg,True,1264,948,False,1,JPEG,948,1264,0,0,0,0,0.0,True,000961,961,948,1264,1,JPEG,.jpg,False
000962.jpg,True,640,640,False,1,JPEG,640,640,1,0,0,1,0.00390625,True,000962,962,640,640,1,JPEG,.jpg,False
000963.jpg,True,1084,813,False,1,JPEG,813,1084,0,0,0,0,0.0,True,000963,963,813,1084,1,JPEG,.jpg,False
000964.jpg,True,640,640,False,1,JPEG,640,640,5,0,0,6,0.0234375,True,000964,964,640,640,1,JPEG,.jpg,False
000965.jpg,True,1313,985,False,1,JPEG,985,1313,0,0,0,0,0.0,True,000965,965,985,1313,1,JPEG,.jpg,False
000966.jpg,True,1385,1039,False,1,JPEG,1039,1385,0,0,0,0,0.0,True,000966,966,1039,1385,1,JPEG,.jpg,False
000967.jpg,True,1347,1010,False,1,JPEG,1010,1347,0,0,0,0,0.0,True,000967,967,1010,1347,1,JPEG,.jpg,False
000968.jpg,True,640,640,False,1,JPEG,640,640,0,2,0,0,0.0078125,True,000968,968,640,640,1,JPEG,.jpg,False
000969.jpg,True,1358,1019,False,1,JPEG,1019,1358,0,0,0,0,0.0,True,000969,969,1019,1358,1,JPEG,.jpg,False
000970.jpg,True,640,640,False,1,JPEG,640,640,0,0,0,0,0.0,True,000970,970,640,640,1,JPEG,.jpg,False
000971.jpg,True,1255,941,False,1,JPEG,941,1255,0,0,0,0,0.0,True,000971,971,941,1255,1,JPEG,.jpg,False
000972.jpg,True,1211,909,False,1,JPEG,909,1211,0,0,0,0,0.0,True,000972,972,909,1211,1,JPEG,.jpg,False
000973.jpg,True,1333,1000,False,1,JPEG,1000,1333,0,0,0,0,0.0,True,000973,973,1000,1333,1,JPEG,.jpg,False
000974.jpg,True,640,640,False,1,JPEG,640,640,0,0,0,0,0.0,True,000974,974,640,640,1,JPEG,.jpg,False
000975.jpg,True,1306,979,False,1,JPEG,979,1306,0,0,0,0,0.0,True,000975,975,979,1306,1,JPEG,.jpg,False
000976.jpg,True,640,640,False,1,JPEG,640,640,0,3,0,0,0.01171875,True,000976,976,640,640,1,JPEG,.jpg,False
000977.jpg,True,1299,974,False,1,JPEG,974,1299,0,0,0,0,0.0,True,000977,977,974,1299,1,JPEG,.jpg,False
000978.jpg,True,640,640,False,1,JPEG,640,640,0,0,0,0,0.0,True,000978,978,640,640,1,JPEG,.jpg,False
000979.jpg,True,1390,1042,False,1,JPEG,1042,1390,0,0,0,0,0.0,True,000979,979,1042,1390,1,JPEG,.jpg,False
000980.jpg,True,640,640,False,1,JPEG,640,640,0,0,6,0,0.0234375,True,000980,980,640,640,1,JPEG,.jpg,False
000981.jpg,True,1084,813,False,1,JPEG,813,1084,0,0,0,0,0.0,True,000981,981,813,1084,1,JPEG,.jpg,False
000982.jpg,True,640,640,False,1,JPEG,640,640,3,0,0,0,0.01171875,True,000982,982,640,640,1,JPEG,.jpg,False
000983.jpg,True,1393,1045,False,1,JPEG,1045,1393,0,0,0,0,0.0,True,000983,983,1045,1393,1,JPEG,.jpg,False
000984.jpg,True,640,640,False,1,JPEG,640,640,0,5,6,0,0.0234375,True,000984,984,640,640,1,JPEG,.jpg,False
000985.jpg,True,1372,1029,False,1,JPEG,1029,1372,0,0,0,0,0.0,True,000985,985,1029,1372,1,JPEG,.jpg,False
000986.jpg,True,640,640,False,1,JPEG,640,640,0,3,0,0,0.01171875,True,000986,986,640,640,1,JPEG,.jpg,False
000987.jpg,True,1316,987,False,1,JPEG,987,1316,0,0,0,0,0.0,True,000987,987,987,1316,1,JPEG,.jpg,False
000988.jpg,True,640,640,False,1,JPEG,640,640,8,0,0,0,0.03125,True,000988,988,640,640,1,JPEG,.jpg,False
000989.jpg,True,1307,980,False,1,JPEG,980,1307,0,0,0,0,0.0,True,000989,989,980,1307,1,JPEG,.jpg,False
000990.jpg,True,640,640,False,1,JPEG,640,640,7,0,0,0,0.02734375,True,000990,990,640,640,1,JPEG,.jpg,False
000991.jpg,True,1182,879,False,1,JPEG,879,1182,0,0,0,0,0.0,True,000991,991,879,1182,1,JPEG,.jpg,False
000992.jpg,True,640,640,False,1,JPEG,640,640,0,6,0,7,0.02734375,True,000992,992,640,640,1,JPEG,.jpg,False
000993.jpg,True,1186,889,False,1,JPEG,889,1186,0,0,0,0,0.0,True,000993,993,889,1186,1,JPEG,.jpg,False
000994.jpg,True,1364,1023,False,1,JPEG,1023,1364,0,0,0,0,0.0,True,000994,994,1023,1364,1,JPEG,.jpg,False
000995.jpg,True,640,640,False,1,JPEG,640,640,0,0,0,1,0.00390625,True,000995,995,640,640,1,JPEG,.jpg,False
000996.jpg,True,1263,947,False,1,JPEG,947,1263,0,0,0,0,0.0,True,000996,996,947,1263,1,JPEG,.jpg,False
000997.jpg,True,640,640,False,1,JPEG,640,640,0,4,0,0,0.015625,True,000997,997,640,640,1,JPEG,.jpg,False
000998.jpg,True,1270,953,False,1,JPEG,953,1270,0,0,0,0,0.0,True,000998,998,953,1270,1,JPEG,.jpg,False
000999.jpg,True,640,640,False,1,JPEG,640,640,2,0,0,0,0.0078125,True,000999,999,640,640,1,JPEG,.jpg,False
001000.jpg,True,1098,822,False,1,JPEG,822,1098,0,0,0,0,0.0,True,001000,1000,822,1098,1,JPEG,.jpg,False
001001.jpg,True,640,640,False,1,JPEG,640,640,0,0,0,0,0.0,True,001001,1001,640,640,1,JPEG,.jpg,False
001002.jpg,True,1014,761,False,1,JPEG,761,1014,0,0,0,0,0.0,True,001002,1002,761,1014,1,JPEG,.jpg,False
001003.jpg,True,640,640,False,1,JPEG,640,640,0,1,0,0,0.00390625,True,001003,1003,640,640,1,JPEG,.jpg,False
001004.jpg,True,832,612,False,1,JPEG,612,832,0,0,0,0,0.0,True,001004,1004,612,832,1,JPEG,.jpg,False
001005.jpg,True,640,640,False,1,JPEG,640,640,0,0,0,3,0.01171875,True,001005,1005,640,640,1,JPEG,.jpg,False
001006.jpg,True,756,1008,False,1,JPEG,1008,756,0,0,0,0,0.0,True,001006,1006,1008,756,1,JPEG,.jpg,False
001007.jpg,True,640,640,False,1,JPEG,640,640,0,0,0,4,0.015625,True,001007,1007,640,640,1,JPEG,.jpg,False
001008.jpg,True,905,678,False,1,JPEG,678,905,0,0,0,0,0.0,True,001008,1008,678,905,1,JPEG,.jpg,False
001009.jpg,True,640,640,False,1,JPEG,640,640,0,1,1,0,0.00390625,True,001009,1009,640,640,1,JPEG,.jpg,False
001010.jpg,True,703,935,False,1,JPEG,935,703,0,0,0,0,0.0,True,001010,1010,935,703,1,JPEG,.jpg,False
001011.jpg,True,640,640,False,1,JPEG,640,640,0,0,0,1,0.00390625,True,001011,1011,640,640,1,JPEG,.jpg,False
001012.jpg,True,704,939,False,1,JPEG,939,704,0,0,0,0,0.0,True,001012,1012,939,704,1,JPEG,.jpg,False
001013.jpg,True,640,640,False,1,JPEG,640,640,3,0,0,0,0.01171875,True,001013,1013,640,640,1,JPEG,.jpg,False
001014.jpg,True,774,581,False,1,JPEG,581,774,0,0,0,0,0.0,True,001014,1014,581,774,1,JPEG,.jpg,False
001015.jpg,True,640,640,False,1,JPEG,640,640,3,0,3,0,0.01171875,True,001015,1015,640,640,1,JPEG,.jpg,False
001016.jpg,True,756,1008,False,1,JPEG,1008,756,0,0,0,0,0.0,True,001016,1016,1008,756,1,JPEG,.jpg,False
001017.jpg,True,640,640,False,1,JPEG,640,640,0,0,0,7,0.02734375,True,001017,1017,640,640,1,JPEG,.jpg,False
001018.jpg,True,912,680,False,1,JPEG,680,912,0,0,0,0,0.0,True,001018,1018,680,912,1,JPEG,.jpg,False
001019.jpg,True,640,640,False,1,JPEG,640,640,0,6,3,0,0.0234375,True,001019,1019,640,640,1,JPEG,.jpg,False
001020.jpg,True,727,818,False,1,JPEG,818,727,0,0,0,0,0.0,True,001020,1020,818,727,1,JPEG,.jpg,False
001021.jpg,True,686,515,False,1,JPEG,515,686,0,0,0,0,0.0,True,001021,1021,515,686,1,JPEG,.jpg,False
001022.jpg,True,640,640,False,1,JPEG,640,640,0,0,0,1,0.00390625,True,001022,1022,640,640,1,JPEG,.jpg,False
001023.jpg,True,756,1008,False,1,JPEG,1008,756,0,0,0,0,0.0,True,001023,1023,1008,756,1,JPEG,.jpg,False
001024.jpg,True,640,640,False,1,JPEG,640,640,5,0,0,0,0.01953125,True,001024,1024,640,640,1,JPEG,.jpg,False
001025.jpg,True,685,900,False,1,JPEG,900,685,0,0,0,0,0.0,True,001025,1025,900,685,1,JPEG,.jpg,False
001026.jpg,True,640,640,False,1,JPEG,640,640,0,1,4,0,0.015625,True,001026,1026,640,640,1,JPEG,.jpg,False
001027.jpg,True,572,741,False,1,JPEG,741,572,0,0,0,0,0.0,True,001027,1027,741,572,1,JPEG,.jpg,False
001028.jpg,True,756,1008,False,1,JPEG,1008,756,0,0,0,0,0.0,True,001028,1028,1008,756,1,JPEG,.jpg,False
001029.jpg,True,640,640,False,1,JPEG,640,640,0,4,0,0,0.015625,True,001029,1029,640,640,1,JPEG,.jpg,False
001030.jpg,True,1008,756,False,1,JPEG,756,1008,0,0,0,0,0.0,True,001030,1030,756,1008,1,JPEG,.jpg,False
001031.jpg,True,640,640,False,1,JPEG,640,640,7,0,0,0,0.02734375,True,001031,1031,640,640,1,JPEG,.jpg,False
001032.jpg,True,1255,941,False,1,JPEG,941,1255,0,0,0,0,0.0,True,001032,1032,941,1255,1,JPEG,.jpg,False
001033.jpg,True,640,640,False,1,JPEG,640,640,2,0,0,0,0.0078125,True,001033,1033,640,640,1,JPEG,.jpg,False
001034.jpg,True,957,717,False,1,JPEG,717,957,0,0,0,0,0.0,True,001034,1034,717,957,1,JPEG,.jpg,False
001035.jpg,True,756,1008,False,1,JPEG,1008,756,0,0,0,0,0.0,True,001035,1035,1008,756,1,JPEG,.jpg,False
001036.jpg,True,640,640,False,1,JPEG,640,640,0,0,0,0,0.0,True,001036,1036,640,640,1,JPEG,.jpg,False
001037.jpg,True,948,564,False,1,JPEG,564,948,0,0,0,0,0.0,True,001037,1037,564,948,1,JPEG,.jpg,False
001038.jpg,True,1008,756,False,1,JPEG,756,1008,0,0,0,0,0.0,True,001038,1038,756,1008,1,JPEG,.jpg,False
001039.jpg,True,640,640,False,1,JPEG,640,640,0,0,0,0,0.0,True,001039,1039,640,640,1,JPEG,.jpg,False
001040.jpg,True,756,1008,False,1,JPEG,1008,756,0,0,0,0,0.0,True,001040,1040,1008,756,1,JPEG,.jpg,False
001041.jpg,True,640,640,False,1,JPEG,640,640,0,8,0,0,0.03125,True,001041,1041,640,640,1,JPEG,.jpg,False
001042.jpg,True,2048,1535,False,1,JPEG,1535,2048,0,0,0,0,0.0,True,001042,1042,1535,2048,1,JPEG,.jpg,False
001043.jpg,True,640,640,False,1,JPEG,640,640,0,1,0,0,0.00390625,True,001043,1043,640,640,1,JPEG,.jpg,False
001044.jpg,True,902,676,False,1,JPEG,676,902,0,0,0,0,0.0,True,001044,1044,676,902,1,JPEG,.jpg,False
001045.jpg,True,640,640,False,1,JPEG,640,640,0,0,0,0,0.0,True,001045,1045,640,640,1,JPEG,.jpg,False
001046.jpg,True,951,712,False,1,JPEG,712,951,0,0,0,0,0.0,True,001046,1046,712,951,1,JPEG,.jpg,False
001047.jpg,True,936,702,False,1,JPEG,702,936,0,0,0,0,0.0,True,001047,1047,702,936,1,JPEG,.jpg,False
001048.jpg,True,640,640,False,1,JPEG,640,640,0,0,0,0,0.0,True,001048,1048,640,640,1,JPEG,.jpg,False
001049.jpg,True,981,737,False,1,JPEG,737,981,0,0,0,0,0.0,True,001049,1049,737,981,1,JPEG,.jpg,False
001050.jpg,True,640,640,False,1,JPEG,640,640,0,0,2,0,0.0078125,True,001050,1050,640,640,1,JPEG,.jpg,False
001051.jpg,True,912,683,False,1,JPEG,683,912,0,0,0,0,0.0,True,001051,1051,683,912,1,JPEG,.jpg,False
001052.jpg,True,640,640,False,1,JPEG,640,640,5,4,0,1,0.03515625,True,001052,1052,640,640,1,JPEG,.jpg,False
001053.jpg,True,942,705,False,1,JPEG,705,942,0,0,0,0,0.0,True,001053,1053,705,942,1,JPEG,.jpg,False
001054.jpg,True,640,640,False,1,JPEG,640,640,0,0,3,0,0.01171875,True,001054,1054,640,640,1,JPEG,.jpg,False
001055.jpg,True,756,1008,False,1,JPEG,1008,756,0,0,0,0,0.0,True,001055,1055,1008,756,1,JPEG,.jpg,False
001056.jpg,True,890,668,False,1,JPEG,668,890,0,0,0,0,0.0,True,001056,1056,668,890,1,JPEG,.jpg,False
001057.jpg,True,640,640,False,1,JPEG,640,640,4,0,0,0,0.015625,True,001057,1057,640,640,1,JPEG,.jpg,False
001058.jpg,True,1008,756,False,1,JPEG,756,1008,0,0,0,0,0.0,True,001058,1058,756,1008,1,JPEG,.jpg,False
001059.jpg,True,640,640,False,1,JPEG,640,640,0,1,0,0,0.00390625,True,001059,1059,640,640,1,JPEG,.jpg,False
001060.jpg,True,1008,756,False,1,JPEG,756,1008,0,0,0,0,0.0,True,001060,1060,756,1008,1,JPEG,.jpg,False
001061.jpg,True,756,1008,False,1,JPEG,1008,756,0,0,0,0,0.0,True,001061,1061,1008,756,1,JPEG,.jpg,False
001062.jpg,True,640,640,False,1,JPEG,640,640,0,3,3,0,0.01171875,True,001062,1062,640,640,1,JPEG,.jpg,False
001063.jpg,True,756,1008,False,1,JPEG,1008,756,0,0,0,0,0.0,True,001063,1063,1008,756,1,JPEG,.jpg,False
001064.jpg,True,640,640,False,1,JPEG,640,640,0,5,0,0,0.01953125,True,001064,1064,640,640,1,JPEG,.jpg,False
001065.jpg,True,954,712,False,1,JPEG,712,954,0,0,0,0,0.0,True,001065,1065,712,954,1,JPEG,.jpg,False
001066.jpg,True,640,640,False,1,JPEG,640,640,0,7,0,1,0.02734375,True,001066,1066,640,640,1,JPEG,.jpg,False
001067.jpg,True,957,717,False,1,JPEG,717,957,0,0,0,0,0.0,True,001067,1067,717,957,1,JPEG,.jpg,False
001068.jpg,True,1008,756,False,1,JPEG,756,1008,0,0,0,0,0.0,True,001068,1068,756,1008,1,JPEG,.jpg,False
001069.jpg,True,640,640,False,1,JPEG,640,640,0,1,8,0,0.03125,True,001069,1069,640,640,1,JPEG,.jpg,False
001070.jpg,True,1008,756,False,1,JPEG,756,1008,0,0,0,0,0.0,True,001070,1070,756,1008,1,JPEG,.jpg,False
001071.jpg,True,640,640,False,1,JPEG,640,640,0,1,0,0,0.00390625,True,001071,1071,640,640,1,JPEG,.jpg,False
001072.jpg,True,756,1008,False,1,JPEG,1008,756,0,0,0,0,0.0,True,001072,1072,1008,756,1,JPEG,.jpg,False
001073.jpg,True,640,640,False,1,JPEG,640,640,8,0,0,1,0.03125,True,001073,1073,640,640,1,JPEG,.jpg,False
001074.jpg,True,973,729,False,1,JPEG,729,973,0,0,0,0,0.0,True,001074,1074,729,973,1,JPEG,.jpg,False
001075.jpg,True,640,640,False,1,JPEG,640,640,0,6,2,0,0.0234375,True,001075,1075,640,640,1,JPEG,.jpg,False
001076.jpg,True,1269,952,False,1,JPEG,952,1269,0,0,0,0,0.0,True,001076,1076,952,1269,1,JPEG,.jpg,False
001077.jpg,True,640,640,False,1,JPEG,640,640,0,0,0,2,0.0078125,True,001077,1077,640,640,1,JPEG,.jpg,False
001078.jpg,True,1106,762,False,1,JPEG,762,1106,0,0,0,0,0.0,True,001078,1078,762,1106,1,JPEG,.jpg,False
001079.jpg,True,640,640,False,1,JPEG,640,640,0,7,0,0,0.02734375,True,001079,1079,640,640,1,JPEG,.jpg,False
001080.jpg,True,1060,795,False,1,JPEG,795,1060,0,0,0,0,0.0,True,001080,1080,795,1060,1,JPEG,.jpg,False
001081.jpg,True,998,785,False,1,JPEG,785,998,0,0,0,0,0.0,True,001081,1081,785,998,1,JPEG,.jpg,False
001082.jpg,True,640,640,False,1,JPEG,640,640,0,9,0,3,0.03515625,True,001082,1082,640,640,1,JPEG,.jpg,False
001083.jpg,True,1051,787,False,1,JPEG,787,1051,0,0,0,0,0.0,True,001083,1083,787,1051,1,JPEG,.jpg,False
001084.jpg,True,640,640,False,1,JPEG,640,640,0,1,0,0,0.00390625,True,001084,1084,640,640,1,JPEG,.jpg,False
001085.jpg,True,1093,765,False,1,JPEG,765,1093,0,0,0,0,0.0,True,001085,1085,765,1093,1,JPEG,.jpg,False
001086.jpg,True,640,640,False,1,JPEG,640,640,0,0,4,0,0.015625,True,001086,1086,640,640,1,JPEG,.jpg,False
001087.jpg,True,964,724,False,1,JPEG,724,964,0,0,0,0,0.0,True,001087,1087,724,964,1,JPEG,.jpg,False
001088.jpg,True,640,640,False,1,JPEG,640,640,0,2,0,0,0.0078125,True,001088,1088,640,640,1,JPEG,.jpg,False
001089.jpg,True,977,768,False,1,JPEG,768,977,0,0,0,0,0.0,True,001089,1089,768,977,1,JPEG,.jpg,False
001090.jpg,True,1037,778,False,1,JPEG,778,1037,0,0,0,0,0.0,True,001090,1090,778,1037,1,JPEG,.jpg,False
001091.jpg,True,640,640,False,1,JPEG,640,640,2,0,0,5,0.01953125,True,001091,1091,640,640,1,JPEG,.jpg,False
001092.jpg,True,1080,810,False,1,JPEG,810,1080,0,0,0,0,0.0,True,001092,1092,810,1080,1,JPEG,.jpg,False
001093.jpg,True,1299,974,False,1,JPEG,974,1299,0,0,0,0,0.0,True,001093,1093,974,1299,1,JPEG,.jpg,False
001094.jpg,True,1261,946,False,1,JPEG,946,1261,0,0,0,0,0.0,True,001094,1094,946,1261,1,JPEG,.jpg,False
001095.jpg,True,640,640,False,1,JPEG,640,640,0,0,0,0,0.0,True,001095,1095,640,640,1,JPEG,.jpg,False
001096.jpg,True,992,743,False,1,JPEG,743,992,0,0,0,0,0.0,True,001096,1096,743,992,1,JPEG,.jpg,False
001097.jpg,True,640,640,False,1,JPEG,640,640,0,1,0,4,0.015625,True,001097,1097,640,640,1,JPEG,.jpg,False
001098.jpg,True,1289,967,False,1,JPEG,967,1289,0,0,0,0,0.0,True,001098,1098,967,1289,1,JPEG,.jpg,False
001099.jpg,True,640,640,False,1,JPEG,640,640,0,0,0,0,0.0,True,001099,1099,640,640,1,JPEG,.jpg,False
001100.jpg,True,1033,775,False,1,JPEG,775,1033,0,0,0,0,0.0,True,001100,1100,775,1033,1,JPEG,.jpg,False
001101.jpg,True,640,640,False,1,JPEG,640,640,0,1,0,6,0.0234375,True,001101,1101,640,640,1,JPEG,.jpg,False
001102.jpg,True,1200,900,False,1,JPEG,900,1200,0,0,0,0,0.0,True,001102,1102,900,1200,1,JPEG,.jpg,False
001103.jpg,True,640,640,False,1,JPEG,640,640,0,7,8,0,0.03125,True,001103,1103,640,640,1,JPEG,.jpg,False
001104.jpg,True,1066,800,False,1,JPEG,800,1066,0,0,0,0,0.0,True,001104,1104,800,1066,1,JPEG,.jpg,False
001105.jpg,True,640,640,False,1,JPEG,640,640,3,0,0,0,0.01171875,True,001105,1105,640,640,1,JPEG,.jpg,False
001106.jpg,True,1364,1023,False,1,JPEG,1023,1364,0,0,0,0,0.0,True,001106,1106,1023,1364,1,JPEG,.jpg,False
001107.jpg,True,1169,877,False,1,JPEG,877,1169,0,0,0,0,0.0,True,001107,1107,877,1169,1,JPEG,.jpg,False
001108.jpg,True,640,640,False,1,JPEG,640,640,0,0,0,0,0.0,True,001108,1108,640,640,1,JPEG,.jpg,False
001109.jpg,True,1231,924,False,1,JPEG,924,1231,0,0,0,0,0.0,True,001109,1109,924,1231,1,JPEG,.jpg,False
001110.jpg,True,640,640,False,1,JPEG,640,640,5,0,0,0,0.01953125,True,001110,1110,640,640,1,JPEG,.jpg,False
001111.jpg,True,1060,795,False,1,JPEG,795,1060,0,0,0,0,0.0,True,001111,1111,795,1060,1,JPEG,.jpg,False
001112.jpg,True,640,640,False,1,JPEG,640,640,0,0,0,2,0.0078125,True,001112,1112,640,640,1,JPEG,.jpg,False
001113.jpg,True,1235,926,False,1,JPEG,926,1235,0,0,0,0,0.0,True,001113,1113,926,1235,1,JPEG,.jpg,False
001114.jpg,True,640,640,False,1,JPEG,640,640,0,0,7,0,0.02734375,True,001114,1114,640,640,1,JPEG,.jpg,False
001115.jpg,True,1121,841,False,1,JPEG,841,1121,0,0,0,0,0.0,True,001115,1115,841,1121,1,JPEG,.jpg,False
001116.jpg,True,640,640,False,1,JPEG,640,640,0,0,0,0,0.0,True,001116,1116,640,640,1,JPEG,.jpg,False
001117.jpg,True,1173,879,False,1,JPEG,879,1173,0,0,0,0,0.0,True,001117,1117,879,1173,1,JPEG,.jpg,False
001118.jpg,True,640,640,False,1,JPEG,640,640,9,0,1,0,0.03515625,True,001118,1118,640,640,1,JPEG,.jpg,False
001119.jpg,True,1027,771,False,1,JPEG,771,1027,0,0,0,0,0.0,True,001119,1119,771,1027,1,JPEG,.jpg,False
001120.jpg,True,640,640,False,1,JPEG,640,640,2,0,0,2,0.0078125,True,001120,1120,640,640,1,JPEG,.jpg,False
001121.jpg,True,1331,999,False,1,JPEG,999,1331,0,0,0,0,0.0,True,001121,1121,999,1331,1,JPEG,.jpg,False
001122.jpg,True,640,640,False,1,JPEG,640,640,0,7,2,0,0.02734375,True,001122,1122,640,640,1,JPEG,.jpg,False
001123.jpg,True,1210,908,False,1,JPEG,908,1210,0,0,0,0,0.0,True,001123,1123,908,1210,1,JPEG,.jpg,False
001124.jpg,True,640,640,False,1,JPEG,640,640,0,1,0,6,0.0234375,True,001124,1124,640,640,1,JPEG,.jpg,False
001125.jpg,True,1263,947,False,1,JPEG,947,1263,0,0,0,0,0.0,True,001125,1125,947,1263,1,JPEG,.jpg,False
001126.jpg,True,640,640,False,1,JPEG,640,640,0,1,4,0,0.015625,True,001126,1126,640,640,1,JPEG,.jpg,False
001127.jpg,True,1196,897,False,1,JPEG,897,1196,0,0,0,0,0.0,True,001127,1127,897,1196,1,JPEG,.jpg,False
001128.jpg,True,640,640,False,1,JPEG,640,640,0,0,0,6,0.0234375,True,001128,1128,640,640,1,JPEG,.jpg,False
001129.jpg,True,640,640,False,1,JPEG,640,640,0,0,0,0,0.0,True,001129,1129,640,640,1,JPEG,.jpg,False
001130.jpg,True,1214,911,False,1,JPEG,911,1214,0,0,0,0,0.0,True,001130,1130,911,1214,1,JPEG,.jpg,False
001131.jpg,True,640,640,False,1,JPEG,640,640,7,0,0,8,0.03125,True,001131,1131,640,640,1,JPEG,.jpg,False
001132.jpg,True,1095,821,False,1,JPEG,821,1095,0,0,0,0,0.0,True,001132,1132,821,1095,1,JPEG,.jpg,False
001133.jpg,True,640,640,False,1,JPEG,640,640,5,0,1,0,0.01953125,True,001133,1133,640,640,1,JPEG,.jpg,False
001134.jpg,True,1112,833,False,1,JPEG,833,1112,0,0,0,0,0.0,True,001134,1134,833,1112,1,JPEG,.jpg,False
001135.jpg,True,1044,783,False,1,JPEG,783,1044,0,0,0,0,0.0,True,001135,1135,783,1044,1,JPEG,.jpg,False
001136.jpg,True,640,640,False,1,JPEG,640,640,0,0,1,0,0.00390625,True,001136,1136,640,640,1,JPEG,.jpg,False
001137.jpg,True,1341,1006,False,1,JPEG,1006,1341,0,0,0,0,0.0,True,001137,1137,1006,1341,1,JPEG,.jpg,False
001138.jpg,True,1034,776,False,1,JPEG,776,1034,0,0,0,0,0.0,True,001138,1138,776,1034,1,JPEG,.jpg,False
001139.jpg,True,1402,1051,False,1,JPEG,1051,1402,0,0,0,0,0.0,True,001139,1139,1051,1402,1,JPEG,.jpg,False
001140.jpg,True,640,640,False,1,JPEG,640,640,1,0,0,1,0.00390625,True,001140,1140,640,640,1,JPEG,.jpg,False
001141.jpg,True,1311,983,False,1,JPEG,983,1311,0,0,0,0,0.0,True,001141,1141,983,1311,1,JPEG,.jpg,False
001142.jpg,True,910,683,False,1,JPEG,683,910,0,0,0,0,0.0,True,001142,1142,683,910,1,JPEG,.jpg,False
001143.jpg,True,640,640,False,1,JPEG,640,640,0,0,0,0,0.0,True,001143,1143,640,640,1,JPEG,.jpg,False
001144.jpg,True,756,1008,False,1,JPEG,1008,756,0,0,0,0,0.0,True,001144,1144,1008,756,1,JPEG,.jpg,False
001145.jpg,True,640,640,False,1,JPEG,640,640,0,6,0,0,0.0234375,True,001145,1145,640,640,1,JPEG,.jpg,False
001146.jpg,True,756,1008,False,1,JPEG,1008,756,0,0,0,0,0.0,True,001146,1146,1008,756,1,JPEG,.jpg,False
001147.jpg,True,640,640,False,1,JPEG,640,640,3,0,0,0,0.01171875,True,001147,1147,640,640,1,JPEG,.jpg,False
001148.jpg,True,756,1008,False,1,JPEG,1008,756,0,0,0,0,0.0,True,001148,1148,1008,756,1,JPEG,.jpg,False
001149.jpg,True,640,640,False,1,JPEG,640,640,0,0,0,0,0.0,True,001149,1149,640,640,1,JPEG,.jpg,False
001150.jpg,True,756,1008,False,1,JPEG,1008,756,0,0,0,0,0.0,True,001150,1150,1008,756,1,JPEG,.jpg,False
001151.jpg,True,640,640,False,1,JPEG,640,640,1,0,7,0,0.02734375,True,001151,1151,640,640,1,JPEG,.jpg,False
001152.jpg,True,756,1008,False,1,JPEG,1008,756,0,0,0,0,0.0,True,001152,1152,1008,756,1,JPEG,.jpg,False
001153.jpg,True,640,640,False,1,JPEG,640,640,0,3,0,1,0.01171875,True,001153,1153,640,640,1,JPEG,.jpg,False
001154.jpg,True,756,1008,False,1,JPEG,1008,756,0,0,0,0,0.0,True,001154,1154,1008,756,1,JPEG,.jpg,False
001155.jpg,True,640,640,False,1,JPEG,640,640,0,4,0,1,0.015625,True,001155,1155,640,640,1,JPEG,.jpg,False
001156.jpg,True,838,949,False,1,JPEG,949,838,0,0,0,0,0.0,True,001156,1156,949,838,1,JPEG,.jpg,False
001157.jpg,True,640,640,False,1,JPEG,640,640,1,0,1,0,0.00390625,True,001157,1157,640,640,1,JPEG,.jpg,False
001158.jpg,True,921,1228,False,1,JPEG,1228,921,0,0,0,0,0.0,True,001158,1158,1228,921,1,JPEG,.jpg,False
001159.jpg,True,640,640,False,1,JPEG,640,640,0,0,0,0,0.0,True,001159,1159,640,640,1,JPEG,.jpg,False
001160.jpg,True,840,1120,False,1,JPEG,1120,840,0,0,0,0,0.0,True,001160,1160,1120,840,1,JPEG,.jpg,False
001161.jpg,True,640,640,False,1,JPEG,640,640,0,0,0,0,0.0,True,001161,1161,640,640,1,JPEG,.jpg,False
001162.jpg,True,931,1241,False,1,JPEG,1241,931,0,0,0,0,0.0,True,001162,1162,1241,931,1,JPEG,.jpg,False
001163.jpg,True,640,640,False,1,JPEG,640,640,0,0,3,0,0.01171875,True,001163,1163,640,640,1,JPEG,.jpg,False
001164.jpg,True,761,1087,False,1,JPEG,1087,761,0,0,0,0,0.0,True,001164,1164,1087,761,1,JPEG,.jpg,False
001165.jpg,True,640,640,False,1,JPEG,640,640,0,3,4,0,0.015625,True,001165,1165,640,640,1,JPEG,.jpg,False
001166.jpg,True,906,652,False,1,JPEG,652,906,0,0,0,0,0.0,True,001166,1166,652,906,1,JPEG,.jpg,False
001167.jpg,True,640,640,False,1,JPEG,640,640,0,3,0,11,0.04296875,True,001167,1167,640,640,1,JPEG,.jpg,False
001168.jpg,True,705,970,False,1,JPEG,970,705,0,0,0,0,0.0,True,001168,1168,970,705,1,JPEG,.jpg,False
001169.jpg,True,640,640,False,1,JPEG,640,640,0,1,0,6,0.0234375,True,001169,1169,640,640,1,JPEG,.jpg,False
001170.jpg,True,796,1062,False,1,JPEG,1062,796,0,0,0,0,0.0,True,001170,1170,1062,796,1,JPEG,.jpg,False
001171.jpg,True,640,640,False,1,JPEG,640,640,1,0,0,5,0.01953125,True,001171,1171,640,640,1,JPEG,.jpg,False
001172.jpg,True,906,1208,False,1,JPEG,1208,906,0,0,0,0,0.0,True,001172,1172,1208,906,1,JPEG,.jpg,False
001173.jpg,True,640,640,False,1,JPEG,640,640,6,0,0,0,0.0234375,True,001173,1173,640,640,1,JPEG,.jpg,False
001174.jpg,True,1030,1374,False,1,JPEG,1374,1030,0,0,0,0,0.0,True,001174,1174,1374,1030,1,JPEG,.jpg,False
001175.jpg,True,734,926,False,1,JPEG,926,734,0,0,0,0,0.0,True,001175,1175,926,734,1,JPEG,.jpg,False
001176.jpg,True,640,640,False,1,JPEG,640,640,0,8,0,0,0.03125,True,001176,1176,640,640,1,JPEG,.jpg,False
001177.jpg,True,1113,835,False,1,JPEG,835,1113,0,0,0,0,0.0,True,001177,1177,835,1113,1,JPEG,.jpg,False
001178.jpg,True,640,640,False,1,JPEG,640,640,1,0,0,2,0.0078125,True,001178,1178,640,640,1,JPEG,.jpg,False
001179.jpg,True,766,990,False,1,JPEG,990,766,0,0,0,0,0.0,True,001179,1179,990,766,1,JPEG,.jpg,False
001180.jpg,True,640,640,False,1,JPEG,640,640,2,0,3,0,0.01171875,True,001180,1180,640,640,1,JPEG,.jpg,False
001181.jpg,True,829,1105,False,1,JPEG,1105,829,0,0,0,0,0.0,True,001181,1181,1105,829,1,JPEG,.jpg,False
001182.jpg,True,640,640,False,1,JPEG,640,640,2,0,0,2,0.0078125,True,001182,1182,640,640,1,JPEG,.jpg,False
001183.jpg,True,1376,1032,False,1,JPEG,1032,1376,0,0,0,0,0.0,True,001183,1183,1032,1376,1,JPEG,.jpg,False
001184.jpg,True,640,640,False,1,JPEG,640,640,0,0,0,0,0.0,True,001184,1184,640,640,1,JPEG,.jpg,False
001185.jpg,True,1366,1025,False,1,JPEG,1025,1366,0,0,0,0,0.0,True,001185,1185,1025,1366,1,JPEG,.jpg,False
001186.jpg,True,640,640,False,1,JPEG,640,640,0,7,0,0,0.02734375,True,001186,1186,640,640,1,JPEG,.jpg,False
001187.jpg,True,532,644,False,1,JPEG,644,532,0,0,0,0,0.0,True,001187,1187,644,532,1,JPEG,.jpg,False
001188.jpg,True,640,640,False,1,JPEG,640,640,0,0,0,0,0.0,True,001188,1188,640,640,1,JPEG,.jpg,False
001189.jpg,True,828,1297,False,1,JPEG,1297,828,0,0,0,0,0.0,True,001189,1189,1297,828,1,JPEG,.jpg,False
001190.jpg,True,640,640,False,1,JPEG,640,640,3,0,0,0,0.01171875,True,001190,1190,640,640,1,JPEG,.jpg,False
001191.jpg,True,715,1101,False,1,JPEG,1101,715,0,0,0,0,0.0,True,001191,1191,1101,715,1,JPEG,.jpg,False
001192.jpg,True,640,640,False,1,JPEG,640,640,3,0,0,0,0.01171875,True,001192,1192,640,640,1,JPEG,.jpg,False
001193.jpg,True,708,708,False,1,JPEG,708,708,0,0,0,0,0.0,True,001193,1193,708,708,1,JPEG,.jpg,False
001194.jpg,True,640,640,False,1,JPEG,640,640,0,1,0,0,0.00390625,True,001194,1194,640,640,1,JPEG,.jpg,False
001195.jpg,True,756,1008,False,1,JPEG,1008,756,0,0,0,0,0.0,True,001195,1195,1008,756,1,JPEG,.jpg,False
001196.jpg,True,640,640,False,1,JPEG,640,640,0,5,5,0,0.01953125,True,001196,1196,640,640,1,JPEG,.jpg,False
001197.jpg,True,756,1008,False,1,JPEG,1008,756,0,0,0,0,0.0,True,001197,1197,1008,756,1,JPEG,.jpg,False
001198.jpg,True,640,640,False,1,JPEG,640,640,1,0,0,1,0.00390625,True,001198,1198,640,640,1,JPEG,.jpg,False
001199.jpg,True,756,1008,False,1,JPEG,1008,756,0,0,0,0,0.0,True,001199,1199,1008,756,1,JPEG,.jpg,False
001200.jpg,True,640,640,False,1,JPEG,640,640,0,2,0,0,0.0078125,True,001200,1200,640,640,1,JPEG,.jpg,False
001201.jpg,True,701,933,False,1,JPEG,933,701,0,0,0,0,0.0,True,001201,1201,933,701,1,JPEG,.jpg,False
001202.jpg,True,640,640,False,1,JPEG,640,640,0,0,0,0,0.0,True,001202,1202,640,640,1,JPEG,.jpg,False
001203.jpg,True,591,900,False,1,JPEG,900,591,0,0,0,0,0.0,True,001203,1203,900,591,1,JPEG,.jpg,False
001204.jpg,True,640,640,False,1,JPEG,640,640,0,3,0,0,0.01171875,True,001204,1204,640,640,1,JPEG,.jpg,False
001205.jpg,True,622,898,False,1,JPEG,898,622,0,0,0,0,0.0,True,001205,1205,898,622,1,JPEG,.jpg,False
001206.jpg,True,640,640,False,1,JPEG,640,640,0,2,2,0,0.0078125,True,001206,1206,640,640,1,JPEG,.jpg,False
001207.jpg,True,769,1067,False,1,JPEG,1067,769,0,0,0,0,0.0,True,001207,1207,1067,769,1,JPEG,.jpg,False
001208.jpg,True,640,640,False,1,JPEG,640,640,0,0,2,0,0.0078125,True,001208,1208,640,640,1,JPEG,.jpg,False
001209.jpg,True,756,1008,False,1,JPEG,1008,756,0,0,0,0,0.0,True,001209,1209,1008,756,1,JPEG,.jpg,False
001210.jpg,True,640,640,False,1,JPEG,640,640,0,4,0,0,0.015625,True,001210,1210,640,640,1,JPEG,.jpg,False
001211.jpg,True,723,965,False,1,JPEG,965,723,0,0,0,0,0.0,True,001211,1211,965,723,1,JPEG,.jpg,False
001212.jpg,True,640,640,False,1,JPEG,640,640,0,5,0,0,0.01953125,True,001212,1212,640,640,1,JPEG,.jpg,False
001213.jpg,True,739,990,False,1,JPEG,990,739,0,0,0,0,0.0,True,001213,1213,990,739,1,JPEG,.jpg,False
001214.jpg,True,640,640,False,1,JPEG,640,640,0,0,0,0,0.0,True,001214,1214,640,640,1,JPEG,.jpg,False
001215.jpg,True,756,1008,False,1,JPEG,1008,756,0,0,0,0,0.0,True,001215,1215,1008,756,1,JPEG,.jpg,False
001216.jpg,True,640,640,False,1,JPEG,640,640,8,0,0,6,0.03125,True,001216,1216,640,640,1,JPEG,.jpg,False
001217.jpg,True,756,1008,False,1,JPEG,1008,756,0,0,0,0,0.0,True,001217,1217,1008,756,1,JPEG,.jpg,False
001218.jpg,True,640,640,False,1,JPEG,640,640,0,0,0,0,0.0,True,001218,1218,640,640,1,JPEG,.jpg,False
001219.jpg,True,642,850,False,1,JPEG,850,642,0,0,0,0,0.0,True,001219,1219,850,642,1,JPEG,.jpg,False
001220.jpg,True,640,640,False,1,JPEG,640,640,0,1,2,0,0.0078125,True,001220,1220,640,640,1,JPEG,.jpg,False
001221.jpg,True,756,1008,False,1,JPEG,1008,756,0,0,0,0,0.0,True,001221,1221,1008,756,1,JPEG,.jpg,False
001222.jpg,True,640,640,False,1,JPEG,640,640,0,0,0,0,0.0,True,001222,1222,640,640,1,JPEG,.jpg,False
001223.jpg,True,868,1157,False,1,JPEG,1157,868,0,0,0,0,0.0,True,001223,1223,1157,868,1,JPEG,.jpg,False
001224.jpg,True,640,640,False,1,JPEG,640,640,6,0,0,6,0.0234375,True,001224,1224,640,640,1,JPEG,.jpg,False
001225.jpg,True,900,1200,False,1,JPEG,1200,900,0,0,0,0,0.0,True,001225,1225,1200,900,1,JPEG,.jpg,False
001226.jpg,True,640,640,False,1,JPEG,640,640,0,4,0,1,0.015625,True,001226,1226,640,640,1,JPEG,.jpg,False
001227.jpg,True,845,1127,False,1,JPEG,1127,845,0,0,0,0,0.0,True,001227,1227,1127,845,1,JPEG,.jpg,False
001228.jpg,True,640,640,False,1,JPEG,640,640,3,0,0,2,0.01171875,True,001228,1228,640,640,1,JPEG,.jpg,False
001229.jpg,True,956,1274,False,1,JPEG,1274,956,0,0,0,0,0.0,True,001229,1229,1274,956,1,JPEG,.jpg,False
001230.jpg,True,640,640,False,1,JPEG,640,640,0,0,0,5,0.01953125,True,001230,1230,640,640,1,JPEG,.jpg,False
001231.jpg,True,801,1067,False,1,JPEG,1067,801,0,0,0,0,0.0,True,001231,1231,1067,801,1,JPEG,.jpg,False
001232.jpg,True,640,640,False,1,JPEG,640,640,0,0,0,0,0.0,True,001232,1232,640,640,1,JPEG,.jpg,False
001233.jpg,True,674,747,False,1,JPEG,747,674,0,0,0,0,0.0,True,001233,1233,747,674,1,JPEG,.jpg,False
001234.jpg,True,640,640,False,1,JPEG,640,640,0,6,4,0,0.0234375,True,001234,1234,640,640,1,JPEG,.jpg,False
001235.jpg,True,722,930,False,1,JPEG,930,722,0,0,0,0,0.0,True,001235,1235,930,722,1,JPEG,.jpg,False
001236.jpg,True,594,792,False,1,JPEG,792,594,0,0,0,0,0.0,True,001236,1236,792,594,1,JPEG,.jpg,False
001237.jpg,True,640,640,False,1,JPEG,640,640,1,0,0,1,0.00390625,True,001237,1237,640,640,1,JPEG,.jpg,False
001238.jpg,True,734,902,False,1,JPEG,902,734,0,0,0,0,0.0,True,001238,1238,902,734,1,JPEG,.jpg,False
001239.jpg,True,796,1127,False,1,JPEG,1127,796,0,0,0,0,0.0,True,001239,1239,1127,796,1,JPEG,.jpg,False
001240.jpg,True,640,640,False,1,JPEG,640,640,0,0,3,0,0.01171875,True,001240,1240,640,640,1,JPEG,.jpg,False
001241.jpg,True,723,965,False,1,JPEG,965,723,0,0,0,0,0.0,True,001241,1241,965,723,1,JPEG,.jpg,False
001242.jpg,True,640,640,False,1,JPEG,640,640,0,0,0,8,0.03125,True,001242,1242,640,640,1,JPEG,.jpg,False
001243.jpg,True,762,1016,False,1,JPEG,1016,762,0,0,0,0,0.0,True,001243,1243,1016,762,1,JPEG,.jpg,False
001244.jpg,True,640,640,False,1,JPEG,640,640,0,0,0,0,0.0,True,001244,1244,640,640,1,JPEG,.jpg,False
001245.jpg,True,993,1324,False,1,JPEG,1324,993,0,0,0,0,0.0,True,001245,1245,1324,993,1,JPEG,.jpg,False
001246.jpg,True,866,1155,False,1,JPEG,1155,866,0,0,0,0,0.0,True,001246,1246,1155,866,1,JPEG,.jpg,False
001247.jpg,True,640,640,False,1,JPEG,640,640,0,0,0,0,0.0,True,001247,1247,640,640,1,JPEG,.jpg,False
001248.jpg,True,886,1182,False,1,JPEG,1182,886,0,0,0,0,0.0,True,001248,1248,1182,886,1,JPEG,.jpg,False
001249.jpg,True,640,640,False,1,JPEG,640,640,0,0,0,0,0.0,True,001249,1249,640,640,1,JPEG,.jpg,False
001250.jpg,True,1029,1372,False,1,JPEG,1372,1029,0,0,0,0,0.0,True,001250,1250,1372,1029,1,JPEG,.jpg,False
001251.jpg,True,640,640,False,1,JPEG,640,640,5,0,1,0,0.01953125,True,001251,1251,640,640,1,JPEG,.jpg,False
001252.jpg,True,855,1225,False,1,JPEG,1225,855,0,0,0,0,0.0,True,001252,1252,1225,855,1,JPEG,.jpg,False
001253.jpg,True,640,640,False,1,JPEG,640,640,0,0,0,0,0.0,True,001253,1253,640,640,1,JPEG,.jpg,False
001254.jpg,True,886,992,False,1,JPEG,992,886,0,0,0,0,0.0,True,001254,1254,992,886,1,JPEG,.jpg,False
001255.jpg,True,640,640,False,1,JPEG,640,640,0,0,0,0,0.0,True,001255,1255,640,640,1,JPEG,.jpg,False
001256.jpg,True,993,1440,False,1,JPEG,1440,993,0,0,0,0,0.0,True,001256,1256,1440,993,1,JPEG,.jpg,False
001257.jpg,True,640,640,False,1,JPEG,640,640,1,0,3,0,0.01171875,True,001257,1257,640,640,1,JPEG,.jpg,False
001258.jpg,True,948,1264,False,1,JPEG,1264,948,0,0,0,0,0.0,True,001258,1258,1264,948,1,JPEG,.jpg,False
001259.jpg,True,1058,760,False,1,JPEG,760,1058,0,0,0,0,0.0,True,001259,1259,760,1058,1,JPEG,.jpg,False
001260.jpg,True,640,640,False,1,JPEG,640,640,0,7,1,0,0.02734375,True,001260,1260,640,640,1,JPEG,.jpg,False
001261.jpg,True,1431,1073,False,1,JPEG,1073,1431,0,0,0,0,0.0,True,001261,1261,1073,1431,1,JPEG,.jpg,False
001262.jpg,True,640,640,False,1,JPEG,640,640,0,3,0,0,0.01171875,True,001262,1262,640,640,1,JPEG,.jpg,False
001263.jpg,True,1436,1077,False,1,JPEG,1077,1436,0,0,0,0,0.0,True,001263,1263,1077,1436,1,JPEG,.jpg,False
001264.jpg,True,640,640,False,1,JPEG,640,640,0,0,0,0,0.0,True,001264,1264,640,640,1,JPEG,.jpg,False
001265.jpg,True,1483,1112,False,1,JPEG,1112,1483,0,0,0,0,0.0,True,001265,1265,1112,1483,1,JPEG,.jpg,False
001266.jpg,True,640,640,False,1,JPEG,640,640,0,5,6,0,0.0234375,True,001266,1266,640,640,1,JPEG,.jpg,False
001267.jpg,True,1490,1118,False,1,JPEG,1118,1490,0,0,0,0,0.0,True,001267,1267,1118,1490,1,JPEG,.jpg,False
001268.jpg,True,640,640,False,1,JPEG,640,640,0,4,1,0,0.015625,True,001268,1268,640,640,1,JPEG,.jpg,False
001269.jpg,True,1269,952,False,1,JPEG,952,1269,0,0,0,0,0.0,True,001269,1269,952,1269,1,JPEG,.jpg,False
001270.jpg,True,640,640,False,1,JPEG,640,640,0,1,0,0,0.00390625,True,001270,1270,640,640,1,JPEG,.jpg,False
001271.jpg,True,1419,1064,False,1,JPEG,1064,1419,0,0,0,0,0.0,True,001271,1271,1064,1419,1,JPEG,.jpg,False
001272.jpg,True,640,640,False,1,JPEG,640,640,1,0,3,0,0.01171875,True,001272,1272,640,640,1,JPEG,.jpg,False
001273.jpg,True,1251,939,False,1,JPEG,939,1251,0,0,0,0,0.0,True,001273,1273,939,1251,1,JPEG,.jpg,False
001274.jpg,True,640,640,False,1,JPEG,640,640,0,1,0,4,0.015625,True,001274,1274,640,640,1,JPEG,.jpg,False
001275.jpg,True,1443,1083,False,1,JPEG,1083,1443,0,0,0,0,0.0,True,001275,1275,1083,1443,1,JPEG,.jpg,False
001276.jpg,True,1229,922,False,1,JPEG,922,1229,0,0,0,0,0.0,True,001276,1276,922,1229,1,JPEG,.jpg,False
001277.jpg,True,640,640,False,1,JPEG,640,640,0,0,0,1,0.00390625,True,001277,1277,640,640,1,JPEG,.jpg,False
001278.jpg,True,1302,977,False,1,JPEG,977,1302,0,0,0,0,0.0,True,001278,1278,977,1302,1,JPEG,.jpg,False
001279.jpg,True,1219,915,False,1,JPEG,915,1219,0,0,0,0,0.0,True,001279,1279,915,1219,1,JPEG,.jpg,False
001280.jpg,True,640,640,False,1,JPEG,640,640,0,4,0,2,0.015625,True,001280,1280,640,640,1,JPEG,.jpg,False
001281.jpg,True,1378,1033,False,1,JPEG,1033,1378,0,0,0,0,0.0,True,001281,1281,1033,1378,1,JPEG,.jpg,False
001282.jpg,True,1253,940,False,1,JPEG,940,1253,0,0,0,0,0.0,True,001282,1282,940,1253,1,JPEG,.jpg,False
001283.jpg,True,1224,895,False,1,JPEG,895,1224,0,0,0,0,0.0,True,001283,1283,895,1224,1,JPEG,.jpg,False
001284.jpg,True,640,640,False,1,JPEG,640,640,0,4,0,0,0.015625,True,001284,1284,640,640,1,JPEG,.jpg,False
001285.jpg,True,1230,922,False,1,JPEG,922,1230,0,0,0,0,0.0,True,001285,1285,922,1230,1,JPEG,.jpg,False
001286.jpg,True,640,640,False,1,JPEG,640,640,0,3,0,0,0.01171875,True,001286,1286,640,640,1,JPEG,.jpg,False
001287.jpg,True,1311,983,False,1,JPEG,983,1311,0,0,0,0,0.0,True,001287,1287,983,1311,1,JPEG,.jpg,False
001288.jpg,True,1346,1009,False,1,JPEG,1009,1346,0,0,0,0,0.0,True,001288,1288,1009,1346,1,JPEG,.jpg,False
001289.jpg,True,1241,931,False,1,JPEG,931,1241,0,0,0,0,0.0,True,001289,1289,931,1241,1,JPEG,.jpg,False
001290.jpg,True,640,640,False,1,JPEG,640,640,0,0,0,0,0.0,True,001290,1290,640,640,1,JPEG,.jpg,False
001291.jpg,True,1264,948,False,1,JPEG,948,1264,0,0,0,0,0.0,True,001291,1291,948,1264,1,JPEG,.jpg,False
001292.jpg,True,640,640,False,1,JPEG,640,640,0,4,0,0,0.015625,True,001292,1292,640,640,1,JPEG,.jpg,False
001293.jpg,True,1077,1437,False,1,JPEG,1437,1077,0,0,0,0,0.0,True,001293,1293,1437,1077,1,JPEG,.jpg,False
001294.jpg,True,1125,1500,False,1,JPEG,1500,1125,0,0,0,0,0.0,True,001294,1294,1500,1125,1,JPEG,.jpg,False
001295.jpg,True,640,640,False,1,JPEG,640,640,0,0,0,0,0.0,True,001295,1295,640,640,1,JPEG,.jpg,False
001296.jpg,True,1312,984,False,1,JPEG,984,1312,0,0,0,0,0.0,True,001296,1296,984,1312,1,JPEG,.jpg,False
001297.jpg,True,640,640,False,1,JPEG,640,640,5,0,0,7,0.02734375,True,001297,1297,640,640,1,JPEG,.jpg,False
001298.jpg,True,694,1012,False,1,JPEG,1012,694,0,0,0,0,0.0,True,001298,1298,1012,694,1,JPEG,.jpg,False
001299.jpg,True,1379,1034,False,1,JPEG,1034,1379,0,0,0,0,0.0,True,001299,1299,1034,1379,1,JPEG,.jpg,False
001300.jpg,True,640,640,False,1,JPEG,640,640,0,0,0,1,0.00390625,True,001300,1300,640,640,1,JPEG,.jpg,False
001301.jpg,True,1477,1108,False,1,JPEG,1108,1477,0,0,0,0,0.0,True,001301,1301,1108,1477,1,JPEG,.jpg,False
001302.jpg,True,640,640,False,1,JPEG,640,640,0,0,0,0,0.0,True,001302,1302,640,640,1,JPEG,.jpg,False
001303.jpg,True,962,1283,False,1,JPEG,1283,962,0,0,0,0,0.0,True,001303,1303,1283,962,1,JPEG,.jpg,False
001304.jpg,True,1381,1036,False,1,JPEG,1036,1381,0,0,0,0,0.0,True,001304,1304,1036,1381,1,JPEG,.jpg,False
001305.jpg,True,640,640,False,1,JPEG,640,640,0,0,0,0,0.0,True,001305,1305,640,640,1,JPEG,.jpg,False
001306.jpg,True,1413,1060,False,1,JPEG,1060,1413,0,0,0,0,0.0,True,001306,1306,1060,1413,1,JPEG,.jpg,False
001307.jpg,True,1370,1028,False,1,JPEG,1028,1370,0,0,0,0,0.0,True,001307,1307,1028,1370,1,JPEG,.jpg,False
001308.jpg,True,640,640,False,1,JPEG,640,640,4,0,0,7,0.02734375,True,001308,1308,640,640,1,JPEG,.jpg,False
001309.jpg,True,1448,1086,False,1,JPEG,1086,1448,0,0,0,0,0.0,True,001309,1309,1086,1448,1,JPEG,.jpg,False
001310.jpg,True,640,640,False,1,JPEG,640,640,0,0,0,0,0.0,True,001310,1310,640,640,1,JPEG,.jpg,False
001311.jpg,True,1251,941,False,1,JPEG,941,1251,0,0,0,0,0.0,True,001311,1311,941,1251,1,JPEG,.jpg,False
001312.jpg,True,640,640,False,1,JPEG,640,640,0,1,1,0,0.00390625,True,001312,1312,640,640,1,JPEG,.jpg,False
001313.jpg,True,1454,1091,False,1,JPEG,1091,1454,0,0,0,0,0.0,True,001313,1313,1091,1454,1,JPEG,.jpg,False
001314.jpg,True,640,640,False,1,JPEG,640,640,0,7,0,7,0.02734375,True,001314,1314,640,640,1,JPEG,.jpg,False
001315.jpg,True,1148,865,False,1,JPEG,865,1148,0,0,0,0,0.0,True,001315,1315,865,1148,1,JPEG,.jpg,False
001316.jpg,True,640,640,False,1,JPEG,640,640,0,0,2,0,0.0078125,True,001316,1316,640,640,1,JPEG,.jpg,False
001317.jpg,True,1105,863,False,1,JPEG,863,1105,0,0,0,0,0.0,True,001317,1317,863,1105,1,JPEG,.jpg,False
001318.jpg,True,640,640,False,1,JPEG,640,640,0,1,0,4,0.015625,True,001318,1318,640,640,1,JPEG,.jpg,False
001319.jpg,True,907,1389,False,1,JPEG,1389,907,0,0,0,0,0.0,True,001319,1319,1389,907,1,JPEG,.jpg,False
001320.jpg,True,640,640,False,1,JPEG,640,640,0,5,0,0,0.01953125,True,001320,1320,640,640,1,JPEG,.jpg,False
001321.jpg,True,1275,956,False,1,JPEG,956,1275,0,0,0,0,0.0,True,001321,1321,956,1275,1,JPEG,.jpg,False
001322.jpg,True,640,640,False,1,JPEG,640,640,5,0,0,8,0.03125,True,001322,1322,640,640,1,JPEG,.jpg,False
001323.jpg,True,1508,1131,False,1,JPEG,1131,1508,0,0,0,0,0.0,True,001323,1323,1131,1508,1,JPEG,.jpg,False
001324.jpg,True,640,640,False,1,JPEG,640,640,0,2,0,0,0.0078125,True,001324,1324,640,640,1,JPEG,.jpg,False
001325.jpg,True,1268,951,False,1,JPEG,951,1268,0,0,0,0,0.0,True,001325,1325,951,1268,1,JPEG,.jpg,False
001326.jpg,True,1055,1407,False,1,JPEG,1407,1055,0,0,0,0,0.0,True,001326,1326,1407,1055,1,JPEG,.jpg,False
001327.jpg,True,640,640,False,1,JPEG,640,640,0,4,0,0,0.015625,True,001327,1327,640,640,1,JPEG,.jpg,False
001328.jpg,True,984,1313,False,1,JPEG,1313,984,0,0,0,0,0.0,True,001328,1328,1313,984,1,JPEG,.jpg,False
001329.jpg,True,640,640,False,1,JPEG,640,640,0,11,0,0,0.04296875,True,001329,1329,640,640,1,JPEG,.jpg,False
001330.jpg,True,640,640,False,1,JPEG,640,640,0,1,0,2,0.0078125,True,001330,1330,640,640,1,JPEG,.jpg,False
001331.jpg,True,1208,906,False,1,JPEG,906,1208,0,0,0,0,0.0,True,001331,1331,906,1208,1,JPEG,.jpg,False
001332.jpg,True,1360,1020,False,1,JPEG,1020,1360,0,0,0,0,0.0,True,001332,1332,1020,1360,1,JPEG,.jpg,False
001333.jpg,True,640,640,False,1,JPEG,640,640,0,8,0,0,0.03125,True,001333,1333,640,640,1,JPEG,.jpg,False
001334.jpg,True,1246,1032,False,1,JPEG,1032,1246,0,0,0,0,0.0,True,001334,1334,1032,1246,1,JPEG,.jpg,False
001335.jpg,True,640,640,False,1,JPEG,640,640,0,0,0,0,0.0,True,001335,1335,640,640,1,JPEG,.jpg,False
001336.jpg,True,1295,971,False,1,JPEG,971,1295,0,0,0,0,0.0,True,001336,1336,971,1295,1,JPEG,.jpg,False
001337.jpg,True,640,640,False,1,JPEG,640,640,0,0,2,0,0.0078125,True,001337,1337,640,640,1,JPEG,.jpg,False
001338.jpg,True,1164,873,False,1,JPEG,873,1164,0,0,0,0,0.0,True,001338,1338,873,1164,1,JPEG,.jpg,False
001339.jpg,True,640,640,False,1,JPEG,640,640,0,0,6,0,0.0234375,True,001339,1339,640,640,1,JPEG,.jpg,False
001340.jpg,True,1036,902,False,1,JPEG,902,1036,0,0,0,0,0.0,True,001340,1340,902,1036,1,JPEG,.jpg,False
001341.jpg,True,640,640,False,1,JPEG,640,640,3,0,0,0,0.01171875,True,001341,1341,640,640,1,JPEG,.jpg,False
001342.jpg,True,979,1305,False,1,JPEG,1305,979,0,0,0,0,0.0,True,001342,1342,1305,979,1,JPEG,.jpg,False
001343.jpg,True,640,640,False,1,JPEG,640,640,0,8,2,0,0.03125,True,001343,1343,640,640,1,JPEG,.jpg,False
001344.jpg,True,840,1120,False,1,JPEG,1120,840,0,0,0,0,0.0,True,001344,1344,1120,840,1,JPEG,.jpg,False
001345.jpg,True,892,1189,False,1,JPEG,1189,892,0,0,0,0,0.0,True,001345,1345,1189,892,1,JPEG,.jpg,False
001346.jpg,True,640,640,False,1,JPEG,640,640,2,0,0,0,0.0078125,True,001346,1346,640,640,1,JPEG,.jpg,False
001347.jpg,True,1158,869,False,1,JPEG,869,1158,0,0,0,0,0.0,True,001347,1347,869,1158,1,JPEG,.jpg,False
001348.jpg,True,640,640,False,1,JPEG,640,640,1,0,0,0,0.00390625,True,001348,1348,640,640,1,JPEG,.jpg,False
001349.jpg,True,1207,905,False,1,JPEG,905,1207,0,0,0,0,0.0,True,001349,1349,905,1207,1,JPEG,.jpg,False
001350.jpg,True,640,640,False,1,JPEG,640,640,2,0,0,0,0.0078125,True,001350,1350,640,640,1,JPEG,.jpg,False
001351.jpg,True,1349,1012,False,1,JPEG,1012,1349,0,0,0,0,0.0,True,001351,1351,1012,1349,1,JPEG,.jpg,False
001352.jpg,True,1298,974,False,1,JPEG,974,1298,0,0,0,0,0.0,True,001352,1352,974,1298,1,JPEG,.jpg,False
001353.jpg,True,640,640,False,1,JPEG,640,640,0,1,0,0,0.00390625,True,001353,1353,640,640,1,JPEG,.jpg,False
001354.jpg,True,1018,1357,False,1,JPEG,1357,1018,0,0,0,0,0.0,True,001354,1354,1357,1018,1,JPEG,.jpg,False
001355.jpg,True,939,1117,False,1,JPEG,1117,939,0,0,0,0,0.0,True,001355,1355,1117,939,1,JPEG,.jpg,False
001356.jpg,True,1282,909,False,1,JPEG,909,1282,0,0,0,0,0.0,True,001356,1356,909,1282,1,JPEG,.jpg,False
001357.jpg,True,640,640,False,1,JPEG,640,640,0,1,1,0,0.00390625,True,001357,1357,640,640,1,JPEG,.jpg,False
001358.jpg,True,1141,885,False,1,JPEG,885,1141,0,0,0,0,0.0,True,001358,1358,885,1141,1,JPEG,.jpg,False
001359.jpg,True,640,640,False,1,JPEG,640,640,7,0,0,7,0.02734375,True,001359,1359,640,640,1,JPEG,.jpg,False
001360.jpg,True,1238,928,False,1,JPEG,928,1238,0,0,0,0,0.0,True,001360,1360,928,1238,1,JPEG,.jpg,False
001361.jpg,True,640,640,False,1,JPEG,640,640,0,1,0,3,0.01171875,True,001361,1361,640,640,1,JPEG,.jpg,False
001362.jpg,True,1116,863,False,1,JPEG,863,1116,0,0,0,0,0.0,True,001362,1362,863,1116,1,JPEG,.jpg,False
001363.jpg,True,640,640,False,1,JPEG,640,640,8,0,0,7,0.03125,True,001363,1363,640,640,1,JPEG,.jpg,False
001364.jpg,True,1080,802,False,1,JPEG,802,1080,0,0,0,0,0.0,True,001364,1364,802,1080,1,JPEG,.jpg,False
001365.jpg,True,1308,981,False,1,JPEG,981,1308,0,0,0,0,0.0,True,001365,1365,981,1308,1,JPEG,.jpg,False
001366.jpg,True,961,1282,False,1,JPEG,1282,961,0,0,0,0,0.0,True,001366,1366,1282,961,1,JPEG,.jpg,False
001367.jpg,True,640,640,False,1,JPEG,640,640,0,2,0,7,0.02734375,True,001367,1367,640,640,1,JPEG,.jpg,False
001368.jpg,True,1288,966,False,1,JPEG,966,1288,0,0,0,0,0.0,True,001368,1368,966,1288,1,JPEG,.jpg,False
001369.jpg,True,1011,1348,False,1,JPEG,1348,1011,0,0,0,0,0.0,True,001369,1369,1348,1011,1,JPEG,.jpg,False
001370.jpg,True,1219,914,False,1,JPEG,914,1219,0,0,0,0,0.0,True,001370,1370,914,1219,1,JPEG,.jpg,False
001371.jpg,True,1272,954,False,1,JPEG,954,1272,0,0,0,0,0.0,True,001371,1371,954,1272,1,JPEG,.jpg,False
001372.jpg,True,1294,970,False,1,JPEG,970,1294,0,0,0,0,0.0,True,001372,1372,970,1294,1,JPEG,.jpg,False
001373.jpg,True,640,640,False,1,JPEG,640,640,0,0,0,0,0.0,True,001373,1373,640,640,1,JPEG,.jpg,False
001374.jpg,True,944,1259,False,1,JPEG,1259,944,0,0,0,0,0.0,True,001374,1374,1259,944,1,JPEG,.jpg,False
001375.jpg,True,640,640,False,1,JPEG,640,640,2,0,0,1,0.0078125,True,001375,1375,640,640,1,JPEG,.jpg,False
001376.jpg,True,1367,1025,False,1,JPEG,1025,1367,0,0,0,0,0.0,True,001376,1376,1025,1367,1,JPEG,.jpg,False
001377.jpg,True,640,640,False,1,JPEG,640,640,0,0,0,0,0.0,True,001377,1377,640,640,1,JPEG,.jpg,False
001378.jpg,True,1276,957,False,1,JPEG,957,1276,0,0,0,0,0.0,True,001378,1378,957,1276,1,JPEG,.jpg,False
001379.jpg,True,640,640,False,1,JPEG,640,640,0,1,0,7,0.02734375,True,001379,1379,640,640,1,JPEG,.jpg,False
001380.jpg,True,1322,991,False,1,JPEG,991,1322,0,0,0,0,0.0,True,001380,1380,991,1322,1,JPEG,.jpg,False
001381.jpg,True,640,640,False,1,JPEG,640,640,2,0,0,2,0.0078125,True,001381,1381,640,640,1,JPEG,.jpg,False
001382.jpg,True,1264,948,False,1,JPEG,948,1264,0,0,0,0,0.0,True,001382,1382,948,1264,1,JPEG,.jpg,False
001383.jpg,True,640,640,False,1,JPEG,640,640,0,5,6,0,0.0234375,True,001383,1383,640,640,1,JPEG,.jpg,False
001384.jpg,True,1127,878,False,1,JPEG,878,1127,0,0,0,0,0.0,True,001384,1384,878,1127,1,JPEG,.jpg,False
001385.jpg,True,640,640,False,1,JPEG,640,640,0,1,0,0,0.00390625,True,001385,1385,640,640,1,JPEG,.jpg,False
001386.jpg,True,928,604,False,1,JPEG,604,928,0,0,0,0,0.0,True,001386,1386,604,928,1,JPEG,.jpg,False
001387.jpg,True,930,698,False,1,JPEG,698,930,0,0,0,0,0.0,True,001387,1387,698,930,1,JPEG,.jpg,False
001388.jpg,True,640,640,False,1,JPEG,640,640,0,7,0,1,0.02734375,True,001388,1388,640,640,1,JPEG,.jpg,False
001389.jpg,True,1131,849,False,1,JPEG,849,1131,0,0,0,0,0.0,True,001389,1389,849,1131,1,JPEG,.jpg,False
001390.jpg,True,640,640,False,1,JPEG,640,640,0,10,2,0,0.0390625,True,001390,1390,640,640,1,JPEG,.jpg,False
001391.jpg,True,756,1008,False,1,JPEG,1008,756,0,0,0,0,0.0,True,001391,1391,1008,756,1,JPEG,.jpg,False
001392.jpg,True,640,640,False,1,JPEG,640,640,0,6,6,0,0.0234375,True,001392,1392,640,640,1,JPEG,.jpg,False
001393.jpg,True,722,557,False,1,JPEG,557,722,0,0,0,0,0.0,True,001393,1393,557,722,1,JPEG,.jpg,False
001394.jpg,True,2036,1545,False,1,JPEG,1545,2036,0,0,0,0,0.0,True,001394,1394,1545,2036,1,JPEG,.jpg,True
001395.jpg,True,640,640,False,1,JPEG,640,640,0,0,0,7,0.02734375,True,001395,1395,640,640,1,JPEG,.jpg,False
001396.jpg,True,717,577,False,1,JPEG,577,717,0,0,0,0,0.0,True,001396,1396,577,717,1,JPEG,.jpg,False
001397.jpg,True,640,640,False,1,JPEG,640,640,0,4,0,0,0.015625,True,001397,1397,640,640,1,JPEG,.jpg,False
001398.jpg,True,819,745,False,1,JPEG,745,819,0,0,0,0,0.0,True,001398,1398,745,819,1,JPEG,.jpg,False
001399.jpg,True,640,640,False,1,JPEG,640,640,0,0,0,1,0.00390625,True,001399,1399,640,640,1,JPEG,.jpg,False
001400.jpg,True,755,664,False,1,JPEG,664,755,0,0,0,0,0.0,True,001400,1400,664,755,1,JPEG,.jpg,False
001401.jpg,True,640,640,False,1,JPEG,640,640,1,0,7,0,0.02734375,True,001401,1401,640,640,1,JPEG,.jpg,False
001402.jpg,True,777,585,False,1,JPEG,585,777,0,0,0,0,0.0,True,001402,1402,585,777,1,JPEG,.jpg,False
001403.jpg,True,640,640,False,1,JPEG,640,640,2,0,0,0,0.0078125,True,001403,1403,640,640,1,JPEG,.jpg,False
001404.jpg,True,590,528,False,1,JPEG,528,590,0,0,0,0,0.0,True,001404,1404,528,590,1,JPEG,.jpg,False
001405.jpg,True,640,640,False,1,JPEG,640,640,0,0,1,0,0.00390625,True,001405,1405,640,640,1,JPEG,.jpg,False
001406.jpg,True,818,693,False,1,JPEG,693,818,0,0,0,0,0.0,True,001406,1406,693,818,1,JPEG,.jpg,False
001407.jpg,True,640,640,False,1,JPEG,640,640,8,0,0,0,0.03125,True,001407,1407,640,640,1,JPEG,.jpg,False
001408.jpg,True,1008,756,False,1,JPEG,756,1008,0,0,0,0,0.0,True,001408,1408,756,1008,1,JPEG,.jpg,False
001409.jpg,True,640,640,False,1,JPEG,640,640,0,0,0,0,0.0,True,001409,1409,640,640,1,JPEG,.jpg,False
001410.jpg,True,965,723,False,1,JPEG,723,965,0,0,0,0,0.0,True,001410,1410,723,965,1,JPEG,.jpg,False
001411.jpg,True,1008,756,False,1,JPEG,756,1008,0,0,0,0,0.0,True,001411,1411,756,1008,1,JPEG,.jpg,False
001412.jpg,True,640,640,False,1,JPEG,640,640,0,1,0,2,0.0078125,True,001412,1412,640,640,1,JPEG,.jpg,False
001413.jpg,True,2048,1535,False,1,JPEG,1535,2048,0,0,0,0,0.0,True,001413,1413,1535,2048,1,JPEG,.jpg,True
001414.jpg,True,640,640,False,1,JPEG,640,640,0,1,1,0,0.00390625,True,001414,1414,640,640,1,JPEG,.jpg,False
001415.jpg,True,1008,756,False,1,JPEG,756,1008,0,0,0,0,0.0,True,001415,1415,756,1008,1,JPEG,.jpg,False
001416.jpg,True,1008,756,False,1,JPEG,756,1008,0,0,0,0,0.0,True,001416,1416,756,1008,1,JPEG,.jpg,False
001417.jpg,True,640,640,False,1,JPEG,640,640,0,9,8,0,0.03515625,True,001417,1417,640,640,1,JPEG,.jpg,False
001418.jpg,True,839,637,False,1,JPEG,637,839,0,0,0,0,0.0,True,001418,1418,637,839,1,JPEG,.jpg,False
001419.jpg,True,640,640,False,1,JPEG,640,640,0,0,0,0,0.0,True,001419,1419,640,640,1,JPEG,.jpg,False
001420.jpg,True,1008,756,False,1,JPEG,756,1008,0,0,0,0,0.0,True,001420,1420,756,1008,1,JPEG,.jpg,False
001421.jpg,True,640,640,False,1,JPEG,640,640,0,0,0,0,0.0,True,001421,1421,640,640,1,JPEG,.jpg,False
001422.jpg,True,989,640,False,1,JPEG,640,989,0,0,0,0,0.0,True,001422,1422,640,989,1,JPEG,.jpg,False
001423.jpg,True,640,640,False,1,JPEG,640,640,0,2,0,5,0.01953125,True,001423,1423,640,640,1,JPEG,.jpg,False
001424.jpg,True,941,705,False,1,JPEG,705,941,0,0,0,0,0.0,True,001424,1424,705,941,1,JPEG,.jpg,False
001425.jpg,True,640,640,False,1,JPEG,640,640,0,0,0,0,0.0,True,001425,1425,640,640,1,JPEG,.jpg,False
001426.jpg,True,936,604,False,1,JPEG,604,936,0,0,0,0,0.0,True,001426,1426,604,936,1,JPEG,.jpg,False
001427.jpg,True,998,679,False,1,JPEG,679,998,0,0,0,0,0.0,True,001427,1427,679,998,1,JPEG,.jpg,False
001428.jpg,True,640,640,False,1,JPEG,640,640,3,0,0,0,0.01171875,True,001428,1428,640,640,1,JPEG,.jpg,False
001429.jpg,True,1008,756,False,1,JPEG,756,1008,0,0,0,0,0.0,True,001429,1429,756,1008,1,JPEG,.jpg,False
001430.jpg,True,640,640,False,1,JPEG,640,640,7,0,0,7,0.02734375,True,001430,1430,640,640,1,JPEG,.jpg,False
001431.jpg,True,640,640,False,1,JPEG,640,640,0,4,2,0,0.015625,True,001431,1431,640,640,1,JPEG,.jpg,False
001432.jpg,True,1008,756,False,1,JPEG,756,1008,0,0,0,0,0.0,True,001432,1432,756,1008,1,JPEG,.jpg,False
001433.jpg,True,640,640,False,1,JPEG,640,640,0,2,2,0,0.0078125,True,001433,1433,640,640,1,JPEG,.jpg,False
001434.jpg,True,1008,756,False,1,JPEG,756,1008,0,0,0,0,0.0,True,001434,1434,756,1008,1,JPEG,.jpg,False
001435.jpg,True,640,640,False,1,JPEG,640,640,1,0,3,0,0.01171875,True,001435,1435,640,640,1,JPEG,.jpg,False
001436.jpg,True,985,739,False,1,JPEG,739,985,0,0,0,0,0.0,True,001436,1436,739,985,1,JPEG,.jpg,False
001437.jpg,True,907,683,False,1,JPEG,683,907,0,0,0,0,0.0,True,001437,1437,683,907,1,JPEG,.jpg,False
001438.jpg,True,640,640,False,1,JPEG,640,640,0,5,1,0,0.01953125,True,001438,1438,640,640,1,JPEG,.jpg,False
001439.jpg,True,1008,756,False,1,JPEG,756,1008,0,0,0,0,0.0,True,001439,1439,756,1008,1,JPEG,.jpg,False
001440.jpg,True,640,640,False,1,JPEG,640,640,0,4,0,0,0.015625,True,001440,1440,640,640,1,JPEG,.jpg,False
001441.jpg,True,985,739,False,1,JPEG,739,985,0,0,0,0,0.0,True,001441,1441,739,985,1,JPEG,.jpg,False
001442.jpg,True,640,640,False,1,JPEG,640,640,0,0,7,0,0.02734375,True,001442,1442,640,640,1,JPEG,.jpg,False
001443.jpg,True,965,723,False,1,JPEG,723,965,0,0,0,0,0.0,True,001443,1443,723,965,1,JPEG,.jpg,False
001444.jpg,True,640,640,False,1,JPEG,640,640,0,3,0,0,0.01171875,True,001444,1444,640,640,1,JPEG,.jpg,False
001445.jpg,True,993,731,False,1,JPEG,731,993,0,0,0,0,0.0,True,001445,1445,731,993,1,JPEG,.jpg,False
001446.jpg,True,640,640,False,1,JPEG,640,640,0,0,0,0,0.0,True,001446,1446,640,640,1,JPEG,.jpg,False
001447.jpg,True,981,728,False,1,JPEG,728,981,0,0,0,0,0.0,True,001447,1447,728,981,1,JPEG,.jpg,False
001448.jpg,True,640,640,False,1,JPEG,640,640,2,0,0,0,0.0078125,True,001448,1448,640,640,1,JPEG,.jpg,False
001449.jpg,True,946,710,False,1,JPEG,710,946,0,0,0,0,0.0,True,001449,1449,710,946,1,JPEG,.jpg,False
001450.jpg,True,1008,756,False,1,JPEG,756,1008,0,0,0,0,0.0,True,001450,1450,756,1008,1,JPEG,.jpg,False
001451.jpg,True,640,640,False,1,JPEG,640,640,0,0,0,1,0.00390625,True,001451,1451,640,640,1,JPEG,.jpg,False
001452.jpg,True,907,680,False,1,JPEG,680,907,0,0,0,0,0.0,True,001452,1452,680,907,1,JPEG,.jpg,False
001453.jpg,True,640,640,False,1,JPEG,640,640,0,0,0,0,0.0,True,001453,1453,640,640,1,JPEG,.jpg,False
001454.jpg,True,910,680,False,1,JPEG,680,910,0,0,0,0,0.0,True,001454,1454,680,910,1,JPEG,.jpg,False
001455.jpg,True,640,640,False,1,JPEG,640,640,0,0,0,0,0.0,True,001455,1455,640,640,1,JPEG,.jpg,False
001456.jpg,True,863,644,False,1,JPEG,644,863,0,0,0,0,0.0,True,001456,1456,644,863,1,JPEG,.jpg,False
001457.jpg,True,640,640,False,1,JPEG,640,640,0,1,0,0,0.00390625,True,001457,1457,640,640,1,JPEG,.jpg,False
001458.jpg,True,914,685,False,1,JPEG,685,914,0,0,0,0,0.0,True,001458,1458,685,914,1,JPEG,.jpg,False
001459.jpg,True,640,640,False,1,JPEG,640,640,0,4,0,1,0.015625,True,001459,1459,640,640,1,JPEG,.jpg,False
001460.jpg,True,871,645,False,1,JPEG,645,871,0,0,0,0,0.0,True,001460,1460,645,871,1,JPEG,.jpg,False
001461.jpg,True,957,717,False,1,JPEG,717,957,0,0,0,0,0.0,True,001461,1461,717,957,1,JPEG,.jpg,False
001462.jpg,True,1008,756,False,1,JPEG,756,1008,0,0,0,0,0.0,True,001462,1462,756,1008,1,JPEG,.jpg,False
001463.jpg,True,640,640,False,1,JPEG,640,640,9,0,0,8,0.03515625,True,001463,1463,640,640,1,JPEG,.jpg,False
001464.jpg,True,866,649,False,1,JPEG,649,866,0,0,0,0,0.0,True,001464,1464,649,866,1,JPEG,.jpg,False
001465.jpg,True,640,640,False,1,JPEG,640,640,0,0,0,8,0.03125,True,001465,1465,640,640,1,JPEG,.jpg,False
001466.jpg,True,1008,756,False,1,JPEG,756,1008,0,0,0,0,0.0,True,001466,1466,756,1008,1,JPEG,.jpg,False
001467.jpg,True,640,640,False,1,JPEG,640,640,0,0,0,0,0.0,True,001467,1467,640,640,1,JPEG,.jpg,False
001468.jpg,True,876,656,False,1,JPEG,656,876,0,0,0,0,0.0,True,001468,1468,656,876,1,JPEG,.jpg,False
001469.jpg,True,640,640,False,1,JPEG,640,640,0,6,2,0,0.0234375,True,001469,1469,640,640,1,JPEG,.jpg,False
001470.jpg,True,1008,756,False,1,JPEG,756,1008,0,0,0,0,0.0,True,001470,1470,756,1008,1,JPEG,.jpg,False
001471.jpg,True,640,640,False,1,JPEG,640,640,0,2,2,0,0.0078125,True,001471,1471,640,640,1,JPEG,.jpg,False
001472.jpg,True,1008,756,False,1,JPEG,756,1008,0,0,0,0,0.0,True,001472,1472,756,1008,1,JPEG,.jpg,False
001473.jpg,True,640,640,False,1,JPEG,640,640,4,0,0,8,0.03125,True,001473,1473,640,640,1,JPEG,.jpg,False
001474.jpg,True,1008,756,False,1,JPEG,756,1008,0,0,0,0,0.0,True,001474,1474,756,1008,1,JPEG,.jpg,False
001475.jpg,True,640,640,False,1,JPEG,640,640,0,12,0,8,0.046875,True,001475,1475,640,640,1,JPEG,.jpg,False
001476.jpg,True,870,652,False,1,JPEG,652,870,0,0,0,0,0.0,True,001476,1476,652,870,1,JPEG,.jpg,False
001477.jpg,True,640,640,False,1,JPEG,640,640,0,0,7,0,0.02734375,True,001477,1477,640,640,1,JPEG,.jpg,False
001478.jpg,True,1008,756,False,1,JPEG,756,1008,0,0,0,0,0.0,True,001478,1478,756,1008,1,JPEG,.jpg,False
001479.jpg,True,640,640,False,1,JPEG,640,640,1,2,0,0,0.01171875,True,001479,1479,640,640,1,JPEG,.jpg,False
001480.jpg,True,929,695,False,1,JPEG,695,929,0,0,0,0,0.0,True,001480,1480,695,929,1,JPEG,.jpg,False
001481.jpg,True,1008,756,False,1,JPEG,756,1008,0,0,0,0,0.0,True,001481,1481,756,1008,1,JPEG,.jpg,False
001482.jpg,True,640,640,False,1,JPEG,640,640,5,0,0,6,0.0234375,True,001482,1482,640,640,1,JPEG,.jpg,False
001483.jpg,True,1008,756,False,1,JPEG,756,1008,0,0,0,0,0.0,True,001483,1483,756,1008,1,JPEG,.jpg,False
001484.jpg,True,965,723,False,1,JPEG,723,965,0,0,0,0,0.0,True,001484,1484,723,965,1,JPEG,.jpg,False
001485.jpg,True,640,640,False,1,JPEG,640,640,4,0,0,0,0.015625,True,001485,1485,640,640,1,JPEG,.jpg,False
001486.jpg,True,1008,756,False,1,JPEG,756,1008,0,0,0,0,0.0,True,001486,1486,756,1008,1,JPEG,.jpg,False
001487.jpg,True,640,640,False,1,JPEG,640,640,0,0,0,1,0.00390625,True,001487,1487,640,640,1,JPEG,.jpg,False
001488.jpg,True,1008,756,False,1,JPEG,756,1008,0,0,0,0,0.0,True,001488,1488,756,1008,1,JPEG,.jpg,False
001489.jpg,True,640,640,False,1,JPEG,640,640,0,0,0,0,0.0,True,001489,1489,640,640,1,JPEG,.jpg,False
001490.jpg,True,1008,756,False,1,JPEG,756,1008,0,0,0,0,0.0,True,001490,1490,756,1008,1,JPEG,.jpg,False
001491.jpg,True,873,656,False,1,JPEG,656,873,0,0,0,0,0.0,True,001491,1491,656,873,1,JPEG,.jpg,False
001492.jpg,True,640,640,False,1,JPEG,640,640,8,0,0,0,0.03125,True,001492,1492,640,640,1,JPEG,.jpg,False
001493.jpg,True,922,690,False,1,JPEG,690,922,0,0,0,0,0.0,True,001493,1493,690,922,1,JPEG,.jpg,False
001494.jpg,True,640,640,False,1,JPEG,640,640,0,0,0,0,0.0,True,001494,1494,640,640,1,JPEG,.jpg,False
001495.jpg,True,1008,756,False,1,JPEG,756,1008,0,0,0,0,0.0,True,001495,1495,756,1008,1,JPEG,.jpg,False
001496.jpg,True,1008,756,False,1,JPEG,756,1008,0,0,0,0,0.0,True,001496,1496,756,1008,1,JPEG,.jpg,False
001497.jpg,True,640,640,False,1,JPEG,640,640,0,0,8,0,0.03125,True,001497,1497,640,640,1,JPEG,.jpg,False
001498.jpg,True,1008,756,False,1,JPEG,756,1008,0,0,0,0,0.0,True,001498,1498,756,1008,1,JPEG,.jpg,False
001499.jpg,True,640,640,False,1,JPEG,640,640,3,0,0,0,0.01171875,True,001499,1499,640,640,1,JPEG,.jpg,False
001500.jpg,True,933,699,False,1,JPEG,699,933,0,0,0,0,0.0,True,001500,1500,699,933,1,JPEG,.jpg,False
001501.jpg,True,640,640,False,1,JPEG,640,640,0,0,0,0,0.0,True,001501,1501,640,640,1,JPEG,.jpg,False
001502.jpg,True,1008,756,False,1,JPEG,756,1008,0,0,0,0,0.0,True,001502,1502,756,1008,1,JPEG,.jpg,False
001503.jpg,True,640,640,False,1,JPEG,640,640,0,5,3,0,0.01953125,True,001503,1503,640,640,1,JPEG,.jpg,False
001504.jpg,True,1032,831,False,1,JPEG,831,1032,0,0,0,0,0.0,True,001504,1504,831,1032,1,JPEG,.jpg,False
001505.jpg,True,640,640,False,1,JPEG,640,640,0,0,0,2,0.0078125,True,001505,1505,640,640,1,JPEG,.jpg,False
001506.jpg,True,925,793,False,1,JPEG,793,925,0,0,0,0,0.0,True,001506,1506,793,925,1,JPEG,.jpg,False
001507.jpg,True,640,640,False,1,JPEG,640,640,0,1,0,1,0.00390625,True,001507,1507,640,640,1,JPEG,.jpg,False
001508.jpg,True,1051,824,False,1,JPEG,824,1051,0,0,0,0,0.0,True,001508,1508,824,1051,1,JPEG,.jpg,False
001509.jpg,True,640,640,False,1,JPEG,640,640,1,0,0,3,0.01171875,True,001509,1509,640,640,1,JPEG,.jpg,False
001510.jpg,True,1296,972,False,1,JPEG,972,1296,0,0,0,0,0.0,True,001510,1510,972,1296,1,JPEG,.jpg,False
001511.jpg,True,640,640,False,1,JPEG,640,640,0,1,0,3,0.01171875,True,001511,1511,640,640,1,JPEG,.jpg,False
001512.jpg,True,1023,767,False,1,JPEG,767,1023,0,0,0,0,0.0,True,001512,1512,767,1023,1,JPEG,.jpg,False
001513.jpg,True,640,640,False,1,JPEG,640,640,0,8,1,0,0.03125,True,001513,1513,640,640,1,JPEG,.jpg,False
001514.jpg,True,1041,781,False,1,JPEG,781,1041,0,0,0,0,0.0,True,001514,1514,781,1041,1,JPEG,.jpg,False
001515.jpg,True,640,640,False,1,JPEG,640,640,0,0,6,0,0.0234375,True,001515,1515,640,640,1,JPEG,.jpg,False
001516.jpg,True,945,709,False,1,JPEG,709,945,0,0,0,0,0.0,True,001516,1516,709,945,1,JPEG,.jpg,False
001517.jpg,True,640,640,False,1,JPEG,640,640,0,0,0,1,0.00390625,True,001517,1517,640,640,1,JPEG,.jpg,False
001518.jpg,True,1218,914,False,1,JPEG,914,1218,0,0,0,0,0.0,True,001518,1518,914,1218,1,JPEG,.jpg,False
001519.jpg,True,640,640,False,1,JPEG,640,640,0,2,2,0,0.0078125,True,001519,1519,640,640,1,JPEG,.jpg,False
001520.jpg,True,1043,782,False,1,JPEG,782,1043,0,0,0,0,0.0,True,001520,1520,782,1043,1,JPEG,.jpg,False
001521.jpg,True,640,640,False,1,JPEG,640,640,0,7,0,0,0.02734375,True,001521,1521,640,640,1,JPEG,.jpg,False
001522.jpg,True,1146,860,False,1,JPEG,860,1146,0,0,0,0,0.0,True,001522,1522,860,1146,1,JPEG,.jpg,False
001523.jpg,True,640,640,False,1,JPEG,640,640,0,1,0,8,0.03125,True,001523,1523,640,640,1,JPEG,.jpg,False
001524.jpg,True,1113,835,False,1,JPEG,835,1113,0,0,0,0,0.0,True,001524,1524,835,1113,1,JPEG,.jpg,False
001525.jpg,True,640,640,False,1,JPEG,640,640,0,0,4,0,0.015625,True,001525,1525,640,640,1,JPEG,.jpg,False
001526.jpg,True,1210,907,False,1,JPEG,907,1210,0,0,0,0,0.0,True,001526,1526,907,1210,1,JPEG,.jpg,False
001527.jpg,True,640,640,False,1,JPEG,640,640,0,0,0,0,0.0,True,001527,1527,640,640,1,JPEG,.jpg,False
001528.jpg,True,1060,795,False,1,JPEG,795,1060,0,0,0,0,0.0,True,001528,1528,795,1060,1,JPEG,.jpg,False
001529.jpg,True,1009,773,False,1,JPEG,773,1009,0,0,0,0,0.0,True,001529,1529,773,1009,1,JPEG,.jpg,False
001530.jpg,True,640,640,False,1,JPEG,640,640,0,0,0,0,0.0,True,001530,1530,640,640,1,JPEG,.jpg,False
001531.jpg,True,1166,874,False,1,JPEG,874,1166,0,0,0,0,0.0,True,001531,1531,874,1166,1,JPEG,.jpg,False
001532.jpg,True,1216,912,False,1,JPEG,912,1216,0,0,0,0,0.0,True,001532,1532,912,1216,1,JPEG,.jpg,False
001533.jpg,True,640,640,False,1,JPEG,640,640,0,5,0,0,0.01953125,True,001533,1533,640,640,1,JPEG,.jpg,False
001534.jpg,True,1173,879,False,1,JPEG,879,1173,0,0,0,0,0.0,True,001534,1534,879,1173,1,JPEG,.jpg,False
001535.jpg,True,640,640,False,1,JPEG,640,640,0,0,6,0,0.0234375,True,001535,1535,640,640,1,JPEG,.jpg,False
001536.jpg,True,1177,883,False,1,JPEG,883,1177,0,0,0,0,0.0,True,001536,1536,883,1177,1,JPEG,.jpg,False
001537.jpg,True,640,640,False,1,JPEG,640,640,0,0,0,0,0.0,True,001537,1537,640,640,1,JPEG,.jpg,False
001538.jpg,True,1097,823,False,1,JPEG,823,1097,0,0,0,0,0.0,True,001538,1538,823,1097,1,JPEG,.jpg,False
001539.jpg,True,640,640,False,1,JPEG,640,640,4,0,0,0,0.015625,True,001539,1539,640,640,1,JPEG,.jpg,False
001540.jpg,True,1155,866,False,1,JPEG,866,1155,0,0,0,0,0.0,True,001540,1540,866,1155,1,JPEG,.jpg,False
001541.jpg,True,640,640,False,1,JPEG,640,640,0,2,0,0,0.0078125,True,001541,1541,640,640,1,JPEG,.jpg,False
001542.jpg,True,1215,911,False,1,JPEG,911,1215,0,0,0,0,0.0,True,001542,1542,911,1215,1,JPEG,.jpg,False
001543.jpg,True,640,640,False,1,JPEG,640,640,0,0,2,0,0.0078125,True,001543,1543,640,640,1,JPEG,.jpg,False
001544.jpg,True,1077,807,False,1,JPEG,807,1077,0,0,0,0,0.0,True,001544,1544,807,1077,1,JPEG,.jpg,False
001545.jpg,True,640,640,False,1,JPEG,640,640,7,0,0,2,0.02734375,True,001545,1545,640,640,1,JPEG,.jpg,False
001546.jpg,True,1247,935,False,1,JPEG,935,1247,0,0,0,0,0.0,True,001546,1546,935,1247,1,JPEG,.jpg,False
001547.jpg,True,640,640,False,1,JPEG,640,640,0,0,0,0,0.0,True,001547,1547,640,640,1,JPEG,.jpg,False
001548.jpg,True,1034,775,False,1,JPEG,775,1034,0,0,0,0,0.0,True,001548,1548,775,1034,1,JPEG,.jpg,False
001549.jpg,True,640,640,False,1,JPEG,640,640,2,0,1,0,0.0078125,True,001549,1549,640,640,1,JPEG,.jpg,False
001550.jpg,True,1210,899,False,1,JPEG,899,1210,0,0,0,0,0.0,True,001550,1550,899,1210,1,JPEG,.jpg,False
001551.jpg,True,1152,865,False,1,JPEG,865,1152,0,0,0,0,0.0,True,001551,1551,865,1152,1,JPEG,.jpg,False
001552.jpg,True,1100,825,False,1,JPEG,825,1100,0,0,0,0,0.0,True,001552,1552,825,1100,1,JPEG,.jpg,False
001553.jpg,True,640,640,False,1,JPEG,640,640,0,4,2,0,0.015625,True,001553,1553,640,640,1,JPEG,.jpg,False
001554.jpg,True,1290,968,False,1,JPEG,968,1290,0,0,0,0,0.0,True,001554,1554,968,1290,1,JPEG,.jpg,False
001555.jpg,True,640,640,False,1,JPEG,640,640,0,0,6,0,0.0234375,True,001555,1555,640,640,1,JPEG,.jpg,False
001556.jpg,True,1043,782,False,1,JPEG,782,1043,0,0,0,0,0.0,True,001556,1556,782,1043,1,JPEG,.jpg,False
001557.jpg,True,640,640,False,1,JPEG,640,640,0,4,1,0,0.015625,True,001557,1557,640,640,1,JPEG,.jpg,False
001558.jpg,True,995,747,False,1,JPEG,747,995,0,0,0,0,0.0,True,001558,1558,747,995,1,JPEG,.jpg,False
001559.jpg,True,640,640,False,1,JPEG,640,640,0,0,2,0,0.0078125,True,001559,1559,640,640,1,JPEG,.jpg,False
001560.jpg,True,886,690,False,1,JPEG,690,886,1,0,0,0,0.00390625,True,001560,1560,690,886,1,JPEG,.jpg,False
001561.jpg,True,957,717,False,1,JPEG,717,957,0,0,0,0,0.0,True,001561,1561,717,957,1,JPEG,.jpg,False
001562.jpg,True,640,640,False,1,JPEG,640,640,0,1,0,0,0.00390625,True,001562,1562,640,640,1,JPEG,.jpg,False
001563.jpg,True,844,607,False,1,JPEG,607,844,0,0,0,0,0.0,True,001563,1563,607,844,1,JPEG,.jpg,False
001564.jpg,True,640,640,False,1,JPEG,640,640,0,5,0,0,0.01953125,True,001564,1564,640,640,1,JPEG,.jpg,False
001565.jpg,True,1536,2048,False,1,JPEG,2048,1536,0,0,0,0,0.0,True,001565,1565,2048,1536,1,JPEG,.jpg,False
001566.jpg,True,993,710,False,1,JPEG,710,993,0,0,0,0,0.0,True,001566,1566,710,993,1,JPEG,.jpg,False
001567.jpg,True,640,640,False,1,JPEG,640,640,3,0,0,0,0.01171875,True,001567,1567,640,640,1,JPEG,.jpg,False
001568.jpg,True,983,675,False,1,JPEG,675,983,0,0,0,0,0.0,True,001568,1568,675,983,1,JPEG,.jpg,False
001569.jpg,True,1008,756,False,1,JPEG,756,1008,0,0,0,0,0.0,True,001569,1569,756,1008,1,JPEG,.jpg,False
001570.jpg,True,640,640,False,1,JPEG,640,640,0,0,0,0,0.0,True,001570,1570,640,640,1,JPEG,.jpg,False
001571.jpg,True,949,711,False,1,JPEG,711,949,0,0,0,0,0.0,True,001571,1571,711,949,1,JPEG,.jpg,False
001572.jpg,True,640,640,False,1,JPEG,640,640,0,0,1,0,0.00390625,True,001572,1572,640,640,1,JPEG,.jpg,False
001573.jpg,True,957,717,False,1,JPEG,717,957,0,0,0,0,0.0,True,001573,1573,717,957,1,JPEG,.jpg,False
001574.jpg,True,640,640,False,1,JPEG,640,640,0,5,0,1,0.01953125,True,001574,1574,640,640,1,JPEG,.jpg,False
001575.jpg,True,939,702,False,1,JPEG,702,939,0,0,0,0,0.0,True,001575,1575,702,939,1,JPEG,.jpg,False
001576.jpg,True,640,640,False,1,JPEG,640,640,0,0,0,0,0.0,True,001576,1576,640,640,1,JPEG,.jpg,False
001577.jpg,True,810,607,False,1,JPEG,607,810,0,0,0,0,0.0,True,001577,1577,607,810,1,JPEG,.jpg,False
001578.jpg,True,640,640,False,1,JPEG,640,640,0,1,0,0,0.00390625,True,001578,1578,640,640,1,JPEG,.jpg,False
001579.jpg,True,829,622,False,1,JPEG,622,829,0,0,0,0,0.0,True,001579,1579,622,829,1,JPEG,.jpg,False
001580.jpg,True,640,640,False,1,JPEG,640,640,0,0,0,0,0.0,True,001580,1580,640,640,1,JPEG,.jpg,False
001581.jpg,True,847,626,False,1,JPEG,626,847,0,0,0,0,0.0,True,001581,1581,626,847,1,JPEG,.jpg,False
001582.jpg,True,640,640,False,1,JPEG,640,640,0,0,0,0,0.0,True,001582,1582,640,640,1,JPEG,.jpg,False
001583.jpg,True,934,700,False,1,JPEG,700,934,0,0,0,0,0.0,True,001583,1583,700,934,1,JPEG,.jpg,False
001584.jpg,True,640,640,False,1,JPEG,640,640,0,0,0,2,0.0078125,True,001584,1584,640,640,1,JPEG,.jpg,False
001585.jpg,True,1008,756,False,1,JPEG,756,1008,0,0,0,0,0.0,True,001585,1585,756,1008,1,JPEG,.jpg,False
001586.jpg,True,1008,756,False,1,JPEG,756,1008,0,0,0,0,0.0,True,001586,1586,756,1008,1,JPEG,.jpg,False
001587.jpg,True,640,640,False,1,JPEG,640,640,0,0,1,0,0.00390625,True,001587,1587,640,640,1,JPEG,.jpg,False
001588.jpg,True,1020,765,False,1,JPEG,765,1020,0,0,0,0,0.0,True,001588,1588,765,1020,1,JPEG,.jpg,False
001589.jpg,True,640,640,False,1,JPEG,640,640,6,0,0,0,0.0234375,True,001589,1589,640,640,1,JPEG,.jpg,False
001590.jpg,True,1044,783,False,1,JPEG,783,1044,0,0,0,0,0.0,True,001590,1590,783,1044,1,JPEG,.jpg,False
001591.jpg,True,640,640,False,1,JPEG,640,640,0,5,6,0,0.0234375,True,001591,1591,640,640,1,JPEG,.jpg,False
001592.jpg,True,1036,777,False,1,JPEG,777,1036,0,0,0,0,0.0,True,001592,1592,777,1036,1,JPEG,.jpg,False
001593.jpg,True,640,640,False,1,JPEG,640,640,0,1,0,0,0.00390625,True,001593,1593,640,640,1,JPEG,.jpg,False
001594.jpg,True,1047,785,False,1,JPEG,785,1047,0,0,0,0,0.0,True,001594,1594,785,1047,1,JPEG,.jpg,False
001595.jpg,True,640,640,False,1,JPEG,640,640,0,3,6,0,0.0234375,True,001595,1595,640,640,1,JPEG,.jpg,False
001596.jpg,True,1185,890,False,1,JPEG,890,1185,0,0,0,0,0.0,True,001596,1596,890,1185,1,JPEG,.jpg,False
001597.jpg,True,1062,797,False,1,JPEG,797,1062,0,0,0,0,0.0,True,001597,1597,797,1062,1,JPEG,.jpg,False
001598.jpg,True,640,640,False,1,JPEG,640,640,1,0,0,0,0.00390625,True,001598,1598,640,640,1,JPEG,.jpg,False
001599.jpg,True,1086,815,False,1,JPEG,815,1086,0,0,0,0,0.0,True,001599,1599,815,1086,1,JPEG,.jpg,False
001600.jpg,True,1126,845,False,1,JPEG,845,1126,0,0,0,0,0.0,True,001600,1600,845,1126,1,JPEG,.jpg,False
001601.jpg,True,1023,767,False,1,JPEG,767,1023,0,0,0,0,0.0,True,001601,1601,767,1023,1,JPEG,.jpg,False
001602.jpg,True,640,640,False,1,JPEG,640,640,1,0,0,0,0.00390625,True,001602,1602,640,640,1,JPEG,.jpg,False
001603.jpg,True,1166,875,False,1,JPEG,875,1166,0,0,0,0,0.0,True,001603,1603,875,1166,1,JPEG,.jpg,False
001604.jpg,True,640,640,False,1,JPEG,640,640,0,0,0,0,0.0,True,001604,1604,640,640,1,JPEG,.jpg,False
001605.jpg,True,1021,766,False,1,JPEG,766,1021,0,0,0,0,0.0,True,001605,1605,766,1021,1,JPEG,.jpg,False
001606.jpg,True,1281,961,False,1,JPEG,961,1281,0,0,0,0,0.0,True,001606,1606,961,1281,1,JPEG,.jpg,False
001607.jpg,True,640,640,False,1,JPEG,640,640,0,0,0,0,0.0,True,001607,1607,640,640,1,JPEG,.jpg,False
001608.jpg,True,1118,839,False,1,JPEG,839,1118,0,0,0,0,0.0,True,001608,1608,839,1118,1,JPEG,.jpg,False
001609.jpg,True,640,640,False,1,JPEG,640,640,0,4,0,0,0.015625,True,001609,1609,640,640,1,JPEG,.jpg,False
001610.jpg,True,1164,873,False,1,JPEG,873,1164,0,0,0,0,0.0,True,001610,1610,873,1164,1,JPEG,.jpg,False
001611.jpg,True,640,640,False,1,JPEG,640,640,5,0,0,0,0.01953125,True,001611,1611,640,640,1,JPEG,.jpg,False
001612.jpg,True,1021,765,False,1,JPEG,765,1021,0,0,0,0,0.0,True,001612,1612,765,1021,1,JPEG,.jpg,False
001613.jpg,True,640,640,False,1,JPEG,640,640,0,0,5,0,0.01953125,True,001613,1613,640,640,1,JPEG,.jpg,False
001614.jpg,True,1053,789,False,1,JPEG,789,1053,0,0,0,0,0.0,True,001614,1614,789,1053,1,JPEG,.jpg,False
001615.jpg,True,640,640,False,1,JPEG,640,640,0,0,0,0,0.0,True,001615,1615,640,640,1,JPEG,.jpg,False
001616.jpg,True,1021,766,False,1,JPEG,766,1021,0,0,0,0,0.0,True,001616,1616,766,1021,1,JPEG,.jpg,False
001617.jpg,True,640,640,False,1,JPEG,640,640,0,0,0,0,0.0,True,001617,1617,640,640,1,JPEG,.jpg,False
001618.jpg,True,1012,759,False,1,JPEG,759,1012,0,0,0,0,0.0,True,001618,1618,759,1012,1,JPEG,.jpg,False
001619.jpg,True,640,640,False,1,JPEG,640,640,0,0,0,0,0.0,True,001619,1619,640,640,1,JPEG,.jpg,False
001620.jpg,True,1059,794,False,1,JPEG,794,1059,0,0,0,0,0.0,True,001620,1620,794,1059,1,JPEG,.jpg,False
001621.jpg,True,640,640,False,1,JPEG,640,640,0,1,0,2,0.0078125,True,001621,1621,640,640,1,JPEG,.jpg,False
001622.jpg,True,1018,763,False,1,JPEG,763,1018,0,0,0,0,0.0,True,001622,1622,763,1018,1,JPEG,.jpg,False
001623.jpg,True,640,640,False,1,JPEG,640,640,0,8,4,0,0.03125,True,001623,1623,640,640,1,JPEG,.jpg,False
001624.jpg,True,1080,810,False,1,JPEG,810,1080,0,0,0,0,0.0,True,001624,1624,810,1080,1,JPEG,.jpg,False
001625.jpg,True,640,640,False,1,JPEG,640,640,0,2,0,0,0.0078125,True,001625,1625,640,640,1,JPEG,.jpg,False
001626.jpg,True,1074,806,False,1,JPEG,806,1074,0,0,0,0,0.0,True,001626,1626,806,1074,1,JPEG,.jpg,False
001627.jpg,True,640,640,False,1,JPEG,640,640,0,0,3,0,0.01171875,True,001627,1627,640,640,1,JPEG,.jpg,False
001628.jpg,True,1043,782,False,1,JPEG,782,1043,0,0,0,0,0.0,True,001628,1628,782,1043,1,JPEG,.jpg,False
001629.jpg,True,640,640,False,1,JPEG,640,640,0,0,0,4,0.015625,True,001629,1629,640,640,1,JPEG,.jpg,False
001630.jpg,True,1182,887,False,1,JPEG,887,1182,0,0,0,0,0.0,True,001630,1630,887,1182,1,JPEG,.jpg,False
001631.jpg,True,640,640,False,1,JPEG,640,640,0,0,0,0,0.0,True,001631,1631,640,640,1,JPEG,.jpg,False
001632.jpg,True,1040,781,False,1,JPEG,781,1040,0,0,0,0,0.0,True,001632,1632,781,1040,1,JPEG,.jpg,False
001633.jpg,True,1006,754,False,1,JPEG,754,1006,0,0,0,0,0.0,True,001633,1633,754,1006,1,JPEG,.jpg,False
001634.jpg,True,640,640,False,1,JPEG,640,640,0,0,0,0,0.0,True,001634,1634,640,640,1,JPEG,.jpg,False
001635.jpg,True,1016,762,False,1,JPEG,762,1016,0,0,0,0,0.0,True,001635,1635,762,1016,1,JPEG,.jpg,False
001636.jpg,True,640,640,False,1,JPEG,640,640,4,0,0,2,0.015625,True,001636,1636,640,640,1,JPEG,.jpg,False
001637.jpg,True,1011,759,False,1,JPEG,759,1011,0,0,0,0,0.0,True,001637,1637,759,1011,1,JPEG,.jpg,False
001638.jpg,True,640,640,False,1,JPEG,640,640,0,0,0,8,0.03125,True,001638,1638,640,640,1,JPEG,.jpg,False
001639.jpg,True,738,577,False,1,JPEG,577,738,0,0,0,0,0.0,True,001639,1639,577,738,1,JPEG,.jpg,False
001640.jpg,True,640,640,False,1,JPEG,640,640,0,0,0,0,0.0,True,001640,1640,640,640,1,JPEG,.jpg,False
001641.jpg,True,1072,804,False,1,JPEG,804,1072,0,0,0,0,0.0,True,001641,1641,804,1072,1,JPEG,.jpg,False
001642.jpg,True,1022,767,False,1,JPEG,767,1022,0,0,0,0,0.0,True,001642,1642,767,1022,1,JPEG,.jpg,False
001643.jpg,True,1020,765,False,1,JPEG,765,1020,0,0,0,0,0.0,True,001643,1643,765,1020,1,JPEG,.jpg,False
001644.jpg,True,640,640,False,1,JPEG,640,640,0,0,4,0,0.015625,True,001644,1644,640,640,1,JPEG,.jpg,False
001645.jpg,True,1028,771,False,1,JPEG,771,1028,0,0,0,0,0.0,True,001645,1645,771,1028,1,JPEG,.jpg,False
001646.jpg,True,640,640,False,1,JPEG,640,640,0,0,4,0,0.015625,True,001646,1646,640,640,1,JPEG,.jpg,False
001647.jpg,True,899,772,False,1,JPEG,772,899,0,0,0,0,0.0,True,001647,1647,772,899,1,JPEG,.jpg,False
001648.jpg,True,640,640,False,1,JPEG,640,640,0,6,0,1,0.0234375,True,001648,1648,640,640,1,JPEG,.jpg,False
001649.jpg,True,1136,716,False,1,JPEG,716,1136,0,0,0,0,0.0,True,001649,1649,716,1136,1,JPEG,.jpg,False
001650.jpg,True,640,640,False,1,JPEG,640,640,0,0,0,0,0.0,True,001650,1650,640,640,1,JPEG,.jpg,False
001651.jpg,True,1316,861,False,1,JPEG,861,1316,0,0,0,0,0.0,True,001651,1651,861,1316,1,JPEG,.jpg,False
001652.jpg,True,640,640,False,1,JPEG,640,640,0,0,0,0,0.0,True,001652,1652,640,640,1,JPEG,.jpg,False
001653.jpg,True,1316,1001,False,1,JPEG,1001,1316,0,0,0,0,0.0,True,001653,1653,1001,1316,1,JPEG,.jpg,False
001654.jpg,True,640,640,False,1,JPEG,640,640,0,3,8,0,0.03125,True,001654,1654,640,640,1,JPEG,.jpg,False
001655.jpg,True,1320,1004,False,1,JPEG,1004,1320,0,0,0,0,0.0,True,001655,1655,1004,1320,1,JPEG,.jpg,False
001656.jpg,True,1197,717,False,1,JPEG,717,1197,0,0,0,0,0.0,True,001656,1656,717,1197,1,JPEG,.jpg,False
001657.jpg,True,640,640,False,1,JPEG,640,640,1,0,0,0,0.00390625,True,001657,1657,640,640,1,JPEG,.jpg,False
001658.jpg,True,1134,717,False,1,JPEG,717,1134,0,0,0,0,0.0,True,001658,1658,717,1134,1,JPEG,.jpg,False
001659.jpg,True,1167,875,False,1,JPEG,875,1167,0,0,0,0,0.0,True,001659,1659,875,1167,1,JPEG,.jpg,False
001660.jpg,True,640,640,False,1,JPEG,640,640,1,0,0,1,0.00390625,True,001660,1660,640,640,1,JPEG,.jpg,False
001661.jpg,True,1209,907,False,1,JPEG,907,1209,0,0,0,0,0.0,True,001661,1661,907,1209,1,JPEG,.jpg,False
001662.jpg,True,640,640,False,1,JPEG,640,640,4,0,0,4,0.015625,True,001662,1662,640,640,1,JPEG,.jpg,False
001663.jpg,True,1304,978,False,1,JPEG,978,1304,0,0,0,0,0.0,True,001663,1663,978,1304,1,JPEG,.jpg,False
001664.jpg,True,640,640,False,1,JPEG,640,640,5,0,0,6,0.0234375,True,001664,1664,640,640,1,JPEG,.jpg,False
001665.jpg,True,1212,909,False,1,JPEG,909,1212,0,0,0,0,0.0,True,001665,1665,909,1212,1,JPEG,.jpg,False
001666.jpg,True,640,640,False,1,JPEG,640,640,0,0,0,4,0.015625,True,001666,1666,640,640,1,JPEG,.jpg,False
001667.jpg,True,1266,949,False,1,JPEG,949,1266,0,0,0,0,0.0,True,001667,1667,949,1266,1,JPEG,.jpg,False
001668.jpg,True,640,640,False,1,JPEG,640,640,0,0,0,0,0.0,True,001668,1668,640,640,1,JPEG,.jpg,False
001669.jpg,True,1237,928,False,1,JPEG,928,1237,0,0,0,0,0.0,True,001669,1669,928,1237,1,JPEG,.jpg,False
001670.jpg,True,1195,896,False,1,JPEG,896,1195,0,0,0,0,0.0,True,001670,1670,896,1195,1,JPEG,.jpg,False
001671.jpg,True,640,640,False,1,JPEG,640,640,4,0,0,0,0.015625,True,001671,1671,640,640,1,JPEG,.jpg,False
001672.jpg,True,1257,930,False,1,JPEG,930,1257,0,0,0,0,0.0,True,001672,1672,930,1257,1,JPEG,.jpg,False
001673.jpg,True,640,640,False,1,JPEG,640,640,0,0,0,0,0.0,True,001673,1673,640,640,1,JPEG,.jpg,False
001674.jpg,True,1243,933,False,1,JPEG,933,1243,0,0,0,0,0.0,True,001674,1674,933,1243,1,JPEG,.jpg,False
001675.jpg,True,1364,1023,False,1,JPEG,1023,1364,0,0,0,0,0.0,True,001675,1675,1023,1364,1,JPEG,.jpg,False
001676.jpg,True,640,640,False,1,JPEG,640,640,6,0,1,0,0.0234375,True,001676,1676,640,640,1,JPEG,.jpg,False
001677.jpg,True,1298,973,False,1,JPEG,973,1298,0,0,0,0,0.0,True,001677,1677,973,1298,1,JPEG,.jpg,False
001678.jpg,True,640,640,False,1,JPEG,640,640,0,2,0,1,0.0078125,True,001678,1678,640,640,1,JPEG,.jpg,False
001679.jpg,True,1321,991,False,1,JPEG,991,1321,0,0,0,0,0.0,True,001679,1679,991,1321,1,JPEG,.jpg,False
001680.jpg,True,640,640,False,1,JPEG,640,640,2,0,0,0,0.0078125,True,001680,1680,640,640,1,JPEG,.jpg,False
001681.jpg,True,1223,917,False,1,JPEG,917,1223,0,0,0,0,0.0,True,001681,1681,917,1223,1,JPEG,.jpg,False
001682.jpg,True,640,640,False,1,JPEG,640,640,0,0,6,0,0.0234375,True,001682,1682,640,640,1,JPEG,.jpg,False
001683.jpg,True,1324,993,False,1,JPEG,993,1324,0,0,0,0,0.0,True,001683,1683,993,1324,1,JPEG,.jpg,False
001684.jpg,True,640,640,False,1,JPEG,640,640,0,0,0,0,0.0,True,001684,1684,640,640,1,JPEG,.jpg,False
001685.jpg,True,1405,1054,False,1,JPEG,1054,1405,0,0,0,0,0.0,True,001685,1685,1054,1405,1,JPEG,.jpg,False
001686.jpg,True,1318,989,False,1,JPEG,989,1318,0,0,0,0,0.0,True,001686,1686,989,1318,1,JPEG,.jpg,False
001687.jpg,True,640,640,False,1,JPEG,640,640,0,0,0,7,0.02734375,True,001687,1687,640,640,1,JPEG,.jpg,False
001688.jpg,True,1367,1025,False,1,JPEG,1025,1367,0,0,0,0,0.0,True,001688,1688,1025,1367,1,JPEG,.jpg,False
001689.jpg,True,640,640,False,1,JPEG,640,640,0,2,0,0,0.0078125,True,001689,1689,640,640,1,JPEG,.jpg,False
001690.jpg,True,1030,711,False,1,JPEG,711,1030,0,0,0,0,0.0,True,001690,1690,711,1030,1,JPEG,.jpg,False
001691.jpg,True,640,640,False,1,JPEG,640,640,5,0,0,0,0.01953125,True,001691,1691,640,640,1,JPEG,.jpg,False
001692.jpg,True,1395,1046,False,1,JPEG,1046,1395,0,0,0,0,0.0,True,001692,1692,1046,1395,1,JPEG,.jpg,False
001693.jpg,True,640,640,False,1,JPEG,640,640,8,0,0,8,0.03125,True,001693,1693,640,640,1,JPEG,.jpg,False
001694.jpg,True,1411,1058,False,1,JPEG,1058,1411,0,0,0,0,0.0,True,001694,1694,1058,1411,1,JPEG,.jpg,False
001695.jpg,True,640,640,False,1,JPEG,640,640,1,0,5,0,0.01953125,True,001695,1695,640,640,1,JPEG,.jpg,False
001696.jpg,True,1267,950,False,1,JPEG,950,1267,0,0,0,0,0.0,True,001696,1696,950,1267,1,JPEG,.jpg,False
001697.jpg,True,640,640,False,1,JPEG,640,640,0,0,0,0,0.0,True,001697,1697,640,640,1,JPEG,.jpg,False
001698.jpg,True,1166,874,False,1,JPEG,874,1166,0,0,0,0,0.0,True,001698,1698,874,1166,1,JPEG,.jpg,False
001699.jpg,True,640,640,False,1,JPEG,640,640,2,0,5,0,0.01953125,True,001699,1699,640,640,1,JPEG,.jpg,False
001700.jpg,True,1258,943,False,1,JPEG,943,1258,0,0,0,0,0.0,True,001700,1700,943,1258,1,JPEG,.jpg,False
001701.jpg,True,640,640,False,1,JPEG,640,640,0,3,0,1,0.01171875,True,001701,1701,640,640,1,JPEG,.jpg,False
001702.jpg,True,1334,1000,False,1,JPEG,1000,1334,0,0,0,0,0.0,True,001702,1702,1000,1334,1,JPEG,.jpg,False
001703.jpg,True,1223,917,False,1,JPEG,917,1223,0,0,0,0,0.0,True,001703,1703,917,1223,1,JPEG,.jpg,False
001704.jpg,True,640,640,False,1,JPEG,640,640,0,0,0,0,0.0,True,001704,1704,640,640,1,JPEG,.jpg,False
001705.jpg,True,1314,985,False,1,JPEG,985,1314,0,0,0,0,0.0,True,001705,1705,985,1314,1,JPEG,.jpg,False
001706.jpg,True,640,640,False,1,JPEG,640,640,0,0,0,0,0.0,True,001706,1706,640,640,1,JPEG,.jpg,False
001707.jpg,True,1060,795,False,1,JPEG,795,1060,0,0,0,0,0.0,True,001707,1707,795,1060,1,JPEG,.jpg,False
001708.jpg,True,640,640,False,1,JPEG,640,640,0,0,0,0,0.0,True,001708,1708,640,640,1,JPEG,.jpg,False
001709.jpg,True,1365,1024,False,1,JPEG,1024,1365,0,0,0,0,0.0,True,001709,1709,1024,1365,1,JPEG,.jpg,False
001710.jpg,True,1285,965,False,1,JPEG,965,1285,0,0,0,0,0.0,True,001710,1710,965,1285,1,JPEG,.jpg,False
001711.jpg,True,640,640,False,1,JPEG,640,640,0,0,8,0,0.03125,True,001711,1711,640,640,1,JPEG,.jpg,False
001712.jpg,True,1253,939,False,1,JPEG,939,1253,0,0,0,0,0.0,True,001712,1712,939,1253,1,JPEG,.jpg,False
001713.jpg,True,2048,1535,False,1,JPEG,1535,2048,0,0,0,0,0.0,True,001713,1713,1535,2048,1,JPEG,.jpg,False
001714.jpg,True,640,640,False,1,JPEG,640,640,0,6,7,0,0.02734375,True,001714,1714,640,640,1,JPEG,.jpg,False
001715.jpg,True,1201,900,False,1,JPEG,900,1201,0,0,0,0,0.0,True,001715,1715,900,1201,1,JPEG,.jpg,False
001716.jpg,True,640,640,False,1,JPEG,640,640,0,0,7,0,0.02734375,True,001716,1716,640,640,1,JPEG,.jpg,False
001717.jpg,True,1266,949,False,1,JPEG,949,1266,0,0,0,0,0.0,True,001717,1717,949,1266,1,JPEG,.jpg,False
001718.jpg,True,640,640,False,1,JPEG,640,640,0,4,0,1,0.015625,True,001718,1718,640,640,1,JPEG,.jpg,False
001719.jpg,True,1387,1041,False,1,JPEG,1041,1387,0,0,0,0,0.0,True,001719,1719,1041,1387,1,JPEG,.jpg,False
001720.jpg,True,640,640,False,1,JPEG,640,640,0,2,3,0,0.01171875,True,001720,1720,640,640,1,JPEG,.jpg,False
001721.jpg,True,1185,889,False,1,JPEG,889,1185,0,0,0,0,0.0,True,001721,1721,889,1185,1,JPEG,.jpg,False
001722.jpg,True,640,640,False,1,JPEG,640,640,0,5,0,1,0.01953125,True,001722,1722,640,640,1,JPEG,.jpg,False
001723.jpg,True,1350,1012,False,1,JPEG,1012,1350,0,0,0,0,0.0,True,001723,1723,1012,1350,1,JPEG,.jpg,False
001724.jpg,True,640,640,False,1,JPEG,640,640,4,0,0,4,0.015625,True,001724,1724,640,640,1,JPEG,.jpg,False
001725.jpg,True,1333,1000,False,1,JPEG,1000,1333,0,0,0,0,0.0,True,001725,1725,1000,1333,1,JPEG,.jpg,False
001726.jpg,True,640,640,False,1,JPEG,640,640,0,4,0,0,0.015625,True,001726,1726,640,640,1,JPEG,.jpg,False
001727.jpg,True,1103,827,False,1,JPEG,827,1103,0,0,0,0,0.0,True,001727,1727,827,1103,1,JPEG,.jpg,False
001728.jpg,True,640,640,False,1,JPEG,640,640,4,0,0,0,0.015625,True,001728,1728,640,640,1,JPEG,.jpg,False
001729.jpg,True,1317,988,False,1,JPEG,988,1317,0,0,0,0,0.0,True,001729,1729,988,1317,1,JPEG,.jpg,False
001730.jpg,True,1223,917,False,1,JPEG,917,1223,0,0,0,0,0.0,True,001730,1730,917,1223,1,JPEG,.jpg,False
001731.jpg,True,640,640,False,1,JPEG,640,640,2,0,0,0,0.0078125,True,001731,1731,640,640,1,JPEG,.jpg,False
001732.jpg,True,1278,959,False,1,JPEG,959,1278,0,0,0,0,0.0,True,001732,1732,959,1278,1,JPEG,.jpg,False
001733.jpg,True,640,640,False,1,JPEG,640,640,0,3,6,0,0.0234375,True,001733,1733,640,640,1,JPEG,.jpg,False
001734.jpg,True,1333,999,False,1,JPEG,999,1333,0,0,0,0,0.0,True,001734,1734,999,1333,1,JPEG,.jpg,False
001735.jpg,True,640,640,False,1,JPEG,640,640,0,0,0,2,0.0078125,True,001735,1735,640,640,1,JPEG,.jpg,False
001736.jpg,True,1402,1051,False,1,JPEG,1051,1402,0,0,0,0,0.0,True,001736,1736,1051,1402,1,JPEG,.jpg,False
001737.jpg,True,640,640,False,1,JPEG,640,640,9,0,0,0,0.03515625,True,001737,1737,640,640,1,JPEG,.jpg,False
001738.jpg,True,1141,856,False,1,JPEG,856,1141,0,0,0,0,0.0,True,001738,1738,856,1141,1,JPEG,.jpg,False
001739.jpg,True,640,640,False,1,JPEG,640,640,0,2,0,0,0.0078125,True,001739,1739,640,640,1,JPEG,.jpg,False
001740.jpg,True,1345,1009,False,1,JPEG,1009,1345,0,0,0,0,0.0,True,001740,1740,1009,1345,1,JPEG,.jpg,False
001741.jpg,True,640,640,False,1,JPEG,640,640,2,0,0,7,0.02734375,True,001741,1741,640,640,1,JPEG,.jpg,False
001742.jpg,True,1206,904,False,1,JPEG,904,1206,0,0,0,0,0.0,True,001742,1742,904,1206,1,JPEG,.jpg,False
001743.jpg,True,640,640,False,1,JPEG,640,640,1,0,0,0,0.00390625,True,001743,1743,640,640,1,JPEG,.jpg,False
001744.jpg,True,1223,916,False,1,JPEG,916,1223,0,0,0,0,0.0,True,001744,1744,916,1223,1,JPEG,.jpg,False
001745.jpg,True,640,640,False,1,JPEG,640,640,0,2,0,0,0.0078125,True,001745,1745,640,640,1,JPEG,.jpg,False
001746.jpg,True,1275,956,False,1,JPEG,956,1275,0,0,0,0,0.0,True,001746,1746,956,1275,1,JPEG,.jpg,False
001747.jpg,True,640,640,False,1,JPEG,640,640,0,1,0,0,0.00390625,True,001747,1747,640,640,1,JPEG,.jpg,False
001748.jpg,True,1033,927,False,1,JPEG,927,1033,0,0,0,0,0.0,True,001748,1748,927,1033,1,JPEG,.jpg,False
001749.jpg,True,640,640,False,1,JPEG,640,640,0,0,0,0,0.0,True,001749,1749,640,640,1,JPEG,.jpg,False
001750.jpg,True,1323,992,False,1,JPEG,992,1323,0,0,0,0,0.0,True,001750,1750,992,1323,1,JPEG,.jpg,False
001751.jpg,True,640,640,False,1,JPEG,640,640,1,0,6,0,0.0234375,True,001751,1751,640,640,1,JPEG,.jpg,False
001752.jpg,True,1037,778,False,1,JPEG,778,1037,0,0,0,0,0.0,True,001752,1752,778,1037,1,JPEG,.jpg,False
001753.jpg,True,640,640,False,1,JPEG,640,640,0,1,0,6,0.0234375,True,001753,1753,640,640,1,JPEG,.jpg,False
001754.jpg,True,1284,963,False,1,JPEG,963,1284,0,0,0,0,0.0,True,001754,1754,963,1284,1,JPEG,.jpg,False
001755.jpg,True,640,640,False,1,JPEG,640,640,0,1,0,7,0.02734375,True,001755,1755,640,640,1,JPEG,.jpg,False
001756.jpg,True,1365,1024,False,1,JPEG,1024,1365,0,0,0,0,0.0,True,001756,1756,1024,1365,1,JPEG,.jpg,False
001757.jpg,True,1331,999,False,1,JPEG,999,1331,0,0,0,0,0.0,True,001757,1757,999,1331,1,JPEG,.jpg,False
001758.jpg,True,640,640,False,1,JPEG,640,640,0,0,0,0,0.0,True,001758,1758,640,640,1,JPEG,.jpg,False
001759.jpg,True,560,1006,False,1,JPEG,1006,560,0,0,0,0,0.0,True,001759,1759,1006,560,1,JPEG,.jpg,False
001760.jpg,True,640,640,False,1,JPEG,640,640,0,2,0,0,0.0078125,True,001760,1760,640,640,1,JPEG,.jpg,False
001761.jpg,True,756,1008,False,1,JPEG,1008,756,0,0,0,0,0.0,True,001761,1761,1008,756,1,JPEG,.jpg,False
001762.jpg,True,640,640,False,1,JPEG,640,640,0,0,0,0,0.0,True,001762,1762,640,640,1,JPEG,.jpg,False
001763.jpg,True,756,1008,False,1,JPEG,1008,756,0,0,0,0,0.0,True,001763,1763,1008,756,1,JPEG,.jpg,False
001764.jpg,True,640,640,False,1,JPEG,640,640,0,0,0,0,0.0,True,001764,1764,640,640,1,JPEG,.jpg,False
001765.jpg,True,756,1008,False,1,JPEG,1008,756,0,0,0,0,0.0,True,001765,1765,1008,756,1,JPEG,.jpg,False
001766.jpg,True,640,640,False,1,JPEG,640,640,1,0,0,0,0.00390625,True,001766,1766,640,640,1,JPEG,.jpg,False
001767.jpg,True,578,770,False,1,JPEG,770,578,0,0,0,0,0.0,True,001767,1767,770,578,1,JPEG,.jpg,False
001768.jpg,True,640,640,False,1,JPEG,640,640,0,0,0,0,0.0,True,001768,1768,640,640,1,JPEG,.jpg,False
001769.jpg,True,756,1008,False,1,JPEG,1008,756,0,0,0,0,0.0,True,001769,1769,1008,756,1,JPEG,.jpg,False
001770.jpg,True,759,979,False,1,JPEG,979,759,0,0,0,0,0.0,True,001770,1770,979,759,1,JPEG,.jpg,False
001771.jpg,True,640,640,False,1,JPEG,640,640,0,2,0,0,0.0078125,True,001771,1771,640,640,1,JPEG,.jpg,False
001772.jpg,True,789,964,False,1,JPEG,964,789,0,0,0,0,0.0,True,001772,1772,964,789,1,JPEG,.jpg,False
001773.jpg,True,640,640,False,1,JPEG,640,640,0,0,0,2,0.0078125,True,001773,1773,640,640,1,JPEG,.jpg,False
001774.jpg,True,859,943,False,1,JPEG,943,859,0,0,0,0,0.0,True,001774,1774,943,859,1,JPEG,.jpg,False
001775.jpg,True,640,640,False,1,JPEG,640,640,0,0,0,6,0.0234375,True,001775,1775,640,640,1,JPEG,.jpg,False
001776.jpg,True,800,1112,False,1,JPEG,1112,800,0,0,0,0,0.0,True,001776,1776,1112,800,1,JPEG,.jpg,False
001777.jpg,True,640,640,False,1,JPEG,640,640,0,0,0,0,0.0,True,001777,1777,640,640,1,JPEG,.jpg,False
001778.jpg,True,466,650,False,1,JPEG,650,466,0,0,0,0,0.0,True,001778,1778,650,466,1,JPEG,.jpg,False
001779.jpg,True,640,640,False,1,JPEG,640,640,0,0,6,0,0.0234375,True,001779,1779,640,640,1,JPEG,.jpg,False
001780.jpg,True,602,1110,False,1,JPEG,1110,602,0,0,0,2,0.0078125,True,001780,1780,1110,602,1,JPEG,.jpg,False
001781.jpg,True,640,640,False,1,JPEG,640,640,0,0,1,0,0.00390625,True,001781,1781,640,640,1,JPEG,.jpg,False
001782.jpg,True,640,640,False,1,JPEG,640,640,0,0,0,0,0.0,True,001782,1782,640,640,1,JPEG,.jpg,False
001783.jpg,True,980,1307,False,1,JPEG,1307,980,0,0,0,0,0.0,True,001783,1783,1307,980,1,JPEG,.jpg,False
001784.jpg,True,640,640,False,1,JPEG,640,640,0,0,0,0,0.0,True,001784,1784,640,640,1,JPEG,.jpg,False
001785.jpg,True,604,605,False,1,JPEG,605,604,0,0,0,0,0.0,True,001785,1785,605,604,1,JPEG,.jpg,False
001786.jpg,True,640,640,False,1,JPEG,640,640,0,0,0,0,0.0,True,001786,1786,640,640,1,JPEG,.jpg,False
001787.jpg,True,675,946,False,1,JPEG,946,675,0,0,0,0,0.0,True,001787,1787,946,675,1,JPEG,.jpg,False
001788.jpg,True,640,640,False,1,JPEG,640,640,7,0,0,8,0.03125,True,001788,1788,640,640,1,JPEG,.jpg,False
001789.jpg,True,519,750,False,1,JPEG,750,519,0,0,0,0,0.0,True,001789,1789,750,519,1,JPEG,.jpg,False
001790.jpg,True,640,640,False,1,JPEG,640,640,0,0,0,0,0.0,True,001790,1790,640,640,1,JPEG,.jpg,False
001791.jpg,True,628,864,False,1,JPEG,864,628,0,0,0,0,0.0,True,001791,1791,864,628,1,JPEG,.jpg,False
001792.jpg,True,640,640,False,1,JPEG,640,640,0,0,0,0,0.0,True,001792,1792,640,640,1,JPEG,.jpg,False
001793.jpg,True,644,964,False,1,JPEG,964,644,0,0,0,0,0.0,True,001793,1793,964,644,1,JPEG,.jpg,False
001794.jpg,True,640,640,False,1,JPEG,640,640,0,0,0,3,0.01171875,True,001794,1794,640,640,1,JPEG,.jpg,False
001795.jpg,True,672,968,False,1,JPEG,968,672,0,0,0,0,0.0,True,001795,1795,968,672,1,JPEG,.jpg,False
001796.jpg,True,640,640,False,1,JPEG,640,640,0,0,0,0,0.0,True,001796,1796,640,640,1,JPEG,.jpg,False
001797.jpg,True,576,1134,False,1,JPEG,1134,576,0,0,0,0,0.0,True,001797,1797,1134,576,1,JPEG,.jpg,False
001798.jpg,True,616,822,False,1,JPEG,822,616,0,0,0,0,0.0,True,001798,1798,822,616,1,JPEG,.jpg,False
001799.jpg,True,640,640,False,1,JPEG,640,640,2,0,0,0,0.0078125,True,001799,1799,640,640,1,JPEG,.jpg,False
001800.jpg,True,705,948,False,1,JPEG,948,705,0,0,0,0,0.0,True,001800,1800,948,705,1,JPEG,.jpg,False
001801.jpg,True,724,965,False,1,JPEG,965,724,0,0,0,0,0.0,True,001801,1801,965,724,1,JPEG,.jpg,False
001802.jpg,True,640,640,False,1,JPEG,640,640,0,0,3,0,0.01171875,True,001802,1802,640,640,1,JPEG,.jpg,False
001803.jpg,True,729,745,False,1,JPEG,745,729,0,0,0,0,0.0,True,001803,1803,745,729,1,JPEG,.jpg,False
001804.jpg,True,640,640,False,1,JPEG,640,640,0,0,0,0,0.0,True,001804,1804,640,640,1,JPEG,.jpg,False
001805.jpg,True,799,1082,False,1,JPEG,1082,799,0,0,0,0,0.0,True,001805,1805,1082,799,1,JPEG,.jpg,False
001806.jpg,True,640,640,False,1,JPEG,640,640,1,0,0,0,0.00390625,True,001806,1806,640,640,1,JPEG,.jpg,False
001807.jpg,True,799,1019,False,1,JPEG,1019,799,0,0,0,0,0.0,True,001807,1807,1019,799,1,JPEG,.jpg,False
001808.jpg,True,912,1016,False,1,JPEG,1016,912,0,0,0,0,0.0,True,001808,1808,1016,912,1,JPEG,.jpg,False
001809.jpg,True,640,640,False,1,JPEG,640,640,0,0,0,2,0.0078125,True,001809,1809,640,640,1,JPEG,.jpg,False
001810.jpg,True,734,756,False,1,JPEG,756,734,0,0,0,0,0.0,True,001810,1810,756,734,1,JPEG,.jpg,False
001811.jpg,True,640,640,False,1,JPEG,640,640,0,0,0,0,0.0,True,001811,1811,640,640,1,JPEG,.jpg,False
001812.jpg,True,637,893,False,1,JPEG,893,637,0,0,0,0,0.0,True,001812,1812,893,637,1,JPEG,.jpg,False
001813.jpg,True,640,640,False,1,JPEG,640,640,6,0,0,3,0.0234375,True,001813,1813,640,640,1,JPEG,.jpg,False
001814.jpg,True,756,1008,False,1,JPEG,1008,756,0,0,0,0,0.0,True,001814,1814,1008,756,1,JPEG,.jpg,False
001815.jpg,True,640,640,False,1,JPEG,640,640,0,1,0,3,0.01171875,True,001815,1815,640,640,1,JPEG,.jpg,False
001816.jpg,True,800,1066,False,1,JPEG,1066,800,0,0,0,0,0.0,True,001816,1816,1066,800,1,JPEG,.jpg,False
001817.jpg,True,640,640,False,1,JPEG,640,640,0,0,0,0,0.0,True,001817,1817,640,640,1,JPEG,.jpg,False
001818.jpg,True,787,1049,False,1,JPEG,1049,787,0,0,0,0,0.0,True,001818,1818,1049,787,1,JPEG,.jpg,False
001819.jpg,True,640,640,False,1,JPEG,640,640,0,2,2,0,0.0078125,True,001819,1819,640,640,1,JPEG,.jpg,False
001820.jpg,True,911,1039,False,1,JPEG,1039,911,0,0,0,0,0.0,True,001820,1820,1039,911,1,JPEG,.jpg,False
001821.jpg,True,640,640,False,1,JPEG,640,640,0,0,0,0,0.0,True,001821,1821,640,640,1,JPEG,.jpg,False
001822.jpg,True,1220,915,False,1,JPEG,915,1220,0,0,0,0,0.0,True,001822,1822,915,1220,1,JPEG,.jpg,False
001823.jpg,True,640,640,False,1,JPEG,640,640,0,2,2,0,0.0078125,True,001823,1823,640,640,1,JPEG,.jpg,False
001824.jpg,True,904,1338,False,1,JPEG,1338,904,0,0,0,0,0.0,True,001824,1824,1338,904,1,JPEG,.jpg,False
001825.jpg,True,640,640,False,1,JPEG,640,640,1,0,2,0,0.0078125,True,001825,1825,640,640,1,JPEG,.jpg,False
001826.jpg,True,744,1099,False,1,JPEG,1099,744,0,0,0,0,0.0,True,001826,1826,1099,744,1,JPEG,.jpg,False
001827.jpg,True,1460,1095,False,1,JPEG,1095,1460,0,0,0,0,0.0,True,001827,1827,1095,1460,1,JPEG,.jpg,False
001828.jpg,True,640,640,False,1,JPEG,640,640,1,0,0,0,0.00390625,True,001828,1828,640,640,1,JPEG,.jpg,False
001829.jpg,True,1359,1019,False,1,JPEG,1019,1359,0,0,0,0,0.0,True,001829,1829,1019,1359,1,JPEG,.jpg,False
001830.jpg,True,1370,1027,False,1,JPEG,1027,1370,0,0,0,0,0.0,True,001830,1830,1027,1370,1,JPEG,.jpg,False
001831.jpg,True,640,640,False,1,JPEG,640,640,8,0,0,0,0.03125,True,001831,1831,640,640,1,JPEG,.jpg,False
001832.jpg,True,1316,987,False,1,JPEG,987,1316,0,0,0,0,0.0,True,001832,1832,987,1316,1,JPEG,.jpg,False
001833.jpg,True,640,640,False,1,JPEG,640,640,0,1,0,2,0.0078125,True,001833,1833,640,640,1,JPEG,.jpg,False
001834.jpg,True,1216,912,False,1,JPEG,912,1216,0,0,0,0,0.0,True,001834,1834,912,1216,1,JPEG,.jpg,False
001835.jpg,True,640,640,False,1,JPEG,640,640,0,0,0,2,0.0078125,True,001835,1835,640,640,1,JPEG,.jpg,False
001836.jpg,True,1483,1112,False,1,JPEG,1112,1483,0,0,0,0,0.0,True,001836,1836,1112,1483,1,JPEG,.jpg,False
001837.jpg,True,640,640,False,1,JPEG,640,640,0,0,1,0,0.00390625,True,001837,1837,640,640,1,JPEG,.jpg,False
001838.jpg,True,1414,1060,False,1,JPEG,1060,1414,0,0,0,0,0.0,True,001838,1838,1060,1414,1,JPEG,.jpg,False
001839.jpg,True,640,640,False,1,JPEG,640,640,0,6,0,1,0.0234375,True,001839,1839,640,640,1,JPEG,.jpg,False
001840.jpg,True,1305,979,False,1,JPEG,979,1305,0,0,0,0,0.0,True,001840,1840,979,1305,1,JPEG,.jpg,False
001841.jpg,True,640,640,False,1,JPEG,640,640,0,0,0,0,0.0,True,001841,1841,640,640,1,JPEG,.jpg,False
001842.jpg,True,1218,913,False,1,JPEG,913,1218,0,0,0,0,0.0,True,001842,1842,913,1218,1,JPEG,.jpg,False
001843.jpg,True,640,640,False,1,JPEG,640,640,4,0,0,0,0.015625,True,001843,1843,640,640,1,JPEG,.jpg,False
001844.jpg,True,1003,824,False,1,JPEG,824,1003,0,0,0,0,0.0,True,001844,1844,824,1003,1,JPEG,.jpg,False
001845.jpg,True,640,640,False,1,JPEG,640,640,1,0,2,0,0.0078125,True,001845,1845,640,640,1,JPEG,.jpg,False
001846.jpg,True,1253,940,False,1,JPEG,940,1253,0,0,0,0,0.0,True,001846,1846,940,1253,1,JPEG,.jpg,False
001847.jpg,True,640,640,False,1,JPEG,640,640,2,0,0,2,0.0078125,True,001847,1847,640,640,1,JPEG,.jpg,False
001848.jpg,True,1431,1073,False,1,JPEG,1073,1431,0,0,0,0,0.0,True,001848,1848,1073,1431,1,JPEG,.jpg,False
001849.jpg,True,640,640,False,1,JPEG,640,640,4,0,0,1,0.015625,True,001849,1849,640,640,1,JPEG,.jpg,False
001850.jpg,True,1496,1122,False,1,JPEG,1122,1496,0,0,0,0,0.0,True,001850,1850,1122,1496,1,JPEG,.jpg,False
001851.jpg,True,640,640,False,1,JPEG,640,640,0,1,4,0,0.015625,True,001851,1851,640,640,1,JPEG,.jpg,False
001852.jpg,True,1188,856,False,1,JPEG,856,1188,0,0,0,0,0.0,True,001852,1852,856,1188,1,JPEG,.jpg,False
001853.jpg,True,640,640,False,1,JPEG,640,640,1,0,4,0,0.015625,True,001853,1853,640,640,1,JPEG,.jpg,False
001854.jpg,True,1344,1008,False,1,JPEG,1008,1344,0,0,0,0,0.0,True,001854,1854,1008,1344,1,JPEG,.jpg,False
001855.jpg,True,1248,936,False,1,JPEG,936,1248,0,0,0,0,0.0,True,001855,1855,936,1248,1,JPEG,.jpg,False
001856.jpg,True,640,640,False,1,JPEG,640,640,0,6,0,0,0.0234375,True,001856,1856,640,640,1,JPEG,.jpg,False
001857.jpg,True,1377,971,False,1,JPEG,971,1377,0,0,0,0,0.0,True,001857,1857,971,1377,1,JPEG,.jpg,False
001858.jpg,True,640,640,False,1,JPEG,640,640,0,2,0,1,0.0078125,True,001858,1858,640,640,1,JPEG,.jpg,False
001859.jpg,True,1311,983,False,1,JPEG,983,1311,0,0,0,0,0.0,True,001859,1859,983,1311,1,JPEG,.jpg,False
001860.jpg,True,640,640,False,1,JPEG,640,640,2,0,0,0,0.0078125,True,001860,1860,640,640,1,JPEG,.jpg,False
001861.jpg,True,1445,1084,False,1,JPEG,1084,1445,0,0,0,0,0.0,True,001861,1861,1084,1445,1,JPEG,.jpg,False
001862.jpg,True,640,640,False,1,JPEG,640,640,5,0,0,0,0.01953125,True,001862,1862,640,640,1,JPEG,.jpg,False
001863.jpg,True,1485,1114,False,1,JPEG,1114,1485,0,0,0,0,0.0,True,001863,1863,1114,1485,1,JPEG,.jpg,False
001864.jpg,True,640,640,False,1,JPEG,640,640,0,0,0,0,0.0,True,001864,1864,640,640,1,JPEG,.jpg,False
001865.jpg,True,1399,1049,False,1,JPEG,1049,1399,0,0,0,0,0.0,True,001865,1865,1049,1399,1,JPEG,.jpg,False
001866.jpg,True,640,640,False,1,JPEG,640,640,0,0,0,0,0.0,True,001866,1866,640,640,1,JPEG,.jpg,False
001867.jpg,True,1179,884,False,1,JPEG,884,1179,0,0,0,0,0.0,True,001867,1867,884,1179,1,JPEG,.jpg,False
001868.jpg,True,640,640,False,1,JPEG,640,640,0,0,5,0,0.01953125,True,001868,1868,640,640,1,JPEG,.jpg,False
001869.jpg,True,1383,1037,False,1,JPEG,1037,1383,0,0,0,0,0.0,True,001869,1869,1037,1383,1,JPEG,.jpg,False
001870.jpg,True,640,640,False,1,JPEG,640,640,8,0,0,0,0.03125,True,001870,1870,640,640,1,JPEG,.jpg,False
001871.jpg,True,1408,1056,False,1,JPEG,1056,1408,0,0,0,0,0.0,True,001871,1871,1056,1408,1,JPEG,.jpg,False
001872.jpg,True,1387,1040,False,1,JPEG,1040,1387,0,0,0,0,0.0,True,001872,1872,1040,1387,1,JPEG,.jpg,False
001873.jpg,True,640,640,False,1,JPEG,640,640,0,4,0,0,0.015625,True,001873,1873,640,640,1,JPEG,.jpg,False
001874.jpg,True,1222,916,False,1,JPEG,916,1222,0,0,0,0,0.0,True,001874,1874,916,1222,1,JPEG,.jpg,False
001875.jpg,True,640,640,False,1,JPEG,640,640,0,1,0,4,0.015625,True,001875,1875,640,640,1,JPEG,.jpg,False
001876.jpg,True,1359,1019,False,1,JPEG,1019,1359,0,0,0,0,0.0,True,001876,1876,1019,1359,1,JPEG,.jpg,False
001877.jpg,True,1300,975,False,1,JPEG,975,1300,0,0,0,0,0.0,True,001877,1877,975,1300,1,JPEG,.jpg,False
001878.jpg,True,640,640,False,1,JPEG,640,640,0,0,0,2,0.0078125,True,001878,1878,640,640,1,JPEG,.jpg,False
001879.jpg,True,1444,1083,False,1,JPEG,1083,1444,0,0,0,0,0.0,True,001879,1879,1083,1444,1,JPEG,.jpg,False
001880.jpg,True,640,640,False,1,JPEG,640,640,0,1,0,3,0.01171875,True,001880,1880,640,640,1,JPEG,.jpg,False
001881.jpg,True,1495,1121,False,1,JPEG,1121,1495,0,0,0,0,0.0,True,001881,1881,1121,1495,1,JPEG,.jpg,False
001882.jpg,True,640,640,False,1,JPEG,640,640,0,0,0,0,0.0,True,001882,1882,640,640,1,JPEG,.jpg,False
001883.jpg,True,1185,894,False,1,JPEG,894,1185,0,0,0,0,0.0,True,001883,1883,894,1185,1,JPEG,.jpg,False
001884.jpg,True,640,640,False,1,JPEG,640,640,0,0,1,0,0.00390625,True,001884,1884,640,640,1,JPEG,.jpg,False
001885.jpg,True,1301,955,False,1,JPEG,955,1301,0,0,0,0,0.0,True,001885,1885,955,1301,1,JPEG,.jpg,False
001886.jpg,True,640,640,False,1,JPEG,640,640,0,1,0,0,0.00390625,True,001886,1886,640,640,1,JPEG,.jpg,False
001887.jpg,True,2048,1536,False,1,JPEG,1536,2048,0,0,0,0,0.0,True,001887,1887,1536,2048,1,JPEG,.jpg,False
001888.jpg,True,640,640,False,1,JPEG,640,640,0,1,0,0,0.00390625,True,001888,1888,640,640,1,JPEG,.jpg,False
001889.jpg,True,1368,1026,False,1,JPEG,1026,1368,0,0,0,0,0.0,True,001889,1889,1026,1368,1,JPEG,.jpg,False
001890.jpg,True,640,640,False,1,JPEG,640,640,8,0,0,2,0.03125,True,001890,1890,640,640,1,JPEG,.jpg,False
001891.jpg,True,1489,1116,False,1,JPEG,1116,1489,0,0,0,0,0.0,True,001891,1891,1116,1489,1,JPEG,.jpg,False
001892.jpg,True,640,640,False,1,JPEG,640,640,0,0,0,0,0.0,True,001892,1892,640,640,1,JPEG,.jpg,False
001893.jpg,True,938,1251,False,1,JPEG,1251,938,0,0,0,0,0.0,True,001893,1893,1251,938,1,JPEG,.jpg,False
001894.jpg,True,640,640,False,1,JPEG,640,640,0,0,0,1,0.00390625,True,001894,1894,640,640,1,JPEG,.jpg,False
001895.jpg,True,947,1373,False,1,JPEG,1373,947,0,0,0,0,0.0,True,001895,1895,1373,947,1,JPEG,.jpg,False
001896.jpg,True,640,640,False,1,JPEG,640,640,0,0,0,0,0.0,True,001896,1896,640,640,1,JPEG,.jpg,False
001897.jpg,True,1501,1126,False,1,JPEG,1126,1501,0,0,0,0,0.0,True,001897,1897,1126,1501,1,JPEG,.jpg,False
001898.jpg,True,640,640,False,1,JPEG,640,640,0,1,0,0,0.00390625,True,001898,1898,640,640,1,JPEG,.jpg,False
001899.jpg,True,1415,1061,False,1,JPEG,1061,1415,0,0,0,0,0.0,True,001899,1899,1061,1415,1,JPEG,.jpg,False
001900.jpg,True,640,640,False,1,JPEG,640,640,6,0,1,0,0.0234375,True,001900,1900,640,640,1,JPEG,.jpg,False
001901.jpg,True,1230,922,False,1,JPEG,922,1230,0,0,0,0,0.0,True,001901,1901,922,1230,1,JPEG,.jpg,False
001902.jpg,True,640,640,False,1,JPEG,640,640,0,0,3,0,0.01171875,True,001902,1902,640,640,1,JPEG,.jpg,False
001903.jpg,True,1322,991,False,1,JPEG,991,1322,0,0,0,0,0.0,True,001903,1903,991,1322,1,JPEG,.jpg,False
001904.jpg,True,1279,937,False,1,JPEG,937,1279,0,0,0,0,0.0,True,001904,1904,937,1279,1,JPEG,.jpg,False
001905.jpg,True,640,640,False,1,JPEG,640,640,0,0,4,0,0.015625,True,001905,1905,640,640,1,JPEG,.jpg,False
001906.jpg,True,640,640,False,1,JPEG,640,640,0,0,0,1,0.00390625,True,001906,1906,640,640,1,JPEG,.jpg,False
001907.jpg,True,1245,934,False,1,JPEG,934,1245,0,0,0,0,0.0,True,001907,1907,934,1245,1,JPEG,.jpg,False
001908.jpg,True,640,640,False,1,JPEG,640,640,0,0,2,0,0.0078125,True,001908,1908,640,640,1,JPEG,.jpg,False
001909.jpg,True,910,1213,False,1,JPEG,1213,910,0,0,0,0,0.0,True,001909,1909,1213,910,1,JPEG,.jpg,False
001910.jpg,True,1223,918,False,1,JPEG,918,1223,0,0,0,0,0.0,True,001910,1910,918,1223,1,JPEG,.jpg,False
001911.jpg,True,1280,957,False,1,JPEG,957,1280,0,0,0,0,0.0,True,001911,1911,957,1280,1,JPEG,.jpg,False
001912.jpg,True,640,640,False,1,JPEG,640,640,9,0,0,0,0.03515625,True,001912,1912,640,640,1,JPEG,.jpg,False
001913.jpg,True,1320,990,False,1,JPEG,990,1320,0,0,0,0,0.0,True,001913,1913,990,1320,1,JPEG,.jpg,False
001914.jpg,True,640,640,False,1,JPEG,640,640,0,2,0,6,0.0234375,True,001914,1914,640,640,1,JPEG,.jpg,False
001915.jpg,True,1509,1132,False,1,JPEG,1132,1509,0,0,0,0,0.0,True,001915,1915,1132,1509,1,JPEG,.jpg,False
001916.jpg,True,640,640,False,1,JPEG,640,640,2,0,8,0,0.03125,True,001916,1916,640,640,1,JPEG,.jpg,False
001917.jpg,True,1402,1051,False,1,JPEG,1051,1402,0,0,0,0,0.0,True,001917,1917,1051,1402,1,JPEG,.jpg,False
001918.jpg,True,640,640,False,1,JPEG,640,640,0,0,4,0,0.015625,True,001918,1918,640,640,1,JPEG,.jpg,False
001919.jpg,True,1198,895,False,1,JPEG,895,1198,0,0,0,0,0.0,True,001919,1919,895,1198,1,JPEG,.jpg,False
001920.jpg,True,1325,994,False,1,JPEG,994,1325,0,0,0,0,0.0,True,001920,1920,994,1325,1,JPEG,.jpg,False
001921.jpg,True,640,640,False,1,JPEG,640,640,0,1,0,7,0.02734375,True,001921,1921,640,640,1,JPEG,.jpg,False
001922.jpg,True,1433,1074,False,1,JPEG,1074,1433,0,0,0,0,0.0,True,001922,1922,1074,1433,1,JPEG,.jpg,False
001923.jpg,True,640,640,False,1,JPEG,640,640,2,0,0,0,0.0078125,True,001923,1923,640,640,1,JPEG,.jpg,False
001924.jpg,True,1245,934,False,1,JPEG,934,1245,0,0,0,0,0.0,True,001924,1924,934,1245,1,JPEG,.jpg,False
001925.jpg,True,640,640,False,1,JPEG,640,640,0,0,7,0,0.02734375,True,001925,1925,640,640,1,JPEG,.jpg,False
001926.jpg,True,1403,1052,False,1,JPEG,1052,1403,0,0,0,0,0.0,True,001926,1926,1052,1403,1,JPEG,.jpg,False
001927.jpg,True,640,640,False,1,JPEG,640,640,0,3,6,0,0.0234375,True,001927,1927,640,640,1,JPEG,.jpg,False
001928.jpg,True,1338,1004,False,1,JPEG,1004,1338,0,0,0,0,0.0,True,001928,1928,1004,1338,1,JPEG,.jpg,False
001929.jpg,True,640,640,False,1,JPEG,640,640,0,2,3,0,0.01171875,True,001929,1929,640,640,1,JPEG,.jpg,False
001930.jpg,True,1245,934,False,1,JPEG,934,1245,0,0,0,0,0.0,True,001930,1930,934,1245,1,JPEG,.jpg,False
001931.jpg,True,640,640,False,1,JPEG,640,640,0,0,1,0,0.00390625,True,001931,1931,640,640,1,JPEG,.jpg,False
001932.jpg,True,1325,994,False,1,JPEG,994,1325,0,0,0,0,0.0,True,001932,1932,994,1325,1,JPEG,.jpg,False
001933.jpg,True,640,640,False,1,JPEG,640,640,0,0,1,0,0.00390625,True,001933,1933,640,640,1,JPEG,.jpg,False
001934.jpg,True,1222,883,False,1,JPEG,883,1222,0,0,0,0,0.0,True,001934,1934,883,1222,1,JPEG,.jpg,False
001935.jpg,True,640,640,False,1,JPEG,640,640,0,0,1,0,0.00390625,True,001935,1935,640,640,1,JPEG,.jpg,False
001936.jpg,True,1407,1055,False,1,JPEG,1055,1407,0,0,0,0,0.0,True,001936,1936,1055,1407,1,JPEG,.jpg,False
001937.jpg,True,640,640,False,1,JPEG,640,640,2,0,0,3,0.01171875,True,001937,1937,640,640,1,JPEG,.jpg,False
001938.jpg,True,1026,791,False,1,JPEG,791,1026,0,0,0,0,0.0,True,001938,1938,791,1026,1,JPEG,.jpg,False
001939.jpg,True,927,1236,False,1,JPEG,1236,927,0,0,0,0,0.0,True,001939,1939,1236,927,1,JPEG,.jpg,False
001940.jpg,True,640,640,False,1,JPEG,640,640,1,0,0,8,0.03125,True,001940,1940,640,640,1,JPEG,.jpg,False
001941.jpg,True,1225,919,False,1,JPEG,919,1225,0,0,0,0,0.0,True,001941,1941,919,1225,1,JPEG,.jpg,False
001942.jpg,True,640,640,False,1,JPEG,640,640,0,0,7,0,0.02734375,True,001942,1942,640,640,1,JPEG,.jpg,False
001943.jpg,True,1536,2048,False,1,JPEG,2048,1536,0,0,0,0,0.0,True,001943,1943,2048,1536,1,JPEG,.jpg,True
001944.jpg,True,640,640,False,1,JPEG,640,640,0,7,0,1,0.02734375,True,001944,1944,640,640,1,JPEG,.jpg,False
001945.jpg,True,1276,957,False,1,JPEG,957,1276,0,0,0,0,0.0,True,001945,1945,957,1276,1,JPEG,.jpg,False
001946.jpg,True,640,640,False,1,JPEG,640,640,1,8,0,4,0.03515625,True,001946,1946,640,640,1,JPEG,.jpg,False
001947.jpg,True,1232,924,False,1,JPEG,924,1232,0,0,0,0,0.0,True,001947,1947,924,1232,1,JPEG,.jpg,False
001948.jpg,True,640,640,False,1,JPEG,640,640,0,0,0,3,0.01171875,True,001948,1948,640,640,1,JPEG,.jpg,False
001949.jpg,True,1302,977,False,1,JPEG,977,1302,0,0,0,0,0.0,True,001949,1949,977,1302,1,JPEG,.jpg,False
001950.jpg,True,640,640,False,1,JPEG,640,640,0,0,3,0,0.01171875,True,001950,1950,640,640,1,JPEG,.jpg,False
001951.jpg,True,1124,816,False,1,JPEG,816,1124,0,0,0,0,0.0,True,001951,1951,816,1124,1,JPEG,.jpg,False
001952.jpg,True,640,640,False,1,JPEG,640,640,3,0,0,1,0.01171875,True,001952,1952,640,640,1,JPEG,.jpg,False
001953.jpg,True,958,1277,False,1,JPEG,1277,958,0,0,0,0,0.0,True,001953,1953,1277,958,1,JPEG,.jpg,False
001954.jpg,True,640,640,False,1,JPEG,640,640,0,0,0,0,0.0,True,001954,1954,640,640,1,JPEG,.jpg,False
001955.jpg,True,907,1210,False,1,JPEG,1210,907,0,0,0,0,0.0,True,001955,1955,1210,907,1,JPEG,.jpg,False
001956.jpg,True,640,640,False,1,JPEG,640,640,0,0,0,0,0.0,True,001956,1956,640,640,1,JPEG,.jpg,False
001957.jpg,True,860,1227,False,1,JPEG,1227,860,0,0,0,0,0.0,True,001957,1957,1227,860,1,JPEG,.jpg,False
001958.jpg,True,1175,881,False,1,JPEG,881,1175,0,0,0,0,0.0,True,001958,1958,881,1175,1,JPEG,.jpg,False
001959.jpg,True,640,640,False,1,JPEG,640,640,0,0,0,0,0.0,True,001959,1959,640,640,1,JPEG,.jpg,False
001960.jpg,True,1365,1023,False,1,JPEG,1023,1365,0,0,0,0,0.0,True,001960,1960,1023,1365,1,JPEG,.jpg,False
001961.jpg,True,982,1310,False,1,JPEG,1310,982,0,0,0,0,0.0,True,001961,1961,1310,982,1,JPEG,.jpg,False
001962.jpg,True,640,640,False,1,JPEG,640,640,7,0,0,0,0.02734375,True,001962,1962,640,640,1,JPEG,.jpg,False
001963.jpg,True,1286,965,False,1,JPEG,965,1286,0,0,0,0,0.0,True,001963,1963,965,1286,1,JPEG,.jpg,False
001964.jpg,True,640,640,False,1,JPEG,640,640,0,0,0,4,0.015625,True,001964,1964,640,640,1,JPEG,.jpg,False
001965.jpg,True,1256,942,False,1,JPEG,942,1256,0,0,0,0,0.0,True,001965,1965,942,1256,1,JPEG,.jpg,False
001966.jpg,True,640,640,False,1,JPEG,640,640,0,4,0,1,0.015625,True,001966,1966,640,640,1,JPEG,.jpg,False
001967.jpg,True,1269,951,False,1,JPEG,951,1269,0,0,0,0,0.0,True,001967,1967,951,1269,1,JPEG,.jpg,False
001968.jpg,True,640,640,False,1,JPEG,640,640,0,0,0,8,0.03125,True,001968,1968,640,640,1,JPEG,.jpg,False
001969.jpg,True,1423,1068,False,1,JPEG,1068,1423,0,0,0,0,0.0,True,001969,1969,1068,1423,1,JPEG,.jpg,False
001970.jpg,True,1256,942,False,1,JPEG,942,1256,0,0,0,0,0.0,True,001970,1970,942,1256,1,JPEG,.jpg,False
001971.jpg,True,640,640,False,1,JPEG,640,640,0,0,0,0,0.0,True,001971,1971,640,640,1,JPEG,.jpg,False
001972.jpg,True,1383,1018,False,1,JPEG,1018,1383,0,0,0,0,0.0,True,001972,1972,1018,1383,1,JPEG,.jpg,False
001973.jpg,True,640,640,False,1,JPEG,640,640,6,0,3,0,0.0234375,True,001973,1973,640,640,1,JPEG,.jpg,False
001974.jpg,True,1126,935,False,1,JPEG,935,1126,0,0,0,0,0.0,True,001974,1974,935,1126,1,JPEG,.jpg,False
001975.jpg,True,1448,1086,False,1,JPEG,1086,1448,0,0,0,0,0.0,True,001975,1975,1086,1448,1,JPEG,.jpg,False
001976.jpg,True,640,640,False,1,JPEG,640,640,0,0,0,0,0.0,True,001976,1976,640,640,1,JPEG,.jpg,False
001977.jpg,True,1454,1090,False,1,JPEG,1090,1454,0,0,0,0,0.0,True,001977,1977,1090,1454,1,JPEG,.jpg,False
001978.jpg,True,944,1258,False,1,JPEG,1258,944,0,0,0,0,0.0,True,001978,1978,1258,944,1,JPEG,.jpg,False
001979.jpg,True,640,640,False,1,JPEG,640,640,0,0,0,0,0.0,True,001979,1979,640,640,1,JPEG,.jpg,False
001980.jpg,True,1510,1133,False,1,JPEG,1133,1510,0,0,0,0,0.0,True,001980,1980,1133,1510,1,JPEG,.jpg,False
001981.jpg,True,640,640,False,1,JPEG,640,640,4,0,0,8,0.03125,True,001981,1981,640,640,1,JPEG,.jpg,False
001982.jpg,True,1007,1343,False,1,JPEG,1343,1007,0,0,0,0,0.0,True,001982,1982,1343,1007,1,JPEG,.jpg,False
001983.jpg,True,640,640,False,1,JPEG,640,640,0,0,0,1,0.00390625,True,001983,1983,640,640,1,JPEG,.jpg,False
001984.jpg,True,1200,900,False,1,JPEG,900,1200,0,0,0,0,0.0,True,001984,1984,900,1200,1,JPEG,.jpg,False
001985.jpg,True,640,640,False,1,JPEG,640,640,0,1,0,4,0.015625,True,001985,1985,640,640,1,JPEG,.jpg,False
001986.jpg,True,1225,919,False,1,JPEG,919,1225,0,0,0,0,0.0,True,001986,1986,919,1225,1,JPEG,.jpg,False
001987.jpg,True,1310,983,False,1,JPEG,983,1310,0,0,0,0,0.0,True,001987,1987,983,1310,1,JPEG,.jpg,False
001988.jpg,True,640,640,False,1,JPEG,640,640,0,0,0,4,0.015625,True,001988,1988,640,640,1,JPEG,.jpg,False
001989.jpg,True,1236,927,False,1,JPEG,927,1236,0,0,0,0,0.0,True,001989,1989,927,1236,1,JPEG,.jpg,False
001990.jpg,True,640,640,False,1,JPEG,640,640,0,1,0,0,0.00390625,True,001990,1990,640,640,1,JPEG,.jpg,False
001991.jpg,True,1425,1068,False,1,JPEG,1068,1425,0,0,0,0,0.0,True,001991,1991,1068,1425,1,JPEG,.jpg,False
001992.jpg,True,640,640,False,1,JPEG,640,640,0,0,0,8,0.03125,True,001992,1992,640,640,1,JPEG,.jpg,False
001993.jpg,True,1367,1025,False,1,JPEG,1025,1367,0,0,0,0,0.0,True,001993,1993,1025,1367,1,JPEG,.jpg,False
001994.jpg,True,640,640,False,1,JPEG,640,640,0,0,0,3,0.01171875,True,001994,1994,640,640,1,JPEG,.jpg,False
001995.jpg,True,1458,1094,False,1,JPEG,1094,1458,0,0,0,0,0.0,True,001995,1995,1094,1458,1,JPEG,.jpg,False
001996.jpg,True,640,640,False,1,JPEG,640,640,0,0,0,0,0.0,True,001996,1996,640,640,1,JPEG,.jpg,False
001997.jpg,True,1273,955,False,1,JPEG,955,1273,0,0,0,0,0.0,True,001997,1997,955,1273,1,JPEG,.jpg,False
001998.jpg,True,640,640,False,1,JPEG,640,640,0,1,5,0,0.01953125,True,001998,1998,640,640,1,JPEG,.jpg,False
001999.jpg,True,1252,939,False,1,JPEG,939,1252,0,0,0,0,0.0,True,001999,1999,939,1252,1,JPEG,.jpg,False
002000.jpg,True,640,640,False,1,JPEG,640,640,0,0,4,0,0.015625,True,002000,2000,640,640,1,JPEG,.jpg,False
002001.jpg,True,1400,1050,False,1,JPEG,1050,1400,0,0,0,0,0.0,True,002001,2001,1050,1400,1,JPEG,.jpg,False
002002.jpg,True,640,640,False,1,JPEG,640,640,3,0,0,0,0.01171875,True,002002,2002,640,640,1,JPEG,.jpg,False
002003.jpg,True,1367,1025,False,1,JPEG,1025,1367,0,0,0,0,0.0,True,002003,2003,1025,1367,1,JPEG,.jpg,False
002004.jpg,True,640,640,False,1,JPEG,640,640,0,0,0,0,0.0,True,002004,2004,640,640,1,JPEG,.jpg,False
002005.jpg,True,1148,861,False,1,JPEG,861,1148,0,0,0,0,0.0,True,002005,2005,861,1148,1,JPEG,.jpg,False
002006.jpg,True,640,640,False,1,JPEG,640,640,6,0,1,0,0.0234375,True,002006,2006,640,640,1,JPEG,.jpg,False
002007.jpg,True,1435,1077,False,1,JPEG,1077,1435,0,0,0,0,0.0,True,002007,2007,1077,1435,1,JPEG,.jpg,False
002008.jpg,True,640,640,False,1,JPEG,640,640,0,0,0,1,0.00390625,True,002008,2008,640,640,1,JPEG,.jpg,False
002009.jpg,True,1256,942,False,1,JPEG,942,1256,0,0,0,0,0.0,True,002009,2009,942,1256,1,JPEG,.jpg,False
002010.jpg,True,640,640,False,1,JPEG,640,640,0,5,8,0,0.03125,True,002010,2010,640,640,1,JPEG,.jpg,False
002011.jpg,True,1236,927,False,1,JPEG,927,1236,0,0,0,0,0.0,True,002011,2011,927,1236,1,JPEG,.jpg,False
002012.jpg,True,640,640,False,1,JPEG,640,640,3,0,0,0,0.01171875,True,002012,2012,640,640,1,JPEG,.jpg,False
002013.jpg,True,1388,1041,False,1,JPEG,1041,1388,0,0,0,0,0.0,True,002013,2013,1041,1388,1,JPEG,.jpg,False
002014.jpg,True,1241,931,False,1,JPEG,931,1241,0,0,0,0,0.0,True,002014,2014,931,1241,1,JPEG,.jpg,False
002015.jpg,True,640,640,False,1,JPEG,640,640,0,0,0,0,0.0,True,002015,2015,640,640,1,JPEG,.jpg,False
002016.jpg,True,1374,1031,False,1,JPEG,1031,1374,0,0,0,0,0.0,True,002016,2016,1031,1374,1,JPEG,.jpg,False
002017.jpg,True,1282,913,False,1,JPEG,913,1282,0,0,0,0,0.0,True,002017,2017,913,1282,1,JPEG,.jpg,False
002018.jpg,True,640,640,False,1,JPEG,640,640,0,5,0,0,0.01953125,True,002018,2018,640,640,1,JPEG,.jpg,False
002019.jpg,True,844,715,False,1,JPEG,715,844,0,0,0,0,0.0,True,002019,2019,715,844,1,JPEG,.jpg,False
002020.jpg,True,640,640,False,1,JPEG,640,640,0,6,1,0,0.0234375,True,002020,2020,640,640,1,JPEG,.jpg,False
002021.jpg,True,1008,756,False,1,JPEG,756,1008,0,0,0,0,0.0,True,002021,2021,756,1008,1,JPEG,.jpg,False
002022.jpg,True,640,640,False,1,JPEG,640,640,6,0,0,4,0.0234375,True,002022,2022,640,640,1,JPEG,.jpg,False
002023.jpg,True,726,534,False,1,JPEG,534,726,0,0,0,0,0.0,True,002023,2023,534,726,1,JPEG,.jpg,False
002024.jpg,True,640,640,False,1,JPEG,640,640,0,3,8,0,0.03125,True,002024,2024,640,640,1,JPEG,.jpg,False
002025.jpg,True,884,716,False,1,JPEG,716,884,0,0,0,0,0.0,True,002025,2025,716,884,1,JPEG,.jpg,False
002026.jpg,True,640,640,False,1,JPEG,640,640,4,0,0,0,0.015625,True,002026,2026,640,640,1,JPEG,.jpg,False
002027.jpg,True,782,727,False,1,JPEG,727,782,0,0,0,0,0.0,True,002027,2027,727,782,1,JPEG,.jpg,False
002028.jpg,True,640,640,False,1,JPEG,640,640,0,0,2,0,0.0078125,True,002028,2028,640,640,1,JPEG,.jpg,False
002029.jpg,True,856,598,False,1,JPEG,598,856,0,0,0,0,0.0,True,002029,2029,598,856,1,JPEG,.jpg,False
002030.jpg,True,846,521,False,1,JPEG,521,846,0,0,0,0,0.0,True,002030,2030,521,846,1,JPEG,.jpg,False
002031.jpg,True,640,640,False,1,JPEG,640,640,1,0,5,0,0.01953125,True,002031,2031,640,640,1,JPEG,.jpg,False
002032.jpg,True,957,655,False,1,JPEG,655,957,0,0,0,0,0.0,True,002032,2032,655,957,1,JPEG,.jpg,False
002033.jpg,True,640,640,False,1,JPEG,640,640,0,1,3,0,0.01171875,True,002033,2033,640,640,1,JPEG,.jpg,False
002034.jpg,True,793,775,False,1,JPEG,775,793,0,0,0,0,0.0,True,002034,2034,775,793,1,JPEG,.jpg,False
002035.jpg,True,640,640,False,1,JPEG,640,640,0,0,0,2,0.0078125,True,002035,2035,640,640,1,JPEG,.jpg,False
002036.jpg,True,633,601,False,1,JPEG,601,633,0,0,0,0,0.0,True,002036,2036,601,633,1,JPEG,.jpg,False
002037.jpg,True,640,640,False,1,JPEG,640,640,0,0,0,1,0.00390625,True,002037,2037,640,640,1,JPEG,.jpg,False
002038.jpg,True,720,616,False,1,JPEG,616,720,0,0,0,0,0.0,True,002038,2038,616,720,1,JPEG,.jpg,False
002039.jpg,True,847,657,False,1,JPEG,657,847,0,0,0,0,0.0,True,002039,2039,657,847,1,JPEG,.jpg,False
002040.jpg,True,640,640,False,1,JPEG,640,640,0,0,0,0,0.0,True,002040,2040,640,640,1,JPEG,.jpg,False
002041.jpg,True,873,641,False,1,JPEG,641,873,0,0,0,0,0.0,True,002041,2041,641,873,1,JPEG,.jpg,False
002042.jpg,True,640,640,False,1,JPEG,640,640,0,0,0,0,0.0,True,002042,2042,640,640,1,JPEG,.jpg,False
002043.jpg,True,903,678,False,1,JPEG,678,903,0,0,0,0,0.0,True,002043,2043,678,903,1,JPEG,.jpg,False
002044.jpg,True,640,640,False,1,JPEG,640,640,6,0,1,0,0.0234375,True,002044,2044,640,640,1,JPEG,.jpg,False
002045.jpg,True,856,642,False,1,JPEG,642,856,0,0,0,0,0.0,True,002045,2045,642,856,1,JPEG,.jpg,False
002046.jpg,True,640,640,False,1,JPEG,640,640,0,0,0,0,0.0,True,002046,2046,640,640,1,JPEG,.jpg,False
002047.jpg,True,721,541,False,1,JPEG,541,721,0,0,0,0,0.0,True,002047,2047,541,721,1,JPEG,.jpg,False
002048.jpg,True,640,640,False,1,JPEG,640,640,3,0,0,0,0.01171875,True,002048,2048,640,640,1,JPEG,.jpg,False
002049.jpg,True,824,567,False,1,JPEG,567,824,0,0,0,0,0.0,True,002049,2049,567,824,1,JPEG,.jpg,False
002050.jpg,True,640,640,False,1,JPEG,640,640,0,3,1,0,0.01171875,True,002050,2050,640,640,1,JPEG,.jpg,False
002051.jpg,True,851,551,False,1,JPEG,551,851,0,0,0,0,0.0,True,002051,2051,551,851,1,JPEG,.jpg,False
002052.jpg,True,640,640,False,1,JPEG,640,640,4,0,0,6,0.0234375,True,002052,2052,640,640,1,JPEG,.jpg,False
002053.jpg,True,674,653,False,1,JPEG,653,674,0,0,0,0,0.0,True,002053,2053,653,674,1,JPEG,.jpg,False
002054.jpg,True,887,736,False,1,JPEG,736,887,0,0,0,0,0.0,True,002054,2054,736,887,1,JPEG,.jpg,False
002055.jpg,True,640,640,False,1,JPEG,640,640,0,0,0,4,0.015625,True,002055,2055,640,640,1,JPEG,.jpg,False
002056.jpg,True,962,710,False,1,JPEG,710,962,0,0,0,0,0.0,True,002056,2056,710,962,1,JPEG,.jpg,False
002057.jpg,True,640,640,False,1,JPEG,640,640,0,4,1,0,0.015625,True,002057,2057,640,640,1,JPEG,.jpg,False
002058.jpg,True,859,643,False,1,JPEG,643,859,0,0,0,0,0.0,True,002058,2058,643,859,1,JPEG,.jpg,False
002059.jpg,True,640,640,False,1,JPEG,640,640,2,0,0,0,0.0078125,True,002059,2059,640,640,1,JPEG,.jpg,False
002060.jpg,True,818,556,False,1,JPEG,556,818,0,0,0,0,0.0,True,002060,2060,556,818,1,JPEG,.jpg,False
002061.jpg,True,640,640,False,1,JPEG,640,640,0,2,0,1,0.0078125,True,002061,2061,640,640,1,JPEG,.jpg,False
002062.jpg,True,794,593,False,1,JPEG,593,794,0,0,0,0,0.0,True,002062,2062,593,794,1,JPEG,.jpg,False
002063.jpg,True,640,640,False,1,JPEG,640,640,2,0,0,1,0.0078125,True,002063,2063,640,640,1,JPEG,.jpg,False
002064.jpg,True,791,523,False,1,JPEG,523,791,0,0,0,0,0.0,True,002064,2064,523,791,1,JPEG,.jpg,False
002065.jpg,True,640,640,False,1,JPEG,640,640,0,0,0,1,0.00390625,True,002065,2065,640,640,1,JPEG,.jpg,False
002066.jpg,True,700,609,False,1,JPEG,609,700,0,0,0,0,0.0,True,002066,2066,609,700,1,JPEG,.jpg,False
002067.jpg,True,640,640,False,1,JPEG,640,640,4,0,0,4,0.015625,True,002067,2067,640,640,1,JPEG,.jpg,False
002068.jpg,True,592,482,False,1,JPEG,482,592,0,0,0,0,0.0,True,002068,2068,482,592,1,JPEG,.jpg,False
002069.jpg,True,867,650,False,1,JPEG,650,867,0,0,0,0,0.0,True,002069,2069,650,867,1,JPEG,.jpg,False
002070.jpg,True,710,511,False,1,JPEG,511,710,0,0,0,0,0.0,True,002070,2070,511,710,1,JPEG,.jpg,False
002071.jpg,True,640,640,False,1,JPEG,640,640,0,0,0,1,0.00390625,True,002071,2071,640,640,1,JPEG,.jpg,False
002072.jpg,True,892,669,False,1,JPEG,669,892,0,0,0,0,0.0,True,002072,2072,669,892,1,JPEG,.jpg,False
002073.jpg,True,640,640,False,1,JPEG,640,640,0,2,2,0,0.0078125,True,002073,2073,640,640,1,JPEG,.jpg,False
002074.jpg,True,917,686,False,1,JPEG,686,917,0,0,0,0,0.0,True,002074,2074,686,917,1,JPEG,.jpg,False
002075.jpg,True,640,640,False,1,JPEG,640,640,0,0,0,2,0.0078125,True,002075,2075,640,640,1,JPEG,.jpg,False
002076.jpg,True,1121,644,False,1,JPEG,644,1121,0,0,0,0,0.0,True,002076,2076,644,1121,1,JPEG,.jpg,False
002077.jpg,True,939,614,False,1,JPEG,614,939,0,0,0,0,0.0,True,002077,2077,614,939,1,JPEG,.jpg,False
002078.jpg,True,640,640,False,1,JPEG,640,640,6,0,0,7,0.02734375,True,002078,2078,640,640,1,JPEG,.jpg,False
002079.jpg,True,1032,783,False,1,JPEG,783,1032,0,0,0,0,0.0,True,002079,2079,783,1032,1,JPEG,.jpg,False
002080.jpg,True,640,640,False,1,JPEG,640,640,0,0,0,0,0.0,True,002080,2080,640,640,1,JPEG,.jpg,False
002081.jpg,True,1047,956,False,1,JPEG,956,1047,0,0,0,0,0.0,True,002081,2081,956,1047,1,JPEG,.jpg,False
002082.jpg,True,2032,1548,False,1,JPEG,1548,2032,0,0,0,0,0.0,True,002082,2082,1548,2032,1,JPEG,.jpg,True
002083.jpg,True,1147,715,False,1,JPEG,715,1147,0,0,0,0,0.0,True,002083,2083,715,1147,1,JPEG,.jpg,False
002084.jpg,True,640,640,False,1,JPEG,640,640,0,0,3,0,0.01171875,True,002084,2084,640,640,1,JPEG,.jpg,False
002085.jpg,True,965,723,False,1,JPEG,723,965,0,0,0,0,0.0,True,002085,2085,723,965,1,JPEG,.jpg,False
002086.jpg,True,640,640,False,1,JPEG,640,640,0,0,0,0,0.0,True,002086,2086,640,640,1,JPEG,.jpg,False
002087.jpg,True,889,672,False,1,JPEG,672,889,0,0,0,0,0.0,True,002087,2087,672,889,1,JPEG,.jpg,False
002088.jpg,True,640,640,False,1,JPEG,640,640,0,1,0,7,0.02734375,True,002088,2088,640,640,1,JPEG,.jpg,False
002089.jpg,True,1008,756,False,1,JPEG,756,1008,0,0,0,0,0.0,True,002089,2089,756,1008,1,JPEG,.jpg,False
002090.jpg,True,640,640,False,1,JPEG,640,640,0,5,0,0,0.01953125,True,002090,2090,640,640,1,JPEG,.jpg,False
002091.jpg,True,1008,756,False,1,JPEG,756,1008,0,0,0,0,0.0,True,002091,2091,756,1008,1,JPEG,.jpg,False
002092.jpg,True,640,640,False,1,JPEG,640,640,0,0,4,0,0.015625,True,002092,2092,640,640,1,JPEG,.jpg,False
002093.jpg,True,934,700,False,1,JPEG,700,934,0,0,0,0,0.0,True,002093,2093,700,934,1,JPEG,.jpg,False
002094.jpg,True,864,646,False,1,JPEG,646,864,0,0,0,0,0.0,True,002094,2094,646,864,1,JPEG,.jpg,False
002095.jpg,True,640,640,False,1,JPEG,640,640,0,0,7,0,0.02734375,True,002095,2095,640,640,1,JPEG,.jpg,False
002096.jpg,True,1008,756,False,1,JPEG,756,1008,0,0,0,0,0.0,True,002096,2096,756,1008,1,JPEG,.jpg,False
002097.jpg,True,640,640,False,1,JPEG,640,640,5,0,0,0,0.01953125,True,002097,2097,640,640,1,JPEG,.jpg,False
002098.jpg,True,1008,756,False,1,JPEG,756,1008,0,0,0,0,0.0,True,002098,2098,756,1008,1,JPEG,.jpg,False
002099.jpg,True,640,640,False,1,JPEG,640,640,1,0,2,0,0.0078125,True,002099,2099,640,640,1,JPEG,.jpg,False
002100.jpg,True,1008,756,False,1,JPEG,756,1008,0,0,0,0,0.0,True,002100,2100,756,1008,1,JPEG,.jpg,False
002101.jpg,True,640,640,False,1,JPEG,640,640,6,0,0,0,0.0234375,True,002101,2101,640,640,1,JPEG,.jpg,False
002102.jpg,True,1274,955,False,1,JPEG,955,1274,0,0,0,0,0.0,True,002102,2102,955,1274,1,JPEG,.jpg,False
002103.jpg,True,640,640,False,1,JPEG,640,640,0,0,0,0,0.0,True,002103,2103,640,640,1,JPEG,.jpg,False
002104.jpg,True,1069,802,False,1,JPEG,802,1069,0,0,0,0,0.0,True,002104,2104,802,1069,1,JPEG,.jpg,False
002105.jpg,True,640,640,False,1,JPEG,640,640,0,0,0,2,0.0078125,True,002105,2105,640,640,1,JPEG,.jpg,False
002106.jpg,True,1096,822,False,1,JPEG,822,1096,0,0,0,0,0.0,True,002106,2106,822,1096,1,JPEG,.jpg,False
002107.jpg,True,1022,676,False,1,JPEG,676,1022,0,0,0,0,0.0,True,002107,2107,676,1022,1,JPEG,.jpg,False
002108.jpg,True,640,640,False,1,JPEG,640,640,6,0,0,0,0.0234375,True,002108,2108,640,640,1,JPEG,.jpg,False
002109.jpg,True,1015,656,False,1,JPEG,656,1015,0,0,0,0,0.0,True,002109,2109,656,1015,1,JPEG,.jpg,False
002110.jpg,True,640,640,False,1,JPEG,640,640,4,0,0,2,0.015625,True,002110,2110,640,640,1,JPEG,.jpg,False
002111.jpg,True,985,739,False,1,JPEG,739,985,0,0,0,0,0.0,True,002111,2111,739,985,1,JPEG,.jpg,False
002112.jpg,True,640,640,False,1,JPEG,640,640,6,0,0,0,0.0234375,True,002112,2112,640,640,1,JPEG,.jpg,False
002113.jpg,True,932,715,False,1,JPEG,715,932,0,0,0,0,0.0,True,002113,2113,715,932,1,JPEG,.jpg,False
002114.jpg,True,951,640,False,1,JPEG,640,951,0,0,0,0,0.0,True,002114,2114,640,951,1,JPEG,.jpg,False
002115.jpg,True,640,640,False,1,JPEG,640,640,4,0,0,3,0.015625,True,002115,2115,640,640,1,JPEG,.jpg,False
002116.jpg,True,928,885,False,1,JPEG,885,928,0,0,0,0,0.0,True,002116,2116,885,928,1,JPEG,.jpg,False
002117.jpg,True,640,640,False,1,JPEG,640,640,0,0,0,2,0.0078125,True,002117,2117,640,640,1,JPEG,.jpg,False
002118.jpg,True,831,712,False,1,JPEG,712,831,0,0,0,0,0.0,True,002118,2118,712,831,1,JPEG,.jpg,False
002119.jpg,True,640,640,False,1,JPEG,640,640,4,0,0,0,0.015625,True,002119,2119,640,640,1,JPEG,.jpg,False
002120.jpg,True,1024,716,False,1,JPEG,716,1024,0,0,0,0,0.0,True,002120,2120,716,1024,1,JPEG,.jpg,False
002121.jpg,True,640,640,False,1,JPEG,640,640,0,2,7,0,0.02734375,True,002121,2121,640,640,1,JPEG,.jpg,False
002122.jpg,True,947,697,False,1,JPEG,697,947,0,0,0,0,0.0,True,002122,2122,697,947,1,JPEG,.jpg,False
002123.jpg,True,1008,756,False,1,JPEG,756,1008,0,0,0,0,0.0,True,002123,2123,756,1008,1,JPEG,.jpg,False
002124.jpg,True,640,640,False,1,JPEG,640,640,0,0,5,0,0.01953125,True,002124,2124,640,640,1,JPEG,.jpg,False
002125.jpg,True,959,686,False,1,JPEG,686,959,0,0,0,0,0.0,True,002125,2125,686,959,1,JPEG,.jpg,False
002126.jpg,True,640,640,False,1,JPEG,640,640,0,0,0,0,0.0,True,002126,2126,640,640,1,JPEG,.jpg,False
002127.jpg,True,1231,923,False,1,JPEG,923,1231,0,0,0,0,0.0,True,002127,2127,923,1231,1,JPEG,.jpg,False
002128.jpg,True,1163,873,False,1,JPEG,873,1163,0,0,0,0,0.0,True,002128,2128,873,1163,1,JPEG,.jpg,False
002129.jpg,True,640,640,False,1,JPEG,640,640,0,0,0,0,0.0,True,002129,2129,640,640,1,JPEG,.jpg,False
002130.jpg,True,1008,756,False,1,JPEG,756,1008,0,0,0,0,0.0,True,002130,2130,756,1008,1,JPEG,.jpg,False
002131.jpg,True,640,640,False,1,JPEG,640,640,4,0,0,0,0.015625,True,002131,2131,640,640,1,JPEG,.jpg,False
002132.jpg,True,1067,910,False,1,JPEG,910,1067,0,0,0,0,0.0,True,002132,2132,910,1067,1,JPEG,.jpg,False
002133.jpg,True,640,640,False,1,JPEG,640,640,0,0,0,0,0.0,True,002133,2133,640,640,1,JPEG,.jpg,False
002134.jpg,True,1008,756,False,1,JPEG,756,1008,0,0,0,0,0.0,True,002134,2134,756,1008,1,JPEG,.jpg,False
002135.jpg,True,640,640,False,1,JPEG,640,640,0,1,0,4,0.015625,True,002135,2135,640,640,1,JPEG,.jpg,False
002136.jpg,True,950,697,False,1,JPEG,697,950,0,0,0,0,0.0,True,002136,2136,697,950,1,JPEG,.jpg,False
002137.jpg,True,640,640,False,1,JPEG,640,640,0,1,0,0,0.00390625,True,002137,2137,640,640,1,JPEG,.jpg,False
002138.jpg,True,1262,947,False,1,JPEG,947,1262,0,0,0,0,0.0,True,002138,2138,947,1262,1,JPEG,.jpg,False
002139.jpg,True,640,640,False,1,JPEG,640,640,0,8,0,0,0.03125,True,002139,2139,640,640,1,JPEG,.jpg,False
002140.jpg,True,1017,763,False,1,JPEG,763,1017,0,0,0,0,0.0,True,002140,2140,763,1017,1,JPEG,.jpg,False
002141.jpg,True,1089,817,False,1,JPEG,817,1089,0,0,0,0,0.0,True,002141,2141,817,1089,1,JPEG,.jpg,False
002142.jpg,True,640,640,False,1,JPEG,640,640,2,0,0,2,0.0078125,True,002142,2142,640,640,1,JPEG,.jpg,False
002143.jpg,True,1008,756,False,1,JPEG,756,1008,0,0,0,0,0.0,True,002143,2143,756,1008,1,JPEG,.jpg,False
002144.jpg,True,1104,828,False,1,JPEG,828,1104,0,0,0,0,0.0,True,002144,2144,828,1104,1,JPEG,.jpg,False
002145.jpg,True,640,640,False,1,JPEG,640,640,0,0,0,0,0.0,True,002145,2145,640,640,1,JPEG,.jpg,False
002146.jpg,True,1122,842,False,1,JPEG,842,1122,0,0,0,0,0.0,True,002146,2146,842,1122,1,JPEG,.jpg,False
002147.jpg,True,640,640,False,1,JPEG,640,640,4,0,0,0,0.015625,True,002147,2147,640,640,1,JPEG,.jpg,False
002148.jpg,True,990,696,False,1,JPEG,696,990,0,0,0,0,0.0,True,002148,2148,696,990,1,JPEG,.jpg,False
002149.jpg,True,1216,678,False,1,JPEG,678,1216,0,0,0,0,0.0,True,002149,2149,678,1216,1,JPEG,.jpg,False
002150.jpg,True,640,640,False,1,JPEG,640,640,0,0,2,0,0.0078125,True,002150,2150,640,640,1,JPEG,.jpg,False
002151.jpg,True,889,658,False,1,JPEG,658,889,0,0,0,0,0.0,True,002151,2151,658,889,1,JPEG,.jpg,False
002152.jpg,True,1189,892,False,1,JPEG,892,1189,0,0,0,0,0.0,True,002152,2152,892,1189,1,JPEG,.jpg,False
002153.jpg,True,640,640,False,1,JPEG,640,640,0,6,0,0,0.0234375,True,002153,2153,640,640,1,JPEG,.jpg,False
002154.jpg,True,1008,756,False,1,JPEG,756,1008,0,0,0,0,0.0,True,002154,2154,756,1008,1,JPEG,.jpg,False
002155.jpg,True,640,640,False,1,JPEG,640,640,0,0,0,8,0.03125,True,002155,2155,640,640,1,JPEG,.jpg,False
002156.jpg,True,1050,787,False,1,JPEG,787,1050,0,0,0,0,0.0,True,002156,2156,787,1050,1,JPEG,.jpg,False
002157.jpg,True,640,640,False,1,JPEG,640,640,1,0,0,2,0.0078125,True,002157,2157,640,640,1,JPEG,.jpg,False
002158.jpg,True,1081,664,False,1,JPEG,664,1081,0,0,0,0,0.0,True,002158,2158,664,1081,1,JPEG,.jpg,False
002159.jpg,True,640,640,False,1,JPEG,640,640,0,16,0,0,0.0625,True,002159,2159,640,640,1,JPEG,.jpg,False
002160.jpg,True,1189,892,False,1,JPEG,892,1189,0,0,0,0,0.0,True,002160,2160,892,1189,1,JPEG,.jpg,False
002161.jpg,True,640,640,False,1,JPEG,640,640,1,0,0,0,0.00390625,True,002161,2161,640,640,1,JPEG,.jpg,False
002162.jpg,True,1238,928,False,1,JPEG,928,1238,0,3,0,0,0.01171875,True,002162,2162,928,1238,1,JPEG,.jpg,False
002163.jpg,True,640,640,False,1,JPEG,640,640,0,0,0,1,0.00390625,True,002163,2163,640,640,1,JPEG,.jpg,False
002164.jpg,True,1210,908,False,1,JPEG,908,1210,0,0,0,0,0.0,True,002164,2164,908,1210,1,JPEG,.jpg,False
002165.jpg,True,640,640,False,1,JPEG,640,640,0,0,0,0,0.0,True,002165,2165,640,640,1,JPEG,.jpg,False
002166.jpg,True,1376,1032,False,1,JPEG,1032,1376,0,0,0,0,0.0,True,002166,2166,1032,1376,1,JPEG,.jpg,False
002167.jpg,True,1350,1012,False,1,JPEG,1012,1350,0,0,0,0,0.0,True,002167,2167,1012,1350,1,JPEG,.jpg,False
002168.jpg,True,640,640,False,1,JPEG,640,640,0,0,0,0,0.0,True,002168,2168,640,640,1,JPEG,.jpg,False
002169.jpg,True,1203,972,False,1,JPEG,972,1203,0,0,0,0,0.0,True,002169,2169,972,1203,1,JPEG,.jpg,False
002170.jpg,True,640,640,False,1,JPEG,640,640,0,0,0,0,0.0,True,002170,2170,640,640,1,JPEG,.jpg,False
002171.jpg,True,1257,1004,False,1,JPEG,1004,1257,0,0,0,0,0.0,True,002171,2171,1004,1257,1,JPEG,.jpg,False
002172.jpg,True,640,640,False,1,JPEG,640,640,0,2,0,0,0.0078125,True,002172,2172,640,640,1,JPEG,.jpg,False
002173.jpg,True,1344,865,False,1,JPEG,865,1344,0,0,0,0,0.0,True,002173,2173,865,1344,1,JPEG,.jpg,False
002174.jpg,True,1179,884,False,1,JPEG,884,1179,0,0,0,0,0.0,True,002174,2174,884,1179,1,JPEG,.jpg,False
002175.jpg,True,640,640,False,1,JPEG,640,640,0,0,0,0,0.0,True,002175,2175,640,640,1,JPEG,.jpg,False
002176.jpg,True,1219,914,False,1,JPEG,914,1219,0,0,0,0,0.0,True,002176,2176,914,1219,1,JPEG,.jpg,False
002177.jpg,True,640,640,False,1,JPEG,640,640,0,0,0,0,0.0,True,002177,2177,640,640,1,JPEG,.jpg,False
002178.jpg,True,1248,936,False,1,JPEG,936,1248,0,0,0,0,0.0,True,002178,2178,936,1248,1,JPEG,.jpg,False
002179.jpg,True,1267,746,False,1,JPEG,746,1267,0,0,0,0,0.0,True,002179,2179,746,1267,1,JPEG,.jpg,False
002180.jpg,True,640,640,False,1,JPEG,640,640,4,0,0,1,0.015625,True,002180,2180,640,640,1,JPEG,.jpg,False
002181.jpg,True,1344,920,False,1,JPEG,920,1344,0,0,0,0,0.0,True,002181,2181,920,1344,1,JPEG,.jpg,False
002182.jpg,True,1344,1004,False,1,JPEG,1004,1344,0,0,0,0,0.0,True,002182,2182,1004,1344,1,JPEG,.jpg,False
002183.jpg,True,640,640,False,1,JPEG,640,640,0,0,0,0,0.0,True,002183,2183,640,640,1,JPEG,.jpg,False
002184.jpg,True,1322,1007,False,1,JPEG,1007,1322,0,0,0,0,0.0,True,002184,2184,1007,1322,1,JPEG,.jpg,False
002185.jpg,True,640,640,False,1,JPEG,640,640,0,0,3,0,0.01171875,True,002185,2185,640,640,1,JPEG,.jpg,False
002186.jpg,True,1147,831,False,1,JPEG,831,1147,0,0,0,0,0.0,True,002186,2186,831,1147,1,JPEG,.jpg,False
002187.jpg,True,640,640,False,1,JPEG,640,640,0,0,0,2,0.0078125,True,002187,2187,640,640,1,JPEG,.jpg,False
002188.jpg,True,1302,1001,False,1,JPEG,1001,1302,0,0,0,0,0.0,True,002188,2188,1001,1302,1,JPEG,.jpg,False
002189.jpg,True,1381,1036,False,1,JPEG,1036,1381,0,0,0,0,0.0,True,002189,2189,1036,1381,1,JPEG,.jpg,False
002190.jpg,True,640,640,False,1,JPEG,640,640,2,0,5,0,0.01953125,True,002190,2190,640,640,1,JPEG,.jpg,False
002191.jpg,True,452,641,False,1,JPEG,641,452,0,0,0,0,0.0,True,002191,2191,641,452,1,JPEG,.jpg,False
002192.jpg,True,640,640,False,1,JPEG,640,640,0,0,0,0,0.0,True,002192,2192,640,640,1,JPEG,.jpg,False
002193.jpg,True,585,787,False,1,JPEG,787,585,0,0,0,5,0.01953125,True,002193,2193,787,585,1,JPEG,.jpg,False
002194.jpg,True,640,640,False,1,JPEG,640,640,0,0,0,0,0.0,True,002194,2194,640,640,1,JPEG,.jpg,False
002195.jpg,True,563,936,False,1,JPEG,936,563,0,0,0,0,0.0,True,002195,2195,936,563,1,JPEG,.jpg,False
002196.jpg,True,640,640,False,1,JPEG,640,640,4,0,0,3,0.015625,True,002196,2196,640,640,1,JPEG,.jpg,False
002197.jpg,True,597,787,False,1,JPEG,787,597,0,0,0,0,0.0,True,002197,2197,787,597,1,JPEG,.jpg,False
002198.jpg,True,640,640,False,1,JPEG,640,640,0,0,0,0,0.0,True,002198,2198,640,640,1,JPEG,.jpg,False
002199.jpg,True,638,792,False,1,JPEG,792,638,0,0,0,0,0.0,True,002199,2199,792,638,1,JPEG,.jpg,False
002200.jpg,True,640,640,False,1,JPEG,640,640,0,7,0,2,0.02734375,True,002200,2200,640,640,1,JPEG,.jpg,False
002201.jpg,True,600,832,False,1,JPEG,832,600,0,0,0,0,0.0,True,002201,2201,832,600,1,JPEG,.jpg,False
002202.jpg,True,640,640,False,1,JPEG,640,640,0,2,0,0,0.0078125,True,002202,2202,640,640,1,JPEG,.jpg,False
002203.jpg,True,677,913,False,1,JPEG,913,677,0,0,0,0,0.0,True,002203,2203,913,677,1,JPEG,.jpg,False
002204.jpg,True,640,640,False,1,JPEG,640,640,0,0,0,0,0.0,True,002204,2204,640,640,1,JPEG,.jpg,False
002205.jpg,True,594,749,False,1,JPEG,749,594,0,0,0,0,0.0,True,002205,2205,749,594,1,JPEG,.jpg,False
002206.jpg,True,640,640,False,1,JPEG,640,640,8,0,1,0,0.03125,True,002206,2206,640,640,1,JPEG,.jpg,False
002207.jpg,True,731,1063,False,1,JPEG,1063,731,0,0,0,0,0.0,True,002207,2207,1063,731,1,JPEG,.jpg,False
002208.jpg,True,578,896,False,1,JPEG,896,578,0,0,0,0,0.0,True,002208,2208,896,578,1,JPEG,.jpg,False
002209.jpg,True,640,640,False,1,JPEG,640,640,0,0,0,2,0.0078125,True,002209,2209,640,640,1,JPEG,.jpg,False
002210.jpg,True,723,1246,False,1,JPEG,1246,723,0,0,0,0,0.0,True,002210,2210,1246,723,1,JPEG,.jpg,False
002211.jpg,True,640,640,False,1,JPEG,640,640,0,0,0,0,0.0,True,002211,2211,640,640,1,JPEG,.jpg,False
002212.jpg,True,851,1200,False,1,JPEG,1200,851,0,0,0,0,0.0,True,002212,2212,1200,851,1,JPEG,.jpg,False
002213.jpg,True,640,640,False,1,JPEG,640,640,0,0,0,0,0.0,True,002213,2213,640,640,1,JPEG,.jpg,False
002214.jpg,True,904,928,False,1,JPEG,928,904,0,0,0,0,0.0,True,002214,2214,928,904,1,JPEG,.jpg,False
002215.jpg,True,640,640,False,1,JPEG,640,640,0,3,6,0,0.0234375,True,002215,2215,640,640,1,JPEG,.jpg,False
002216.jpg,True,756,1008,False,1,JPEG,1008,756,0,0,0,0,0.0,True,002216,2216,1008,756,1,JPEG,.jpg,False
002217.jpg,True,756,1008,False,1,JPEG,1008,756,0,0,0,0,0.0,True,002217,2217,1008,756,1,JPEG,.jpg,False
002218.jpg,True,640,640,False,1,JPEG,640,640,0,0,0,0,0.0,True,002218,2218,640,640,1,JPEG,.jpg,False
002219.jpg,True,2048,1535,False,1,JPEG,1535,2048,0,0,0,0,0.0,True,002219,2219,1535,2048,1,JPEG,.jpg,False
002220.jpg,True,750,1270,False,1,JPEG,1270,750,0,0,0,0,0.0,True,002220,2220,1270,750,1,JPEG,.jpg,False
002221.jpg,True,756,1008,False,1,JPEG,1008,756,0,0,0,0,0.0,True,002221,2221,1008,756,1,JPEG,.jpg,False
002222.jpg,True,926,1236,False,1,JPEG,1236,926,0,0,0,0,0.0,True,002222,2222,1236,926,1,JPEG,.jpg,False
002223.jpg,True,640,640,False,1,JPEG,640,640,0,1,1,0,0.00390625,True,002223,2223,640,640,1,JPEG,.jpg,False
002224.jpg,True,1312,984,False,1,JPEG,984,1312,0,0,0,0,0.0,True,002224,2224,984,1312,1,JPEG,.jpg,False
002225.jpg,True,640,640,False,1,JPEG,640,640,0,1,6,0,0.0234375,True,002225,2225,640,640,1,JPEG,.jpg,False
002226.jpg,True,1296,972,False,1,JPEG,972,1296,0,0,0,0,0.0,True,002226,2226,972,1296,1,JPEG,.jpg,False
002227.jpg,True,640,640,False,1,JPEG,640,640,0,0,2,0,0.0078125,True,002227,2227,640,640,1,JPEG,.jpg,False
002228.jpg,True,1327,995,False,1,JPEG,995,1327,0,0,0,0,0.0,True,002228,2228,995,1327,1,JPEG,.jpg,False
002229.jpg,True,640,640,False,1,JPEG,640,640,0,1,0,4,0.015625,True,002229,2229,640,640,1,JPEG,.jpg,False
002230.jpg,True,1480,1110,False,1,JPEG,1110,1480,0,0,0,0,0.0,True,002230,2230,1110,1480,1,JPEG,.jpg,False
002231.jpg,True,640,640,False,1,JPEG,640,640,0,1,0,6,0.0234375,True,002231,2231,640,640,1,JPEG,.jpg,False
002232.jpg,True,1298,974,False,1,JPEG,974,1298,0,0,0,0,0.0,True,002232,2232,974,1298,1,JPEG,.jpg,False
002233.jpg,True,1473,1104,False,1,JPEG,1104,1473,0,0,0,0,0.0,True,002233,2233,1104,1473,1,JPEG,.jpg,False
002234.jpg,True,640,640,False,1,JPEG,640,640,0,0,0,0,0.0,True,002234,2234,640,640,1,JPEG,.jpg,False
002235.jpg,True,1485,1114,False,1,JPEG,1114,1485,0,0,0,0,0.0,True,002235,2235,1114,1485,1,JPEG,.jpg,False
002236.jpg,True,1333,1000,False,1,JPEG,1000,1333,0,0,0,0,0.0,True,002236,2236,1000,1333,1,JPEG,.jpg,False
002237.jpg,True,640,640,False,1,JPEG,640,640,0,0,0,0,0.0,True,002237,2237,640,640,1,JPEG,.jpg,False
002238.jpg,True,1442,1082,False,1,JPEG,1082,1442,0,0,0,0,0.0,True,002238,2238,1082,1442,1,JPEG,.jpg,False
002239.jpg,True,640,640,False,1,JPEG,640,640,0,1,1,0,0.00390625,True,002239,2239,640,640,1,JPEG,.jpg,False
002240.jpg,True,1213,910,False,1,JPEG,910,1213,0,0,0,0,0.0,True,002240,2240,910,1213,1,JPEG,.jpg,False
002241.jpg,True,640,640,False,1,JPEG,640,640,0,0,0,0,0.0,True,002241,2241,640,640,1,JPEG,.jpg,False
002242.jpg,True,1271,953,False,1,JPEG,953,1271,0,0,0,0,0.0,True,002242,2242,953,1271,1,JPEG,.jpg,False
002243.jpg,True,640,640,False,1,JPEG,640,640,0,8,0,1,0.03125,True,002243,2243,640,640,1,JPEG,.jpg,False
002244.jpg,True,1309,982,False,1,JPEG,982,1309,0,0,0,0,0.0,True,002244,2244,982,1309,1,JPEG,.jpg,False
002245.jpg,True,640,640,False,1,JPEG,640,640,0,0,0,7,0.02734375,True,002245,2245,640,640,1,JPEG,.jpg,False
002246.jpg,True,1395,1046,False,1,JPEG,1046,1395,0,0,0,0,0.0,True,002246,2246,1046,1395,1,JPEG,.jpg,False
002247.jpg,True,1306,979,False,1,JPEG,979,1306,0,0,0,0,0.0,True,002247,2247,979,1306,1,JPEG,.jpg,False
002248.jpg,True,640,640,False,1,JPEG,640,640,0,6,0,7,0.02734375,True,002248,2248,640,640,1,JPEG,.jpg,False
002249.jpg,True,1379,1035,False,1,JPEG,1035,1379,0,0,0,0,0.0,True,002249,2249,1035,1379,1,JPEG,.jpg,False
002250.jpg,True,1265,956,False,1,JPEG,956,1265,0,0,0,0,0.0,True,002250,2250,956,1265,1,JPEG,.jpg,False
002251.jpg,True,640,640,False,1,JPEG,640,640,0,0,7,0,0.02734375,True,002251,2251,640,640,1,JPEG,.jpg,False
002252.jpg,True,1221,916,False,1,JPEG,916,1221,0,0,0,0,0.0,True,002252,2252,916,1221,1,JPEG,.jpg,False
002253.jpg,True,640,640,False,1,JPEG,640,640,3,0,0,8,0.03125,True,002253,2253,640,640,1,JPEG,.jpg,False
002254.jpg,True,1434,1076,False,1,JPEG,1076,1434,0,0,0,0,0.0,True,002254,2254,1076,1434,1,JPEG,.jpg,False
002255.jpg,True,640,640,False,1,JPEG,640,640,0,4,0,0,0.015625,True,002255,2255,640,640,1,JPEG,.jpg,False
002256.jpg,True,1374,1030,False,1,JPEG,1030,1374,0,0,0,0,0.0,True,002256,2256,1030,1374,1,JPEG,.jpg,False
002257.jpg,True,640,640,False,1,JPEG,640,640,0,2,3,0,0.01171875,True,002257,2257,640,640,1,JPEG,.jpg,False
002258.jpg,True,1252,939,False,1,JPEG,939,1252,0,0,0,0,0.0,True,002258,2258,939,1252,1,JPEG,.jpg,False
002259.jpg,True,1488,1116,False,1,JPEG,1116,1488,0,0,0,0,0.0,True,002259,2259,1116,1488,1,JPEG,.jpg,False
002260.jpg,True,640,640,False,1,JPEG,640,640,0,0,0,0,0.0,True,002260,2260,640,640,1,JPEG,.jpg,False
002261.jpg,True,1236,927,False,1,JPEG,927,1236,0,0,0,0,0.0,True,002261,2261,927,1236,1,JPEG,.jpg,False
002262.jpg,True,640,640,False,1,JPEG,640,640,0,1,0,1,0.00390625,True,002262,2262,640,640,1,JPEG,.jpg,False
002263.jpg,True,1484,1113,False,1,JPEG,1113,1484,0,0,0,0,0.0,True,002263,2263,1113,1484,1,JPEG,.jpg,False
002264.jpg,True,640,640,False,1,JPEG,640,640,4,0,0,0,0.015625,True,002264,2264,640,640,1,JPEG,.jpg,False
002265.jpg,True,1292,969,False,1,JPEG,969,1292,0,0,0,0,0.0,True,002265,2265,969,1292,1,JPEG,.jpg,False
002266.jpg,True,640,640,False,1,JPEG,640,640,5,0,0,0,0.01953125,True,002266,2266,640,640,1,JPEG,.jpg,False
002267.jpg,True,1194,847,False,1,JPEG,847,1194,0,0,0,0,0.0,True,002267,2267,847,1194,1,JPEG,.jpg,False
002268.jpg,True,640,640,False,1,JPEG,640,640,0,0,0,2,0.0078125,True,002268,2268,640,640,1,JPEG,.jpg,False
002269.jpg,True,1165,874,False,1,JPEG,874,1165,0,0,0,0,0.0,True,002269,2269,874,1165,1,JPEG,.jpg,False
002270.jpg,True,640,640,False,1,JPEG,640,640,0,1,1,0,0.00390625,True,002270,2270,640,640,1,JPEG,.jpg,False
002271.jpg,True,1242,932,False,1,JPEG,932,1242,0,0,0,0,0.0,True,002271,2271,932,1242,1,JPEG,.jpg,False
002272.jpg,True,640,640,False,1,JPEG,640,640,0,1,0,2,0.0078125,True,002272,2272,640,640,1,JPEG,.jpg,False
002273.jpg,True,1509,1132,False,1,JPEG,1132,1509,0,0,0,0,0.0,True,002273,2273,1132,1509,1,JPEG,.jpg,False
002274.jpg,True,640,640,False,1,JPEG,640,640,0,6,2,0,0.0234375,True,002274,2274,640,640,1,JPEG,.jpg,False
002275.jpg,True,1006,771,False,1,JPEG,771,1006,0,0,0,0,0.0,True,002275,2275,771,1006,1,JPEG,.jpg,False
002276.jpg,True,640,640,False,1,JPEG,640,640,0,0,0,0,0.0,True,002276,2276,640,640,1,JPEG,.jpg,False
002277.jpg,True,1237,934,False,1,JPEG,934,1237,0,0,0,0,0.0,True,002277,2277,934,1237,1,JPEG,.jpg,False
002278.jpg,True,640,640,False,1,JPEG,640,640,0,0,0,0,0.0,True,002278,2278,640,640,1,JPEG,.jpg,False
002279.jpg,True,1435,1077,False,1,JPEG,1077,1435,0,0,0,0,0.0,True,002279,2279,1077,1435,1,JPEG,.jpg,False
002280.jpg,True,640,640,False,1,JPEG,640,640,0,0,0,4,0.015625,True,002280,2280,640,640,1,JPEG,.jpg,False
002281.jpg,True,1343,1007,False,1,JPEG,1007,1343,0,0,0,0,0.0,True,002281,2281,1007,1343,1,JPEG,.jpg,False
002282.jpg,True,640,640,False,1,JPEG,640,640,0,0,6,0,0.0234375,True,002282,2282,640,640,1,JPEG,.jpg,False
002283.jpg,True,1212,909,False,1,JPEG,909,1212,0,0,0,0,0.0,True,002283,2283,909,1212,1,JPEG,.jpg,False
002284.jpg,True,1342,1006,False,1,JPEG,1006,1342,0,0,0,0,0.0,True,002284,2284,1006,1342,1,JPEG,.jpg,False
002285.jpg,True,640,640,False,1,JPEG,640,640,0,1,0,0,0.00390625,True,002285,2285,640,640,1,JPEG,.jpg,False
002286.jpg,True,1319,989,False,1,JPEG,989,1319,0,0,0,0,0.0,True,002286,2286,989,1319,1,JPEG,.jpg,False
002287.jpg,True,640,640,False,1,JPEG,640,640,0,0,0,0,0.0,True,002287,2287,640,640,1,JPEG,.jpg,False
002288.jpg,True,1453,1089,False,1,JPEG,1089,1453,0,0,0,0,0.0,True,002288,2288,1089,1453,1,JPEG,.jpg,False
002289.jpg,True,640,640,False,1,JPEG,640,640,0,0,0,0,0.0,True,002289,2289,640,640,1,JPEG,.jpg,False
002290.jpg,True,1328,996,False,1,JPEG,996,1328,0,0,0,0,0.0,True,002290,2290,996,1328,1,JPEG,.jpg,False
002291.jpg,True,640,640,False,1,JPEG,640,640,0,0,0,0,0.0,True,002291,2291,640,640,1,JPEG,.jpg,False
002292.jpg,True,1414,1060,False,1,JPEG,1060,1414,0,0,0,0,0.0,True,002292,2292,1060,1414,1,JPEG,.jpg,False
002293.jpg,True,640,640,False,1,JPEG,640,640,2,0,0,0,0.0078125,True,002293,2293,640,640,1,JPEG,.jpg,False
002294.jpg,True,1197,890,False,1,JPEG,890,1197,0,0,0,0,0.0,True,002294,2294,890,1197,1,JPEG,.jpg,False
002295.jpg,True,640,640,False,1,JPEG,640,640,0,4,0,0,0.015625,True,002295,2295,640,640,1,JPEG,.jpg,False
002296.jpg,True,1448,1086,False,1,JPEG,1086,1448,0,0,0,0,0.0,True,002296,2296,1086,1448,1,JPEG,.jpg,False
002297.jpg,True,640,640,False,1,JPEG,640,640,0,0,0,0,0.0,True,002297,2297,640,640,1,JPEG,.jpg,False
002298.jpg,True,1270,952,False,1,JPEG,952,1270,0,0,0,0,0.0,True,002298,2298,952,1270,1,JPEG,.jpg,False
002299.jpg,True,640,640,False,1,JPEG,640,640,0,5,6,0,0.0234375,True,002299,2299,640,640,1,JPEG,.jpg,False
002300.jpg,True,1223,918,False,1,JPEG,918,1223,0,0,0,0,0.0,True,002300,2300,918,1223,1,JPEG,.jpg,False
002301.jpg,True,640,640,False,1,JPEG,640,640,0,3,0,1,0.01171875,True,002301,2301,640,640,1,JPEG,.jpg,False
002302.jpg,True,1292,969,False,1,JPEG,969,1292,0,0,0,0,0.0,True,002302,2302,969,1292,1,JPEG,.jpg,False
002303.jpg,True,640,640,False,1,JPEG,640,640,8,0,0,0,0.03125,True,002303,2303,640,640,1,JPEG,.jpg,False
002304.jpg,True,1368,1026,False,1,JPEG,1026,1368,0,0,0,0,0.0,True,002304,2304,1026,1368,1,JPEG,.jpg,False
002305.jpg,True,640,640,False,1,JPEG,640,640,0,0,6,0,0.0234375,True,002305,2305,640,640,1,JPEG,.jpg,False
002306.jpg,True,1408,1056,False,1,JPEG,1056,1408,0,0,0,0,0.0,True,002306,2306,1056,1408,1,JPEG,.jpg,False
002307.jpg,True,1454,1090,False,1,JPEG,1090,1454,0,0,0,0,0.0,True,002307,2307,1090,1454,1,JPEG,.jpg,False
002308.jpg,True,640,640,False,1,JPEG,640,640,3,0,0,0,0.01171875,True,002308,2308,640,640,1,JPEG,.jpg,False
002309.jpg,True,1183,887,False,1,JPEG,887,1183,0,0,0,0,0.0,True,002309,2309,887,1183,1,JPEG,.jpg,False
002310.jpg,True,640,640,False,1,JPEG,640,640,0,0,0,3,0.01171875,True,002310,2310,640,640,1,JPEG,.jpg,False
002311.jpg,True,1462,1096,False,1,JPEG,1096,1462,0,0,0,0,0.0,True,002311,2311,1096,1462,1,JPEG,.jpg,False
002312.jpg,True,640,640,False,1,JPEG,640,640,9,0,0,0,0.03515625,True,002312,2312,640,640,1,JPEG,.jpg,False
002313.jpg,True,1400,1050,False,1,JPEG,1050,1400,0,0,0,0,0.0,True,002313,2313,1050,1400,1,JPEG,.jpg,False
002314.jpg,True,640,640,False,1,JPEG,640,640,0,0,0,0,0.0,True,002314,2314,640,640,1,JPEG,.jpg,False
002315.jpg,True,1368,1026,False,1,JPEG,1026,1368,0,0,0,0,0.0,True,002315,2315,1026,1368,1,JPEG,.jpg,False
002316.jpg,True,640,640,False,1,JPEG,640,640,7,0,0,7,0.02734375,True,002316,2316,640,640,1,JPEG,.jpg,False
002317.jpg,True,710,620,False,1,JPEG,620,710,0,0,0,0,0.0,True,002317,2317,620,710,1,JPEG,.jpg,False
002318.jpg,True,640,640,False,1,JPEG,640,640,0,7,0,0,0.02734375,True,002318,2318,640,640,1,JPEG,.jpg,False
002319.jpg,True,714,567,False,1,JPEG,567,714,0,0,0,0,0.0,True,002319,2319,567,714,1,JPEG,.jpg,False
002320.jpg,True,640,640,False,1,JPEG,640,640,2,0,0,6,0.0234375,True,002320,2320,640,640,1,JPEG,.jpg,False
002321.jpg,True,726,593,False,1,JPEG,593,726,0,0,0,0,0.0,True,002321,2321,593,726,1,JPEG,.jpg,False
002322.jpg,True,738,687,False,1,JPEG,687,738,0,0,0,0,0.0,True,002322,2322,687,738,1,JPEG,.jpg,False
002323.jpg,True,640,640,False,1,JPEG,640,640,0,1,0,1,0.00390625,True,002323,2323,640,640,1,JPEG,.jpg,False
002324.jpg,True,866,656,False,1,JPEG,656,866,0,0,0,0,0.0,True,002324,2324,656,866,1,JPEG,.jpg,False
002325.jpg,True,640,640,False,1,JPEG,640,640,0,0,2,0,0.0078125,True,002325,2325,640,640,1,JPEG,.jpg,False
002326.jpg,True,815,702,False,1,JPEG,702,815,0,0,0,0,0.0,True,002326,2326,702,815,1,JPEG,.jpg,False
002327.jpg,True,640,640,False,1,JPEG,640,640,0,0,0,0,0.0,True,002327,2327,640,640,1,JPEG,.jpg,False
002328.jpg,True,948,712,False,1,JPEG,712,948,0,0,0,0,0.0,True,002328,2328,712,948,1,JPEG,.jpg,False
002329.jpg,True,826,667,False,1,JPEG,667,826,0,0,0,0,0.0,True,002329,2329,667,826,1,JPEG,.jpg,False
002330.jpg,True,640,640,False,1,JPEG,640,640,0,0,0,0,0.0,True,002330,2330,640,640,1,JPEG,.jpg,False
002331.jpg,True,1008,756,False,1,JPEG,756,1008,0,0,0,0,0.0,True,002331,2331,756,1008,1,JPEG,.jpg,False
002332.jpg,True,640,640,False,1,JPEG,640,640,0,0,0,3,0.01171875,True,002332,2332,640,640,1,JPEG,.jpg,False
002333.jpg,True,1008,756,False,1,JPEG,756,1008,0,0,0,0,0.0,True,002333,2333,756,1008,1,JPEG,.jpg,False
002334.jpg,True,640,640,False,1,JPEG,640,640,0,0,0,1,0.00390625,True,002334,2334,640,640,1,JPEG,.jpg,False
002335.jpg,True,1008,756,False,1,JPEG,756,1008,0,0,0,0,0.0,True,002335,2335,756,1008,1,JPEG,.jpg,False
002336.jpg,True,640,640,False,1,JPEG,640,640,0,0,0,0,0.0,True,002336,2336,640,640,1,JPEG,.jpg,False
002337.jpg,True,1008,756,False,1,JPEG,756,1008,0,0,0,0,0.0,True,002337,2337,756,1008,1,JPEG,.jpg,False
002338.jpg,True,640,640,False,1,JPEG,640,640,0,8,3,0,0.03125,True,002338,2338,640,640,1,JPEG,.jpg,False
002339.jpg,True,1008,756,False,1,JPEG,756,1008,0,0,0,0,0.0,True,002339,2339,756,1008,1,JPEG,.jpg,False
002340.jpg,True,640,640,False,1,JPEG,640,640,0,13,2,0,0.05078125,True,002340,2340,640,640,1,JPEG,.jpg,False
002341.jpg,True,1008,756,False,1,JPEG,756,1008,0,0,0,0,0.0,True,002341,2341,756,1008,1,JPEG,.jpg,False
002342.jpg,True,640,640,False,1,JPEG,640,640,0,0,0,0,0.0,True,002342,2342,640,640,1,JPEG,.jpg,False
002343.jpg,True,957,717,False,1,JPEG,717,957,0,0,0,0,0.0,True,002343,2343,717,957,1,JPEG,.jpg,False
002344.jpg,True,640,640,False,1,JPEG,640,640,3,0,0,0,0.01171875,True,002344,2344,640,640,1,JPEG,.jpg,False
002345.jpg,True,869,702,False,1,JPEG,702,869,0,0,0,0,0.0,True,002345,2345,702,869,1,JPEG,.jpg,False
002346.jpg,True,640,640,False,1,JPEG,640,640,0,0,0,0,0.0,True,002346,2346,640,640,1,JPEG,.jpg,False
002347.jpg,True,1033,775,False,1,JPEG,775,1033,0,0,0,0,0.0,True,002347,2347,775,1033,1,JPEG,.jpg,False
002348.jpg,True,640,640,False,1,JPEG,640,640,0,1,0,4,0.015625,True,002348,2348,640,640,1,JPEG,.jpg,False
002349.jpg,True,1131,999,False,1,JPEG,999,1131,0,0,0,0,0.0,True,002349,2349,999,1131,1,JPEG,.jpg,False
002350.jpg,True,640,640,False,1,JPEG,640,640,0,0,0,0,0.0,True,002350,2350,640,640,1,JPEG,.jpg,False
002351.jpg,True,1008,756,False,1,JPEG,756,1008,0,0,0,0,0.0,True,002351,2351,756,1008,1,JPEG,.jpg,False
002352.jpg,True,640,640,False,1,JPEG,640,640,0,9,8,0,0.03515625,True,002352,2352,640,640,1,JPEG,.jpg,False
002353.jpg,True,1200,900,False,1,JPEG,900,1200,0,0,0,0,0.0,True,002353,2353,900,1200,1,JPEG,.jpg,False
002354.jpg,True,640,640,False,1,JPEG,640,640,0,0,2,0,0.0078125,True,002354,2354,640,640,1,JPEG,.jpg,False
002355.jpg,True,1351,1013,False,1,JPEG,1013,1351,0,0,0,0,0.0,True,002355,2355,1013,1351,1,JPEG,.jpg,False
002356.jpg,True,640,640,False,1,JPEG,640,640,0,1,1,0,0.00390625,True,002356,2356,640,640,1,JPEG,.jpg,False
002357.jpg,True,1274,595,False,1,JPEG,595,1274,0,0,0,0,0.0,True,002357,2357,595,1274,1,JPEG,.jpg,False
002358.jpg,True,640,640,False,1,JPEG,640,640,0,8,9,0,0.03515625,True,002358,2358,640,640,1,JPEG,.jpg,False
002359.jpg,True,835,482,False,1,JPEG,482,835,0,0,0,0,0.0,True,002359,2359,482,835,1,JPEG,.jpg,False
002360.jpg,True,640,640,False,1,JPEG,640,640,2,0,0,0,0.0078125,True,002360,2360,640,640,1,JPEG,.jpg,False
002361.jpg,True,775,597,False,1,JPEG,597,775,0,0,0,0,0.0,True,002361,2361,597,775,1,JPEG,.jpg,False
002362.jpg,True,640,640,False,1,JPEG,640,640,7,0,0,6,0.02734375,True,002362,2362,640,640,1,JPEG,.jpg,False
002363.jpg,True,925,520,False,1,JPEG,520,925,0,0,0,0,0.0,True,002363,2363,520,925,1,JPEG,.jpg,False
002364.jpg,True,640,640,False,1,JPEG,640,640,0,0,0,0,0.0,True,002364,2364,640,640,1,JPEG,.jpg,False
002365.jpg,True,860,673,False,1,JPEG,673,860,0,0,0,0,0.0,True,002365,2365,673,860,1,JPEG,.jpg,False
002366.jpg,True,845,574,False,1,JPEG,574,845,0,0,0,0,0.0,True,002366,2366,574,845,1,JPEG,.jpg,False
002367.jpg,True,640,640,False,1,JPEG,640,640,0,3,0,1,0.01171875,True,002367,2367,640,640,1,JPEG,.jpg,False
002368.jpg,True,927,716,False,1,JPEG,716,927,0,0,0,0,0.0,True,002368,2368,716,927,1,JPEG,.jpg,False
002369.jpg,True,640,640,False,1,JPEG,640,640,4,0,0,0,0.015625,True,002369,2369,640,640,1,JPEG,.jpg,False
002370.jpg,True,1084,813,False,1,JPEG,813,1084,0,0,0,0,0.0,True,002370,2370,813,1084,1,JPEG,.jpg,False
002371.jpg,True,1008,756,False,1,JPEG,756,1008,0,0,0,0,0.0,True,002371,2371,756,1008,1,JPEG,.jpg,False
002372.jpg,True,640,640,False,1,JPEG,640,640,0,1,0,0,0.00390625,True,002372,2372,640,640,1,JPEG,.jpg,False
002373.jpg,True,966,724,False,1,JPEG,724,966,0,0,0,0,0.0,True,002373,2373,724,966,1,JPEG,.jpg,False
002374.jpg,True,640,640,False,1,JPEG,640,640,4,0,0,0,0.015625,True,002374,2374,640,640,1,JPEG,.jpg,False
002375.jpg,True,1172,623,False,1,JPEG,623,1172,0,0,0,0,0.0,True,002375,2375,623,1172,1,JPEG,.jpg,False
002376.jpg,True,640,640,False,1,JPEG,640,640,0,7,6,0,0.02734375,True,002376,2376,640,640,1,JPEG,.jpg,False
002377.jpg,True,1008,756,False,1,JPEG,756,1008,0,0,0,0,0.0,True,002377,2377,756,1008,1,JPEG,.jpg,False
002378.jpg,True,640,640,False,1,JPEG,640,640,9,0,0,0,0.03515625,True,002378,2378,640,640,1,JPEG,.jpg,False
002379.jpg,True,1008,756,False,1,JPEG,756,1008,0,0,0,0,0.0,True,002379,2379,756,1008,1,JPEG,.jpg,False
002380.jpg,True,640,640,False,1,JPEG,640,640,0,1,6,0,0.0234375,True,002380,2380,640,640,1,JPEG,.jpg,False
002381.jpg,True,973,730,False,1,JPEG,730,973,0,0,0,0,0.0,True,002381,2381,730,973,1,JPEG,.jpg,False
002382.jpg,True,640,640,False,1,JPEG,640,640,0,5,0,0,0.01953125,True,002382,2382,640,640,1,JPEG,.jpg,False
002383.jpg,True,1290,965,False,1,JPEG,965,1290,0,0,0,0,0.0,True,002383,2383,965,1290,1,JPEG,.jpg,False
002384.jpg,True,640,640,False,1,JPEG,640,640,0,0,4,0,0.015625,True,002384,2384,640,640,1,JPEG,.jpg,False
002385.jpg,True,1200,854,False,1,JPEG,854,1200,0,0,0,0,0.0,True,002385,2385,854,1200,1,JPEG,.jpg,False
002386.jpg,True,640,640,False,1,JPEG,640,640,0,0,0,0,0.0,True,002386,2386,640,640,1,JPEG,.jpg,False
002387.jpg,True,544,891,False,1,JPEG,891,544,0,0,0,0,0.0,True,002387,2387,891,544,1,JPEG,.jpg,False
002388.jpg,True,640,640,False,1,JPEG,640,640,4,0,0,2,0.015625,True,002388,2388,640,640,1,JPEG,.jpg,False
002389.jpg,True,566,940,False,1,JPEG,940,566,0,0,0,0,0.0,True,002389,2389,940,566,1,JPEG,.jpg,False
002390.jpg,True,502,951,False,1,JPEG,951,502,0,0,0,0,0.0,True,002390,2390,951,502,1,JPEG,.jpg,False
002391.jpg,True,640,640,False,1,JPEG,640,640,0,0,0,0,0.0,True,002391,2391,640,640,1,JPEG,.jpg,False
002392.jpg,True,542,898,False,1,JPEG,898,542,0,0,0,0,0.0,True,002392,2392,898,542,1,JPEG,.jpg,False
002393.jpg,True,714,1256,False,1,JPEG,1256,714,0,0,0,0,0.0,True,002393,2393,1256,714,1,JPEG,.jpg,False
002394.jpg,True,640,640,False,1,JPEG,640,640,0,4,0,0,0.015625,True,002394,2394,640,640,1,JPEG,.jpg,False
002395.jpg,True,1117,838,False,1,JPEG,838,1117,0,0,0,0,0.0,True,002395,2395,838,1117,1,JPEG,.jpg,False
002396.jpg,True,1335,1001,False,1,JPEG,1001,1335,0,0,0,0,0.0,True,002396,2396,1001,1335,1,JPEG,.jpg,False
002397.jpg,True,640,640,False,1,JPEG,640,640,0,0,1,0,0.00390625,True,002397,2397,640,640,1,JPEG,.jpg,False
002398.jpg,True,1410,1058,False,1,JPEG,1058,1410,0,0,0,0,0.0,True,002398,2398,1058,1410,1,JPEG,.jpg,False
002399.jpg,True,640,640,False,1,JPEG,640,640,0,0,5,0,0.01953125,True,002399,2399,640,640,1,JPEG,.jpg,False
002400.jpg,True,1277,958,False,1,JPEG,958,1277,0,0,0,0,0.0,True,002400,2400,958,1277,1,JPEG,.jpg,False
002401.jpg,True,1443,1082,False,1,JPEG,1082,1443,0,0,0,0,0.0,True,002401,2401,1082,1443,1,JPEG,.jpg,False
002402.jpg,True,640,640,False,1,JPEG,640,640,0,11,8,0,0.04296875,True,002402,2402,640,640,1,JPEG,.jpg,False
002403.jpg,True,1346,1010,False,1,JPEG,1010,1346,0,0,0,0,0.0,True,002403,2403,1010,1346,1,JPEG,.jpg,False
002404.jpg,True,640,640,False,1,JPEG,640,640,0,6,0,2,0.0234375,True,002404,2404,640,640,1,JPEG,.jpg,False
002405.jpg,True,1308,981,False,1,JPEG,981,1308,0,0,0,0,0.0,True,002405,2405,981,1308,1,JPEG,.jpg,False
002406.jpg,True,640,640,False,1,JPEG,640,640,0,0,0,0,0.0,True,002406,2406,640,640,1,JPEG,.jpg,False
002407.jpg,True,1288,966,False,1,JPEG,966,1288,0,0,0,0,0.0,True,002407,2407,966,1288,1,JPEG,.jpg,False
002408.jpg,True,1249,937,False,1,JPEG,937,1249,0,0,0,0,0.0,True,002408,2408,937,1249,1,JPEG,.jpg,False
002409.jpg,True,640,640,False,1,JPEG,640,640,0,0,0,8,0.03125,True,002409,2409,640,640,1,JPEG,.jpg,False
002410.jpg,True,1316,987,False,1,JPEG,987,1316,0,0,0,0,0.0,True,002410,2410,987,1316,1,JPEG,.jpg,False
002411.jpg,True,1039,1386,False,1,JPEG,1386,1039,0,0,0,0,0.0,True,002411,2411,1386,1039,1,JPEG,.jpg,False
002412.jpg,True,1114,825,False,1,JPEG,825,1114,0,0,0,0,0.0,True,002412,2412,825,1114,1,JPEG,.jpg,False
002413.jpg,True,1300,975,False,1,JPEG,975,1300,0,0,0,0,0.0,True,002413,2413,975,1300,1,JPEG,.jpg,False
002414.jpg,True,1439,1080,False,1,JPEG,1080,1439,0,0,0,0,0.0,True,002414,2414,1080,1439,1,JPEG,.jpg,False
002415.jpg,True,640,640,False,1,JPEG,640,640,0,5,0,0,0.01953125,True,002415,2415,640,640,1,JPEG,.jpg,False
002416.jpg,True,934,1245,False,1,JPEG,1245,934,0,0,0,0,0.0,True,002416,2416,1245,934,1,JPEG,.jpg,False
002417.jpg,True,640,640,False,1,JPEG,640,640,0,0,0,2,0.0078125,True,002417,2417,640,640,1,JPEG,.jpg,False
002418.jpg,True,1502,1127,False,1,JPEG,1127,1502,0,0,0,0,0.0,True,002418,2418,1127,1502,1,JPEG,.jpg,False
002419.jpg,True,640,640,False,1,JPEG,640,640,2,0,0,0,0.0078125,True,002419,2419,640,640,1,JPEG,.jpg,False
002420.jpg,True,608,516,False,1,JPEG,516,608,0,0,0,0,0.0,True,002420,2420,516,608,1,JPEG,.jpg,False
002421.jpg,True,640,640,False,1,JPEG,640,640,0,0,0,2,0.0078125,True,002421,2421,640,640,1,JPEG,.jpg,False
002422.jpg,True,1154,695,False,1,JPEG,695,1154,0,0,0,0,0.0,True,002422,2422,695,1154,1,JPEG,.jpg,False
002423.jpg,True,640,640,False,1,JPEG,640,640,0,0,0,0,0.0,True,002423,2423,640,640,1,JPEG,.jpg,False
002424.jpg,True,886,665,False,1,JPEG,665,886,0,0,0,0,0.0,True,002424,2424,665,886,1,JPEG,.jpg,False
002425.jpg,True,640,640,False,1,JPEG,640,640,3,0,0,1,0.01171875,True,002425,2425,640,640,1,JPEG,.jpg,False
002426.jpg,True,760,585,False,1,JPEG,585,760,0,0,0,0,0.0,True,002426,2426,585,760,1,JPEG,.jpg,False
002427.jpg,True,640,640,False,1,JPEG,640,640,0,0,4,0,0.015625,True,002427,2427,640,640,1,JPEG,.jpg,False
002428.jpg,True,665,1083,False,1,JPEG,1083,665,0,0,0,0,0.0,True,002428,2428,1083,665,1,JPEG,.jpg,False
002429.jpg,True,756,1008,False,1,JPEG,1008,756,0,0,0,0,0.0,True,002429,2429,1008,756,1,JPEG,.jpg,False
002430.jpg,True,1143,857,False,1,JPEG,857,1143,0,0,0,0,0.0,True,002430,2430,857,1143,1,JPEG,.jpg,False
002431.jpg,True,640,640,False,1,JPEG,640,640,3,0,1,0,0.01171875,True,002431,2431,640,640,1,JPEG,.jpg,False
002432.jpg,True,991,777,False,1,JPEG,777,991,0,0,0,0,0.0,True,002432,2432,777,991,1,JPEG,.jpg,False
002433.jpg,True,640,640,False,1,JPEG,640,640,0,3,4,0,0.015625,True,002433,2433,640,640,1,JPEG,.jpg,False
002434.jpg,True,1285,1004,False,1,JPEG,1004,1285,0,0,0,0,0.0,True,002434,2434,1004,1285,1,JPEG,.jpg,False
002435.jpg,True,1008,756,False,1,JPEG,756,1008,0,0,0,0,0.0,True,002435,2435,756,1008,1,JPEG,.jpg,False
002436.jpg,True,640,640,False,1,JPEG,640,640,0,0,0,0,0.0,True,002436,2436,640,640,1,JPEG,.jpg,False
002437.jpg,True,613,1009,False,1,JPEG,1009,613,0,0,0,0,0.0,True,002437,2437,1009,613,1,JPEG,.jpg,False
002438.jpg,True,640,640,False,1,JPEG,640,640,0,2,0,0,0.0078125,True,002438,2438,640,640,1,JPEG,.jpg,False
002439.jpg,True,1507,1131,False,1,JPEG,1131,1507,0,0,0,0,0.0,True,002439,2439,1131,1507,1,JPEG,.jpg,False
002440.jpg,True,640,640,False,1,JPEG,640,640,0,4,0,0,0.015625,True,002440,2440,640,640,1,JPEG,.jpg,False
002441.jpg,True,1092,1455,False,1,JPEG,1455,1092,0,0,0,0,0.0,True,002441,2441,1455,1092,1,JPEG,.jpg,False
002442.jpg,True,640,640,False,1,JPEG,640,640,0,0,0,6,0.0234375,True,002442,2442,640,640,1,JPEG,.jpg,False
002443.jpg,True,1802,1350,False,1,JPEG,1350,1802,0,0,0,0,0.0,True,002443,2443,1350,1802,1,JPEG,.jpg,False
002444.jpg,True,640,640,False,1,JPEG,640,640,0,9,1,0,0.03515625,True,002444,2444,640,640,1,JPEG,.jpg,False
002445.jpg,True,925,1318,False,1,JPEG,1318,925,0,0,0,0,0.0,True,002445,2445,1318,925,1,JPEG,.jpg,False
002446.jpg,True,640,640,False,1,JPEG,640,640,0,0,0,0,0.0,True,002446,2446,640,640,1,JPEG,.jpg,False
002447.jpg,True,1429,1071,False,1,JPEG,1071,1429,0,0,0,0,0.0,True,002447,2447,1071,1429,1,JPEG,.jpg,False
002448.jpg,True,640,640,False,1,JPEG,640,640,0,7,8,0,0.03125,True,002448,2448,640,640,1,JPEG,.jpg,False
002449.jpg,True,1442,1082,False,1,JPEG,1082,1442,0,0,0,0,0.0,True,002449,2449,1082,1442,1,JPEG,.jpg,False
002450.jpg,True,640,640,False,1,JPEG,640,640,0,2,0,7,0.02734375,True,002450,2450,640,640,1,JPEG,.jpg,False
002451.jpg,True,1251,938,False,1,JPEG,938,1251,0,0,0,0,0.0,True,002451,2451,938,1251,1,JPEG,.jpg,False
002452.jpg,True,1277,958,False,1,JPEG,958,1277,0,0,0,0,0.0,True,002452,2452,958,1277,1,JPEG,.jpg,False
002453.jpg,True,640,640,False,1,JPEG,640,640,0,0,0,7,0.02734375,True,002453,2453,640,640,1,JPEG,.jpg,False
002454.jpg,True,1264,948,False,1,JPEG,948,1264,0,0,0,0,0.0,True,002454,2454,948,1264,1,JPEG,.jpg,False
002455.jpg,True,640,640,False,1,JPEG,640,640,0,1,0,0,0.00390625,True,002455,2455,640,640,1,JPEG,.jpg,False
002456.jpg,True,1338,1004,False,1,JPEG,1004,1338,0,0,0,0,0.0,True,002456,2456,1004,1338,1,JPEG,.jpg,False
002457.jpg,True,640,640,False,1,JPEG,640,640,8,0,0,7,0.03125,True,002457,2457,640,640,1,JPEG,.jpg,False
002458.jpg,True,1135,851,False,1,JPEG,851,1135,0,0,0,0,0.0,True,002458,2458,851,1135,1,JPEG,.jpg,False
002459.jpg,True,1274,1028,False,1,JPEG,1028,1274,0,0,0,0,0.0,True,002459,2459,1028,1274,1,JPEG,.jpg,False
002460.jpg,True,640,640,False,1,JPEG,640,640,0,1,0,1,0.00390625,True,002460,2460,640,640,1,JPEG,.jpg,False
002461.jpg,True,1422,1067,False,1,JPEG,1067,1422,0,0,0,0,0.0,True,002461,2461,1067,1422,1,JPEG,.jpg,False
002462.jpg,True,1196,897,False,1,JPEG,897,1196,0,0,0,0,0.0,True,002462,2462,897,1196,1,JPEG,.jpg,False
002463.jpg,True,640,640,False,1,JPEG,640,640,0,8,0,0,0.03125,True,002463,2463,640,640,1,JPEG,.jpg,False
002464.jpg,True,1311,983,False,1,JPEG,983,1311,0,0,0,0,0.0,True,002464,2464,983,1311,1,JPEG,.jpg,False
002465.jpg,True,1510,1132,False,1,JPEG,1132,1510,0,0,0,0,0.0,True,002465,2465,1132,1510,1,JPEG,.jpg,False
002466.jpg,True,640,640,False,1,JPEG,640,640,4,0,0,3,0.015625,True,002466,2466,640,640,1,JPEG,.jpg,False
002467.jpg,True,1389,1042,False,1,JPEG,1042,1389,0,0,0,0,0.0,True,002467,2467,1042,1389,1,JPEG,.jpg,False
002468.jpg,True,640,640,False,1,JPEG,640,640,2,0,0,0,0.0078125,True,002468,2468,640,640,1,JPEG,.jpg,False
002469.jpg,True,1263,947,False,1,JPEG,947,1263,0,0,0,0,0.0,True,002469,2469,947,1263,1,JPEG,.jpg,False
002470.jpg,True,640,640,False,1,JPEG,640,640,0,2,0,0,0.0078125,True,002470,2470,640,640,1,JPEG,.jpg,False
002471.jpg,True,1259,944,False,1,JPEG,944,1259,0,0,0,0,0.0,True,002471,2471,944,1259,1,JPEG,.jpg,False
002472.jpg,True,640,640,False,1,JPEG,640,640,0,0,0,0,0.0,True,002472,2472,640,640,1,JPEG,.jpg,False
002473.jpg,True,2048,1536,False,1,JPEG,1536,2048,0,0,0,0,0.0,True,002473,2473,1536,2048,1,JPEG,.jpg,False
002474.jpg,True,640,640,False,1,JPEG,640,640,0,5,0,0,0.01953125,True,002474,2474,640,640,1,JPEG,.jpg,False
002475.jpg,True,1422,1066,False,1,JPEG,1066,1422,0,0,0,0,0.0,True,002475,2475,1066,1422,1,JPEG,.jpg,False
002476.jpg,True,640,640,False,1,JPEG,640,640,5,0,0,0,0.01953125,True,002476,2476,640,640,1,JPEG,.jpg,False
002477.jpg,True,1080,1440,False,1,JPEG,1440,1080,0,0,0,0,0.0,True,002477,2477,1440,1080,1,JPEG,.jpg,False
002478.jpg,True,640,640,False,1,JPEG,640,640,0,4,2,0,0.015625,True,002478,2478,640,640,1,JPEG,.jpg,False
002479.jpg,True,1046,784,False,1,JPEG,784,1046,0,0,0,0,0.0,True,002479,2479,784,1046,1,JPEG,.jpg,False
002480.jpg,True,640,640,False,1,JPEG,640,640,3,0,0,7,0.02734375,True,002480,2480,640,640,1,JPEG,.jpg,False
002481.jpg,True,1096,873,False,1,JPEG,873,1096,0,0,0,0,0.0,True,002481,2481,873,1096,1,JPEG,.jpg,False
002482.jpg,True,640,640,False,1,JPEG,640,640,1,0,0,1,0.00390625,True,002482,2482,640,640,1,JPEG,.jpg,False
002483.jpg,True,770,673,False,1,JPEG,673,770,0,0,0,0,0.0,True,002483,2483,673,770,1,JPEG,.jpg,False
002484.jpg,True,640,640,False,1,JPEG,640,640,0,0,6,0,0.0234375,True,002484,2484,640,640,1,JPEG,.jpg,False
002485.jpg,True,1355,1016,False,1,JPEG,1016,1355,0,0,0,0,0.0,True,002485,2485,1016,1355,1,JPEG,.jpg,False
002486.jpg,True,640,640,False,1,JPEG,640,640,0,0,0,0,0.0,True,002486,2486,640,640,1,JPEG,.jpg,False
002487.jpg,True,1244,981,False,1,JPEG,981,1244,0,0,0,0,0.0,True,002487,2487,981,1244,1,JPEG,.jpg,False
002488.jpg,True,640,640,False,1,JPEG,640,640,0,0,2,0,0.0078125,True,002488,2488,640,640,1,JPEG,.jpg,False
002489.jpg,True,1181,886,False,1,JPEG,886,1181,0,0,0,0,0.0,True,002489,2489,886,1181,1,JPEG,.jpg,False
002490.jpg,True,640,640,False,1,JPEG,640,640,0,1,0,0,0.00390625,True,002490,2490,640,640,1,JPEG,.jpg,False
002491.jpg,True,1235,910,False,1,JPEG,910,1235,0,0,0,0,0.0,True,002491,2491,910,1235,1,JPEG,.jpg,False
002492.jpg,True,640,640,False,1,JPEG,640,640,0,0,0,0,0.0,True,002492,2492,640,640,1,JPEG,.jpg,False
002493.jpg,True,1462,1096,False,1,JPEG,1096,1462,0,0,0,0,0.0,True,002493,2493,1096,1462,1,JPEG,.jpg,False
002494.jpg,True,640,640,False,1,JPEG,640,640,2,0,0,0,0.0078125,True,002494,2494,640,640,1,JPEG,.jpg,False
002495.jpg,True,1406,1055,False,1,JPEG,1055,1406,0,0,0,0,0.0,True,002495,2495,1055,1406,1,JPEG,.jpg,False
002496.jpg,True,640,640,False,1,JPEG,640,640,6,0,0,0,0.0234375,True,002496,2496,640,640,1,JPEG,.jpg,False
002497.jpg,True,1308,981,False,1,JPEG,981,1308,0,0,0,0,0.0,True,002497,2497,981,1308,1,JPEG,.jpg,False
002498.jpg,True,977,1303,False,1,JPEG,1303,977,0,0,0,0,0.0,True,002498,2498,1303,977,1,JPEG,.jpg,False
002499.jpg,True,640,640,False,1,JPEG,640,640,1,0,2,0,0.0078125,True,002499,2499,640,640,1,JPEG,.jpg,False
002500.jpg,True,1038,1384,False,1,JPEG,1384,1038,0,0,0,0,0.0,True,002500,2500,1384,1038,1,JPEG,.jpg,False
002501.jpg,True,640,640,False,1,JPEG,640,640,0,0,4,0,0.015625,True,002501,2501,640,640,1,JPEG,.jpg,False
002502.jpg,True,1436,1077,False,1,JPEG,1077,1436,0,0,0,0,0.0,True,002502,2502,1077,1436,1,JPEG,.jpg,False
002503.jpg,True,640,640,False,1,JPEG,640,640,0,4,0,0,0.015625,True,002503,2503,640,640,1,JPEG,.jpg,False
002504.jpg,True,1356,1017,False,1,JPEG,1017,1356,0,0,0,0,0.0,True,002504,2504,1017,1356,1,JPEG,.jpg,False
002505.jpg,True,640,640,False,1,JPEG,640,640,8,0,1,0,0.03125,True,002505,2505,640,640,1,JPEG,.jpg,False
002506.jpg,True,1198,899,False,1,JPEG,899,1198,0,0,0,0,0.0,True,002506,2506,899,1198,1,JPEG,.jpg,False
002507.jpg,True,640,640,False,1,JPEG,640,640,0,0,0,0,0.0,True,002507,2507,640,640,1,JPEG,.jpg,False
002508.jpg,True,1115,1487,False,1,JPEG,1487,1115,0,0,0,0,0.0,True,002508,2508,1487,1115,1,JPEG,.jpg,False
002509.jpg,True,640,640,False,1,JPEG,640,640,1,0,0,6,0.0234375,True,002509,2509,640,640,1,JPEG,.jpg,False
002510.jpg,True,1261,946,False,1,JPEG,946,1261,0,0,0,0,0.0,True,002510,2510,946,1261,1,JPEG,.jpg,False
002511.jpg,True,640,640,False,1,JPEG,640,640,0,0,0,5,0.01953125,True,002511,2511,640,640,1,JPEG,.jpg,False
002512.jpg,True,1242,953,False,1,JPEG,953,1242,0,0,0,0,0.0,True,002512,2512,953,1242,1,JPEG,.jpg,False
002513.jpg,True,640,640,False,1,JPEG,640,640,0,9,0,0,0.03515625,True,002513,2513,640,640,1,JPEG,.jpg,False
002514.jpg,True,1416,1062,False,1,JPEG,1062,1416,0,0,0,0,0.0,True,002514,2514,1062,1416,1,JPEG,.jpg,False
002515.jpg,True,640,640,False,1,JPEG,640,640,0,9,2,0,0.03515625,True,002515,2515,640,640,1,JPEG,.jpg,False
002516.jpg,True,1474,1105,False,1,JPEG,1105,1474,0,0,0,0,0.0,True,002516,2516,1105,1474,1,JPEG,.jpg,False
002517.jpg,True,640,640,False,1,JPEG,640,640,0,6,0,0,0.0234375,True,002517,2517,640,640,1,JPEG,.jpg,False
002518.jpg,True,1381,1036,False,1,JPEG,1036,1381,0,0,0,0,0.0,True,002518,2518,1036,1381,1,JPEG,.jpg,False
002519.jpg,True,640,640,False,1,JPEG,640,640,0,0,0,0,0.0,True,002519,2519,640,640,1,JPEG,.jpg,False
002520.jpg,True,1109,815,False,1,JPEG,815,1109,0,0,0,0,0.0,True,002520,2520,815,1109,1,JPEG,.jpg,False
002521.jpg,True,640,640,False,1,JPEG,640,640,0,0,6,0,0.0234375,True,002521,2521,640,640,1,JPEG,.jpg,False
002522.jpg,True,1387,1040,False,1,JPEG,1040,1387,0,0,0,0,0.0,True,002522,2522,1040,1387,1,JPEG,.jpg,False
002523.jpg,True,640,640,False,1,JPEG,640,640,0,0,0,4,0.015625,True,002523,2523,640,640,1,JPEG,.jpg,False
002524.jpg,True,1473,1105,False,1,JPEG,1105,1473,0,0,0,0,0.0,True,002524,2524,1105,1473,1,JPEG,.jpg,False
002525.jpg,True,640,640,False,1,JPEG,640,640,1,0,0,1,0.00390625,True,002525,2525,640,640,1,JPEG,.jpg,False
002526.jpg,True,1296,972,False,1,JPEG,972,1296,0,0,0,0,0.0,True,002526,2526,972,1296,1,JPEG,.jpg,False
002527.jpg,True,640,640,False,1,JPEG,640,640,0,0,0,0,0.0,True,002527,2527,640,640,1,JPEG,.jpg,False
002528.jpg,True,1326,994,False,1,JPEG,994,1326,0,0,0,0,0.0,True,002528,2528,994,1326,1,JPEG,.jpg,False
002529.jpg,True,640,640,False,1,JPEG,640,640,0,0,5,0,0.01953125,True,002529,2529,640,640,1,JPEG,.jpg,False
002530.jpg,True,1478,1109,False,1,JPEG,1109,1478,0,0,0,0,0.0,True,002530,2530,1109,1478,1,JPEG,.jpg,False
002531.jpg,True,640,640,False,1,JPEG,640,640,0,5,0,0,0.01953125,True,002531,2531,640,640,1,JPEG,.jpg,False
002532.jpg,True,1231,923,False,1,JPEG,923,1231,0,0,0,0,0.0,True,002532,2532,923,1231,1,JPEG,.jpg,False
002533.jpg,True,640,640,False,1,JPEG,640,640,0,0,0,1,0.00390625,True,002533,2533,640,640,1,JPEG,.jpg,False
002534.jpg,True,1341,1006,False,1,JPEG,1006,1341,0,0,0,0,0.0,True,002534,2534,1006,1341,1,JPEG,.jpg,False
002535.jpg,True,640,640,False,1,JPEG,640,640,1,0,5,0,0.01953125,True,002535,2535,640,640,1,JPEG,.jpg,False
002536.jpg,True,1484,1113,False,1,JPEG,1113,1484,0,0,0,0,0.0,True,002536,2536,1113,1484,1,JPEG,.jpg,False
002537.jpg,True,640,640,False,1,JPEG,640,640,0,0,0,0,0.0,True,002537,2537,640,640,1,JPEG,.jpg,False
002538.jpg,True,1412,1059,False,1,JPEG,1059,1412,0,0,0,0,0.0,True,002538,2538,1059,1412,1,JPEG,.jpg,False
002539.jpg,True,640,640,False,1,JPEG,640,640,0,3,6,0,0.0234375,True,002539,2539,640,640,1,JPEG,.jpg,False
002540.jpg,True,1471,1103,False,1,JPEG,1103,1471,0,0,0,0,0.0,True,002540,2540,1103,1471,1,JPEG,.jpg,False
002541.jpg,True,640,640,False,1,JPEG,640,640,0,0,0,0,0.0,True,002541,2541,640,640,1,JPEG,.jpg,False
002542.jpg,True,1433,1075,False,1,JPEG,1075,1433,0,0,0,0,0.0,True,002542,2542,1075,1433,1,JPEG,.jpg,False
002543.jpg,True,640,640,False,1,JPEG,640,640,0,0,0,0,0.0,True,002543,2543,640,640,1,JPEG,.jpg,False
002544.jpg,True,1263,947,False,1,JPEG,947,1263,0,0,0,0,0.0,True,002544,2544,947,1263,1,JPEG,.jpg,False
002545.jpg,True,640,640,False,1,JPEG,640,640,0,0,2,0,0.0078125,True,002545,2545,640,640,1,JPEG,.jpg,False
002546.jpg,True,1309,981,False,1,JPEG,981,1309,0,0,0,0,0.0,True,002546,2546,981,1309,1,JPEG,.jpg,False
002547.jpg,True,640,640,False,1,JPEG,640,640,0,1,0,7,0.02734375,True,002547,2547,640,640,1,JPEG,.jpg,False
002548.jpg,True,1536,2048,False,1,JPEG,2048,1536,0,0,0,0,0.0,True,002548,2548,2048,1536,1,JPEG,.jpg,False
002549.jpg,True,640,640,False,1,JPEG,640,640,0,1,3,0,0.01171875,True,002549,2549,640,640,1,JPEG,.jpg,False
002550.jpg,True,1253,940,False,1,JPEG,940,1253,0,0,0,0,0.0,True,002550,2550,940,1253,1,JPEG,.jpg,False
002551.jpg,True,640,640,False,1,JPEG,640,640,0,0,1,0,0.00390625,True,002551,2551,640,640,1,JPEG,.jpg,False
002552.jpg,True,1202,903,False,1,JPEG,903,1202,0,0,0,0,0.0,True,002552,2552,903,1202,1,JPEG,.jpg,False
002553.jpg,True,640,640,False,1,JPEG,640,640,6,0,0,2,0.0234375,True,002553,2553,640,640,1,JPEG,.jpg,False
002554.jpg,True,1307,980,False,1,JPEG,980,1307,0,0,0,0,0.0,True,002554,2554,980,1307,1,JPEG,.jpg,False
002555.jpg,True,640,640,False,1,JPEG,640,640,3,0,0,6,0.0234375,True,002555,2555,640,640,1,JPEG,.jpg,False
002556.jpg,True,1465,1099,False,1,JPEG,1099,1465,0,0,0,0,0.0,True,002556,2556,1099,1465,1,JPEG,.jpg,False
002557.jpg,True,640,640,False,1,JPEG,640,640,3,0,0,0,0.01171875,True,002557,2557,640,640,1,JPEG,.jpg,False
002558.jpg,True,1171,878,False,1,JPEG,878,1171,0,0,0,0,0.0,True,002558,2558,878,1171,1,JPEG,.jpg,False
002559.jpg,True,640,640,False,1,JPEG,640,640,1,0,0,0,0.00390625,True,002559,2559,640,640,1,JPEG,.jpg,False
002560.jpg,True,1403,1052,False,1,JPEG,1052,1403,0,0,0,0,0.0,True,002560,2560,1052,1403,1,JPEG,.jpg,False
002561.jpg,True,640,640,False,1,JPEG,640,640,1,0,0,2,0.0078125,True,002561,2561,640,640,1,JPEG,.jpg,False
002562.jpg,True,1377,1033,False,1,JPEG,1033,1377,0,0,0,0,0.0,True,002562,2562,1033,1377,1,JPEG,.jpg,False
002563.jpg,True,640,640,False,1,JPEG,640,640,3,0,0,0,0.01171875,True,002563,2563,640,640,1,JPEG,.jpg,False
002564.jpg,True,1447,1085,False,1,JPEG,1085,1447,0,0,0,0,0.0,True,002564,2564,1085,1447,1,JPEG,.jpg,False
002565.jpg,True,640,640,False,1,JPEG,640,640,1,0,0,2,0.0078125,True,002565,2565,640,640,1,JPEG,.jpg,False
002566.jpg,True,1351,1013,False,1,JPEG,1013,1351,0,0,0,0,0.0,True,002566,2566,1013,1351,1,JPEG,.jpg,False
002567.jpg,True,640,640,False,1,JPEG,640,640,0,6,0,0,0.0234375,True,002567,2567,640,640,1,JPEG,.jpg,False
002568.jpg,True,1221,916,False,1,JPEG,916,1221,0,0,0,0,0.0,True,002568,2568,916,1221,1,JPEG,.jpg,False
002569.jpg,True,640,640,False,1,JPEG,640,640,0,7,7,0,0.02734375,True,002569,2569,640,640,1,JPEG,.jpg,False
002570.jpg,True,1105,1473,False,1,JPEG,1473,1105,0,0,0,0,0.0,True,002570,2570,1473,1105,1,JPEG,.jpg,False
002571.jpg,True,640,640,False,1,JPEG,640,640,0,4,0,0,0.015625,True,002571,2571,640,640,1,JPEG,.jpg,False
002572.jpg,True,1464,1098,False,1,JPEG,1098,1464,0,0,0,0,0.0,True,002572,2572,1098,1464,1,JPEG,.jpg,False
002573.jpg,True,640,640,False,1,JPEG,640,640,0,2,0,0,0.0078125,True,002573,2573,640,640,1,JPEG,.jpg,False
002574.jpg,True,1304,978,False,1,JPEG,978,1304,0,0,0,0,0.0,True,002574,2574,978,1304,1,JPEG,.jpg,False
002575.jpg,True,640,640,False,1,JPEG,640,640,2,0,0,0,0.0078125,True,002575,2575,640,640,1,JPEG,.jpg,False
002576.jpg,True,1458,1093,False,1,JPEG,1093,1458,0,0,0,0,0.0,True,002576,2576,1093,1458,1,JPEG,.jpg,False
002577.jpg,True,640,640,False,1,JPEG,640,640,0,6,1,0,0.0234375,True,002577,2577,640,640,1,JPEG,.jpg,False
002578.jpg,True,1322,991,False,1,JPEG,991,1322,0,0,0,0,0.0,True,002578,2578,991,1322,1,JPEG,.jpg,False
002579.jpg,True,640,640,False,1,JPEG,640,640,0,10,0,1,0.0390625,True,002579,2579,640,640,1,JPEG,.jpg,False
002580.jpg,True,1015,719,False,1,JPEG,719,1015,0,0,0,0,0.0,True,002580,2580,719,1015,1,JPEG,.jpg,False
002581.jpg,True,640,640,False,1,JPEG,640,640,7,0,1,0,0.02734375,True,002581,2581,640,640,1,JPEG,.jpg,False
002582.jpg,True,1501,1126,False,1,JPEG,1126,1501,0,0,0,0,0.0,True,002582,2582,1126,1501,1,JPEG,.jpg,False
002583.jpg,True,640,640,False,1,JPEG,640,640,3,0,1,0,0.01171875,True,002583,2583,640,640,1,JPEG,.jpg,False
002584.jpg,True,903,676,False,1,JPEG,676,903,0,0,0,0,0.0,True,002584,2584,676,903,1,JPEG,.jpg,False
002585.jpg,True,640,640,False,1,JPEG,640,640,3,0,0,4,0.015625,True,002585,2585,640,640,1,JPEG,.jpg,False
002586.jpg,True,1109,833,False,1,JPEG,833,1109,0,0,0,0,0.0,True,002586,2586,833,1109,1,JPEG,.jpg,False
002587.jpg,True,640,640,False,1,JPEG,640,640,0,0,1,0,0.00390625,True,002587,2587,640,640,1,JPEG,.jpg,False
002588.jpg,True,1405,1053,False,1,JPEG,1053,1405,0,0,0,0,0.0,True,002588,2588,1053,1405,1,JPEG,.jpg,False
002589.jpg,True,640,640,False,1,JPEG,640,640,0,9,0,1,0.03515625,True,002589,2589,640,640,1,JPEG,.jpg,False
002590.jpg,True,1385,1038,False,1,JPEG,1038,1385,0,0,0,0,0.0,True,002590,2590,1038,1385,1,JPEG,.jpg,False
002591.jpg,True,640,640,False,1,JPEG,640,640,0,0,0,0,0.0,True,002591,2591,640,640,1,JPEG,.jpg,False
002592.jpg,True,1355,1016,False,1,JPEG,1016,1355,0,0,0,0,0.0,True,002592,2592,1016,1355,1,JPEG,.jpg,False
002593.jpg,True,640,640,False,1,JPEG,640,640,6,0,1,0,0.0234375,True,002593,2593,640,640,1,JPEG,.jpg,False
002594.jpg,True,1356,1017,False,1,JPEG,1017,1356,0,0,0,0,0.0,True,002594,2594,1017,1356,1,JPEG,.jpg,False
002595.jpg,True,640,640,False,1,JPEG,640,640,5,0,0,1,0.01953125,True,002595,2595,640,640,1,JPEG,.jpg,False
002596.jpg,True,1255,941,False,1,JPEG,941,1255,0,0,0,0,0.0,True,002596,2596,941,1255,1,JPEG,.jpg,False
002597.jpg,True,640,640,False,1,JPEG,640,640,0,0,0,0,0.0,True,002597,2597,640,640,1,JPEG,.jpg,False
002598.jpg,True,1344,1008,False,1,JPEG,1008,1344,0,0,0,0,0.0,True,002598,2598,1008,1344,1,JPEG,.jpg,False
002599.jpg,True,640,640,False,1,JPEG,640,640,0,3,0,0,0.01171875,True,002599,2599,640,640,1,JPEG,.jpg,False
002600.jpg,True,1294,971,False,1,JPEG,971,1294,0,0,0,0,0.0,True,002600,2600,971,1294,1,JPEG,.jpg,False
002601.jpg,True,640,640,False,1,JPEG,640,640,0,0,0,0,0.0,True,002601,2601,640,640,1,JPEG,.jpg,False
002602.jpg,True,1255,861,False,1,JPEG,861,1255,0,0,0,0,0.0,True,002602,2602,861,1255,1,JPEG,.jpg,False
002603.jpg,True,640,640,False,1,JPEG,640,640,0,0,0,7,0.02734375,True,002603,2603,640,640,1,JPEG,.jpg,False
002604.jpg,True,1109,917,False,1,JPEG,917,1109,0,0,0,0,0.0,True,002604,2604,917,1109,1,JPEG,.jpg,False
002605.jpg,True,640,640,False,1,JPEG,640,640,1,0,2,0,0.0078125,True,002605,2605,640,640,1,JPEG,.jpg,False
002606.jpg,True,993,744,False,1,JPEG,744,993,0,0,0,0,0.0,True,002606,2606,744,993,1,JPEG,.jpg,False
002607.jpg,True,640,640,False,1,JPEG,640,640,0,0,0,3,0.01171875,True,002607,2607,640,640,1,JPEG,.jpg,False
002608.jpg,True,2048,1536,False,1,JPEG,1536,2048,0,0,0,0,0.0,True,002608,2608,1536,2048,1,JPEG,.jpg,False
002609.jpg,True,640,640,False,1,JPEG,640,640,0,7,5,0,0.02734375,True,002609,2609,640,640,1,JPEG,.jpg,False
002610.jpg,True,640,640,False,1,JPEG,640,640,0,0,0,0,0.0,True,002610,2610,640,640,1,JPEG,.jpg,False
002611.jpg,True,1215,911,False,1,JPEG,911,1215,0,0,0,0,0.0,True,002611,2611,911,1215,1,JPEG,.jpg,False
002612.jpg,True,640,640,False,1,JPEG,640,640,0,1,0,0,0.00390625,True,002612,2612,640,640,1,JPEG,.jpg,False
002613.jpg,True,1411,1058,False,1,JPEG,1058,1411,0,0,0,0,0.0,True,002613,2613,1058,1411,1,JPEG,.jpg,False
002614.jpg,True,640,640,False,1,JPEG,640,640,0,0,0,0,0.0,True,002614,2614,640,640,1,JPEG,.jpg,False
002615.jpg,True,1436,1077,False,1,JPEG,1077,1436,0,0,0,0,0.0,True,002615,2615,1077,1436,1,JPEG,.jpg,False
002616.jpg,True,640,640,False,1,JPEG,640,640,1,0,8,0,0.03125,True,002616,2616,640,640,1,JPEG,.jpg,False
002617.jpg,True,1358,1019,False,1,JPEG,1019,1358,0,0,0,0,0.0,True,002617,2617,1019,1358,1,JPEG,.jpg,False
002618.jpg,True,640,640,False,1,JPEG,640,640,0,0,0,1,0.00390625,True,002618,2618,640,640,1,JPEG,.jpg,False
002619.jpg,True,1416,1062,False,1,JPEG,1062,1416,0,0,0,0,0.0,True,002619,2619,1062,1416,1,JPEG,.jpg,False
002620.jpg,True,640,640,False,1,JPEG,640,640,0,2,0,3,0.01171875,True,002620,2620,640,640,1,JPEG,.jpg,False
002621.jpg,True,1401,1051,False,1,JPEG,1051,1401,0,0,0,0,0.0,True,002621,2621,1051,1401,1,JPEG,.jpg,False
002622.jpg,True,640,640,False,1,JPEG,640,640,0,0,0,4,0.015625,True,002622,2622,640,640,1,JPEG,.jpg,False
002623.jpg,True,1221,916,False,1,JPEG,916,1221,0,0,0,0,0.0,True,002623,2623,916,1221,1,JPEG,.jpg,False
002624.jpg,True,640,640,False,1,JPEG,640,640,0,0,0,0,0.0,True,002624,2624,640,640,1,JPEG,.jpg,False
002625.jpg,True,882,1270,False,1,JPEG,1270,882,0,0,0,0,0.0,True,002625,2625,1270,882,1,JPEG,.jpg,False
002626.jpg,True,640,640,False,1,JPEG,640,640,7,0,0,5,0.02734375,True,002626,2626,640,640,1,JPEG,.jpg,False
002627.jpg,True,1204,903,False,1,JPEG,903,1204,0,0,0,0,0.0,True,002627,2627,903,1204,1,JPEG,.jpg,False
002628.jpg,True,640,640,False,1,JPEG,640,640,0,2,0,0,0.0078125,True,002628,2628,640,640,1,JPEG,.jpg,False
002629.jpg,True,1460,1095,False,1,JPEG,1095,1460,0,0,0,0,0.0,True,002629,2629,1095,1460,1,JPEG,.jpg,False
002630.jpg,True,640,640,False,1,JPEG,640,640,0,0,2,0,0.0078125,True,002630,2630,640,640,1,JPEG,.jpg,False
002631.jpg,True,1367,1025,False,1,JPEG,1025,1367,0,0,0,0,0.0,True,002631,2631,1025,1367,1,JPEG,.jpg,False
002632.jpg,True,640,640,False,1,JPEG,640,640,0,1,0,4,0.015625,True,002632,2632,640,640,1,JPEG,.jpg,False
002633.jpg,True,1342,1006,False,1,JPEG,1006,1342,0,0,0,0,0.0,True,002633,2633,1006,1342,1,JPEG,.jpg,False
002634.jpg,True,640,640,False,1,JPEG,640,640,6,0,0,0,0.0234375,True,002634,2634,640,640,1,JPEG,.jpg,False
002635.jpg,True,1330,997,False,1,JPEG,997,1330,0,0,0,0,0.0,True,002635,2635,997,1330,1,JPEG,.jpg,False
002636.jpg,True,640,640,False,1,JPEG,640,640,0,0,0,0,0.0,True,002636,2636,640,640,1,JPEG,.jpg,False
002637.jpg,True,1338,1004,False,1,JPEG,1004,1338,0,0,0,0,0.0,True,002637,2637,1004,1338,1,JPEG,.jpg,False
002638.jpg,True,640,640,False,1,JPEG,640,640,4,0,0,4,0.015625,True,002638,2638,640,640,1,JPEG,.jpg,False
002639.jpg,True,1392,1044,False,1,JPEG,1044,1392,0,0,0,0,0.0,True,002639,2639,1044,1392,1,JPEG,.jpg,False
002640.jpg,True,640,640,False,1,JPEG,640,640,0,2,1,0,0.0078125,True,002640,2640,640,640,1,JPEG,.jpg,False
002641.jpg,True,1294,970,False,1,JPEG,970,1294,0,0,0,0,0.0,True,002641,2641,970,1294,1,JPEG,.jpg,False
002642.jpg,True,640,640,False,1,JPEG,640,640,0,4,0,3,0.015625,True,002642,2642,640,640,1,JPEG,.jpg,False
002643.jpg,True,984,1312,False,1,JPEG,1312,984,0,0,0,0,0.0,True,002643,2643,1312,984,1,JPEG,.jpg,False
002644.jpg,True,640,640,False,1,JPEG,640,640,0,8,9,0,0.03515625,True,002644,2644,640,640,1,JPEG,.jpg,False
002645.jpg,True,1230,923,False,1,JPEG,923,1230,0,0,0,0,0.0,True,002645,2645,923,1230,1,JPEG,.jpg,False
002646.jpg,True,640,640,False,1,JPEG,640,640,0,0,0,0,0.0,True,002646,2646,640,640,1,JPEG,.jpg,False
002647.jpg,True,938,1251,False,1,JPEG,1251,938,0,0,0,0,0.0,True,002647,2647,1251,938,1,JPEG,.jpg,False
002648.jpg,True,640,640,False,1,JPEG,640,640,4,0,0,0,0.015625,True,002648,2648,640,640,1,JPEG,.jpg,False
002649.jpg,True,837,1250,False,1,JPEG,1250,837,0,0,0,0,0.0,True,002649,2649,1250,837,1,JPEG,.jpg,False
002650.jpg,True,640,640,False,1,JPEG,640,640,0,1,0,0,0.00390625,True,002650,2650,640,640,1,JPEG,.jpg,False
002651.jpg,True,1345,1009,False,1,JPEG,1009,1345,0,0,0,0,0.0,True,002651,2651,1009,1345,1,JPEG,.jpg,False
002652.jpg,True,640,640,False,1,JPEG,640,640,0,3,0,1,0.01171875,True,002652,2652,640,640,1,JPEG,.jpg,False
002653.jpg,True,2048,1536,False,1,JPEG,1536,2048,0,0,0,0,0.0,True,002653,2653,1536,2048,1,JPEG,.jpg,True
002654.jpg,True,640,640,False,1,JPEG,640,640,0,0,0,0,0.0,True,002654,2654,640,640,1,JPEG,.jpg,False
002655.jpg,True,1876,1408,False,1,JPEG,1408,1876,0,0,0,0,0.0,True,002655,2655,1408,1876,1,JPEG,.jpg,False
002656.jpg,True,640,640,False,1,JPEG,640,640,0,1,5,0,0.01953125,True,002656,2656,640,640,1,JPEG,.jpg,False
002657.jpg,True,1079,809,False,1,JPEG,809,1079,0,0,0,0,0.0,True,002657,2657,809,1079,1,JPEG,.jpg,False
002658.jpg,True,640,640,False,1,JPEG,640,640,0,2,2,0,0.0078125,True,002658,2658,640,640,1,JPEG,.jpg,False
002659.jpg,True,1217,913,False,1,JPEG,913,1217,0,0,0,0,0.0,True,002659,2659,913,1217,1,JPEG,.jpg,False
002660.jpg,True,640,640,False,1,JPEG,640,640,0,4,0,0,0.015625,True,002660,2660,640,640,1,JPEG,.jpg,False
002661.jpg,True,1390,1042,False,1,JPEG,1042,1390,0,0,0,0,0.0,True,002661,2661,1042,1390,1,JPEG,.jpg,False
002662.jpg,True,640,640,False,1,JPEG,640,640,0,0,0,4,0.015625,True,002662,2662,640,640,1,JPEG,.jpg,False
002663.jpg,True,1451,1088,False,1,JPEG,1088,1451,0,0,0,0,0.0,True,002663,2663,1088,1451,1,JPEG,.jpg,False
002664.jpg,True,640,640,False,1,JPEG,640,640,2,0,0,0,0.0078125,True,002664,2664,640,640,1,JPEG,.jpg,False
002665.jpg,True,1154,855,False,1,JPEG,855,1154,0,0,0,0,0.0,True,002665,2665,855,1154,1,JPEG,.jpg,False
002666.jpg,True,640,640,False,1,JPEG,640,640,0,2,8,0,0.03125,True,002666,2666,640,640,1,JPEG,.jpg,False
002667.jpg,True,1406,1055,False,1,JPEG,1055,1406,0,0,0,0,0.0,True,002667,2667,1055,1406,1,JPEG,.jpg,False
002668.jpg,True,640,640,False,1,JPEG,640,640,0,5,0,2,0.01953125,True,002668,2668,640,640,1,JPEG,.jpg,False
002669.jpg,True,1278,959,False,1,JPEG,959,1278,0,0,0,0,0.0,True,002669,2669,959,1278,1,JPEG,.jpg,False
002670.jpg,True,1104,1472,False,1,JPEG,1472,1104,0,0,0,0,0.0,True,002670,2670,1472,1104,1,JPEG,.jpg,False
002671.jpg,True,1495,1121,False,1,JPEG,1121,1495,0,0,0,0,0.0,True,002671,2671,1121,1495,1,JPEG,.jpg,False
002672.jpg,True,640,640,False,1,JPEG,640,640,1,0,0,1,0.00390625,True,002672,2672,640,640,1,JPEG,.jpg,False
002673.jpg,True,1220,915,False,1,JPEG,915,1220,0,0,0,0,0.0,True,002673,2673,915,1220,1,JPEG,.jpg,False
002674.jpg,True,640,640,False,1,JPEG,640,640,0,12,0,0,0.046875,True,002674,2674,640,640,1,JPEG,.jpg,False
002675.jpg,True,970,1294,False,1,JPEG,1294,970,0,0,0,0,0.0,True,002675,2675,1294,970,1,JPEG,.jpg,False
002676.jpg,True,640,640,False,1,JPEG,640,640,7,0,0,0,0.02734375,True,002676,2676,640,640,1,JPEG,.jpg,False
002677.jpg,True,1461,1096,False,1,JPEG,1096,1461,0,0,0,0,0.0,True,002677,2677,1096,1461,1,JPEG,.jpg,False
002678.jpg,True,640,640,False,1,JPEG,640,640,0,1,0,0,0.00390625,True,002678,2678,640,640,1,JPEG,.jpg,False
002679.jpg,True,1179,884,False,1,JPEG,884,1179,0,0,0,0,0.0,True,002679,2679,884,1179,1,JPEG,.jpg,False
002680.jpg,True,1242,931,False,1,JPEG,931,1242,0,0,0,0,0.0,True,002680,2680,931,1242,1,JPEG,.jpg,False
002681.jpg,True,1332,999,False,1,JPEG,999,1332,0,0,0,0,0.0,True,002681,2681,999,1332,1,JPEG,.jpg,False
002682.jpg,True,640,640,False,1,JPEG,640,640,0,10,0,0,0.0390625,True,002682,2682,640,640,1,JPEG,.jpg,False
002683.jpg,True,1489,1116,False,1,JPEG,1116,1489,0,0,0,0,0.0,True,002683,2683,1116,1489,1,JPEG,.jpg,False
002684.jpg,True,640,640,False,1,JPEG,640,640,0,1,0,0,0.00390625,True,002684,2684,640,640,1,JPEG,.jpg,False
002685.jpg,True,1015,1353,False,1,JPEG,1353,1015,0,0,0,0,0.0,True,002685,2685,1353,1015,1,JPEG,.jpg,False
002686.jpg,True,1252,940,False,1,JPEG,940,1252,0,0,0,0,0.0,True,002686,2686,940,1252,1,JPEG,.jpg,False
002687.jpg,True,2048,1535,False,1,JPEG,1535,2048,0,0,0,0,0.0,True,002687,2687,1535,2048,1,JPEG,.jpg,True
002688.jpg,True,1497,1122,False,1,JPEG,1122,1497,0,0,0,0,0.0,True,002688,2688,1122,1497,1,JPEG,.jpg,False
002689.jpg,True,1374,1030,False,1,JPEG,1030,1374,0,0,0,0,0.0,True,002689,2689,1030,1374,1,JPEG,.jpg,False
002690.jpg,True,1296,972,False,1,JPEG,972,1296,0,0,0,0,0.0,True,002690,2690,972,1296,1,JPEG,.jpg,False
002691.jpg,True,953,1271,False,1,JPEG,1271,953,0,0,0,0,0.0,True,002691,2691,1271,953,1,JPEG,.jpg,False
002692.jpg,True,640,640,False,1,JPEG,640,640,0,0,4,0,0.015625,True,002692,2692,640,640,1,JPEG,.jpg,False
002693.jpg,True,1354,1015,False,1,JPEG,1015,1354,0,0,0,0,0.0,True,002693,2693,1015,1354,1,JPEG,.jpg,False
002694.jpg,True,640,640,False,1,JPEG,640,640,0,0,4,0,0.015625,True,002694,2694,640,640,1,JPEG,.jpg,False
002695.jpg,True,1272,954,False,1,JPEG,954,1272,0,0,0,0,0.0,True,002695,2695,954,1272,1,JPEG,.jpg,False
002696.jpg,True,1328,996,False,1,JPEG,996,1328,0,0,0,0,0.0,True,002696,2696,996,1328,1,JPEG,.jpg,False
002697.jpg,True,1477,1108,False,1,JPEG,1108,1477,0,0,0,0,0.0,True,002697,2697,1108,1477,1,JPEG,.jpg,False
002698.jpg,True,1213,910,False,1,JPEG,910,1213,0,0,0,0,0.0,True,002698,2698,910,1213,1,JPEG,.jpg,False
002699.jpg,True,1455,1092,False,1,JPEG,1092,1455,0,0,0,0,0.0,True,002699,2699,1092,1455,1,JPEG,.jpg,False
002700.jpg,True,640,640,False,1,JPEG,640,640,0,0,0,0,0.0,True,002700,2700,640,640,1,JPEG,.jpg,False
002701.jpg,True,1109,845,False,1,JPEG,845,1109,0,0,0,0,0.0,True,002701,2701,845,1109,1,JPEG,.jpg,False
002702.jpg,True,640,640,False,1,JPEG,640,640,0,0,7,0,0.02734375,True,002702,2702,640,640,1,JPEG,.jpg,False
002703.jpg,True,1264,948,False,1,JPEG,948,1264,0,0,0,0,0.0,True,002703,2703,948,1264,1,JPEG,.jpg,False
002704.jpg,True,640,640,False,1,JPEG,640,640,0,3,1,0,0.01171875,True,002704,2704,640,640,1,JPEG,.jpg,False
002705.jpg,True,1128,1504,False,1,JPEG,1504,1128,0,0,0,0,0.0,True,002705,2705,1504,1128,1,JPEG,.jpg,False
002706.jpg,True,640,640,False,1,JPEG,640,640,0,5,0,0,0.01953125,True,002706,2706,640,640,1,JPEG,.jpg,False
002707.jpg,True,1226,919,False,1,JPEG,919,1226,0,0,0,0,0.0,True,002707,2707,919,1226,1,JPEG,.jpg,False
002708.jpg,True,640,640,False,1,JPEG,640,640,2,0,0,2,0.0078125,True,002708,2708,640,640,1,JPEG,.jpg,False
002709.jpg,True,1509,1131,False,1,JPEG,1131,1509,0,0,0,0,0.0,True,002709,2709,1131,1509,1,JPEG,.jpg,False
002710.jpg,True,640,640,False,1,JPEG,640,640,0,3,0,0,0.01171875,True,002710,2710,640,640,1,JPEG,.jpg,False
002711.jpg,True,1211,908,False,1,JPEG,908,1211,0,0,0,0,0.0,True,002711,2711,908,1211,1,JPEG,.jpg,False
002712.jpg,True,640,640,False,1,JPEG,640,640,0,7,2,0,0.02734375,True,002712,2712,640,640,1,JPEG,.jpg,False
002713.jpg,True,1235,1054,False,1,JPEG,1054,1235,0,0,0,0,0.0,True,002713,2713,1054,1235,1,JPEG,.jpg,False
002714.jpg,True,640,640,False,1,JPEG,640,640,0,8,4,0,0.03125,True,002714,2714,640,640,1,JPEG,.jpg,False
002715.jpg,True,1440,1080,False,1,JPEG,1080,1440,0,0,0,0,0.0,True,002715,2715,1080,1440,1,JPEG,.jpg,False
002716.jpg,True,640,640,False,1,JPEG,640,640,0,0,8,0,0.03125,True,002716,2716,640,640,1,JPEG,.jpg,False
002717.jpg,True,1464,1098,False,1,JPEG,1098,1464,0,0,0,0,0.0,True,002717,2717,1098,1464,1,JPEG,.jpg,False
002718.jpg,True,1426,1070,False,1,JPEG,1070,1426,0,0,0,0,0.0,True,002718,2718,1070,1426,1,JPEG,.jpg,False
002719.jpg,True,1328,996,False,1,JPEG,996,1328,0,0,0,0,0.0,True,002719,2719,996,1328,1,JPEG,.jpg,False
002720.jpg,True,640,640,False,1,JPEG,640,640,4,0,0,7,0.02734375,True,002720,2720,640,640,1,JPEG,.jpg,False
002721.jpg,True,1319,989,False,1,JPEG,989,1319,0,0,0,0,0.0,True,002721,2721,989,1319,1,JPEG,.jpg,False
002722.jpg,True,640,640,False,1,JPEG,640,640,0,0,6,0,0.0234375,True,002722,2722,640,640,1,JPEG,.jpg,False
002723.jpg,True,2073,1515,False,1,JPEG,1515,2073,0,0,0,0,0.0,True,002723,2723,1515,2073,1,JPEG,.jpg,True
002724.jpg,True,640,640,False,1,JPEG,640,640,0,0,0,0,0.0,True,002724,2724,640,640,1,JPEG,.jpg,False
002725.jpg,True,817,1016,False,1,JPEG,1016,817,0,0,0,0,0.0,True,002725,2725,1016,817,1,JPEG,.jpg,False
002726.jpg,True,1493,1120,False,1,JPEG,1120,1493,0,0,0,0,0.0,True,002726,2726,1120,1493,1,JPEG,.jpg,False
002727.jpg,True,640,640,False,1,JPEG,640,640,0,0,6,0,0.0234375,True,002727,2727,640,640,1,JPEG,.jpg,False
002728.jpg,True,1342,1007,False,1,JPEG,1007,1342,0,0,0,0,0.0,True,002728,2728,1007,1342,1,JPEG,.jpg,False
002729.jpg,True,640,640,False,1,JPEG,640,640,0,4,7,0,0.02734375,True,002729,2729,640,640,1,JPEG,.jpg,False
002730.jpg,True,1135,830,False,1,JPEG,830,1135,0,0,0,0,0.0,True,002730,2730,830,1135,1,JPEG,.jpg,False
002731.jpg,True,910,1334,False,1,JPEG,1334,910,0,0,0,0,0.0,True,002731,2731,1334,910,1,JPEG,.jpg,False
002732.jpg,True,2048,1536,False,1,JPEG,1536,2048,0,0,0,0,0.0,True,002732,2732,1536,2048,1,JPEG,.jpg,False
002733.jpg,True,640,640,False,1,JPEG,640,640,0,2,5,0,0.01953125,True,002733,2733,640,640,1,JPEG,.jpg,False
002734.jpg,True,2048,1535,False,1,JPEG,1535,2048,0,0,0,0,0.0,True,002734,2734,1535,2048,1,JPEG,.jpg,False
002735.jpg,True,640,640,False,1,JPEG,640,640,0,6,0,0,0.0234375,True,002735,2735,640,640,1,JPEG,.jpg,False
002736.jpg,True,1332,999,False,1,JPEG,999,1332,0,0,0,0,0.0,True,002736,2736,999,1332,1,JPEG,.jpg,False
002737.jpg,True,1287,966,False,1,JPEG,966,1287,0,0,0,0,0.0,True,002737,2737,966,1287,1,JPEG,.jpg,False
002738.jpg,True,1258,944,False,1,JPEG,944,1258,0,0,0,0,0.0,True,002738,2738,944,1258,1,JPEG,.jpg,False
002739.jpg,True,1355,1017,False,1,JPEG,1017,1355,0,0,0,0,0.0,True,002739,2739,1017,1355,1,JPEG,.jpg,False
002740.jpg,True,1347,1010,False,1,JPEG,1010,1347,0,0,0,0,0.0,True,002740,2740,1010,1347,1,JPEG,.jpg,False
002741.jpg,True,640,640,False,1,JPEG,640,640,0,0,2,0,0.0078125,True,002741,2741,640,640,1,JPEG,.jpg,False
002742.jpg,True,838,1227,False,1,JPEG,1227,838,0,0,0,0,0.0,True,002742,2742,1227,838,1,JPEG,.jpg,False
002743.jpg,True,640,640,False,1,JPEG,640,640,0,0,0,1,0.00390625,True,002743,2743,640,640,1,JPEG,.jpg,False
002744.jpg,True,916,1221,False,1,JPEG,1221,916,0,0,0,0,0.0,True,002744,2744,1221,916,1,JPEG,.jpg,False
002745.jpg,True,871,743,False,1,JPEG,743,871,0,0,0,0,0.0,True,002745,2745,743,871,1,JPEG,.jpg,False
002746.jpg,True,1125,808,False,1,JPEG,808,1125,0,0,0,0,0.0,True,002746,2746,808,1125,1,JPEG,.jpg,False
002747.jpg,True,640,640,False,1,JPEG,640,640,0,0,0,1,0.00390625,True,002747,2747,640,640,1,JPEG,.jpg,False
002748.jpg,True,879,1386,False,1,JPEG,1386,879,0,0,0,0,0.0,True,002748,2748,1386,879,1,JPEG,.jpg,False
002749.jpg,True,1134,940,False,1,JPEG,940,1134,0,0,0,0,0.0,True,002749,2749,940,1134,1,JPEG,.jpg,False
002750.jpg,True,1244,933,False,1,JPEG,933,1244,0,0,0,0,0.0,True,002750,2750,933,1244,1,JPEG,.jpg,False
002751.jpg,True,879,1300,False,1,JPEG,1300,879,0,0,0,0,0.0,True,002751,2751,1300,879,1,JPEG,.jpg,False
002752.jpg,True,988,1376,False,1,JPEG,1376,988,0,0,0,0,0.0,True,002752,2752,1376,988,1,JPEG,.jpg,False
002753.jpg,True,640,640,False,1,JPEG,640,640,0,0,0,0,0.0,True,002753,2753,640,640,1,JPEG,.jpg,False
002754.jpg,True,2048,1536,False,1,JPEG,1536,2048,0,0,0,0,0.0,True,002754,2754,1536,2048,1,JPEG,.jpg,False
002755.jpg,True,683,960,False,1,JPEG,960,683,0,0,0,0,0.0,True,002755,2755,960,683,1,JPEG,.jpg,False
002756.jpg,True,640,640,False,1,JPEG,640,640,0,0,0,0,0.0,True,002756,2756,640,640,1,JPEG,.jpg,False
002757.jpg,True,882,577,False,1,JPEG,577,882,0,0,0,0,0.0,True,002757,2757,577,882,1,JPEG,.jpg,False
002758.jpg,True,640,640,False,1,JPEG,640,640,0,0,0,2,0.0078125,True,002758,2758,640,640,1,JPEG,.jpg,False
002759.jpg,True,1052,1402,False,1,JPEG,1402,1052,0,0,0,0,0.0,True,002759,2759,1402,1052,1,JPEG,.jpg,False
002760.jpg,True,640,640,False,1,JPEG,640,640,0,5,0,0,0.01953125,True,002760,2760,640,640,1,JPEG,.jpg,False
002761.jpg,True,789,1223,False,1,JPEG,1223,789,0,0,0,0,0.0,True,002761,2761,1223,789,1,JPEG,.jpg,False
002762.jpg,True,640,640,False,1,JPEG,640,640,0,1,0,0,0.00390625,True,002762,2762,640,640,1,JPEG,.jpg,False
002763.jpg,True,803,1112,False,1,JPEG,1112,803,0,0,0,0,0.0,True,002763,2763,1112,803,1,JPEG,.jpg,False
002764.jpg,True,640,640,False,1,JPEG,640,640,6,0,0,0,0.0234375,True,002764,2764,640,640,1,JPEG,.jpg,False
002765.jpg,True,1024,860,False,1,JPEG,860,1024,0,0,0,0,0.0,True,002765,2765,860,1024,1,JPEG,.jpg,False
002766.jpg,True,640,640,False,1,JPEG,640,640,0,7,0,0,0.02734375,True,002766,2766,640,640,1,JPEG,.jpg,False
002767.jpg,True,807,1076,False,1,JPEG,1076,807,0,0,0,0,0.0,True,002767,2767,1076,807,1,JPEG,.jpg,False
002768.jpg,True,640,640,False,1,JPEG,640,640,4,0,0,0,0.015625,True,002768,2768,640,640,1,JPEG,.jpg,False
002769.jpg,True,840,651,False,1,JPEG,651,840,0,0,0,0,0.0,True,002769,2769,651,840,1,JPEG,.jpg,False
002770.jpg,True,1034,743,False,1,JPEG,743,1034,0,0,0,0,0.0,True,002770,2770,743,1034,1,JPEG,.jpg,False
002771.jpg,True,640,640,False,1,JPEG,640,640,8,0,0,6,0.03125,True,002771,2771,640,640,1,JPEG,.jpg,False
002772.jpg,True,556,524,False,1,JPEG,524,556,0,0,0,0,0.0,True,002772,2772,524,556,1,JPEG,.jpg,False
002773.jpg,True,640,640,False,1,JPEG,640,640,0,0,0,0,0.0,True,002773,2773,640,640,1,JPEG,.jpg,False
002774.jpg,True,1024,768,False,1,JPEG,768,1024,0,0,0,0,0.0,True,002774,2774,768,1024,1,JPEG,.jpg,False
002775.jpg,True,640,640,False,1,JPEG,640,640,0,0,0,0,0.0,True,002775,2775,640,640,1,JPEG,.jpg,False
002776.jpg,True,1024,768,False,1,JPEG,768,1024,0,0,0,0,0.0,True,002776,2776,768,1024,1,JPEG,.jpg,False
002777.jpg,True,640,640,False,1,JPEG,640,640,0,0,5,0,0.01953125,True,002777,2777,640,640,1,JPEG,.jpg,False
002778.jpg,True,898,674,False,1,JPEG,674,898,0,0,0,0,0.0,True,002778,2778,674,898,1,JPEG,.jpg,False
002779.jpg,True,640,640,False,1,JPEG,640,640,4,0,0,7,0.02734375,True,002779,2779,640,640,1,JPEG,.jpg,False
002780.jpg,True,1029,772,False,1,JPEG,772,1029,0,0,0,0,0.0,True,002780,2780,772,1029,1,JPEG,.jpg,False
002781.jpg,True,640,640,False,1,JPEG,640,640,0,4,5,0,0.01953125,True,002781,2781,640,640,1,JPEG,.jpg,False
002782.jpg,True,1014,809,False,1,JPEG,809,1014,0,0,0,0,0.0,True,002782,2782,809,1014,1,JPEG,.jpg,False
002783.jpg,True,640,640,False,1,JPEG,640,640,0,1,0,7,0.02734375,True,002783,2783,640,640,1,JPEG,.jpg,False
002784.jpg,True,960,805,False,1,JPEG,805,960,0,0,0,0,0.0,True,002784,2784,805,960,1,JPEG,.jpg,False
002785.jpg,True,640,640,False,1,JPEG,640,640,1,0,0,0,0.00390625,True,002785,2785,640,640,1,JPEG,.jpg,False
002786.jpg,True,846,794,False,1,JPEG,794,846,0,0,0,0,0.0,True,002786,2786,794,846,1,JPEG,.jpg,False
002787.jpg,True,640,640,False,1,JPEG,640,640,0,2,0,3,0.01171875,True,002787,2787,640,640,1,JPEG,.jpg,False
002788.jpg,True,2000,1500,False,1,JPEG,1500,2000,0,0,0,0,0.0,True,002788,2788,1500,2000,1,JPEG,.jpg,False
002789.jpg,True,640,640,False,1,JPEG,640,640,0,4,0,0,0.015625,True,002789,2789,640,640,1,JPEG,.jpg,False
002790.jpg,True,733,550,False,1,JPEG,550,733,0,0,0,0,0.0,True,002790,2790,550,733,1,JPEG,.jpg,False
002791.jpg,True,640,640,False,1,JPEG,640,640,0,6,0,2,0.0234375,True,002791,2791,640,640,1,JPEG,.jpg,False
002792.jpg,True,705,650,False,1,JPEG,650,705,0,0,0,0,0.0,True,002792,2792,650,705,1,JPEG,.jpg,False
002793.jpg,True,1341,1005,False,1,JPEG,1005,1341,0,0,0,0,0.0,True,002793,2793,1005,1341,1,JPEG,.jpg,False
002794.jpg,True,640,640,False,1,JPEG,640,640,0,6,0,0,0.0234375,True,002794,2794,640,640,1,JPEG,.jpg,False
002795.jpg,True,975,732,False,1,JPEG,732,975,0,0,0,0,0.0,True,002795,2795,732,975,1,JPEG,.jpg,False
002796.jpg,True,640,640,False,1,JPEG,640,640,0,0,0,0,0.0,True,002796,2796,640,640,1,JPEG,.jpg,False
002797.jpg,True,1138,853,False,1,JPEG,853,1138,0,0,0,0,0.0,True,002797,2797,853,1138,1,JPEG,.jpg,False
002798.jpg,True,640,640,False,1,JPEG,640,640,0,0,0,0,0.0,True,002798,2798,640,640,1,JPEG,.jpg,False
002799.jpg,True,772,1084,False,1,JPEG,1084,772,0,0,0,0,0.0,True,002799,2799,1084,772,1,JPEG,.jpg,False
002800.jpg,True,640,640,False,1,JPEG,640,640,0,0,0,0,0.0,True,002800,2800,640,640,1,JPEG,.jpg,False
002801.jpg,True,1008,756,False,1,JPEG,756,1008,0,0,0,0,0.0,True,002801,2801,756,1008,1,JPEG,.jpg,False
002802.jpg,True,640,640,False,1,JPEG,640,640,0,0,8,0,0.03125,True,002802,2802,640,640,1,JPEG,.jpg,False
002803.jpg,True,1021,766,False,1,JPEG,766,1021,0,0,0,0,0.0,True,002803,2803,766,1021,1,JPEG,.jpg,False
002804.jpg,True,640,640,False,1,JPEG,640,640,0,6,0,0,0.0234375,True,002804,2804,640,640,1,JPEG,.jpg,False
002805.jpg,True,2048,1536,False,1,JPEG,1536,2048,0,0,0,0,0.0,True,002805,2805,1536,2048,1,JPEG,.jpg,True
002806.jpg,True,640,640,False,1,JPEG,640,640,0,7,0,1,0.02734375,True,002806,2806,640,640,1,JPEG,.jpg,False
002807.jpg,True,1207,905,False,1,JPEG,905,1207,0,0,0,0,0.0,True,002807,2807,905,1207,1,JPEG,.jpg,False
002808.jpg,True,640,640,False,1,JPEG,640,640,0,2,0,1,0.0078125,True,002808,2808,640,640,1,JPEG,.jpg,False
002809.jpg,True,1266,949,False,1,JPEG,949,1266,0,0,0,0,0.0,True,002809,2809,949,1266,1,JPEG,.jpg,False
002810.jpg,True,640,640,False,1,JPEG,640,640,6,0,0,0,0.0234375,True,002810,2810,640,640,1,JPEG,.jpg,False
002811.jpg,True,1308,965,False,1,JPEG,965,1308,0,0,0,0,0.0,True,002811,2811,965,1308,1,JPEG,.jpg,False
002812.jpg,True,640,640,False,1,JPEG,640,640,2,0,0,0,0.0078125,True,002812,2812,640,640,1,JPEG,.jpg,False
002813.jpg,True,991,731,False,1,JPEG,731,991,0,0,0,0,0.0,True,002813,2813,731,991,1,JPEG,.jpg,False
002814.jpg,True,640,640,False,1,JPEG,640,640,1,0,0,0,0.00390625,True,002814,2814,640,640,1,JPEG,.jpg,False
002815.jpg,True,1022,768,False,1,JPEG,768,1022,0,0,0,0,0.0,True,002815,2815,768,1022,1,JPEG,.jpg,False
002816.jpg,True,640,640,False,1,JPEG,640,640,0,0,0,1,0.00390625,True,002816,2816,640,640,1,JPEG,.jpg,False
002817.jpg,True,1035,776,False,1,JPEG,776,1035,0,0,0,0,0.0,True,002817,2817,776,1035,1,JPEG,.jpg,False
002818.jpg,True,1321,991,False,1,JPEG,991,1321,0,0,0,0,0.0,True,002818,2818,991,1321,1,JPEG,.jpg,False
002819.jpg,True,640,640,False,1,JPEG,640,640,6,0,0,0,0.0234375,True,002819,2819,640,640,1,JPEG,.jpg,False
002820.jpg,True,1137,852,False,1,JPEG,852,1137,0,0,0,0,0.0,True,002820,2820,852,1137,1,JPEG,.jpg,False
002821.jpg,True,640,640,False,1,JPEG,640,640,0,0,5,0,0.01953125,True,002821,2821,640,640,1,JPEG,.jpg,False
002822.jpg,True,1242,931,False,1,JPEG,931,1242,0,0,0,0,0.0,True,002822,2822,931,1242,1,JPEG,.jpg,False
002823.jpg,True,640,640,False,1,JPEG,640,640,5,0,0,9,0.03515625,True,002823,2823,640,640,1,JPEG,.jpg,False
002824.jpg,True,1128,847,False,1,JPEG,847,1128,0,0,0,0,0.0,True,002824,2824,847,1128,1,JPEG,.jpg,False
002825.jpg,True,640,640,False,1,JPEG,640,640,0,0,1,0,0.00390625,True,002825,2825,640,640,1,JPEG,.jpg,False
002826.jpg,True,1178,883,False,1,JPEG,883,1178,0,0,0,0,0.0,True,002826,2826,883,1178,1,JPEG,.jpg,False
002827.jpg,True,640,640,False,1,JPEG,640,640,0,1,0,0,0.00390625,True,002827,2827,640,640,1,JPEG,.jpg,False
002828.jpg,True,1051,787,False,1,JPEG,787,1051,0,0,0,0,0.0,True,002828,2828,787,1051,1,JPEG,.jpg,False
002829.jpg,True,640,640,False,1,JPEG,640,640,0,0,0,0,0.0,True,002829,2829,640,640,1,JPEG,.jpg,False
002830.jpg,True,1298,974,False,1,JPEG,974,1298,0,0,0,0,0.0,True,002830,2830,974,1298,1,JPEG,.jpg,False
002831.jpg,True,640,640,False,1,JPEG,640,640,3,0,0,0,0.01171875,True,002831,2831,640,640,1,JPEG,.jpg,False
002832.jpg,True,1107,830,False,1,JPEG,830,1107,0,0,0,0,0.0,True,002832,2832,830,1107,1,JPEG,.jpg,False
002833.jpg,True,640,640,False,1,JPEG,640,640,0,1,0,0,0.00390625,True,002833,2833,640,640,1,JPEG,.jpg,False
002834.jpg,True,967,725,False,1,JPEG,725,967,0,0,0,0,0.0,True,002834,2834,725,967,1,JPEG,.jpg,False
002835.jpg,True,640,640,False,1,JPEG,640,640,0,0,0,0,0.0,True,002835,2835,640,640,1,JPEG,.jpg,False
002836.jpg,True,848,704,False,1,JPEG,704,848,0,0,0,0,0.0,True,002836,2836,704,848,1,JPEG,.jpg,False
002837.jpg,True,960,714,False,1,JPEG,714,960,0,0,0,0,0.0,True,002837,2837,714,960,1,JPEG,.jpg,False
002838.jpg,True,640,640,False,1,JPEG,640,640,0,0,2,0,0.0078125,True,002838,2838,640,640,1,JPEG,.jpg,False
002839.jpg,True,1188,891,False,1,JPEG,891,1188,0,0,0,0,0.0,True,002839,2839,891,1188,1,JPEG,.jpg,False
002840.jpg,True,640,640,False,1,JPEG,640,640,0,5,0,0,0.01953125,True,002840,2840,640,640,1,JPEG,.jpg,False
002841.jpg,True,1039,780,False,1,JPEG,780,1039,0,0,0,0,0.0,True,002841,2841,780,1039,1,JPEG,.jpg,False
002842.jpg,True,640,640,False,1,JPEG,640,640,0,0,0,1,0.00390625,True,002842,2842,640,640,1,JPEG,.jpg,False
002843.jpg,True,1101,825,False,1,JPEG,825,1101,0,0,0,0,0.0,True,002843,2843,825,1101,1,JPEG,.jpg,False
002844.jpg,True,640,640,False,1,JPEG,640,640,1,0,8,0,0.03125,True,002844,2844,640,640,1,JPEG,.jpg,False
002845.jpg,True,1351,1013,False,1,JPEG,1013,1351,0,0,0,0,0.0,True,002845,2845,1013,1351,1,JPEG,.jpg,False
002846.jpg,True,640,640,False,1,JPEG,640,640,0,3,0,3,0.01171875,True,002846,2846,640,640,1,JPEG,.jpg,False
002847.jpg,True,1111,834,False,1,JPEG,834,1111,0,0,0,0,0.0,True,002847,2847,834,1111,1,JPEG,.jpg,False
002848.jpg,True,640,640,False,1,JPEG,640,640,1,0,0,1,0.00390625,True,002848,2848,640,640,1,JPEG,.jpg,False
002849.jpg,True,1283,962,False,1,JPEG,962,1283,0,0,0,0,0.0,True,002849,2849,962,1283,1,JPEG,.jpg,False
002850.jpg,True,640,640,False,1,JPEG,640,640,0,0,0,0,0.0,True,002850,2850,640,640,1,JPEG,.jpg,False
002851.jpg,True,2048,1536,False,1,JPEG,1536,2048,0,0,0,0,0.0,True,002851,2851,1536,2048,1,JPEG,.jpg,False
002852.jpg,True,640,640,False,1,JPEG,640,640,0,0,0,0,0.0,True,002852,2852,640,640,1,JPEG,.jpg,False
002853.jpg,True,1016,763,False,1,JPEG,763,1016,0,0,0,0,0.0,True,002853,2853,763,1016,1,JPEG,.jpg,False
002854.jpg,True,640,640,False,1,JPEG,640,640,0,4,5,0,0.01953125,True,002854,2854,640,640,1,JPEG,.jpg,False
002855.jpg,True,1327,995,False,1,JPEG,995,1327,0,0,0,0,0.0,True,002855,2855,995,1327,1,JPEG,.jpg,False
002856.jpg,True,640,640,False,1,JPEG,640,640,0,3,6,0,0.0234375,True,002856,2856,640,640,1,JPEG,.jpg,False
002857.jpg,True,1133,849,False,1,JPEG,849,1133,0,0,0,0,0.0,True,002857,2857,849,1133,1,JPEG,.jpg,False
002858.jpg,True,640,640,False,1,JPEG,640,640,0,6,0,0,0.0234375,True,002858,2858,640,640,1,JPEG,.jpg,False
002859.jpg,True,846,635,False,1,JPEG,635,846,0,0,0,0,0.0,True,002859,2859,635,846,1,JPEG,.jpg,False
002860.jpg,True,640,640,False,1,JPEG,640,640,0,0,0,0,0.0,True,002860,2860,640,640,1,JPEG,.jpg,False
002861.jpg,True,974,764,False,1,JPEG,764,974,0,0,0,0,0.0,True,002861,2861,764,974,1,JPEG,.jpg,False
002862.jpg,True,1152,864,False,1,JPEG,864,1152,0,0,0,0,0.0,True,002862,2862,864,1152,1,JPEG,.jpg,False
002863.jpg,True,640,640,False,1,JPEG,640,640,1,0,0,0,0.00390625,True,002863,2863,640,640,1,JPEG,.jpg,False
002864.jpg,True,2016,1512,False,1,JPEG,1512,2016,0,0,0,0,0.0,True,002864,2864,1512,2016,6,JPEG,.jpg,True
002865.jpg,True,640,640,False,1,JPEG,640,640,0,0,0,0,0.0,True,002865,2865,640,640,1,JPEG,.jpg,False
002866.jpg,True,1927,1445,False,1,JPEG,1445,1927,0,0,0,0,0.0,True,002866,2866,1445,1927,1,JPEG,.jpg,False
002867.jpg,True,640,640,False,1,JPEG,640,640,0,4,0,1,0.015625,True,002867,2867,640,640,1,JPEG,.jpg,False
002868.jpg,True,2048,1536,False,1,JPEG,1536,2048,0,0,0,0,0.0,True,002868,2868,1536,2048,1,JPEG,.jpg,False
002869.jpg,True,640,640,False,1,JPEG,640,640,0,0,4,0,0.015625,True,002869,2869,640,640,1,JPEG,.jpg,False
002870.jpg,True,1164,873,False,1,JPEG,873,1164,0,0,0,0,0.0,True,002870,2870,873,1164,1,JPEG,.jpg,False
002871.jpg,True,640,640,False,1,JPEG,640,640,0,7,6,0,0.02734375,True,002871,2871,640,640,1,JPEG,.jpg,False
002872.jpg,True,1060,795,False,1,JPEG,795,1060,0,0,0,0,0.0,True,002872,2872,795,1060,1,JPEG,.jpg,False
002873.jpg,True,640,640,False,1,JPEG,640,640,2,0,2,0,0.0078125,True,002873,2873,640,640,1,JPEG,.jpg,False
002874.jpg,True,1248,937,False,1,JPEG,937,1248,0,0,0,0,0.0,True,002874,2874,937,1248,1,JPEG,.jpg,False
002875.jpg,True,640,640,False,1,JPEG,640,640,0,0,6,0,0.0234375,True,002875,2875,640,640,1,JPEG,.jpg,False
002876.jpg,True,923,680,False,1,JPEG,680,923,0,0,0,0,0.0,True,002876,2876,680,923,1,JPEG,.jpg,False
002877.jpg,True,640,640,False,1,JPEG,640,640,0,0,0,0,0.0,True,002877,2877,640,640,1,JPEG,.jpg,False
002878.jpg,True,1348,1011,False,1,JPEG,1011,1348,0,0,0,0,0.0,True,002878,2878,1011,1348,1,JPEG,.jpg,False
002879.jpg,True,640,640,False,1,JPEG,640,640,0,1,0,0,0.00390625,True,002879,2879,640,640,1,JPEG,.jpg,False
002880.jpg,True,1112,834,False,1,JPEG,834,1112,0,0,0,0,0.0,True,002880,2880,834,1112,1,JPEG,.jpg,False
002881.jpg,True,640,640,False,1,JPEG,640,640,0,9,0,1,0.03515625,True,002881,2881,640,640,1,JPEG,.jpg,False
002882.jpg,True,988,742,False,1,JPEG,742,988,0,0,0,0,0.0,True,002882,2882,742,988,1,JPEG,.jpg,False
002883.jpg,True,640,640,False,1,JPEG,640,640,0,0,4,0,0.015625,True,002883,2883,640,640,1,JPEG,.jpg,False
002884.jpg,True,1069,802,False,1,JPEG,802,1069,0,0,0,0,0.0,True,002884,2884,802,1069,1,JPEG,.jpg,False
002885.jpg,True,640,640,False,1,JPEG,640,640,6,0,0,1,0.0234375,True,002885,2885,640,640,1,JPEG,.jpg,False
002886.jpg,True,1199,898,False,1,JPEG,898,1199,0,0,0,0,0.0,True,002886,2886,898,1199,1,JPEG,.jpg,False
002887.jpg,True,640,640,False,1,JPEG,640,640,0,0,4,0,0.015625,True,002887,2887,640,640,1,JPEG,.jpg,False
002888.jpg,True,1339,1004,False,1,JPEG,1004,1339,0,0,0,0,0.0,True,002888,2888,1004,1339,1,JPEG,.jpg,False
002889.jpg,True,640,640,False,1,JPEG,640,640,0,3,8,0,0.03125,True,002889,2889,640,640,1,JPEG,.jpg,False
002890.jpg,True,982,737,False,1,JPEG,737,982,0,0,0,0,0.0,True,002890,2890,737,982,1,JPEG,.jpg,False
002891.jpg,True,640,640,False,1,JPEG,640,640,0,0,3,0,0.01171875,True,002891,2891,640,640,1,JPEG,.jpg,False
002892.jpg,True,1221,916,False,1,JPEG,916,1221,0,0,0,0,0.0,True,002892,2892,916,1221,1,JPEG,.jpg,False
002893.jpg,True,640,640,False,1,JPEG,640,640,0,0,0,0,0.0,True,002893,2893,640,640,1,JPEG,.jpg,False
002894.jpg,True,1050,788,False,1,JPEG,788,1050,0,0,0,0,0.0,True,002894,2894,788,1050,1,JPEG,.jpg,False
002895.jpg,True,640,640,False,1,JPEG,640,640,0,0,0,0,0.0,True,002895,2895,640,640,1,JPEG,.jpg,False
002896.jpg,True,1007,1342,False,1,JPEG,1342,1007,0,0,0,0,0.0,True,002896,2896,1342,1007,1,JPEG,.jpg,False
002897.jpg,True,640,640,False,1,JPEG,640,640,0,6,0,0,0.0234375,True,002897,2897,640,640,1,JPEG,.jpg,False
002898.jpg,True,1164,873,False,1,JPEG,873,1164,0,0,0,0,0.0,True,002898,2898,873,1164,1,JPEG,.jpg,False
002899.jpg,True,640,640,False,1,JPEG,640,640,8,0,0,4,0.03125,True,002899,2899,640,640,1,JPEG,.jpg,False
002900.jpg,True,967,740,False,1,JPEG,740,967,0,0,0,0,0.0,True,002900,2900,740,967,1,JPEG,.jpg,False
002901.jpg,True,640,640,False,1,JPEG,640,640,1,0,2,0,0.0078125,True,002901,2901,640,640,1,JPEG,.jpg,False
002902.jpg,True,1031,773,False,1,JPEG,773,1031,0,0,0,0,0.0,True,002902,2902,773,1031,1,JPEG,.jpg,False
002903.jpg,True,640,640,False,1,JPEG,640,640,0,1,1,0,0.00390625,True,002903,2903,640,640,1,JPEG,.jpg,False
002904.jpg,True,2048,1536,False,1,JPEG,1536,2048,0,0,0,0,0.0,True,002904,2904,1536,2048,1,JPEG,.jpg,False
002905.jpg,True,903,678,False,1,JPEG,678,903,0,0,0,0,0.0,True,002905,2905,678,903,1,JPEG,.jpg,False
002906.jpg,True,640,640,False,1,JPEG,640,640,0,8,7,0,0.03125,True,002906,2906,640,640,1,JPEG,.jpg,False
002907.jpg,True,1536,2048,False,1,JPEG,2048,1536,0,0,0,0,0.0,True,002907,2907,2048,1536,1,JPEG,.jpg,True
002908.jpg,True,640,640,False,1,JPEG,640,640,0,0,0,0,0.0,True,002908,2908,640,640,1,JPEG,.jpg,False
002909.jpg,True,1013,760,False,1,JPEG,760,1013,0,0,0,0,0.0,True,002909,2909,760,1013,1,JPEG,.jpg,False
002910.jpg,True,640,640,False,1,JPEG,640,640,0,8,0,0,0.03125,True,002910,2910,640,640,1,JPEG,.jpg,False
002911.jpg,True,2048,1536,False,1,JPEG,1536,2048,0,0,0,0,0.0,True,002911,2911,1536,2048,1,JPEG,.jpg,False
002912.jpg,True,640,640,False,1,JPEG,640,640,2,0,0,0,0.0078125,True,002912,2912,640,640,1,JPEG,.jpg,False
002913.jpg,True,1394,1045,False,1,JPEG,1045,1394,0,0,0,0,0.0,True,002913,2913,1045,1394,1,JPEG,.jpg,False
002914.jpg,True,640,640,False,1,JPEG,640,640,5,0,0,0,0.01953125,True,002914,2914,640,640,1,JPEG,.jpg,False
002915.jpg,True,1174,881,False,1,JPEG,881,1174,0,0,0,0,0.0,True,002915,2915,881,1174,1,JPEG,.jpg,False
002916.jpg,True,640,640,False,1,JPEG,640,640,0,0,0,0,0.0,True,002916,2916,640,640,1,JPEG,.jpg,False
002917.jpg,True,1316,987,False,1,JPEG,987,1316,0,0,0,0,0.0,True,002917,2917,987,1316,1,JPEG,.jpg,False
002918.jpg,True,640,640,False,1,JPEG,640,640,0,3,6,0,0.0234375,True,002918,2918,640,640,1,JPEG,.jpg,False
002919.jpg,True,1132,848,False,1,JPEG,848,1132,0,0,0,0,0.0,True,002919,2919,848,1132,1,JPEG,.jpg,False
002920.jpg,True,640,640,False,1,JPEG,640,640,4,0,0,0,0.015625,True,002920,2920,640,640,1,JPEG,.jpg,False
002921.jpg,True,1345,1009,False,1,JPEG,1009,1345,0,0,0,0,0.0,True,002921,2921,1009,1345,1,JPEG,.jpg,False
002922.jpg,True,640,640,False,1,JPEG,640,640,0,0,1,0,0.00390625,True,002922,2922,640,640,1,JPEG,.jpg,False
002923.jpg,True,1347,1010,False,1,JPEG,1010,1347,0,0,0,0,0.0,True,002923,2923,1010,1347,1,JPEG,.jpg,False
002924.jpg,True,640,640,False,1,JPEG,640,640,0,0,0,0,0.0,True,002924,2924,640,640,1,JPEG,.jpg,False
002925.jpg,True,961,721,False,1,JPEG,721,961,0,0,0,0,0.0,True,002925,2925,721,961,1,JPEG,.jpg,False
002926.jpg,True,640,640,False,1,JPEG,640,640,0,0,0,0,0.0,True,002926,2926,640,640,1,JPEG,.jpg,False
002927.jpg,True,2048,1536,False,1,JPEG,1536,2048,0,0,0,0,0.0,True,002927,2927,1536,2048,1,JPEG,.jpg,False
002928.jpg,True,640,640,False,1,JPEG,640,640,0,6,0,0,0.0234375,True,002928,2928,640,640,1,JPEG,.jpg,False
002929.jpg,True,1318,989,False,1,JPEG,989,1318,0,0,0,0,0.0,True,002929,2929,989,1318,1,JPEG,.jpg,False
002930.jpg,True,640,640,False,1,JPEG,640,640,0,0,0,0,0.0,True,002930,2930,640,640,1,JPEG,.jpg,False
002931.jpg,True,977,732,False,1,JPEG,732,977,0,0,0,0,0.0,True,002931,2931,732,977,1,JPEG,.jpg,False
002932.jpg,True,1409,1057,False,1,JPEG,1057,1409,0,0,0,0,0.0,True,002932,2932,1057,1409,1,JPEG,.jpg,False
002933.jpg,True,640,640,False,1,JPEG,640,640,0,4,2,0,0.015625,True,002933,2933,640,640,1,JPEG,.jpg,False
002934.jpg,True,863,686,False,1,JPEG,686,863,0,0,0,0,0.0,True,002934,2934,686,863,1,JPEG,.jpg,False
002935.jpg,True,640,640,False,1,JPEG,640,640,0,1,0,0,0.00390625,True,002935,2935,640,640,1,JPEG,.jpg,False
002936.jpg,True,1100,825,False,1,JPEG,825,1100,0,0,0,0,0.0,True,002936,2936,825,1100,1,JPEG,.jpg,False
002937.jpg,True,640,640,False,1,JPEG,640,640,0,0,0,0,0.0,True,002937,2937,640,640,1,JPEG,.jpg,False
002938.jpg,True,1166,874,False,1,JPEG,874,1166,0,0,0,0,0.0,True,002938,2938,874,1166,1,JPEG,.jpg,False
002939.jpg,True,1181,886,False,1,JPEG,886,1181,0,0,0,0,0.0,True,002939,2939,886,1181,1,JPEG,.jpg,False
002940.jpg,True,640,640,False,1,JPEG,640,640,0,1,0,6,0.0234375,True,002940,2940,640,640,1,JPEG,.jpg,False
002941.jpg,True,828,1126,False,1,JPEG,1126,828,0,0,0,0,0.0,True,002941,2941,1126,828,1,JPEG,.jpg,False
002942.jpg,True,640,640,False,1,JPEG,640,640,0,0,0,0,0.0,True,002942,2942,640,640,1,JPEG,.jpg,False
002943.jpg,True,850,547,False,1,JPEG,547,850,0,0,0,0,0.0,True,002943,2943,547,850,1,JPEG,.jpg,False
002944.jpg,True,640,640,False,1,JPEG,640,640,1,0,0,1,0.00390625,True,002944,2944,640,640,1,JPEG,.jpg,False
002945.jpg,True,1247,935,False,1,JPEG,935,1247,0,0,0,0,0.0,True,002945,2945,935,1247,1,JPEG,.jpg,False
002946.jpg,True,1536,2048,False,1,JPEG,2048,1536,0,0,0,0,0.0,True,002946,2946,2048,1536,1,JPEG,.jpg,True
002947.jpg,True,640,640,False,1,JPEG,640,640,0,0,8,0,0.03125,True,002947,2947,640,640,1,JPEG,.jpg,False
002948.jpg,True,1008,756,False,1,JPEG,756,1008,0,0,0,0,0.0,True,002948,2948,756,1008,1,JPEG,.jpg,False
002949.jpg,True,640,640,False,1,JPEG,640,640,0,0,0,0,0.0,True,002949,2949,640,640,1,JPEG,.jpg,False
002950.jpg,True,895,1193,False,1,JPEG,1193,895,0,0,0,0,0.0,True,002950,2950,1193,895,1,JPEG,.jpg,False
002951.jpg,True,640,640,False,1,JPEG,640,640,4,0,0,0,0.015625,True,002951,2951,640,640,1,JPEG,.jpg,False
002952.jpg,True,1370,1027,False,1,JPEG,1027,1370,0,0,0,0,0.0,True,002952,2952,1027,1370,1,JPEG,.jpg,False
002953.jpg,True,1201,901,False,1,JPEG,901,1201,0,0,0,0,0.0,True,002953,2953,901,1201,1,JPEG,.jpg,False
002954.jpg,True,1086,924,False,1,JPEG,924,1086,0,0,0,0,0.0,True,002954,2954,924,1086,1,JPEG,.jpg,False
002955.jpg,True,1932,1449,False,1,JPEG,1449,1932,0,0,0,0,0.0,True,002955,2955,1449,1932,1,JPEG,.jpg,True
002956.jpg,True,1084,813,False,1,JPEG,813,1084,0,0,0,0,0.0,True,002956,2956,813,1084,1,JPEG,.jpg,False
002957.jpg,True,640,640,False,1,JPEG,640,640,0,0,0,0,0.0,True,002957,2957,640,640,1,JPEG,.jpg,False
002958.jpg,True,1011,758,False,1,JPEG,758,1011,0,0,0,0,0.0,True,002958,2958,758,1011,1,JPEG,.jpg,False
002959.jpg,True,640,640,False,1,JPEG,640,640,3,0,0,0,0.01171875,True,002959,2959,640,640,1,JPEG,.jpg,False
002960.jpg,True,1107,829,False,1,JPEG,829,1107,0,0,0,0,0.0,True,002960,2960,829,1107,1,JPEG,.jpg,False
002961.jpg,True,1048,786,False,1,JPEG,786,1048,0,0,0,0,0.0,True,002961,2961,786,1048,1,JPEG,.jpg,False
002962.jpg,True,1021,766,False,1,JPEG,766,1021,0,0,0,0,0.0,True,002962,2962,766,1021,1,JPEG,.jpg,False
002963.jpg,True,1033,775,False,1,JPEG,775,1033,0,0,0,0,0.0,True,002963,2963,775,1033,1,JPEG,.jpg,False
002964.jpg,True,1087,815,False,1,JPEG,815,1087,0,0,0,0,0.0,True,002964,2964,815,1087,1,JPEG,.jpg,False
002965.jpg,True,640,640,False,1,JPEG,640,640,0,0,0,0,0.0,True,002965,2965,640,640,1,JPEG,.jpg,False
002966.jpg,True,1246,934,False,1,JPEG,934,1246,0,0,0,0,0.0,True,002966,2966,934,1246,1,JPEG,.jpg,False
002967.jpg,True,640,640,False,1,JPEG,640,640,0,0,0,0,0.0,True,002967,2967,640,640,1,JPEG,.jpg,False
002968.jpg,True,1278,959,False,1,JPEG,959,1278,0,0,0,0,0.0,True,002968,2968,959,1278,1,JPEG,.jpg,False
002969.jpg,True,1271,953,False,1,JPEG,953,1271,0,0,0,0,0.0,True,002969,2969,953,1271,1,JPEG,.jpg,False
002970.jpg,True,2048,1536,False,1,JPEG,1536,2048,0,0,0,0,0.0,True,002970,2970,1536,2048,1,JPEG,.jpg,True
002971.jpg,True,640,640,False,1,JPEG,640,640,0,0,0,0,0.0,True,002971,2971,640,640,1,JPEG,.jpg,False
002972.jpg,True,1378,1033,False,1,JPEG,1033,1378,0,0,0,0,0.0,True,002972,2972,1033,1378,1,JPEG,.jpg,False
002973.jpg,True,640,640,False,1,JPEG,640,640,0,0,1,0,0.00390625,True,002973,2973,640,640,1,JPEG,.jpg,False
002974.jpg,True,1046,784,False,1,JPEG,784,1046,0,0,0,0,0.0,True,002974,2974,784,1046,1,JPEG,.jpg,False
002975.jpg,True,640,640,False,1,JPEG,640,640,0,8,6,0,0.03125,True,002975,2975,640,640,1,JPEG,.jpg,False
002976.jpg,True,1233,925,False,1,JPEG,925,1233,0,0,0,0,0.0,True,002976,2976,925,1233,1,JPEG,.jpg,False
002977.jpg,True,640,640,False,1,JPEG,640,640,0,5,0,5,0.01953125,True,002977,2977,640,640,1,JPEG,.jpg,False
002978.jpg,True,925,753,False,1,JPEG,753,925,0,0,0,0,0.0,True,002978,2978,753,925,1,JPEG,.jpg,False
002979.jpg,True,640,640,False,1,JPEG,640,640,0,0,0,0,0.0,True,002979,2979,640,640,1,JPEG,.jpg,False
002980.jpg,True,2048,1536,False,1,JPEG,1536,2048,0,0,0,0,0.0,True,002980,2980,1536,2048,1,JPEG,.jpg,False
002981.jpg,True,640,640,False,1,JPEG,640,640,0,0,0,5,0.01953125,True,002981,2981,640,640,1,JPEG,.jpg,False
002982.jpg,True,952,714,False,1,JPEG,714,952,0,0,0,0,0.0,True,002982,2982,714,952,1,JPEG,.jpg,False
002983.jpg,True,640,640,False,1,JPEG,640,640,0,2,1,0,0.0078125,True,002983,2983,640,640,1,JPEG,.jpg,False
002984.jpg,True,1141,856,False,1,JPEG,856,1141,0,0,0,0,0.0,True,002984,2984,856,1141,1,JPEG,.jpg,False
002985.jpg,True,640,640,False,1,JPEG,640,640,0,0,0,0,0.0,True,002985,2985,640,640,1,JPEG,.jpg,False
002986.jpg,True,1013,760,False,1,JPEG,760,1013,0,0,0,0,0.0,True,002986,2986,760,1013,1,JPEG,.jpg,False
002987.jpg,True,640,640,False,1,JPEG,640,640,0,0,0,6,0.0234375,True,002987,2987,640,640,1,JPEG,.jpg,False
002988.jpg,True,1071,804,False,1,JPEG,804,1071,0,0,0,0,0.0,True,002988,2988,804,1071,1,JPEG,.jpg,False
002989.jpg,True,640,640,False,1,JPEG,640,640,1,0,0,0,0.00390625,True,002989,2989,640,640,1,JPEG,.jpg,False
002990.jpg,True,1152,845,False,1,JPEG,845,1152,0,0,0,0,0.0,True,002990,2990,845,1152,1,JPEG,.jpg,False
002991.jpg,True,640,640,False,1,JPEG,640,640,0,2,1,0,0.0078125,True,002991,2991,640,640,1,JPEG,.jpg,False
002992.jpg,True,1335,1001,False,1,JPEG,1001,1335,0,0,0,0,0.0,True,002992,2992,1001,1335,1,JPEG,.jpg,False
002993.jpg,True,944,708,False,1,JPEG,708,944,0,0,0,0,0.0,True,002993,2993,708,944,1,JPEG,.jpg,False
002994.jpg,True,1378,1033,False,1,JPEG,1033,1378,0,0,0,0,0.0,True,002994,2994,1033,1378,1,JPEG,.jpg,False
002995.jpg,True,640,640,False,1,JPEG,640,640,0,15,1,0,0.05859375,True,002995,2995,640,640,1,JPEG,.jpg,False
002996.jpg,True,1249,937,False,1,JPEG,937,1249,0,0,0,0,0.0,True,002996,2996,937,1249,1,JPEG,.jpg,False
002997.jpg,True,640,640,False,1,JPEG,640,640,0,2,0,4,0.015625,True,002997,2997,640,640,1,JPEG,.jpg,False
002998.jpg,True,1283,963,False,1,JPEG,963,1283,0,0,0,0,0.0,True,002998,2998,963,1283,1,JPEG,.jpg,False
002999.jpg,True,640,640,False,1,JPEG,640,640,2,0,0,2,0.0078125,True,002999,2999,640,640,1,JPEG,.jpg,False
003000.jpg,True,1157,865,False,1,JPEG,865,1157,0,0,0,0,0.0,True,003000,3000,865,1157,1,JPEG,.jpg,False
003001.jpg,True,1177,883,False,1,JPEG,883,1177,0,0,0,0,0.0,True,003001,3001,883,1177,1,JPEG,.jpg,False
003002.jpg,True,1385,1038,False,1,JPEG,1038,1385,0,0,0,0,0.0,True,003002,3002,1038,1385,1,JPEG,.jpg,False
003003.jpg,True,1055,792,False,1,JPEG,792,1055,0,0,0,0,0.0,True,003003,3003,792,1055,1,JPEG,.jpg,False
003004.jpg,True,1284,963,False,1,JPEG,963,1284,0,0,0,0,0.0,True,003004,3004,963,1284,1,JPEG,.jpg,False
003005.jpg,True,640,640,False,1,JPEG,640,640,0,0,0,4,0.015625,True,003005,3005,640,640,1,JPEG,.jpg,False
003006.jpg,True,1162,871,False,1,JPEG,871,1162,0,0,0,0,0.0,True,003006,3006,871,1162,1,JPEG,.jpg,False
003007.jpg,True,1205,904,False,1,JPEG,904,1205,0,0,0,0,0.0,True,003007,3007,904,1205,1,JPEG,.jpg,False
003008.jpg,True,787,1073,False,1,JPEG,1073,787,0,0,0,0,0.0,True,003008,3008,1073,787,1,JPEG,.jpg,False
003009.jpg,True,640,640,False,1,JPEG,640,640,6,0,1,0,0.0234375,True,003009,3009,640,640,1,JPEG,.jpg,False
003010.jpg,True,948,1265,False,1,JPEG,1265,948,0,0,0,0,0.0,True,003010,3010,1265,948,1,JPEG,.jpg,False
003011.jpg,True,640,640,False,1,JPEG,640,640,0,0,0,20,0.078125,True,003011,3011,640,640,1,JPEG,.jpg,False
003012.jpg,True,2048,1535,False,1,JPEG,1535,2048,0,0,0,0,0.0,True,003012,3012,1535,2048,1,JPEG,.jpg,True
003013.jpg,True,640,640,False,1,JPEG,640,640,0,0,2,0,0.0078125,True,003013,3013,640,640,1,JPEG,.jpg,False
003014.jpg,True,640,640,False,1,JPEG,640,640,0,1,0,0,0.00390625,True,003014,3014,640,640,1,JPEG,.jpg,False
003015.jpg,True,1125,843,False,1,JPEG,843,1125,0,0,0,0,0.0,True,003015,3015,843,1125,1,JPEG,.jpg,False
003016.jpg,True,640,640,False,1,JPEG,640,640,0,8,7,0,0.03125,True,003016,3016,640,640,1,JPEG,.jpg,False
003017.jpg,True,1033,775,False,1,JPEG,775,1033,0,0,0,0,0.0,True,003017,3017,775,1033,1,JPEG,.jpg,False
003018.jpg,True,996,773,False,1,JPEG,773,996,0,0,0,0,0.0,True,003018,3018,773,996,1,JPEG,.jpg,False
003019.jpg,True,640,640,False,1,JPEG,640,640,0,6,0,1,0.0234375,True,003019,3019,640,640,1,JPEG,.jpg,False
003020.jpg,True,966,678,False,1,JPEG,678,966,0,0,0,0,0.0,True,003020,3020,678,966,1,JPEG,.jpg,False
003021.jpg,True,640,640,False,1,JPEG,640,640,2,0,1,0,0.0078125,True,003021,3021,640,640,1,JPEG,.jpg,False
003022.jpg,True,1178,884,False,1,JPEG,884,1178,0,0,0,0,0.0,True,003022,3022,884,1178,1,JPEG,.jpg,False
003023.jpg,True,640,640,False,1,JPEG,640,640,0,0,0,0,0.0,True,003023,3023,640,640,1,JPEG,.jpg,False
003024.jpg,True,1195,890,False,1,JPEG,890,1195,0,0,0,0,0.0,True,003024,3024,890,1195,1,JPEG,.jpg,False
003025.jpg,True,640,640,False,1,JPEG,640,640,1,0,0,1,0.00390625,True,003025,3025,640,640,1,JPEG,.jpg,False
003026.jpg,True,1136,852,False,1,JPEG,852,1136,0,0,0,0,0.0,True,003026,3026,852,1136,1,JPEG,.jpg,False
003027.jpg,True,600,908,False,1,JPEG,908,600,0,0,0,0,0.0,True,003027,3027,908,600,1,JPEG,.jpg,False
003028.jpg,True,640,640,False,1,JPEG,640,640,0,6,0,3,0.0234375,True,003028,3028,640,640,1,JPEG,.jpg,False
003029.jpg,True,847,1130,False,1,JPEG,1130,847,0,0,0,0,0.0,True,003029,3029,1130,847,1,JPEG,.jpg,False
003030.jpg,True,640,640,False,1,JPEG,640,640,0,1,3,0,0.01171875,True,003030,3030,640,640,1,JPEG,.jpg,False
003031.jpg,True,803,1071,False,1,JPEG,1071,803,0,0,0,0,0.0,True,003031,3031,1071,803,1,JPEG,.jpg,False
003032.jpg,True,909,1212,False,1,JPEG,1212,909,0,0,0,0,0.0,True,003032,3032,1212,909,1,JPEG,.jpg,False
003033.jpg,True,693,924,False,1,JPEG,924,693,0,0,0,0,0.0,True,003033,3033,924,693,1,JPEG,.jpg,False
003034.jpg,True,640,640,False,1,JPEG,640,640,0,0,0,4,0.015625,True,003034,3034,640,640,1,JPEG,.jpg,False
003035.jpg,True,888,1327,False,1,JPEG,1327,888,0,0,0,0,0.0,True,003035,3035,1327,888,1,JPEG,.jpg,False
003036.jpg,True,640,640,False,1,JPEG,640,640,0,0,0,0,0.0,True,003036,3036,640,640,1,JPEG,.jpg,False
003037.jpg,True,849,1132,False,1,JPEG,1132,849,0,0,0,0,0.0,True,003037,3037,1132,849,1,JPEG,.jpg,False
003038.jpg,True,640,640,False,1,JPEG,640,640,0,0,5,0,0.01953125,True,003038,3038,640,640,1,JPEG,.jpg,False
003039.jpg,True,825,1100,False,1,JPEG,1100,825,0,0,0,0,0.0,True,003039,3039,1100,825,1,JPEG,.jpg,False
003040.jpg,True,640,640,False,1,JPEG,640,640,0,0,0,1,0.00390625,True,003040,3040,640,640,1,JPEG,.jpg,False
003041.jpg,True,1015,762,False,1,JPEG,762,1015,0,0,0,0,0.0,True,003041,3041,762,1015,1,JPEG,.jpg,False
003042.jpg,True,640,640,False,1,JPEG,640,640,0,0,0,0,0.0,True,003042,3042,640,640,1,JPEG,.jpg,False
003043.jpg,True,793,1057,False,1,JPEG,1057,793,0,0,0,0,0.0,True,003043,3043,1057,793,1,JPEG,.jpg,False
003044.jpg,True,1247,936,False,1,JPEG,936,1247,0,0,0,0,0.0,True,003044,3044,936,1247,1,JPEG,.jpg,False
003045.jpg,True,640,640,False,1,JPEG,640,640,0,0,0,0,0.0,True,003045,3045,640,640,1,JPEG,.jpg,False
003046.jpg,True,1348,1011,False,1,JPEG,1011,1348,0,0,0,0,0.0,True,003046,3046,1011,1348,1,JPEG,.jpg,False
003047.jpg,True,1165,874,False,1,JPEG,874,1165,0,0,0,0,0.0,True,003047,3047,874,1165,1,JPEG,.jpg,False
003048.jpg,True,640,640,False,1,JPEG,640,640,0,0,0,1,0.00390625,True,003048,3048,640,640,1,JPEG,.jpg,False
003049.jpg,True,937,1222,False,1,JPEG,1222,937,0,0,0,0,0.0,True,003049,3049,1222,937,1,JPEG,.jpg,False
003050.jpg,True,640,640,False,1,JPEG,640,640,0,4,7,0,0.02734375,True,003050,3050,640,640,1,JPEG,.jpg,False
003051.jpg,True,1356,1017,False,1,JPEG,1017,1356,0,0,0,0,0.0,True,003051,3051,1017,1356,1,JPEG,.jpg,False
003052.jpg,True,640,640,False,1,JPEG,640,640,4,0,0,3,0.015625,True,003052,3052,640,640,1,JPEG,.jpg,False
003053.jpg,True,1001,1335,False,1,JPEG,1335,1001,0,0,0,0,0.0,True,003053,3053,1335,1001,1,JPEG,.jpg,False
003054.jpg,True,640,640,False,1,JPEG,640,640,0,6,0,0,0.0234375,True,003054,3054,640,640,1,JPEG,.jpg,False
003055.jpg,True,1158,878,False,1,JPEG,878,1158,0,0,0,0,0.0,True,003055,3055,878,1158,1,JPEG,.jpg,False
003056.jpg,True,640,640,False,1,JPEG,640,640,2,0,0,2,0.0078125,True,003056,3056,640,640,1,JPEG,.jpg,False
003057.jpg,True,1022,766,False,1,JPEG,766,1022,0,0,0,0,0.0,True,003057,3057,766,1022,1,JPEG,.jpg,False
003058.jpg,True,640,640,False,1,JPEG,640,640,1,0,0,0,0.00390625,True,003058,3058,640,640,1,JPEG,.jpg,False
003059.jpg,True,1189,891,False,1,JPEG,891,1189,0,0,0,0,0.0,True,003059,3059,891,1189,1,JPEG,.jpg,False
003060.jpg,True,640,640,False,1,JPEG,640,640,0,0,0,0,0.0,True,003060,3060,640,640,1,JPEG,.jpg,False
003061.jpg,True,1559,1169,False,1,JPEG,1169,1559,0,0,0,0,0.0,True,003061,3061,1169,1559,1,JPEG,.jpg,False
003062.jpg,True,640,640,False,1,JPEG,640,640,0,4,1,0,0.015625,True,003062,3062,640,640,1,JPEG,.jpg,False
003063.jpg,True,865,1106,False,1,JPEG,1106,865,0,0,0,0,0.0,True,003063,3063,1106,865,1,JPEG,.jpg,False
003064.jpg,True,640,640,False,1,JPEG,640,640,7,0,0,0,0.02734375,True,003064,3064,640,640,1,JPEG,.jpg,False
003065.jpg,True,1398,1049,False,1,JPEG,1049,1398,0,0,0,0,0.0,True,003065,3065,1049,1398,1,JPEG,.jpg,False
003066.jpg,True,640,640,False,1,JPEG,640,640,0,0,1,0,0.00390625,True,003066,3066,640,640,1,JPEG,.jpg,False
003067.jpg,True,792,1084,False,1,JPEG,1084,792,0,0,0,0,0.0,True,003067,3067,1084,792,1,JPEG,.jpg,False
003068.jpg,True,640,640,False,1,JPEG,640,640,0,0,0,0,0.0,True,003068,3068,640,640,1,JPEG,.jpg,False
003069.jpg,True,634,924,False,1,JPEG,924,634,0,0,0,0,0.0,True,003069,3069,924,634,1,JPEG,.jpg,False
003070.jpg,True,640,640,False,1,JPEG,640,640,2,0,0,2,0.0078125,True,003070,3070,640,640,1,JPEG,.jpg,False
003071.jpg,True,1008,756,False,1,JPEG,756,1008,0,0,0,0,0.0,True,003071,3071,756,1008,1,JPEG,.jpg,False
003072.jpg,True,640,640,False,1,JPEG,640,640,0,0,8,0,0.03125,True,003072,3072,640,640,1,JPEG,.jpg,False
003073.jpg,True,1008,756,False,1,JPEG,756,1008,0,0,0,0,0.0,True,003073,3073,756,1008,1,JPEG,.jpg,False
003074.jpg,True,640,640,False,1,JPEG,640,640,0,1,0,2,0.0078125,True,003074,3074,640,640,1,JPEG,.jpg,False
003075.jpg,True,1194,717,False,1,JPEG,717,1194,0,0,0,0,0.0,True,003075,3075,717,1194,1,JPEG,.jpg,False
003076.jpg,True,640,640,False,1,JPEG,640,640,8,0,0,0,0.03125,True,003076,3076,640,640,1,JPEG,.jpg,False
003077.jpg,True,1008,756,False,1,JPEG,756,1008,0,0,0,0,0.0,True,003077,3077,756,1008,1,JPEG,.jpg,False
003078.jpg,True,640,640,False,1,JPEG,640,640,0,4,1,0,0.015625,True,003078,3078,640,640,1,JPEG,.jpg,False
003079.jpg,True,1008,756,False,1,JPEG,756,1008,0,0,0,0,0.0,True,003079,3079,756,1008,1,JPEG,.jpg,False
003080.jpg,True,640,640,False,1,JPEG,640,640,0,0,0,1,0.00390625,True,003080,3080,640,640,1,JPEG,.jpg,False
003081.jpg,True,1008,756,False,1,JPEG,756,1008,0,0,0,0,0.0,True,003081,3081,756,1008,1,JPEG,.jpg,False
003082.jpg,True,640,640,False,1,JPEG,640,640,0,0,0,0,0.0,True,003082,3082,640,640,1,JPEG,.jpg,False
003083.jpg,True,1008,756,False,1,JPEG,756,1008,0,0,0,0,0.0,True,003083,3083,756,1008,1,JPEG,.jpg,False
003084.jpg,True,640,640,False,1,JPEG,640,640,7,0,0,5,0.02734375,True,003084,3084,640,640,1,JPEG,.jpg,False
003085.jpg,True,919,688,False,1,JPEG,688,919,0,0,0,0,0.0,True,003085,3085,688,919,1,JPEG,.jpg,False
003086.jpg,True,640,640,False,1,JPEG,640,640,0,0,0,4,0.015625,True,003086,3086,640,640,1,JPEG,.jpg,False
003087.jpg,True,756,1008,False,1,JPEG,1008,756,0,0,0,0,0.0,True,003087,3087,1008,756,1,JPEG,.jpg,False
003088.jpg,True,640,640,False,1,JPEG,640,640,0,6,6,0,0.0234375,True,003088,3088,640,640,1,JPEG,.jpg,False
003089.jpg,True,475,787,False,1,JPEG,787,475,0,0,0,0,0.0,True,003089,3089,787,475,1,JPEG,.jpg,False
003090.jpg,True,640,640,False,1,JPEG,640,640,0,0,3,0,0.01171875,True,003090,3090,640,640,1,JPEG,.jpg,False
003091.jpg,True,1008,756,False,1,JPEG,756,1008,0,0,0,0,0.0,True,003091,3091,756,1008,1,JPEG,.jpg,False
003092.jpg,True,640,640,False,1,JPEG,640,640,3,0,0,2,0.01171875,True,003092,3092,640,640,1,JPEG,.jpg,False
003093.jpg,True,805,602,False,1,JPEG,602,805,0,0,0,0,0.0,True,003093,3093,602,805,1,JPEG,.jpg,False
003094.jpg,True,640,640,False,1,JPEG,640,640,1,0,0,0,0.00390625,True,003094,3094,640,640,1,JPEG,.jpg,False
003095.jpg,True,885,664,False,1,JPEG,664,885,0,0,0,0,0.0,True,003095,3095,664,885,1,JPEG,.jpg,False
003096.jpg,True,640,640,False,1,JPEG,640,640,0,1,0,0,0.00390625,True,003096,3096,640,640,1,JPEG,.jpg,False
003097.jpg,True,952,713,False,1,JPEG,713,952,0,0,0,0,0.0,True,003097,3097,713,952,1,JPEG,.jpg,False
003098.jpg,True,640,640,False,1,JPEG,640,640,2,0,0,0,0.0078125,True,003098,3098,640,640,1,JPEG,.jpg,False
003099.jpg,True,640,640,False,1,JPEG,640,640,0,0,0,0,0.0,True,003099,3099,640,640,1,JPEG,.jpg,False
003100.jpg,True,907,685,False,1,JPEG,685,907,0,0,0,0,0.0,True,003100,3100,685,907,1,JPEG,.jpg,False
003101.jpg,True,640,640,False,1,JPEG,640,640,0,0,0,0,0.0,True,003101,3101,640,640,1,JPEG,.jpg,False
003102.jpg,True,765,574,False,1,JPEG,574,765,0,0,0,0,0.0,True,003102,3102,574,765,1,JPEG,.jpg,False
003103.jpg,True,640,640,False,1,JPEG,640,640,1,0,0,0,0.00390625,True,003103,3103,640,640,1,JPEG,.jpg,False
003104.jpg,True,841,631,False,1,JPEG,631,841,0,0,0,0,0.0,True,003104,3104,631,841,1,JPEG,.jpg,False
003105.jpg,True,640,640,False,1,JPEG,640,640,0,2,0,2,0.0078125,True,003105,3105,640,640,1,JPEG,.jpg,False
003106.jpg,True,838,604,False,1,JPEG,604,838,0,0,0,0,0.0,True,003106,3106,604,838,1,JPEG,.jpg,False
003107.jpg,True,640,640,False,1,JPEG,640,640,0,0,0,0,0.0,True,003107,3107,640,640,1,JPEG,.jpg,False
003108.jpg,True,876,657,False,1,JPEG,657,876,0,0,0,0,0.0,True,003108,3108,657,876,1,JPEG,.jpg,False
003109.jpg,True,640,640,False,1,JPEG,640,640,0,1,0,0,0.00390625,True,003109,3109,640,640,1,JPEG,.jpg,False
003110.jpg,True,2016,1512,False,1,JPEG,1512,2016,0,0,0,0,0.0,True,003110,3110,1512,2016,1,JPEG,.jpg,False
003111.jpg,True,640,640,False,1,JPEG,640,640,0,11,0,7,0.04296875,True,003111,3111,640,640,1,JPEG,.jpg,False
003112.jpg,True,1008,756,False,1,JPEG,756,1008,0,0,0,0,0.0,True,003112,3112,756,1008,1,JPEG,.jpg,False
003113.jpg,True,640,640,False,1,JPEG,640,640,0,4,0,0,0.015625,True,003113,3113,640,640,1,JPEG,.jpg,False
003114.jpg,True,2016,1512,False,1,JPEG,1512,2016,0,0,0,0,0.0,True,003114,3114,1512,2016,1,JPEG,.jpg,False
003115.jpg,True,640,640,False,1,JPEG,640,640,7,0,0,0,0.02734375,True,003115,3115,640,640,1,JPEG,.jpg,False
003116.jpg,True,766,574,False,1,JPEG,574,766,0,0,0,0,0.0,True,003116,3116,574,766,1,JPEG,.jpg,False
003117.jpg,True,640,640,False,1,JPEG,640,640,0,8,2,0,0.03125,True,003117,3117,640,640,1,JPEG,.jpg,False
003118.jpg,True,1512,2016,False,1,JPEG,2016,1512,0,0,0,0,0.0,True,003118,3118,2016,1512,1,JPEG,.jpg,False
003119.jpg,True,640,640,False,1,JPEG,640,640,0,3,0,0,0.01171875,True,003119,3119,640,640,1,JPEG,.jpg,False
003120.jpg,True,893,742,False,1,JPEG,742,893,0,0,0,0,0.0,True,003120,3120,742,893,1,JPEG,.jpg,False
003121.jpg,True,640,640,False,1,JPEG,640,640,0,0,0,0,0.0,True,003121,3121,640,640,1,JPEG,.jpg,False
003122.jpg,True,2048,1536,False,1,JPEG,1536,2048,0,0,0,0,0.0,True,003122,3122,1536,2048,1,JPEG,.jpg,True
003123.jpg,True,640,640,False,1,JPEG,640,640,6,0,0,0,0.0234375,True,003123,3123,640,640,1,JPEG,.jpg,False
003124.jpg,True,1008,756,False,1,JPEG,756,1008,0,0,0,0,0.0,True,003124,3124,756,1008,1,JPEG,.jpg,False
003125.jpg,True,640,640,False,1,JPEG,640,640,0,0,4,0,0.015625,True,003125,3125,640,640,1,JPEG,.jpg,False
003126.jpg,True,1008,756,False,1,JPEG,756,1008,0,0,0,0,0.0,True,003126,3126,756,1008,1,JPEG,.jpg,False
003127.jpg,True,640,640,False,1,JPEG,640,640,0,1,0,7,0.02734375,True,003127,3127,640,640,1,JPEG,.jpg,False
003128.jpg,True,1008,756,False,1,JPEG,756,1008,0,0,0,0,0.0,True,003128,3128,756,1008,1,JPEG,.jpg,False
003129.jpg,True,640,640,False,1,JPEG,640,640,0,1,0,0,0.00390625,True,003129,3129,640,640,1,JPEG,.jpg,False
003130.jpg,True,1028,586,False,1,JPEG,586,1028,0,0,0,0,0.0,True,003130,3130,586,1028,1,JPEG,.jpg,False
003131.jpg,True,640,640,False,1,JPEG,640,640,0,12,4,0,0.046875,True,003131,3131,640,640,1,JPEG,.jpg,False
003132.jpg,True,1008,756,False,1,JPEG,756,1008,0,0,0,0,0.0,True,003132,3132,756,1008,1,JPEG,.jpg,False
003133.jpg,True,640,640,False,1,JPEG,640,640,4,0,0,5,0.01953125,True,003133,3133,640,640,1,JPEG,.jpg,False
003134.jpg,True,902,678,False,1,JPEG,678,902,0,0,0,0,0.0,True,003134,3134,678,902,1,JPEG,.jpg,False
003135.jpg,True,640,640,False,1,JPEG,640,640,7,0,1,0,0.02734375,True,003135,3135,640,640,1,JPEG,.jpg,False
003136.jpg,True,860,602,False,1,JPEG,602,860,0,0,0,0,0.0,True,003136,3136,602,860,1,JPEG,.jpg,False
003137.jpg,True,640,640,False,1,JPEG,640,640,2,0,1,0,0.0078125,True,003137,3137,640,640,1,JPEG,.jpg,False
003138.jpg,True,1008,756,False,1,JPEG,756,1008,0,0,0,0,0.0,True,003138,3138,756,1008,1,JPEG,.jpg,False
003139.jpg,True,640,640,False,1,JPEG,640,640,0,0,8,0,0.03125,True,003139,3139,640,640,1,JPEG,.jpg,False
003140.jpg,True,1062,796,False,1,JPEG,796,1062,0,0,0,0,0.0,True,003140,3140,796,1062,1,JPEG,.jpg,False
003141.jpg,True,640,640,False,1,JPEG,640,640,0,0,1,0,0.00390625,True,003141,3141,640,640,1,JPEG,.jpg,False
003142.jpg,True,1187,891,False,1,JPEG,891,1187,0,0,0,0,0.0,True,003142,3142,891,1187,1,JPEG,.jpg,False
003143.jpg,True,640,640,False,1,JPEG,640,640,0,0,0,6,0.0234375,True,003143,3143,640,640,1,JPEG,.jpg,False
003144.jpg,True,1289,967,False,1,JPEG,967,1289,0,0,0,0,0.0,True,003144,3144,967,1289,1,JPEG,.jpg,False
003145.jpg,True,640,640,False,1,JPEG,640,640,0,0,3,0,0.01171875,True,003145,3145,640,640,1,JPEG,.jpg,False
003146.jpg,True,1399,1049,False,1,JPEG,1049,1399,0,0,0,0,0.0,True,003146,3146,1049,1399,1,JPEG,.jpg,False
003147.jpg,True,640,640,False,1,JPEG,640,640,0,0,0,0,0.0,True,003147,3147,640,640,1,JPEG,.jpg,False
003148.jpg,True,1088,816,False,1,JPEG,816,1088,0,0,0,0,0.0,True,003148,3148,816,1088,1,JPEG,.jpg,False
003149.jpg,True,640,640,False,1,JPEG,640,640,0,1,0,7,0.02734375,True,003149,3149,640,640,1,JPEG,.jpg,False
003150.jpg,True,1246,935,False,1,JPEG,935,1246,0,0,0,0,0.0,True,003150,3150,935,1246,1,JPEG,.jpg,False
003151.jpg,True,640,640,False,1,JPEG,640,640,0,0,1,0,0.00390625,True,003151,3151,640,640,1,JPEG,.jpg,False
003152.jpg,True,1157,867,False,1,JPEG,867,1157,0,0,0,0,0.0,True,003152,3152,867,1157,1,JPEG,.jpg,False
003153.jpg,True,640,640,False,1,JPEG,640,640,0,6,2,0,0.0234375,True,003153,3153,640,640,1,JPEG,.jpg,False
003154.jpg,True,1173,880,False,1,JPEG,880,1173,0,0,0,0,0.0,True,003154,3154,880,1173,1,JPEG,.jpg,False
003155.jpg,True,640,640,False,1,JPEG,640,640,1,0,6,0,0.0234375,True,003155,3155,640,640,1,JPEG,.jpg,False
003156.jpg,True,1008,756,False,1,JPEG,756,1008,0,0,0,0,0.0,True,003156,3156,756,1008,1,JPEG,.jpg,False
003157.jpg,True,640,640,False,1,JPEG,640,640,0,0,4,0,0.015625,True,003157,3157,640,640,1,JPEG,.jpg,False
003158.jpg,True,1031,773,False,1,JPEG,773,1031,0,0,0,0,0.0,True,003158,3158,773,1031,1,JPEG,.jpg,False
003159.jpg,True,1177,884,False,1,JPEG,884,1177,0,0,0,0,0.0,True,003159,3159,884,1177,1,JPEG,.jpg,False
003160.jpg,True,1411,1058,False,1,JPEG,1058,1411,0,0,0,0,0.0,True,003160,3160,1058,1411,1,JPEG,.jpg,False
003161.jpg,True,2048,1535,False,1,JPEG,1535,2048,0,0,0,0,0.0,True,003161,3161,1535,2048,1,JPEG,.jpg,False
003162.jpg,True,2048,1536,False,1,JPEG,1536,2048,0,0,0,0,0.0,True,003162,3162,1536,2048,1,JPEG,.jpg,False
003163.jpg,True,886,1181,False,1,JPEG,1181,886,0,0,0,0,0.0,True,003163,3163,1181,886,1,JPEG,.jpg,False
003164.jpg,True,1020,1360,False,1,JPEG,1360,1020,0,0,0,0,0.0,True,003164,3164,1360,1020,1,JPEG,.jpg,False
003165.jpg,True,2048,1536,False,1,JPEG,1536,2048,0,0,0,0,0.0,True,003165,3165,1536,2048,1,JPEG,.jpg,False
003166.jpg,True,1010,774,False,1,JPEG,774,1010,0,0,0,0,0.0,True,003166,3166,774,1010,1,JPEG,.jpg,False
003167.jpg,True,1340,1005,False,1,JPEG,1005,1340,0,0,0,0,0.0,True,003167,3167,1005,1340,1,JPEG,.jpg,False
003168.jpg,True,1288,966,False,1,JPEG,966,1288,0,0,0,0,0.0,True,003168,3168,966,1288,1,JPEG,.jpg,False
003169.jpg,True,784,1045,False,1,JPEG,1045,784,0,0,0,0,0.0,True,003169,3169,1045,784,1,JPEG,.jpg,False
003170.jpg,True,974,1298,False,1,JPEG,1298,974,0,0,0,0,0.0,True,003170,3170,1298,974,1,JPEG,.jpg,False
003171.jpg,True,2008,1506,False,1,JPEG,1506,2008,0,0,0,0,0.0,True,003171,3171,1506,2008,1,JPEG,.jpg,False
003172.jpg,True,1025,768,False,1,JPEG,768,1025,0,0,0,0,0.0,True,003172,3172,768,1025,1,JPEG,.jpg,False
003173.jpg,True,2048,1536,False,1,JPEG,1536,2048,0,0,0,0,0.0,True,003173,3173,1536,2048,1,JPEG,.jpg,False
003174.jpg,True,2048,1535,False,1,JPEG,1535,2048,0,0,0,0,0.0,True,003174,3174,1535,2048,1,JPEG,.jpg,False
003175.jpg,True,897,1197,False,1,JPEG,1197,897,0,0,0,0,0.0,True,003175,3175,1197,897,1,JPEG,.jpg,False
003176.jpg,True,1068,801,False,1,JPEG,801,1068,0,0,0,0,0.0,True,003176,3176,801,1068,1,JPEG,.jpg,False
003177.jpg,True,1316,987,False,1,JPEG,987,1316,0,0,0,0,0.0,True,003177,3177,987,1316,1,JPEG,.jpg,False
003178.jpg,True,640,640,False,1,JPEG,640,640,0,0,0,2,0.0078125,True,003178,3178,640,640,1,JPEG,.jpg,False
003179.jpg,True,781,1064,False,1,JPEG,1064,781,0,0,0,0,0.0,True,003179,3179,1064,781,1,JPEG,.jpg,False
003180.jpg,True,640,640,False,1,JPEG,640,640,2,0,0,2,0.0078125,True,003180,3180,640,640,1,JPEG,.jpg,False
003181.jpg,True,772,1082,False,1,JPEG,1082,772,0,0,0,0,0.0,True,003181,3181,1082,772,1,JPEG,.jpg,False
003182.jpg,True,640,640,False,1,JPEG,640,640,0,0,0,0,0.0,True,003182,3182,640,640,1,JPEG,.jpg,False
003183.jpg,True,640,640,False,1,JPEG,640,640,0,0,0,1,0.00390625,True,003183,3183,640,640,1,JPEG,.jpg,False
003184.jpg,True,2048,1536,False,1,JPEG,1536,2048,0,0,0,0,0.0,True,003184,3184,1536,2048,1,JPEG,.jpg,False
003185.jpg,True,640,640,False,1,JPEG,640,640,0,7,8,0,0.03125,True,003185,3185,640,640,1,JPEG,.jpg,False
003186.jpg,True,1311,983,False,1,JPEG,983,1311,0,0,0,0,0.0,True,003186,3186,983,1311,1,JPEG,.jpg,False
003187.jpg,True,1121,841,False,1,JPEG,841,1121,0,0,0,0,0.0,True,003187,3187,841,1121,1,JPEG,.jpg,False
003188.jpg,True,640,640,False,1,JPEG,640,640,0,0,0,0,0.0,True,003188,3188,640,640,1,JPEG,.jpg,False
003189.jpg,True,2016,1512,False,1,JPEG,1512,2016,0,0,0,0,0.0,True,003189,3189,1512,2016,6,JPEG,.jpg,True
003190.jpg,True,640,640,False,1,JPEG,640,640,0,1,0,0,0.00390625,True,003190,3190,640,640,1,JPEG,.jpg,False
003191.jpg,True,1008,756,False,1,JPEG,756,1008,0,0,0,0,0.0,True,003191,3191,756,1008,1,JPEG,.jpg,False
003192.jpg,True,640,640,False,1,JPEG,640,640,0,0,0,1,0.00390625,True,003192,3192,640,640,1,JPEG,.jpg,False
003193.jpg,True,1306,979,False,1,JPEG,979,1306,0,0,0,0,0.0,True,003193,3193,979,1306,1,JPEG,.jpg,False
003194.jpg,True,640,640,False,1,JPEG,640,640,0,0,1,0,0.00390625,True,003194,3194,640,640,1,JPEG,.jpg,False
003195.jpg,True,997,646,False,1,JPEG,646,997,0,0,0,0,0.0,True,003195,3195,646,997,1,JPEG,.jpg,False
003196.jpg,True,707,511,False,1,JPEG,511,707,0,0,0,0,0.0,True,003196,3196,511,707,1,JPEG,.jpg,False
003197.jpg,True,640,640,False,1,JPEG,640,640,4,0,0,0,0.015625,True,003197,3197,640,640,1,JPEG,.jpg,False
003198.jpg,True,1306,980,False,1,JPEG,980,1306,0,0,0,0,0.0,True,003198,3198,980,1306,1,JPEG,.jpg,False
003199.jpg,True,640,640,False,1,JPEG,640,640,0,0,7,0,0.02734375,True,003199,3199,640,640,1,JPEG,.jpg,False
003200.jpg,True,961,672,False,1,JPEG,672,961,0,0,0,0,0.0,True,003200,3200,672,961,1,JPEG,.jpg,False
003201.jpg,True,640,640,False,1,JPEG,640,640,0,0,2,1,0.01171875,True,003201,3201,640,640,1,JPEG,.jpg,False
003202.jpg,True,912,778,False,1,JPEG,778,912,0,0,0,0,0.0,True,003202,3202,778,912,1,JPEG,.jpg,False
003203.jpg,True,640,640,False,1,JPEG,640,640,1,0,0,1,0.00390625,True,003203,3203,640,640,1,JPEG,.jpg,False
003204.jpg,True,1209,907,False,1,JPEG,907,1209,0,0,0,0,0.0,True,003204,3204,907,1209,1,JPEG,.jpg,False
003205.jpg,True,640,640,False,1,JPEG,640,640,0,3,0,1,0.01171875,True,003205,3205,640,640,1,JPEG,.jpg,False
003206.jpg,True,903,736,False,1,JPEG,736,903,0,0,0,0,0.0,True,003206,3206,736,903,1,JPEG,.jpg,False
003207.jpg,True,1079,809,False,1,JPEG,809,1079,0,0,0,0,0.0,True,003207,3207,809,1079,1,JPEG,.jpg,False
003208.jpg,True,640,640,False,1,JPEG,640,640,1,0,3,0,0.01171875,True,003208,3208,640,640,1,JPEG,.jpg,False
003209.jpg,True,1293,970,False,1,JPEG,970,1293,0,0,0,0,0.0,True,003209,3209,970,1293,1,JPEG,.jpg,False
003210.jpg,True,640,640,False,1,JPEG,640,640,0,0,1,0,0.00390625,True,003210,3210,640,640,1,JPEG,.jpg,False
003211.jpg,True,889,1185,False,1,JPEG,1185,889,0,0,0,0,0.0,True,003211,3211,1185,889,1,JPEG,.jpg,False
003212.jpg,True,1058,1411,False,1,JPEG,1411,1058,0,0,0,0,0.0,True,003212,3212,1411,1058,1,JPEG,.jpg,False
003213.jpg,True,1195,892,False,1,JPEG,892,1195,0,0,0,0,0.0,True,003213,3213,892,1195,1,JPEG,.jpg,False
003214.jpg,True,640,640,False,1,JPEG,640,640,0,8,0,2,0.03125,True,003214,3214,640,640,1,JPEG,.jpg,False
003215.jpg,True,1411,1058,False,1,JPEG,1058,1411,0,0,0,0,0.0,True,003215,3215,1058,1411,1,JPEG,.jpg,False
003216.jpg,True,1411,1058,False,1,JPEG,1058,1411,0,0,0,0,0.0,True,003216,3216,1058,1411,1,JPEG,.jpg,False
003217.jpg,True,640,640,False,1,JPEG,640,640,0,1,4,0,0.015625,True,003217,3217,640,640,1,JPEG,.jpg,False
003218.jpg,True,1411,1058,False,1,JPEG,1058,1411,0,0,0,0,0.0,True,003218,3218,1058,1411,1,JPEG,.jpg,False
003219.jpg,True,640,640,False,1,JPEG,640,640,0,8,0,0,0.03125,True,003219,3219,640,640,1,JPEG,.jpg,False
003220.jpg,True,1411,1058,False,1,JPEG,1058,1411,0,0,0,0,0.0,True,003220,3220,1058,1411,1,JPEG,.jpg,False
003221.jpg,True,640,640,False,1,JPEG,640,640,0,5,6,0,0.0234375,True,003221,3221,640,640,1,JPEG,.jpg,False
003222.jpg,True,1512,2016,False,1,JPEG,2016,1512,0,0,0,0,0.0,True,003222,3222,2016,1512,1,JPEG,.jpg,False
003223.jpg,True,640,640,False,1,JPEG,640,640,0,0,0,1,0.00390625,True,003223,3223,640,640,1,JPEG,.jpg,False
003224.jpg,True,1970,1478,False,1,JPEG,1478,1970,0,0,0,0,0.0,True,003224,3224,1478,1970,1,JPEG,.jpg,False
003225.jpg,True,640,640,False,1,JPEG,640,640,0,0,0,0,0.0,True,003225,3225,640,640,1,JPEG,.jpg,False
003226.jpg,True,1981,1486,False,1,JPEG,1486,1981,0,0,0,0,0.0,True,003226,3226,1486,1981,1,JPEG,.jpg,False
003227.jpg,True,640,640,False,1,JPEG,640,640,0,5,0,0,0.01953125,True,003227,3227,640,640,1,JPEG,.jpg,False
003228.jpg,True,640,640,False,1,JPEG,640,640,0,3,0,0,0.01171875,True,003228,3228,640,640,1,JPEG,.jpg,False
003229.jpg,True,1948,1461,False,1,JPEG,1461,1948,0,0,0,0,0.0,True,003229,3229,1461,1948,1,JPEG,.jpg,False
003230.jpg,True,1721,1291,False,1,JPEG,1291,1721,0,0,0,0,0.0,True,003230,3230,1291,1721,1,JPEG,.jpg,False
003231.jpg,True,1672,1254,False,1,JPEG,1254,1672,0,0,0,0,0.0,True,003231,3231,1254,1672,1,JPEG,.jpg,False
003232.jpg,True,2048,1536,False,1,JPEG,1536,2048,0,0,0,0,0.0,True,003232,3232,1536,2048,1,JPEG,.jpg,False
003233.jpg,True,640,640,False,1,JPEG,640,640,0,6,0,0,0.0234375,True,003233,3233,640,640,1,JPEG,.jpg,False
003234.jpg,True,1919,1439,False,1,JPEG,1439,1919,0,0,0,0,0.0,True,003234,3234,1439,1919,1,JPEG,.jpg,False
003235.jpg,True,640,640,False,1,JPEG,640,640,4,0,0,0,0.015625,True,003235,3235,640,640,1,JPEG,.jpg,False
003236.jpg,True,1969,1477,False,1,JPEG,1477,1969,0,0,0,0,0.0,True,003236,3236,1477,1969,1,JPEG,.jpg,False
003237.jpg,True,640,640,False,1,JPEG,640,640,0,0,0,0,0.0,True,003237,3237,640,640,1,JPEG,.jpg,False
003238.jpg,True,1640,1230,False,1,JPEG,1230,1640,0,0,0,0,0.0,True,003238,3238,1230,1640,1,JPEG,.jpg,False
003239.jpg,True,1771,1327,False,1,JPEG,1327,1771,0,0,0,0,0.0,True,003239,3239,1327,1771,1,JPEG,.jpg,False
003240.jpg,True,640,640,False,1,JPEG,640,640,0,0,0,3,0.01171875,True,003240,3240,640,640,1,JPEG,.jpg,False
003241.jpg,True,1883,1412,False,1,JPEG,1412,1883,0,0,0,0,0.0,True,003241,3241,1412,1883,1,JPEG,.jpg,False
003242.jpg,True,640,640,False,1,JPEG,640,640,1,4,0,7,0.02734375,True,003242,3242,640,640,1,JPEG,.jpg,False
003243.jpg,True,1422,1896,False,1,JPEG,1896,1422,0,0,0,0,0.0,True,003243,3243,1896,1422,1,JPEG,.jpg,False
003244.jpg,True,640,640,False,1,JPEG,640,640,7,0,0,0,0.02734375,True,003244,3244,640,640,1,JPEG,.jpg,False
003245.jpg,True,640,640,False,1,JPEG,640,640,0,2,0,3,0.01171875,True,003245,3245,640,640,1,JPEG,.jpg,False
003246.jpg,True,1240,1653,False,1,JPEG,1653,1240,0,0,0,0,0.0,True,003246,3246,1653,1240,1,JPEG,.jpg,False
003247.jpg,True,1680,1260,False,1,JPEG,1260,1680,0,0,0,0,0.0,True,003247,3247,1260,1680,1,JPEG,.jpg,False
003248.jpg,True,640,640,False,1,JPEG,640,640,0,0,0,0,0.0,True,003248,3248,640,640,1,JPEG,.jpg,False
003249.jpg,True,1698,1274,False,1,JPEG,1274,1698,0,0,0,0,0.0,True,003249,3249,1274,1698,1,JPEG,.jpg,False
003250.jpg,True,640,640,False,1,JPEG,640,640,0,0,0,0,0.0,True,003250,3250,640,640,1,JPEG,.jpg,False
003251.jpg,True,1675,1256,False,1,JPEG,1256,1675,0,0,0,0,0.0,True,003251,3251,1256,1675,1,JPEG,.jpg,False
003252.jpg,True,640,640,False,1,JPEG,640,640,0,2,0,0,0.0078125,True,003252,3252,640,640,1,JPEG,.jpg,False
003253.jpg,True,1741,1306,False,1,JPEG,1306,1741,0,0,0,0,0.0,True,003253,3253,1306,1741,1,JPEG,.jpg,False
003254.jpg,True,1884,1413,False,1,JPEG,1413,1884,0,0,0,0,0.0,True,003254,3254,1413,1884,1,JPEG,.jpg,False
003255.jpg,True,640,640,False,1,JPEG,640,640,0,0,0,0,0.0,True,003255,3255,640,640,1,JPEG,.jpg,False
003256.jpg,True,1666,1249,False,1,JPEG,1249,1666,0,0,0,0,0.0,True,003256,3256,1249,1666,1,JPEG,.jpg,False
003257.jpg,True,640,640,False,1,JPEG,640,640,0,1,0,0,0.00390625,True,003257,3257,640,640,1,JPEG,.jpg,False
003258.jpg,True,640,640,False,1,JPEG,640,640,0,8,4,0,0.03125,True,003258,3258,640,640,1,JPEG,.jpg,False
003259.jpg,True,1255,1674,False,1,JPEG,1674,1255,0,0,0,0,0.0,True,003259,3259,1674,1255,1,JPEG,.jpg,False
003260.jpg,True,1294,1726,False,1,JPEG,1726,1294,0,0,0,0,0.0,True,003260,3260,1726,1294,1,JPEG,.jpg,False
003261.jpg,True,640,640,False,1,JPEG,640,640,0,6,0,1,0.0234375,True,003261,3261,640,640,1,JPEG,.jpg,False
003262.jpg,True,1969,1477,False,1,JPEG,1477,1969,0,0,0,0,0.0,True,003262,3262,1477,1969,1,JPEG,.jpg,False
003263.jpg,True,1394,1858,False,1,JPEG,1858,1394,0,0,0,0,0.0,True,003263,3263,1858,1394,1,JPEG,.jpg,False
003264.jpg,True,1915,1436,False,1,JPEG,1436,1915,0,0,0,0,0.0,True,003264,3264,1436,1915,1,JPEG,.jpg,False
003265.jpg,True,1532,2043,False,1,JPEG,2043,1532,0,0,0,0,0.0,True,003265,3265,2043,1532,1,JPEG,.jpg,False
003266.jpg,True,1524,2031,False,1,JPEG,2031,1524,0,0,0,0,0.0,True,003266,3266,2031,1524,1,JPEG,.jpg,False
003267.jpg,True,1409,1880,False,1,JPEG,1880,1409,0,0,0,0,0.0,True,003267,3267,1880,1409,1,JPEG,.jpg,False
003268.jpg,True,640,640,False,1,JPEG,640,640,0,0,0,0,0.0,True,003268,3268,640,640,1,JPEG,.jpg,False
003269.jpg,True,1775,1331,False,1,JPEG,1331,1775,0,0,0,0,0.0,True,003269,3269,1331,1775,1,JPEG,.jpg,False
003270.jpg,True,1272,1695,False,1,JPEG,1695,1272,0,0,0,0,0.0,True,003270,3270,1695,1272,1,JPEG,.jpg,False
003271.jpg,True,640,640,False,1,JPEG,640,640,8,0,0,0,0.03125,True,003271,3271,640,640,1,JPEG,.jpg,False
003272.jpg,True,1366,1821,False,1,JPEG,1821,1366,0,0,0,0,0.0,True,003272,3272,1821,1366,1,JPEG,.jpg,False
003273.jpg,True,640,640,False,1,JPEG,640,640,1,0,0,1,0.00390625,True,003273,3273,640,640,1,JPEG,.jpg,False
003274.jpg,True,1649,1236,False,1,JPEG,1236,1649,0,0,0,0,0.0,True,003274,3274,1236,1649,1,JPEG,.jpg,False
003275.jpg,True,1940,1455,False,1,JPEG,1455,1940,0,0,0,0,0.0,True,003275,3275,1455,1940,1,JPEG,.jpg,False
003276.jpg,True,2015,1511,False,1,JPEG,1511,2015,0,0,0,0,0.0,True,003276,3276,1511,2015,1,JPEG,.jpg,False
003277.jpg,True,1777,1333,False,1,JPEG,1333,1777,0,0,0,0,0.0,True,003277,3277,1333,1777,1,JPEG,.jpg,False
003278.jpg,True,1459,1094,False,1,JPEG,1094,1459,0,0,0,0,0.0,True,003278,3278,1094,1459,1,JPEG,.jpg,False
003279.jpg,True,640,640,False,1,JPEG,640,640,0,1,0,0,0.00390625,True,003279,3279,640,640,1,JPEG,.jpg,False
003280.jpg,True,640,640,False,1,JPEG,640,640,4,13,0,0,0.06640625,True,003280,3280,640,640,1,JPEG,.jpg,False
003281.jpg,True,2009,1507,False,1,JPEG,1507,2009,0,0,0,0,0.0,True,003281,3281,1507,2009,1,JPEG,.jpg,False
003282.jpg,True,2048,1536,False,1,JPEG,1536,2048,0,0,0,0,0.0,True,003282,3282,1536,2048,1,JPEG,.jpg,False
003283.jpg,True,2048,1536,False,1,JPEG,1536,2048,0,0,0,0,0.0,True,003283,3283,1536,2048,1,JPEG,.jpg,False
003284.jpg,True,640,640,False,1,JPEG,640,640,0,11,9,0,0.04296875,True,003284,3284,640,640,1,JPEG,.jpg,False
003285.jpg,True,1806,1354,False,1,JPEG,1354,1806,0,0,0,0,0.0,True,003285,3285,1354,1806,1,JPEG,.jpg,False
003286.jpg,True,640,640,False,1,JPEG,640,640,1,0,0,0,0.00390625,True,003286,3286,640,640,1,JPEG,.jpg,False
003287.jpg,True,1343,1791,False,1,JPEG,1791,1343,0,0,0,0,0.0,True,003287,3287,1791,1343,1,JPEG,.jpg,False
003288.jpg,True,640,640,False,1,JPEG,640,640,2,0,0,2,0.0078125,True,003288,3288,640,640,1,JPEG,.jpg,False
003289.jpg,True,640,640,False,1,JPEG,640,640,8,0,0,6,0.03125,True,003289,3289,640,640,1,JPEG,.jpg,False
003290.jpg,True,1672,1254,False,1,JPEG,1254,1672,0,0,0,0,0.0,True,003290,3290,1254,1672,1,JPEG,.jpg,False
003291.jpg,True,640,640,False,1,JPEG,640,640,0,4,0,4,0.015625,True,003291,3291,640,640,1,JPEG,.jpg,False
003292.jpg,True,2007,1505,False,1,JPEG,1505,2007,0,0,0,0,0.0,True,003292,3292,1505,2007,1,JPEG,.jpg,False
003293.jpg,True,640,640,False,1,JPEG,640,640,0,7,4,0,0.02734375,True,003293,3293,640,640,1,JPEG,.jpg,False
003294.jpg,True,1979,1484,False,1,JPEG,1484,1979,0,0,0,0,0.0,True,003294,3294,1484,1979,1,JPEG,.jpg,False
003295.jpg,True,1511,2016,False,1,JPEG,2016,1511,0,0,0,0,0.0,True,003295,3295,2016,1511,1,JPEG,.jpg,False
003296.jpg,True,640,640,False,1,JPEG,640,640,0,0,0,0,0.0,True,003296,3296,640,640,1,JPEG,.jpg,False
003297.jpg,True,1771,1329,False,1,JPEG,1329,1771,0,0,0,0,0.0,True,003297,3297,1329,1771,1,JPEG,.jpg,False
003298.jpg,True,640,640,False,1,JPEG,640,640,0,1,0,9,0.03515625,True,003298,3298,640,640,1,JPEG,.jpg,False
003299.jpg,True,1996,1497,False,1,JPEG,1497,1996,0,0,0,0,0.0,True,003299,3299,1497,1996,1,JPEG,.jpg,False
003300.jpg,True,1999,1499,False,1,JPEG,1499,1999,0,0,0,0,0.0,True,003300,3300,1499,1999,1,JPEG,.jpg,False
003301.jpg,True,1927,1444,False,1,JPEG,1444,1927,0,0,0,0,0.0,True,003301,3301,1444,1927,1,JPEG,.jpg,False
003302.jpg,True,1240,1621,False,1,JPEG,1621,1240,0,0,0,0,0.0,True,003302,3302,1621,1240,1,JPEG,.jpg,False
003303.jpg,True,640,640,False,1,JPEG,640,640,7,0,0,1,0.02734375,True,003303,3303,640,640,1,JPEG,.jpg,False
003304.jpg,True,1443,1924,False,1,JPEG,1924,1443,0,0,0,0,0.0,True,003304,3304,1924,1443,1,JPEG,.jpg,False
003305.jpg,True,640,640,False,1,JPEG,640,640,0,0,0,0,0.0,True,003305,3305,640,640,1,JPEG,.jpg,False
003306.jpg,True,1849,1387,False,1,JPEG,1387,1849,0,0,0,0,0.0,True,003306,3306,1387,1849,1,JPEG,.jpg,False
003307.jpg,True,640,640,False,1,JPEG,640,640,0,1,0,0,0.00390625,True,003307,3307,640,640,1,JPEG,.jpg,False
003308.jpg,True,640,640,False,1,JPEG,640,640,0,5,0,0,0.01953125,True,003308,3308,640,640,1,JPEG,.jpg,False
003309.jpg,True,2096,1572,False,1,JPEG,1572,2096,0,0,0,0,0.0,True,003309,3309,1572,2096,1,JPEG,.jpg,False
003310.jpg,True,640,640,False,1,JPEG,640,640,0,0,0,0,0.0,True,003310,3310,640,640,1,JPEG,.jpg,False
003311.jpg,True,1791,1343,False,1,JPEG,1343,1791,0,0,0,0,0.0,True,003311,3311,1343,1791,1,JPEG,.jpg,False
003312.jpg,True,640,640,False,1,JPEG,640,640,0,0,0,0,0.0,True,003312,3312,640,640,1,JPEG,.jpg,False
003313.jpg,True,1847,1385,False,1,JPEG,1385,1847,0,0,0,0,0.0,True,003313,3313,1385,1847,1,JPEG,.jpg,False
003314.jpg,True,640,640,False,1,JPEG,640,640,0,20,1,0,0.078125,True,003314,3314,640,640,1,JPEG,.jpg,False
003315.jpg,True,1437,1917,False,1,JPEG,1917,1437,0,0,0,0,0.0,True,003315,3315,1917,1437,1,JPEG,.jpg,False
003316.jpg,True,1695,1270,False,1,JPEG,1270,1695,0,0,0,0,0.0,True,003316,3316,1270,1695,1,JPEG,.jpg,False
003317.jpg,True,640,640,False,1,JPEG,640,640,0,0,0,0,0.0,True,003317,3317,640,640,1,JPEG,.jpg,False
003318.jpg,True,1711,1284,False,1,JPEG,1284,1711,0,0,0,0,0.0,True,003318,3318,1284,1711,1,JPEG,.jpg,False
003319.jpg,True,640,640,False,1,JPEG,640,640,1,0,3,0,0.01171875,True,003319,3319,640,640,1,JPEG,.jpg,False
003320.jpg,True,640,640,False,1,JPEG,640,640,1,0,7,0,0.02734375,True,003320,3320,640,640,1,JPEG,.jpg,False
003321.jpg,True,1665,1249,False,1,JPEG,1249,1665,0,0,0,0,0.0,True,003321,3321,1249,1665,1,JPEG,.jpg,False
003322.jpg,True,640,640,False,1,JPEG,640,640,0,0,0,0,0.0,True,003322,3322,640,640,1,JPEG,.jpg,False
003323.jpg,True,1868,1342,False,1,JPEG,1342,1868,0,0,0,0,0.0,True,003323,3323,1342,1868,1,JPEG,.jpg,False
003324.jpg,True,1933,1450,False,1,JPEG,1450,1933,0,0,0,0,0.0,True,003324,3324,1450,1933,1,JPEG,.jpg,False
003325.jpg,True,640,640,False,1,JPEG,640,640,6,0,0,3,0.0234375,True,003325,3325,640,640,1,JPEG,.jpg,False
003326.jpg,True,1831,1373,False,1,JPEG,1373,1831,0,0,0,0,0.0,True,003326,3326,1373,1831,1,JPEG,.jpg,False
003327.jpg,True,640,640,False,1,JPEG,640,640,1,0,4,0,0.015625,True,003327,3327,640,640,1,JPEG,.jpg,False
003328.jpg,True,2002,1501,False,1,JPEG,1501,2002,0,0,0,0,0.0,True,003328,3328,1501,2002,1,JPEG,.jpg,False
003329.jpg,True,640,640,False,1,JPEG,640,640,0,0,0,0,0.0,True,003329,3329,640,640,1,JPEG,.jpg,False
003330.jpg,True,2048,1536,False,1,JPEG,1536,2048,0,0,0,0,0.0,True,003330,3330,1536,2048,1,JPEG,.jpg,False
003331.jpg,True,640,640,False,1,JPEG,640,640,4,0,0,0,0.015625,True,003331,3331,640,640,1,JPEG,.jpg,False
003332.jpg,True,1748,1311,False,1,JPEG,1311,1748,0,0,0,0,0.0,True,003332,3332,1311,1748,1,JPEG,.jpg,False
003333.jpg,True,1934,1451,False,1,JPEG,1451,1934,0,0,0,0,0.0,True,003333,3333,1451,1934,1,JPEG,.jpg,False
003334.jpg,True,640,640,False,1,JPEG,640,640,0,0,0,1,0.00390625,True,003334,3334,640,640,1,JPEG,.jpg,False
003335.jpg,True,1400,1866,False,1,JPEG,1866,1400,0,0,0,0,0.0,True,003335,3335,1866,1400,1,JPEG,.jpg,False
003336.jpg,True,640,640,False,1,JPEG,640,640,0,0,1,0,0.00390625,True,003336,3336,640,640,1,JPEG,.jpg,False
003337.jpg,True,1888,1416,False,1,JPEG,1416,1888,0,0,0,0,0.0,True,003337,3337,1416,1888,1,JPEG,.jpg,False
003338.jpg,True,640,640,False,1,JPEG,640,640,0,0,0,0,0.0,True,003338,3338,640,640,1,JPEG,.jpg,False
003339.jpg,True,1799,1349,False,1,JPEG,1349,1799,0,0,0,0,0.0,True,003339,3339,1349,1799,1,JPEG,.jpg,False
003340.jpg,True,2048,1536,False,1,JPEG,1536,2048,0,0,0,0,0.0,True,003340,3340,1536,2048,1,JPEG,.jpg,True
003341.jpg,True,640,640,False,1,JPEG,640,640,1,0,0,1,0.00390625,True,003341,3341,640,640,1,JPEG,.jpg,False
003342.jpg,True,1239,929,False,1,JPEG,929,1239,0,0,0,0,0.0,True,003342,3342,929,1239,1,JPEG,.jpg,False
003343.jpg,True,640,640,False,1,JPEG,640,640,0,0,0,0,0.0,True,003343,3343,640,640,1,JPEG,.jpg,False
3344.jpg,True,4032,3024,False,2,MPO,3024,4032,0,0,0,0,0.0,True,3344,3344,3024,4032,6,MPO,.jpg,True
3345.jpeg,True,4032,3024,False,2,MPO,3024,4032,0,0,0,0,0.0,True,3345,3345,3024,4032,6,MPO,.jpeg,True
3346.jpeg,True,4032,3024,False,2,MPO,3024,4032,0,0,0,0,0.0,True,3346,3346,3024,4032,6,MPO,.jpeg,True
3347.jpeg,True,4032,3024,False,2,MPO,3024,4032,0,0,0,0,0.0,True,3347,3347,3024,4032,6,MPO,.jpeg,True
3348.jpeg,True,4032,3024,False,2,MPO,3024,4032,0,0,0,0,0.0,True,3348,3348,3024,4032,6,MPO,.jpeg,True
3349.jpeg,True,4032,3024,False,2,MPO,3024,4032,0,0,0,0,0.0,True,3349,3349,3024,4032,6,MPO,.jpeg,True
3350.jpeg,True,4032,3024,False,2,MPO,3024,4032,0,0,0,0,0.0,True,3350,3350,3024,4032,6,MPO,.jpeg,True
3351.jpeg,True,4032,3024,False,2,MPO,3024,4032,0,0,0,0,0.0,True,3351,3351,3024,4032,6,MPO,.jpeg,True
3352.jpeg,True,4032,3024,False,2,MPO,3024,4032,0,0,0,0,0.0,True,3352,3352,3024,4032,6,MPO,.jpeg,True
